,Almandine Garnet (Pyrope)
0,https://imgcdn1.gempundit.com/media/catalog/product/g/p/gp64520-1-180622.jpg?imgeng=/w_960/f_webp/cmpr_20/s_7
1,https://imgcdn1.gempundit.com/media/catalog/product/g/p/gp64520-hand-180622.jpg?imgeng=/w_960/f_webp/cmpr_20/s_7
2,https://imgcdn1.gempundit.com/media/catalog/product/g/p/gp64520-2-180622.jpg?imgeng=/w_960/f_webp/cmpr_20/s_7
3,https://imgcdn1.gempundit.com/media/catalog/product/g/p/gp64522-1-180622.jpg?imgeng=/w_960/f_webp/cmpr_20/s_7
4,https://imgcdn1.gempundit.com/media/catalog/product/g/p/gp64522-hand-180622.jpg?imgeng=/w_960/f_webp/cmpr_20/s_7
5,https://imgcdn1.gempundit.com/media/catalog/product/g/p/gp64522-2-180622.jpg?imgeng=/w_960/f_webp/cmpr_20/s_7
6,https://imgcdn1.gempundit.com/media/catalog/product/g/p/gp64522-3-180622.jpg?imgeng=/w_960/f_webp/cmpr_20/s_7
7,https://imgcdn1.gempundit.com/media/catalog/product/g/p/gp64517-1-180622.jpg?imgeng=/w_960/f_webp/cmpr_20/s_7
8,https://imgcdn1.gempundit.com/media/catalog/product/g/p/gp64517-hand-180622.jpg?imgeng=/w_960/f_webp/cmpr_20/s_7
9,https://imgcdn1.gempundit.com/media/catalog/product/g/p/gp64517-2-180622.jpg?imgeng=/w_960/f_webp/cmpr_20/s_7
10,https://imgcdn1.gempundit.com/media/catalog/product/g/p/gp64517-3-180622.jpg?imgeng=/w_960/f_webp/cmpr_20/s_7
11,https://imgcdn1.gempundit.com/media/catalog/product/g/p/gp85004-1-020821.jpg?imgeng=/w_960/f_webp/cmpr_20/s_7
12,https://imgcdn1.gempundit.com/media/catalog/product/g/p/gp85004-hand-020821.jpg?imgeng=/w_960/f_webp/cmpr_20/s_7
13,https://imgcdn1.gempundit.com/media/catalog/product/g/p/gp85004-igi-170622.jpg?imgeng=/w_960/f_webp/cmpr_20/s_7
14,https://imgcdn1.gempundit.com/media/catalog/product/g/p/gp85004-2-020821.jpg?imgeng=/w_960/f_webp/cmpr_20/s_7
15,https://imgcdn1.gempundit.com/media/catalog/product/g/p/gp85004-3-020821.jpg?imgeng=/w_960/f_webp/cmpr_20/s_7
16,https://imgcdn1.gempundit.com/media/catalog/product/g/p/gp63381-1-250820.jpg?imgeng=/w_960/f_webp/cmpr_20/s_7
17,https://imgcdn1.gempundit.com/media/catalog/product/g/p/gp63381-hand-250820.jpg?imgeng=/w_960/f_webp/cmpr_20/s_7
18,https://imgcdn1.gempundit.com/media/catalog/product/g/p/gp63381-2-250820.jpg?imgeng=/w_960/f_webp/cmpr_20/s_7
19,https://imgcdn1.gempundit.com/media/catalog/product/g/p/gp63381-3-250820.jpg?imgeng=/w_960/f_webp/cmpr_20/s_7
20,https://imgcdn1.gempundit.com/media/catalog/product/g/p/gp85005-1-020821.jpg?imgeng=/w_960/f_webp/cmpr_20/s_7
21,https://imgcdn1.gempundit.com/media/catalog/product/g/p/gp85005-hand-020821.jpg?imgeng=/w_960/f_webp/cmpr_20/s_7
22,https://imgcdn1.gempundit.com/media/catalog/product/g/p/gp85005-2-020821.jpg?imgeng=/w_960/f_webp/cmpr_20/s_7
23,https://imgcdn1.gempundit.com/media/catalog/product/g/p/gp85005-3-020821.jpg?imgeng=/w_960/f_webp/cmpr_20/s_7
24,https://imgcdn1.gempundit.com/media/catalog/product/g/p/gp64544-1-180622.jpg?imgeng=/w_960/f_webp/cmpr_20/s_7
25,https://imgcdn1.gempundit.com/media/catalog/product/g/p/gp64544-hand-180622.jpg?imgeng=/w_960/f_webp/cmpr_20/s_7
26,https://imgcdn1.gempundit.com/media/catalog/product/g/p/gp64544-2-180622.jpg?imgeng=/w_960/f_webp/cmpr_20/s_7
27,https://imgcdn1.gempundit.com/media/catalog/product/g/p/gp64544-3-180622.jpg?imgeng=/w_960/f_webp/cmpr_20/s_7
28,https://imgcdn1.gempundit.com/media/catalog/product/g/p/gp64545-1-180622.jpg?imgeng=/w_960/f_webp/cmpr_20/s_7
29,https://imgcdn1.gempundit.com/media/catalog/product/g/p/gp64545-hand-180622.jpg?imgeng=/w_960/f_webp/cmpr_20/s_7
30,https://imgcdn1.gempundit.com/media/catalog/product/g/p/gp64545-2-180622.jpg?imgeng=/w_960/f_webp/cmpr_20/s_7
31,https://imgcdn1.gempundit.com/media/catalog/product/g/p/gp64545-3-180622.jpg?imgeng=/w_960/f_webp/cmpr_20/s_7
32,https://imgcdn1.gempundit.com/media/catalog/product/g/p/gp85003-1-020821.jpg?imgeng=/w_960/f_webp/cmpr_20/s_7
33,https://imgcdn1.gempundit.com/media/catalog/product/g/p/gp85003-hand-020821.jpg?imgeng=/w_960/f_webp/cmpr_20/s_7
34,https://imgcdn1.gempundit.com/media/catalog/product/g/p/gp85003-igi-170622.jpg?imgeng=/w_960/f_webp/cmpr_20/s_7
35,https://imgcdn1.gempundit.com/media/catalog/product/g/p/gp85003-2-020821.jpg?imgeng=/w_960/f_webp/cmpr_20/s_7
36,https://imgcdn1.gempundit.com/media/catalog/product/g/p/gp85003-3-020821.jpg?imgeng=/w_960/f_webp/cmpr_20/s_7
37,https://imgcdn1.gempundit.com/media/catalog/product/g/p/gp64541-1-180622.jpg?imgeng=/w_960/f_webp/cmpr_20/s_7
38,https://imgcdn1.gempundit.com/media/catalog/product/g/p/gp64541-hand-180622.jpg?imgeng=/w_960/f_webp/cmpr_20/s_7
39,https://imgcdn1.gempundit.com/media/catalog/product/g/p/gp64541-2-180622.jpg?imgeng=/w_960/f_webp/cmpr_20/s_7
40,https://imgcdn1.gempundit.com/media/catalog/product/g/p/gp64541-3-180622.jpg?imgeng=/w_960/f_webp/cmpr_20/s_7
41,https://imgcdn1.gempundit.com/media/catalog/product/g/p/gp64472-1-121120.jpg?imgeng=/w_960/f_webp/cmpr_20/s_7
42,https://imgcdn1.gempundit.com/media/catalog/product/g/p/gp64472-2-150920.jpg?imgeng=/w_960/f_webp/cmpr_20/s_7
43,https://imgcdn1.gempundit.com/media/catalog/product/g/p/gp64472-3-150920.jpg?imgeng=/w_960/f_webp/cmpr_20/s_7
44,https://imgcdn1.gempundit.com/media/catalog/product/g/p/gp64470-1-121120.jpg?imgeng=/w_960/f_webp/cmpr_20/s_7
45,https://imgcdn1.gempundit.com/media/catalog/product/g/p/gp64470-2-150920.jpg?imgeng=/w_960/f_webp/cmpr_20/s_7
46,https://imgcdn1.gempundit.com/media/catalog/product/g/p/gp64470-3-150920.jpg?imgeng=/w_960/f_webp/cmpr_20/s_7
47,https://imgcdn1.gempundit.com/media/catalog/product/g/p/gp63345-1-250820.jpg?imgeng=/w_960/f_webp/cmpr_20/s_7
48,https://imgcdn1.gempundit.com/media/catalog/product/g/p/gp63345-2-250820.jpg?imgeng=/w_960/f_webp/cmpr_20/s_7
49,https://imgcdn1.gempundit.com/media/catalog/product/g/p/gp63345-3-250820.jpg?imgeng=/w_960/f_webp/cmpr_20/s_7
50,https://imgcdn1.gempundit.com/media/catalog/product/g/p/gp64476-1-121120.jpg?imgeng=/w_960/f_webp/cmpr_20/s_7
51,https://imgcdn1.gempundit.com/media/catalog/product/g/p/gp64476-2-150920.jpg?imgeng=/w_960/f_webp/cmpr_20/s_7
52,https://imgcdn1.gempundit.com/media/catalog/product/g/p/gp64476-3-150920.jpg?imgeng=/w_960/f_webp/cmpr_20/s_7
53,https://imgcdn1.gempundit.com/media/catalog/product/g/p/gp63366-1-250820.jpg?imgeng=/w_960/f_webp/cmpr_20/s_7
54,https://imgcdn1.gempundit.com/media/catalog/product/g/p/gp63366-2-250820.jpg?imgeng=/w_960/f_webp/cmpr_20/s_7
55,https://imgcdn1.gempundit.com/media/catalog/product/g/p/gp63366-3-250820.jpg?imgeng=/w_960/f_webp/cmpr_20/s_7
56,https://imgcdn1.gempundit.com/media/catalog/product/g/p/gp63359-1-250820.jpg?imgeng=/w_960/f_webp/cmpr_20/s_7
57,https://imgcdn1.gempundit.com/media/catalog/product/g/p/gp63359-2-250820.jpg?imgeng=/w_960/f_webp/cmpr_20/s_7
58,https://imgcdn1.gempundit.com/media/catalog/product/g/p/gp63359-3-250820.jpg?imgeng=/w_960/f_webp/cmpr_20/s_7
59,https://imgcdn1.gempundit.com/media/catalog/product/g/p/gp63360-1-250820.jpg?imgeng=/w_960/f_webp/cmpr_20/s_7
60,https://imgcdn1.gempundit.com/media/catalog/product/g/p/gp63360-2-250820.jpg?imgeng=/w_960/f_webp/cmpr_20/s_7
61,https://imgcdn1.gempundit.com/media/catalog/product/g/p/gp63360-3-250820.jpg?imgeng=/w_960/f_webp/cmpr_20/s_7
62,https://imgcdn1.gempundit.com/media/catalog/product/g/p/gp63363-1-250820.jpg?imgeng=/w_960/f_webp/cmpr_20/s_7
63,https://imgcdn1.gempundit.com/media/catalog/product/g/p/gp63363-2-250820.jpg?imgeng=/w_960/f_webp/cmpr_20/s_7
64,https://imgcdn1.gempundit.com/media/catalog/product/g/p/gp63363-3-250820.jpg?imgeng=/w_960/f_webp/cmpr_20/s_7
65,https://imgcdn1.gempundit.com/media/catalog/product/g/p/gp63370-1-250820.jpg?imgeng=/w_960/f_webp/cmpr_20/s_7
66,https://imgcdn1.gempundit.com/media/catalog/product/g/p/gp63370-2-250820.jpg?imgeng=/w_960/f_webp/cmpr_20/s_7
67,https://imgcdn1.gempundit.com/media/catalog/product/g/p/gp63370-3-250820.jpg?imgeng=/w_960/f_webp/cmpr_20/s_7
68,https://imgcdn1.gempundit.com/media/catalog/product/g/p/gp63344-1-250820.jpg?imgeng=/w_960/f_webp/cmpr_20/s_7
69,https://imgcdn1.gempundit.com/media/catalog/product/g/p/gp63344-2-250820.jpg?imgeng=/w_960/f_webp/cmpr_20/s_7
70,https://imgcdn1.gempundit.com/media/catalog/product/g/p/gp63344-3-250820.jpg?imgeng=/w_960/f_webp/cmpr_20/s_7
71,https://imgcdn1.gempundit.com/media/catalog/product/g/p/gp63338-1-250820.jpg?imgeng=/w_960/f_webp/cmpr_20/s_7
72,https://imgcdn1.gempundit.com/media/catalog/product/g/p/gp63338-2-250820.jpg?imgeng=/w_960/f_webp/cmpr_20/s_7
73,https://imgcdn1.gempundit.com/media/catalog/product/g/p/gp63338-3-250820.jpg?imgeng=/w_960/f_webp/cmpr_20/s_7
74,https://imgcdn1.gempundit.com/media/catalog/product/g/p/gp63364-1-250820.jpg?imgeng=/w_960/f_webp/cmpr_20/s_7
75,https://imgcdn1.gempundit.com/media/catalog/product/g/p/gp63364-2-250820.jpg?imgeng=/w_960/f_webp/cmpr_20/s_7
76,https://imgcdn1.gempundit.com/media/catalog/product/g/p/gp63364-3-250820.jpg?imgeng=/w_960/f_webp/cmpr_20/s_7
77,https://imgcdn1.gempundit.com/media/catalog/product/g/p/gp63342-1-250820.jpg?imgeng=/w_960/f_webp/cmpr_20/s_7
78,https://imgcdn1.gempundit.com/media/catalog/product/g/p/gp63342-2-250820.jpg?imgeng=/w_960/f_webp/cmpr_20/s_7
79,https://imgcdn1.gempundit.com/media/catalog/product/g/p/gp63342-3-250820.jpg?imgeng=/w_960/f_webp/cmpr_20/s_7
80,https://imgcdn1.gempundit.com/media/catalog/product/g/p/gp63362-1-250820.jpg?imgeng=/w_960/f_webp/cmpr_20/s_7
81,https://imgcdn1.gempundit.com/media/catalog/product/g/p/gp63362-2-250820.jpg?imgeng=/w_960/f_webp/cmpr_20/s_7
82,https://imgcdn1.gempundit.com/media/catalog/product/g/p/gp63362-3-250820.jpg?imgeng=/w_960/f_webp/cmpr_20/s_7
83,https://imgcdn1.gempundit.com/media/catalog/product/g/p/gp63335-1-250820.jpg?imgeng=/w_960/f_webp/cmpr_20/s_7
84,https://imgcdn1.gempundit.com/media/catalog/product/g/p/gp63335-2-250820.jpg?imgeng=/w_960/f_webp/cmpr_20/s_7
85,https://imgcdn1.gempundit.com/media/catalog/product/g/p/gp63335-3-250820.jpg?imgeng=/w_960/f_webp/cmpr_20/s_7
86,https://imgcdn1.gempundit.com/media/catalog/product/g/p/gp63367-1-250820.jpg?imgeng=/w_960/f_webp/cmpr_20/s_7
87,https://imgcdn1.gempundit.com/media/catalog/product/g/p/gp63367-2-250820.jpg?imgeng=/w_960/f_webp/cmpr_20/s_7
88,https://imgcdn1.gempundit.com/media/catalog/product/g/p/gp63367-3-250820.jpg?imgeng=/w_960/f_webp/cmpr_20/s_7
89,https://imgcdn1.gempundit.com/media/catalog/product/g/p/gp63369-1-250820.jpg?imgeng=/w_960/f_webp/cmpr_20/s_7
90,https://imgcdn1.gempundit.com/media/catalog/product/g/p/gp63369-2-250820.jpg?imgeng=/w_960/f_webp/cmpr_20/s_7
91,https://imgcdn1.gempundit.com/media/catalog/product/g/p/gp63369-3-250820.jpg?imgeng=/w_960/f_webp/cmpr_20/s_7
92,https://imgcdn1.gempundit.com/media/catalog/product/g/p/gp63357-1-250820.jpg?imgeng=/w_960/f_webp/cmpr_20/s_7
93,https://imgcdn1.gempundit.com/media/catalog/product/g/p/gp63357-2-250820.jpg?imgeng=/w_960/f_webp/cmpr_20/s_7
94,https://imgcdn1.gempundit.com/media/catalog/product/g/p/gp63357-3-250820.jpg?imgeng=/w_960/f_webp/cmpr_20/s_7
95,https://imgcdn1.gempundit.com/media/catalog/product/g/p/gp63339-1-250820.jpg?imgeng=/w_960/f_webp/cmpr_20/s_7
96,https://imgcdn1.gempundit.com/media/catalog/product/g/p/gp63339-2-250820.jpg?imgeng=/w_960/f_webp/cmpr_20/s_7
97,https://imgcdn1.gempundit.com/media/catalog/product/g/p/gp63339-3-250820.jpg?imgeng=/w_960/f_webp/cmpr_20/s_7
98,https://imgcdn1.gempundit.com/media/catalog/product/g/p/gp63365-1-250820.jpg?imgeng=/w_960/f_webp/cmpr_20/s_7
99,https://imgcdn1.gempundit.com/media/catalog/product/g/p/gp63365-2-250820.jpg?imgeng=/w_960/f_webp/cmpr_20/s_7
100,https://imgcdn1.gempundit.com/media/catalog/product/g/p/gp63365-3-250820.jpg?imgeng=/w_960/f_webp/cmpr_20/s_7
101,https://imgcdn1.gempundit.com/media/catalog/product/g/p/gp63355-1-250820.jpg?imgeng=/w_960/f_webp/cmpr_20/s_7
102,https://imgcdn1.gempundit.com/media/catalog/product/g/p/gp63355-2-250820.jpg?imgeng=/w_960/f_webp/cmpr_20/s_7
103,https://imgcdn1.gempundit.com/media/catalog/product/g/p/gp63355-3-250820.jpg?imgeng=/w_960/f_webp/cmpr_20/s_7
104,https://imgcdn1.gempundit.com/media/catalog/product/g/p/gp64553-1-121120.jpg?imgeng=/w_960/f_webp/cmpr_20/s_7
105,https://imgcdn1.gempundit.com/media/catalog/product/g/p/gp64553-2-150920.jpg?imgeng=/w_960/f_webp/cmpr_20/s_7
106,https://imgcdn1.gempundit.com/media/catalog/product/g/p/gp64553-3-150920.jpg?imgeng=/w_960/f_webp/cmpr_20/s_7
107,https://imgcdn1.gempundit.com/media/catalog/product/g/p/gp63333-1-250820.jpg?imgeng=/w_960/f_webp/cmpr_20/s_7
108,https://imgcdn1.gempundit.com/media/catalog/product/g/p/gp63333-2-250820.jpg?imgeng=/w_960/f_webp/cmpr_20/s_7
109,https://imgcdn1.gempundit.com/media/catalog/product/g/p/gp63333-3-250820.jpg?imgeng=/w_960/f_webp/cmpr_20/s_7
110,https://imgcdn1.gempundit.com/media/catalog/product/g/p/gp63332-1-250820.jpg?imgeng=/w_960/f_webp/cmpr_20/s_7
111,https://imgcdn1.gempundit.com/media/catalog/product/g/p/gp63332-2-250820.jpg?imgeng=/w_960/f_webp/cmpr_20/s_7
112,https://imgcdn1.gempundit.com/media/catalog/product/g/p/gp63332-3-250820.jpg?imgeng=/w_960/f_webp/cmpr_20/s_7
