,Green Amethyst (Prasiolite)
0,https://imgcdn1.gempundit.com/media/catalog/product/g/p/gp67418-1-061120.jpg?imgeng=/w_960/f_webp/cmpr_20/s_7
1,https://imgcdn1.gempundit.com/media/catalog/product/g/p/gp67418-hand-061120.jpg?imgeng=/w_960/f_webp/cmpr_20/s_7
2,https://imgcdn1.gempundit.com/media/catalog/product/g/p/gp67418-2-061120.jpg?imgeng=/w_960/f_webp/cmpr_20/s_7
3,https://imgcdn1.gempundit.com/media/catalog/product/g/p/gp67418-3-061120.jpg?imgeng=/w_960/f_webp/cmpr_20/s_7
4,https://imgcdn1.gempundit.com/media/catalog/product/g/p/gp67407-1-061120.jpg?imgeng=/w_960/f_webp/cmpr_20/s_7
5,https://imgcdn1.gempundit.com/media/catalog/product/g/p/gp67407-hand-061120.jpg?imgeng=/w_960/f_webp/cmpr_20/s_7
6,https://imgcdn1.gempundit.com/media/catalog/product/g/p/gp67407-2-061120.jpg?imgeng=/w_960/f_webp/cmpr_20/s_7
7,https://imgcdn1.gempundit.com/media/catalog/product/g/p/gp67407-3-061120.jpg?imgeng=/w_960/f_webp/cmpr_20/s_7
8,https://imgcdn1.gempundit.com/media/catalog/product/g/p/gp67370-1-061120.jpg?imgeng=/w_960/f_webp/cmpr_20/s_7
9,https://imgcdn1.gempundit.com/media/catalog/product/g/p/gp67370-hand-061120.jpg?imgeng=/w_960/f_webp/cmpr_20/s_7
10,https://imgcdn1.gempundit.com/media/catalog/product/g/p/gp67370-2-061120.jpg?imgeng=/w_960/f_webp/cmpr_20/s_7
11,https://imgcdn1.gempundit.com/media/catalog/product/g/p/gp67370-3-061120.jpg?imgeng=/w_960/f_webp/cmpr_20/s_7
12,https://imgcdn1.gempundit.com/media/catalog/product/g/p/gp67384-1-061120.jpg?imgeng=/w_960/f_webp/cmpr_20/s_7
13,https://imgcdn1.gempundit.com/media/catalog/product/g/p/gp67384-hand-061120.jpg?imgeng=/w_960/f_webp/cmpr_20/s_7
14,https://imgcdn1.gempundit.com/media/catalog/product/g/p/gp67384-2-061120.jpg?imgeng=/w_960/f_webp/cmpr_20/s_7
15,https://imgcdn1.gempundit.com/media/catalog/product/g/p/gp67384-3-061120.jpg?imgeng=/w_960/f_webp/cmpr_20/s_7
16,https://imgcdn1.gempundit.com/media/catalog/product/g/p/gp67389-1-061120.jpg?imgeng=/w_960/f_webp/cmpr_20/s_7
17,https://imgcdn1.gempundit.com/media/catalog/product/g/p/gp67389-hand-061120.jpg?imgeng=/w_960/f_webp/cmpr_20/s_7
18,https://imgcdn1.gempundit.com/media/catalog/product/g/p/gp67389-2-061120.jpg?imgeng=/w_960/f_webp/cmpr_20/s_7
19,https://imgcdn1.gempundit.com/media/catalog/product/g/p/gp67389-3-061120.jpg?imgeng=/w_960/f_webp/cmpr_20/s_7
20,https://imgcdn1.gempundit.com/media/catalog/product/g/p/gp56788-1-121120.jpg?imgeng=/w_960/f_webp/cmpr_20/s_7
21,https://imgcdn1.gempundit.com/media/catalog/product/g/p/gp56788-hand-121120.jpg?imgeng=/w_960/f_webp/cmpr_20/s_7
22,https://imgcdn1.gempundit.com/media/catalog/product/5/6/56788-2-121020.jpg?imgeng=/w_960/f_webp/cmpr_20/s_7
23,https://imgcdn1.gempundit.com/media/catalog/product/5/6/56788-3-121020.jpg?imgeng=/w_960/f_webp/cmpr_20/s_7
24,https://imgcdn1.gempundit.com/media/catalog/product/g/p/gp67374-1-061120.jpg?imgeng=/w_960/f_webp/cmpr_20/s_7
25,https://imgcdn1.gempundit.com/media/catalog/product/g/p/gp67374-hand-061120.jpg?imgeng=/w_960/f_webp/cmpr_20/s_7
26,https://imgcdn1.gempundit.com/media/catalog/product/g/p/gp67374-2-061120.jpg?imgeng=/w_960/f_webp/cmpr_20/s_7
27,https://imgcdn1.gempundit.com/media/catalog/product/g/p/gp67374-3-061120.jpg?imgeng=/w_960/f_webp/cmpr_20/s_7
28,https://imgcdn1.gempundit.com/media/catalog/product/g/p/gp56786-1-121120.jpg?imgeng=/w_960/f_webp/cmpr_20/s_7
29,https://imgcdn1.gempundit.com/media/catalog/product/g/p/gp56786-hand-121120.jpg?imgeng=/w_960/f_webp/cmpr_20/s_7
30,https://imgcdn1.gempundit.com/media/catalog/product/5/6/56786-2-121020.jpg?imgeng=/w_960/f_webp/cmpr_20/s_7
31,https://imgcdn1.gempundit.com/media/catalog/product/5/6/56786-3-121020.jpg?imgeng=/w_960/f_webp/cmpr_20/s_7
32,https://imgcdn1.gempundit.com/media/catalog/product/g/p/gp67373-1-061120.jpg?imgeng=/w_960/f_webp/cmpr_20/s_7
33,https://imgcdn1.gempundit.com/media/catalog/product/g/p/gp67373-hand-061120.jpg?imgeng=/w_960/f_webp/cmpr_20/s_7
34,https://imgcdn1.gempundit.com/media/catalog/product/g/p/gp67373-2-061120.jpg?imgeng=/w_960/f_webp/cmpr_20/s_7
35,https://imgcdn1.gempundit.com/media/catalog/product/g/p/gp67373-3-061120.jpg?imgeng=/w_960/f_webp/cmpr_20/s_7
36,https://imgcdn1.gempundit.com/media/catalog/product/g/p/gp56787-1-121120.jpg?imgeng=/w_960/f_webp/cmpr_20/s_7
37,https://imgcdn1.gempundit.com/media/catalog/product/g/p/gp56787-hand-121120.jpg?imgeng=/w_960/f_webp/cmpr_20/s_7
38,https://imgcdn1.gempundit.com/media/catalog/product/5/6/56787-2-121020.jpg?imgeng=/w_960/f_webp/cmpr_20/s_7
39,https://imgcdn1.gempundit.com/media/catalog/product/5/6/56787-3-121020.jpg?imgeng=/w_960/f_webp/cmpr_20/s_7
40,https://imgcdn1.gempundit.com/media/catalog/product/g/p/gp67381-1-061120.jpg?imgeng=/w_960/f_webp/cmpr_20/s_7
41,https://imgcdn1.gempundit.com/media/catalog/product/g/p/gp67381-hand-061120.jpg?imgeng=/w_960/f_webp/cmpr_20/s_7
42,https://imgcdn1.gempundit.com/media/catalog/product/g/p/gp67381-2-061120.jpg?imgeng=/w_960/f_webp/cmpr_20/s_7
43,https://imgcdn1.gempundit.com/media/catalog/product/g/p/gp67381-3-061120.jpg?imgeng=/w_960/f_webp/cmpr_20/s_7
44,https://imgcdn1.gempundit.com/media/catalog/product/g/p/gp67385-1-061120.jpg?imgeng=/w_960/f_webp/cmpr_20/s_7
45,https://imgcdn1.gempundit.com/media/catalog/product/g/p/gp67385-hand-061120.jpg?imgeng=/w_960/f_webp/cmpr_20/s_7
46,https://imgcdn1.gempundit.com/media/catalog/product/g/p/gp67385-2-061120.jpg?imgeng=/w_960/f_webp/cmpr_20/s_7
47,https://imgcdn1.gempundit.com/media/catalog/product/g/p/gp67385-3-061120.jpg?imgeng=/w_960/f_webp/cmpr_20/s_7
48,https://imgcdn1.gempundit.com/media/catalog/product/g/p/gp67380-1-061120.jpg?imgeng=/w_960/f_webp/cmpr_20/s_7
49,https://imgcdn1.gempundit.com/media/catalog/product/g/p/gp67380-hand-061120.jpg?imgeng=/w_960/f_webp/cmpr_20/s_7
50,https://imgcdn1.gempundit.com/media/catalog/product/g/p/gp67380-2-061120.jpg?imgeng=/w_960/f_webp/cmpr_20/s_7
51,https://imgcdn1.gempundit.com/media/catalog/product/g/p/gp67380-3-061120.jpg?imgeng=/w_960/f_webp/cmpr_20/s_7
52,https://imgcdn1.gempundit.com/media/catalog/product/g/p/gp67382-1-061120.jpg?imgeng=/w_960/f_webp/cmpr_20/s_7
53,https://imgcdn1.gempundit.com/media/catalog/product/g/p/gp67382-hand-061120.jpg?imgeng=/w_960/f_webp/cmpr_20/s_7
54,https://imgcdn1.gempundit.com/media/catalog/product/g/p/gp67382-2-061120.jpg?imgeng=/w_960/f_webp/cmpr_20/s_7
55,https://imgcdn1.gempundit.com/media/catalog/product/g/p/gp67382-3-061120.jpg?imgeng=/w_960/f_webp/cmpr_20/s_7
56,https://imgcdn1.gempundit.com/media/catalog/product/g/p/gp67378-1-061120.jpg?imgeng=/w_960/f_webp/cmpr_20/s_7
57,https://imgcdn1.gempundit.com/media/catalog/product/g/p/gp67378-hand-061120.jpg?imgeng=/w_960/f_webp/cmpr_20/s_7
58,https://imgcdn1.gempundit.com/media/catalog/product/g/p/gp67378-2-061120.jpg?imgeng=/w_960/f_webp/cmpr_20/s_7
59,https://imgcdn1.gempundit.com/media/catalog/product/g/p/gp67378-3-061120.jpg?imgeng=/w_960/f_webp/cmpr_20/s_7
60,https://imgcdn1.gempundit.com/media/catalog/product/g/p/gp67394-1-061120.jpg?imgeng=/w_960/f_webp/cmpr_20/s_7
61,https://imgcdn1.gempundit.com/media/catalog/product/g/p/gp67394-hand-061120.jpg?imgeng=/w_960/f_webp/cmpr_20/s_7
62,https://imgcdn1.gempundit.com/media/catalog/product/g/p/gp67394-2-061120.jpg?imgeng=/w_960/f_webp/cmpr_20/s_7
63,https://imgcdn1.gempundit.com/media/catalog/product/g/p/gp67394-3-061120.jpg?imgeng=/w_960/f_webp/cmpr_20/s_7
64,https://imgcdn1.gempundit.com/media/catalog/product/g/p/gp67376-1-061120.jpg?imgeng=/w_960/f_webp/cmpr_20/s_7
65,https://imgcdn1.gempundit.com/media/catalog/product/g/p/gp67376-hand-061120.jpg?imgeng=/w_960/f_webp/cmpr_20/s_7
66,https://imgcdn1.gempundit.com/media/catalog/product/g/p/gp67376-2-061120.jpg?imgeng=/w_960/f_webp/cmpr_20/s_7
67,https://imgcdn1.gempundit.com/media/catalog/product/g/p/gp67376-3-061120.jpg?imgeng=/w_960/f_webp/cmpr_20/s_7
68,https://imgcdn1.gempundit.com/media/catalog/product/g/p/gp67404-1-061120.jpg?imgeng=/w_960/f_webp/cmpr_20/s_7
69,https://imgcdn1.gempundit.com/media/catalog/product/g/p/gp67404-hand-061120.jpg?imgeng=/w_960/f_webp/cmpr_20/s_7
70,https://imgcdn1.gempundit.com/media/catalog/product/g/p/gp67404-2-061120.jpg?imgeng=/w_960/f_webp/cmpr_20/s_7
71,https://imgcdn1.gempundit.com/media/catalog/product/g/p/gp67404-3-061120.jpg?imgeng=/w_960/f_webp/cmpr_20/s_7
72,https://imgcdn1.gempundit.com/media/catalog/product/g/p/gp67388-1-061120.jpg?imgeng=/w_960/f_webp/cmpr_20/s_7
73,https://imgcdn1.gempundit.com/media/catalog/product/g/p/gp67388-hand-061120.jpg?imgeng=/w_960/f_webp/cmpr_20/s_7
74,https://imgcdn1.gempundit.com/media/catalog/product/g/p/gp67388-2-061120.jpg?imgeng=/w_960/f_webp/cmpr_20/s_7
75,https://imgcdn1.gempundit.com/media/catalog/product/g/p/gp67388-3-061120.jpg?imgeng=/w_960/f_webp/cmpr_20/s_7
76,https://imgcdn1.gempundit.com/media/catalog/product/g/p/gp56794-1-121120.jpg?imgeng=/w_960/f_webp/cmpr_20/s_7
77,https://imgcdn1.gempundit.com/media/catalog/product/g/p/gp56794-hand-121120.jpg?imgeng=/w_960/f_webp/cmpr_20/s_7
78,https://imgcdn1.gempundit.com/media/catalog/product/5/6/56794-2-121020.jpg?imgeng=/w_960/f_webp/cmpr_20/s_7
79,https://imgcdn1.gempundit.com/media/catalog/product/5/6/56794-3-121020.jpg?imgeng=/w_960/f_webp/cmpr_20/s_7
80,https://imgcdn1.gempundit.com/media/catalog/product/g/p/gp67386-1-061120.jpg?imgeng=/w_960/f_webp/cmpr_20/s_7
81,https://imgcdn1.gempundit.com/media/catalog/product/g/p/gp67386-hand-061120.jpg?imgeng=/w_960/f_webp/cmpr_20/s_7
82,https://imgcdn1.gempundit.com/media/catalog/product/g/p/gp67386-2-061120.jpg?imgeng=/w_960/f_webp/cmpr_20/s_7
83,https://imgcdn1.gempundit.com/media/catalog/product/g/p/gp67386-3-061120.jpg?imgeng=/w_960/f_webp/cmpr_20/s_7
84,https://imgcdn1.gempundit.com/media/catalog/product/g/p/gp67391-1-061120.jpg?imgeng=/w_960/f_webp/cmpr_20/s_7
85,https://imgcdn1.gempundit.com/media/catalog/product/g/p/gp67391-2-061120.jpg?imgeng=/w_960/f_webp/cmpr_20/s_7
86,https://imgcdn1.gempundit.com/media/catalog/product/g/p/gp67391-3-061120.jpg?imgeng=/w_960/f_webp/cmpr_20/s_7
87,https://imgcdn1.gempundit.com/media/catalog/product/g/p/gp67399-1-061120.jpg?imgeng=/w_960/f_webp/cmpr_20/s_7
88,https://imgcdn1.gempundit.com/media/catalog/product/g/p/gp67399-2-061120.jpg?imgeng=/w_960/f_webp/cmpr_20/s_7
89,https://imgcdn1.gempundit.com/media/catalog/product/g/p/gp67399-3-061120.jpg?imgeng=/w_960/f_webp/cmpr_20/s_7
90,https://imgcdn1.gempundit.com/media/catalog/product/g/p/gp67393-1-061120.jpg?imgeng=/w_960/f_webp/cmpr_20/s_7
91,https://imgcdn1.gempundit.com/media/catalog/product/g/p/gp67393-2-061120.jpg?imgeng=/w_960/f_webp/cmpr_20/s_7
92,https://imgcdn1.gempundit.com/media/catalog/product/g/p/gp67393-3-061120.jpg?imgeng=/w_960/f_webp/cmpr_20/s_7
93,https://imgcdn1.gempundit.com/media/catalog/product/g/p/gp67402-1-061120.jpg?imgeng=/w_960/f_webp/cmpr_20/s_7
94,https://imgcdn1.gempundit.com/media/catalog/product/g/p/gp67402-2-061120.jpg?imgeng=/w_960/f_webp/cmpr_20/s_7
95,https://imgcdn1.gempundit.com/media/catalog/product/g/p/gp67402-3-061120.jpg?imgeng=/w_960/f_webp/cmpr_20/s_7
96,https://imgcdn1.gempundit.com/media/catalog/product/g/p/gp67395-1-061120.jpg?imgeng=/w_960/f_webp/cmpr_20/s_7
97,https://imgcdn1.gempundit.com/media/catalog/product/g/p/gp67395-2-061120.jpg?imgeng=/w_960/f_webp/cmpr_20/s_7
98,https://imgcdn1.gempundit.com/media/catalog/product/g/p/gp67395-3-061120.jpg?imgeng=/w_960/f_webp/cmpr_20/s_7
99,https://imgcdn1.gempundit.com/media/catalog/product/g/p/gp67379-1-061120.jpg?imgeng=/w_960/f_webp/cmpr_20/s_7
100,https://imgcdn1.gempundit.com/media/catalog/product/g/p/gp67379-2-061120.jpg?imgeng=/w_960/f_webp/cmpr_20/s_7
101,https://imgcdn1.gempundit.com/media/catalog/product/g/p/gp67379-3-061120.jpg?imgeng=/w_960/f_webp/cmpr_20/s_7
102,https://imgcdn1.gempundit.com/media/catalog/product/g/p/gp67403-1-061120.jpg?imgeng=/w_960/f_webp/cmpr_20/s_7
103,https://imgcdn1.gempundit.com/media/catalog/product/g/p/gp67403-2-061120.jpg?imgeng=/w_960/f_webp/cmpr_20/s_7
104,https://imgcdn1.gempundit.com/media/catalog/product/g/p/gp67403-3-061120.jpg?imgeng=/w_960/f_webp/cmpr_20/s_7
105,https://imgcdn1.gempundit.com/media/catalog/product/g/p/gp67371-1-061120.jpg?imgeng=/w_960/f_webp/cmpr_20/s_7
106,https://imgcdn1.gempundit.com/media/catalog/product/g/p/gp67371-2-061120.jpg?imgeng=/w_960/f_webp/cmpr_20/s_7
107,https://imgcdn1.gempundit.com/media/catalog/product/g/p/gp67371-3-061120.jpg?imgeng=/w_960/f_webp/cmpr_20/s_7
108,https://imgcdn1.gempundit.com/media/catalog/product/g/p/gp56825-1-121120.jpg?imgeng=/w_960/f_webp/cmpr_20/s_7
109,https://imgcdn1.gempundit.com/media/catalog/product/g/p/gp56825-hand-121120.jpg?imgeng=/w_960/f_webp/cmpr_20/s_7
110,https://imgcdn1.gempundit.com/media/catalog/product/5/6/56825-2-121020.jpg?imgeng=/w_960/f_webp/cmpr_20/s_7
111,https://imgcdn1.gempundit.com/media/catalog/product/5/6/56825-3-121020.jpg?imgeng=/w_960/f_webp/cmpr_20/s_7
112,https://imgcdn1.gempundit.com/media/catalog/product/g/p/gp56796-1-121120.jpg?imgeng=/w_960/f_webp/cmpr_20/s_7
113,https://imgcdn1.gempundit.com/media/catalog/product/5/6/56796-2-121020.jpg?imgeng=/w_960/f_webp/cmpr_20/s_7
114,https://imgcdn1.gempundit.com/media/catalog/product/5/6/56796-3-121020.jpg?imgeng=/w_960/f_webp/cmpr_20/s_7
115,https://imgcdn1.gempundit.com/media/catalog/product/g/p/gp67367-1-061120.jpg?imgeng=/w_960/f_webp/cmpr_20/s_7
116,https://imgcdn1.gempundit.com/media/catalog/product/g/p/gp67367-2-061120.jpg?imgeng=/w_960/f_webp/cmpr_20/s_7
117,https://imgcdn1.gempundit.com/media/catalog/product/g/p/gp67367-3-061120.jpg?imgeng=/w_960/f_webp/cmpr_20/s_7
118,https://imgcdn1.gempundit.com/media/catalog/product/g/p/gp67396-1-061120.jpg?imgeng=/w_960/f_webp/cmpr_20/s_7
119,https://imgcdn1.gempundit.com/media/catalog/product/g/p/gp67396-2-061120.jpg?imgeng=/w_960/f_webp/cmpr_20/s_7
120,https://imgcdn1.gempundit.com/media/catalog/product/g/p/gp67396-3-061120.jpg?imgeng=/w_960/f_webp/cmpr_20/s_7
121,https://imgcdn1.gempundit.com/media/catalog/product/g/p/gp67387-1-061120.jpg?imgeng=/w_960/f_webp/cmpr_20/s_7
122,https://imgcdn1.gempundit.com/media/catalog/product/g/p/gp67387-2-061120.jpg?imgeng=/w_960/f_webp/cmpr_20/s_7
123,https://imgcdn1.gempundit.com/media/catalog/product/g/p/gp67387-3-061120.jpg?imgeng=/w_960/f_webp/cmpr_20/s_7
124,https://imgcdn1.gempundit.com/media/catalog/product/g/p/gp74753-1-180321.jpg?imgeng=/w_960/f_webp/cmpr_20/s_7
125,https://imgcdn1.gempundit.com/media/catalog/product/g/p/gp74753-2-180321.jpg?imgeng=/w_960/f_webp/cmpr_20/s_7
126,https://imgcdn1.gempundit.com/media/catalog/product/g/p/gp67400-1-061120.jpg?imgeng=/w_960/f_webp/cmpr_20/s_7
127,https://imgcdn1.gempundit.com/media/catalog/product/g/p/gp67400-2-061120.jpg?imgeng=/w_960/f_webp/cmpr_20/s_7
128,https://imgcdn1.gempundit.com/media/catalog/product/g/p/gp67400-3-061120.jpg?imgeng=/w_960/f_webp/cmpr_20/s_7
129,https://imgcdn1.gempundit.com/media/catalog/product/g/p/gp56797-1-121120.jpg?imgeng=/w_960/f_webp/cmpr_20/s_7
130,https://imgcdn1.gempundit.com/media/catalog/product/5/6/56797-2-121020.jpg?imgeng=/w_960/f_webp/cmpr_20/s_7
131,https://imgcdn1.gempundit.com/media/catalog/product/5/6/56797-3-121020.jpg?imgeng=/w_960/f_webp/cmpr_20/s_7
132,https://imgcdn1.gempundit.com/media/catalog/product/g/p/gp67390-1-061120.jpg?imgeng=/w_960/f_webp/cmpr_20/s_7
133,https://imgcdn1.gempundit.com/media/catalog/product/g/p/gp67390-2-061120.jpg?imgeng=/w_960/f_webp/cmpr_20/s_7
134,https://imgcdn1.gempundit.com/media/catalog/product/g/p/gp67390-3-061120.jpg?imgeng=/w_960/f_webp/cmpr_20/s_7
135,https://imgcdn1.gempundit.com/media/catalog/product/g/p/gp67372-1-061120.jpg?imgeng=/w_960/f_webp/cmpr_20/s_7
136,https://imgcdn1.gempundit.com/media/catalog/product/g/p/gp67372-2-061120.jpg?imgeng=/w_960/f_webp/cmpr_20/s_7
137,https://imgcdn1.gempundit.com/media/catalog/product/g/p/gp67372-3-061120.jpg?imgeng=/w_960/f_webp/cmpr_20/s_7
138,https://imgcdn1.gempundit.com/media/catalog/product/g/p/gp67398-1-061120.jpg?imgeng=/w_960/f_webp/cmpr_20/s_7
139,https://imgcdn1.gempundit.com/media/catalog/product/g/p/gp67398-2-061120.jpg?imgeng=/w_960/f_webp/cmpr_20/s_7
140,https://imgcdn1.gempundit.com/media/catalog/product/g/p/gp67398-3-061120.jpg?imgeng=/w_960/f_webp/cmpr_20/s_7
141,https://imgcdn1.gempundit.com/media/catalog/product/g/p/gp67392-1-061120.jpg?imgeng=/w_960/f_webp/cmpr_20/s_7
142,https://imgcdn1.gempundit.com/media/catalog/product/g/p/gp67392-2-061120.jpg?imgeng=/w_960/f_webp/cmpr_20/s_7
143,https://imgcdn1.gempundit.com/media/catalog/product/g/p/gp67392-3-061120.jpg?imgeng=/w_960/f_webp/cmpr_20/s_7
144,https://imgcdn1.gempundit.com/media/catalog/product/g/p/gp67377-1-061120.jpg?imgeng=/w_960/f_webp/cmpr_20/s_7
145,https://imgcdn1.gempundit.com/media/catalog/product/g/p/gp67377-2-061120.jpg?imgeng=/w_960/f_webp/cmpr_20/s_7
146,https://imgcdn1.gempundit.com/media/catalog/product/g/p/gp67377-3-061120.jpg?imgeng=/w_960/f_webp/cmpr_20/s_7
147,https://imgcdn1.gempundit.com/media/catalog/product/g/p/gp67321-1-061120.jpg?imgeng=/w_960/f_webp/cmpr_20/s_7
148,https://imgcdn1.gempundit.com/media/catalog/product/g/p/gp67321-2-061120.jpg?imgeng=/w_960/f_webp/cmpr_20/s_7
149,https://imgcdn1.gempundit.com/media/catalog/product/g/p/gp67321-3-061120.jpg?imgeng=/w_960/f_webp/cmpr_20/s_7
150,https://imgcdn1.gempundit.com/media/catalog/product/g/p/gp67361-1-061120.jpg?imgeng=/w_960/f_webp/cmpr_20/s_7
151,https://imgcdn1.gempundit.com/media/catalog/product/g/p/gp67361-2-061120.jpg?imgeng=/w_960/f_webp/cmpr_20/s_7
152,https://imgcdn1.gempundit.com/media/catalog/product/g/p/gp67361-3-061120.jpg?imgeng=/w_960/f_webp/cmpr_20/s_7
153,https://imgcdn1.gempundit.com/media/catalog/product/g/p/gp56832-1-121120.jpg?imgeng=/w_960/f_webp/cmpr_20/s_7
154,https://imgcdn1.gempundit.com/media/catalog/product/g/p/gp56832-hand-121120.jpg?imgeng=/w_960/f_webp/cmpr_20/s_7
155,https://imgcdn1.gempundit.com/media/catalog/product/5/6/56832-2-121020.jpg?imgeng=/w_960/f_webp/cmpr_20/s_7
156,https://imgcdn1.gempundit.com/media/catalog/product/5/6/56832-3-121020.jpg?imgeng=/w_960/f_webp/cmpr_20/s_7
157,https://imgcdn1.gempundit.com/media/catalog/product/g/p/gp67336-1-061120.jpg?imgeng=/w_960/f_webp/cmpr_20/s_7
158,https://imgcdn1.gempundit.com/media/catalog/product/g/p/gp67336-2-061120.jpg?imgeng=/w_960/f_webp/cmpr_20/s_7
159,https://imgcdn1.gempundit.com/media/catalog/product/g/p/gp67336-3-061120.jpg?imgeng=/w_960/f_webp/cmpr_20/s_7
160,https://imgcdn1.gempundit.com/media/catalog/product/g/p/gp56802-1-121120.jpg?imgeng=/w_960/f_webp/cmpr_20/s_7
161,https://imgcdn1.gempundit.com/media/catalog/product/5/6/56802-2-121020.jpg?imgeng=/w_960/f_webp/cmpr_20/s_7
162,https://imgcdn1.gempundit.com/media/catalog/product/5/6/56802-3-121020.jpg?imgeng=/w_960/f_webp/cmpr_20/s_7
163,https://imgcdn1.gempundit.com/media/catalog/product/g/p/gp67333-1-061120.jpg?imgeng=/w_960/f_webp/cmpr_20/s_7
164,https://imgcdn1.gempundit.com/media/catalog/product/g/p/gp67333-2-061120.jpg?imgeng=/w_960/f_webp/cmpr_20/s_7
165,https://imgcdn1.gempundit.com/media/catalog/product/g/p/gp67333-3-061120.jpg?imgeng=/w_960/f_webp/cmpr_20/s_7
166,https://imgcdn1.gempundit.com/media/catalog/product/g/p/gp56804-1-121120.jpg?imgeng=/w_960/f_webp/cmpr_20/s_7
167,https://imgcdn1.gempundit.com/media/catalog/product/5/6/56804-2-121020.jpg?imgeng=/w_960/f_webp/cmpr_20/s_7
168,https://imgcdn1.gempundit.com/media/catalog/product/5/6/56804-3-121020.jpg?imgeng=/w_960/f_webp/cmpr_20/s_7
169,https://imgcdn1.gempundit.com/media/catalog/product/g/p/gp67334-1-061120.jpg?imgeng=/w_960/f_webp/cmpr_20/s_7
170,https://imgcdn1.gempundit.com/media/catalog/product/g/p/gp67334-2-061120.jpg?imgeng=/w_960/f_webp/cmpr_20/s_7
171,https://imgcdn1.gempundit.com/media/catalog/product/g/p/gp67334-3-061120.jpg?imgeng=/w_960/f_webp/cmpr_20/s_7
172,https://imgcdn1.gempundit.com/media/catalog/product/g/p/gp56805-1-121120.jpg?imgeng=/w_960/f_webp/cmpr_20/s_7
173,https://imgcdn1.gempundit.com/media/catalog/product/5/6/56805-2-121020.jpg?imgeng=/w_960/f_webp/cmpr_20/s_7
174,https://imgcdn1.gempundit.com/media/catalog/product/5/6/56805-3-121020.jpg?imgeng=/w_960/f_webp/cmpr_20/s_7
175,https://imgcdn1.gempundit.com/media/catalog/product/g/p/gp56798-1-121120.jpg?imgeng=/w_960/f_webp/cmpr_20/s_7
176,https://imgcdn1.gempundit.com/media/catalog/product/5/6/56798-2-121020.jpg?imgeng=/w_960/f_webp/cmpr_20/s_7
177,https://imgcdn1.gempundit.com/media/catalog/product/5/6/56798-3-121020.jpg?imgeng=/w_960/f_webp/cmpr_20/s_7
178,https://imgcdn1.gempundit.com/media/catalog/product/g/p/gp56831-1-121120.jpg?imgeng=/w_960/f_webp/cmpr_20/s_7
179,https://imgcdn1.gempundit.com/media/catalog/product/5/6/56831-2-121020.jpg?imgeng=/w_960/f_webp/cmpr_20/s_7
180,https://imgcdn1.gempundit.com/media/catalog/product/5/6/56831-3-121020.jpg?imgeng=/w_960/f_webp/cmpr_20/s_7
181,https://imgcdn1.gempundit.com/media/catalog/product/g/p/gp67360-1-061120.jpg?imgeng=/w_960/f_webp/cmpr_20/s_7
182,https://imgcdn1.gempundit.com/media/catalog/product/g/p/gp67360-2-061120.jpg?imgeng=/w_960/f_webp/cmpr_20/s_7
183,https://imgcdn1.gempundit.com/media/catalog/product/g/p/gp67360-3-061120.jpg?imgeng=/w_960/f_webp/cmpr_20/s_7
184,https://imgcdn1.gempundit.com/media/catalog/product/g/p/gp67352-1-061120.jpg?imgeng=/w_960/f_webp/cmpr_20/s_7
185,https://imgcdn1.gempundit.com/media/catalog/product/g/p/gp67352-2-061120.jpg?imgeng=/w_960/f_webp/cmpr_20/s_7
186,https://imgcdn1.gempundit.com/media/catalog/product/g/p/gp67352-3-061120.jpg?imgeng=/w_960/f_webp/cmpr_20/s_7
187,https://imgcdn1.gempundit.com/media/catalog/product/g/p/gp67357-1-061120.jpg?imgeng=/w_960/f_webp/cmpr_20/s_7
188,https://imgcdn1.gempundit.com/media/catalog/product/g/p/gp67357-2-061120.jpg?imgeng=/w_960/f_webp/cmpr_20/s_7
189,https://imgcdn1.gempundit.com/media/catalog/product/g/p/gp67357-3-061120.jpg?imgeng=/w_960/f_webp/cmpr_20/s_7
190,https://imgcdn1.gempundit.com/media/catalog/product/g/p/gp74759-1-180321.jpg?imgeng=/w_960/f_webp/cmpr_20/s_7
191,https://imgcdn1.gempundit.com/media/catalog/product/g/p/gp74759-2-180321.jpg?imgeng=/w_960/f_webp/cmpr_20/s_7
192,https://imgcdn1.gempundit.com/media/catalog/product/g/p/gp67343-1-061120.jpg?imgeng=/w_960/f_webp/cmpr_20/s_7
193,https://imgcdn1.gempundit.com/media/catalog/product/g/p/gp67343-2-061120.jpg?imgeng=/w_960/f_webp/cmpr_20/s_7
194,https://imgcdn1.gempundit.com/media/catalog/product/g/p/gp67343-3-061120.jpg?imgeng=/w_960/f_webp/cmpr_20/s_7
195,https://imgcdn1.gempundit.com/media/catalog/product/g/p/gp74751-1-180321.jpg?imgeng=/w_960/f_webp/cmpr_20/s_7
196,https://imgcdn1.gempundit.com/media/catalog/product/g/p/gp74751-2-180321.jpg?imgeng=/w_960/f_webp/cmpr_20/s_7
197,https://imgcdn1.gempundit.com/media/catalog/product/g/p/gp56839-1-121120.jpg?imgeng=/w_960/f_webp/cmpr_20/s_7
198,https://imgcdn1.gempundit.com/media/catalog/product/5/6/56839-2-121020.jpg?imgeng=/w_960/f_webp/cmpr_20/s_7
199,https://imgcdn1.gempundit.com/media/catalog/product/5/6/56839-3-121020.jpg?imgeng=/w_960/f_webp/cmpr_20/s_7
200,https://imgcdn1.gempundit.com/media/catalog/product/g/p/gp67350-1-061120.jpg?imgeng=/w_960/f_webp/cmpr_20/s_7
201,https://imgcdn1.gempundit.com/media/catalog/product/g/p/gp67350-2-061120.jpg?imgeng=/w_960/f_webp/cmpr_20/s_7
202,https://imgcdn1.gempundit.com/media/catalog/product/g/p/gp67350-3-061120.jpg?imgeng=/w_960/f_webp/cmpr_20/s_7
203,https://imgcdn1.gempundit.com/media/catalog/product/g/p/gp67347-1-061120.jpg?imgeng=/w_960/f_webp/cmpr_20/s_7
204,https://imgcdn1.gempundit.com/media/catalog/product/g/p/gp67347-2-061120.jpg?imgeng=/w_960/f_webp/cmpr_20/s_7
205,https://imgcdn1.gempundit.com/media/catalog/product/g/p/gp67347-3-061120.jpg?imgeng=/w_960/f_webp/cmpr_20/s_7
206,https://imgcdn1.gempundit.com/media/catalog/product/g/p/gp67349-1-061120.jpg?imgeng=/w_960/f_webp/cmpr_20/s_7
207,https://imgcdn1.gempundit.com/media/catalog/product/g/p/gp67349-2-061120.jpg?imgeng=/w_960/f_webp/cmpr_20/s_7
208,https://imgcdn1.gempundit.com/media/catalog/product/g/p/gp67349-3-061120.jpg?imgeng=/w_960/f_webp/cmpr_20/s_7
209,https://imgcdn1.gempundit.com/media/catalog/product/g/p/gp67344-1-061120.jpg?imgeng=/w_960/f_webp/cmpr_20/s_7
210,https://imgcdn1.gempundit.com/media/catalog/product/g/p/gp67344-2-061120.jpg?imgeng=/w_960/f_webp/cmpr_20/s_7
211,https://imgcdn1.gempundit.com/media/catalog/product/g/p/gp67344-3-061120.jpg?imgeng=/w_960/f_webp/cmpr_20/s_7
212,https://imgcdn1.gempundit.com/media/catalog/product/g/p/gp67327-1-061120.jpg?imgeng=/w_960/f_webp/cmpr_20/s_7
213,https://imgcdn1.gempundit.com/media/catalog/product/g/p/gp67327-2-061120.jpg?imgeng=/w_960/f_webp/cmpr_20/s_7
214,https://imgcdn1.gempundit.com/media/catalog/product/g/p/gp67327-3-061120.jpg?imgeng=/w_960/f_webp/cmpr_20/s_7
215,https://imgcdn1.gempundit.com/media/catalog/product/g/p/gp67358-1-061120.jpg?imgeng=/w_960/f_webp/cmpr_20/s_7
216,https://imgcdn1.gempundit.com/media/catalog/product/g/p/gp67358-2-061120.jpg?imgeng=/w_960/f_webp/cmpr_20/s_7
217,https://imgcdn1.gempundit.com/media/catalog/product/g/p/gp67358-3-061120.jpg?imgeng=/w_960/f_webp/cmpr_20/s_7
218,https://imgcdn1.gempundit.com/media/catalog/product/g/p/gp13224-1-121120.jpg?imgeng=/w_960/f_webp/cmpr_20/s_7
219,https://imgcdn1.gempundit.com/media/catalog/product/g/p/gp13224-hand-121120.jpg?imgeng=/w_960/f_webp/cmpr_20/s_7
220,https://imgcdn1.gempundit.com/media/catalog/product/1/3/13224-2-121020.jpg?imgeng=/w_960/f_webp/cmpr_20/s_7
221,https://imgcdn1.gempundit.com/media/catalog/product/1/3/13224-3-121020.jpg?imgeng=/w_960/f_webp/cmpr_20/s_7
222,https://imgcdn1.gempundit.com/media/catalog/product/g/p/gp67323-1-061120.jpg?imgeng=/w_960/f_webp/cmpr_20/s_7
223,https://imgcdn1.gempundit.com/media/catalog/product/g/p/gp67323-2-061120.jpg?imgeng=/w_960/f_webp/cmpr_20/s_7
224,https://imgcdn1.gempundit.com/media/catalog/product/g/p/gp67323-3-061120.jpg?imgeng=/w_960/f_webp/cmpr_20/s_7
225,https://imgcdn1.gempundit.com/media/catalog/product/g/p/gp67341-1-061120.jpg?imgeng=/w_960/f_webp/cmpr_20/s_7
226,https://imgcdn1.gempundit.com/media/catalog/product/g/p/gp67341-2-061120.jpg?imgeng=/w_960/f_webp/cmpr_20/s_7
227,https://imgcdn1.gempundit.com/media/catalog/product/g/p/gp67341-3-061120.jpg?imgeng=/w_960/f_webp/cmpr_20/s_7
228,https://imgcdn1.gempundit.com/media/catalog/product/g/p/gp56838-1-121120.jpg?imgeng=/w_960/f_webp/cmpr_20/s_7
229,https://imgcdn1.gempundit.com/media/catalog/product/5/6/56838-2-121020.jpg?imgeng=/w_960/f_webp/cmpr_20/s_7
230,https://imgcdn1.gempundit.com/media/catalog/product/5/6/56838-3-121020.jpg?imgeng=/w_960/f_webp/cmpr_20/s_7
231,https://imgcdn1.gempundit.com/media/catalog/product/g/p/gp56837-1-121120.jpg?imgeng=/w_960/f_webp/cmpr_20/s_7
232,https://imgcdn1.gempundit.com/media/catalog/product/5/6/56837-2-121020.jpg?imgeng=/w_960/f_webp/cmpr_20/s_7
233,https://imgcdn1.gempundit.com/media/catalog/product/5/6/56837-3-121020.jpg?imgeng=/w_960/f_webp/cmpr_20/s_7
234,https://imgcdn1.gempundit.com/media/catalog/product/g/p/gp67318-1-061120.jpg?imgeng=/w_960/f_webp/cmpr_20/s_7
235,https://imgcdn1.gempundit.com/media/catalog/product/g/p/gp67318-2-061120.jpg?imgeng=/w_960/f_webp/cmpr_20/s_7
236,https://imgcdn1.gempundit.com/media/catalog/product/g/p/gp67318-3-061120.jpg?imgeng=/w_960/f_webp/cmpr_20/s_7
237,https://imgcdn1.gempundit.com/media/catalog/product/g/p/gp67359-1-061120.jpg?imgeng=/w_960/f_webp/cmpr_20/s_7
238,https://imgcdn1.gempundit.com/media/catalog/product/g/p/gp67359-2-061120.jpg?imgeng=/w_960/f_webp/cmpr_20/s_7
239,https://imgcdn1.gempundit.com/media/catalog/product/g/p/gp67359-3-061120.jpg?imgeng=/w_960/f_webp/cmpr_20/s_7
240,https://imgcdn1.gempundit.com/media/catalog/product/g/p/gp67345-1-061120.jpg?imgeng=/w_960/f_webp/cmpr_20/s_7
241,https://imgcdn1.gempundit.com/media/catalog/product/g/p/gp67345-2-061120.jpg?imgeng=/w_960/f_webp/cmpr_20/s_7
242,https://imgcdn1.gempundit.com/media/catalog/product/g/p/gp67345-3-061120.jpg?imgeng=/w_960/f_webp/cmpr_20/s_7
243,https://imgcdn1.gempundit.com/media/catalog/product/g/p/gp13225-1-121120.jpg?imgeng=/w_960/f_webp/cmpr_20/s_7
244,https://imgcdn1.gempundit.com/media/catalog/product/1/3/13225-2-121020.jpg?imgeng=/w_960/f_webp/cmpr_20/s_7
245,https://imgcdn1.gempundit.com/media/catalog/product/1/3/13225-3-121020.jpg?imgeng=/w_960/f_webp/cmpr_20/s_7
246,https://imgcdn1.gempundit.com/media/catalog/product/g/p/gp67340-1-061120.jpg?imgeng=/w_960/f_webp/cmpr_20/s_7
247,https://imgcdn1.gempundit.com/media/catalog/product/g/p/gp67340-2-061120.jpg?imgeng=/w_960/f_webp/cmpr_20/s_7
248,https://imgcdn1.gempundit.com/media/catalog/product/g/p/gp67340-3-061120.jpg?imgeng=/w_960/f_webp/cmpr_20/s_7
249,https://imgcdn1.gempundit.com/media/catalog/product/g/p/gp67342-1-061120.jpg?imgeng=/w_960/f_webp/cmpr_20/s_7
250,https://imgcdn1.gempundit.com/media/catalog/product/g/p/gp67342-2-061120.jpg?imgeng=/w_960/f_webp/cmpr_20/s_7
251,https://imgcdn1.gempundit.com/media/catalog/product/g/p/gp67342-3-061120.jpg?imgeng=/w_960/f_webp/cmpr_20/s_7
252,https://imgcdn1.gempundit.com/media/catalog/product/g/p/gp56843-1-121120.jpg?imgeng=/w_960/f_webp/cmpr_20/s_7
253,https://imgcdn1.gempundit.com/media/catalog/product/5/6/56843-2-121020.jpg?imgeng=/w_960/f_webp/cmpr_20/s_7
254,https://imgcdn1.gempundit.com/media/catalog/product/5/6/56843-3-121020.jpg?imgeng=/w_960/f_webp/cmpr_20/s_7
255,https://imgcdn1.gempundit.com/media/catalog/product/g/p/gp67326-1-061120.jpg?imgeng=/w_960/f_webp/cmpr_20/s_7
256,https://imgcdn1.gempundit.com/media/catalog/product/g/p/gp67326-2-061120.jpg?imgeng=/w_960/f_webp/cmpr_20/s_7
257,https://imgcdn1.gempundit.com/media/catalog/product/g/p/gp67326-3-061120.jpg?imgeng=/w_960/f_webp/cmpr_20/s_7
258,https://imgcdn1.gempundit.com/media/catalog/product/g/p/gp67348-1-061120.jpg?imgeng=/w_960/f_webp/cmpr_20/s_7
259,https://imgcdn1.gempundit.com/media/catalog/product/g/p/gp67348-2-061120.jpg?imgeng=/w_960/f_webp/cmpr_20/s_7
260,https://imgcdn1.gempundit.com/media/catalog/product/g/p/gp67348-3-061120.jpg?imgeng=/w_960/f_webp/cmpr_20/s_7
261,https://imgcdn1.gempundit.com/media/catalog/product/g/p/gp67346-1-061120.jpg?imgeng=/w_960/f_webp/cmpr_20/s_7
262,https://imgcdn1.gempundit.com/media/catalog/product/g/p/gp67346-2-061120.jpg?imgeng=/w_960/f_webp/cmpr_20/s_7
263,https://imgcdn1.gempundit.com/media/catalog/product/g/p/gp67346-3-061120.jpg?imgeng=/w_960/f_webp/cmpr_20/s_7
264,https://imgcdn1.gempundit.com/media/catalog/product/g/p/gp67356-1-061120.jpg?imgeng=/w_960/f_webp/cmpr_20/s_7
265,https://imgcdn1.gempundit.com/media/catalog/product/g/p/gp67356-2-061120.jpg?imgeng=/w_960/f_webp/cmpr_20/s_7
266,https://imgcdn1.gempundit.com/media/catalog/product/g/p/gp67356-3-061120.jpg?imgeng=/w_960/f_webp/cmpr_20/s_7
267,https://imgcdn1.gempundit.com/media/catalog/product/g/p/gp67330-1-061120.jpg?imgeng=/w_960/f_webp/cmpr_20/s_7
268,https://imgcdn1.gempundit.com/media/catalog/product/g/p/gp67330-2-061120.jpg?imgeng=/w_960/f_webp/cmpr_20/s_7
269,https://imgcdn1.gempundit.com/media/catalog/product/g/p/gp67330-3-061120.jpg?imgeng=/w_960/f_webp/cmpr_20/s_7
270,https://imgcdn1.gempundit.com/media/catalog/product/g/p/gp67339-1-061120.jpg?imgeng=/w_960/f_webp/cmpr_20/s_7
271,https://imgcdn1.gempundit.com/media/catalog/product/g/p/gp67339-2-061120.jpg?imgeng=/w_960/f_webp/cmpr_20/s_7
272,https://imgcdn1.gempundit.com/media/catalog/product/g/p/gp67339-3-061120.jpg?imgeng=/w_960/f_webp/cmpr_20/s_7
273,https://imgcdn1.gempundit.com/media/catalog/product/g/p/gp67331-1-061120.jpg?imgeng=/w_960/f_webp/cmpr_20/s_7
274,https://imgcdn1.gempundit.com/media/catalog/product/g/p/gp67331-2-061120.jpg?imgeng=/w_960/f_webp/cmpr_20/s_7
275,https://imgcdn1.gempundit.com/media/catalog/product/g/p/gp67331-3-061120.jpg?imgeng=/w_960/f_webp/cmpr_20/s_7
276,https://imgcdn1.gempundit.com/media/catalog/product/g/p/gp40344-1-121120.jpg?imgeng=/w_960/f_webp/cmpr_20/s_7
277,https://imgcdn1.gempundit.com/media/catalog/product/4/0/40344-2-121020.jpg?imgeng=/w_960/f_webp/cmpr_20/s_7
278,https://imgcdn1.gempundit.com/media/catalog/product/g/p/gp56810-1-121120.jpg?imgeng=/w_960/f_webp/cmpr_20/s_7
279,https://imgcdn1.gempundit.com/media/catalog/product/5/6/56810-2-121020.jpg?imgeng=/w_960/f_webp/cmpr_20/s_7
280,https://imgcdn1.gempundit.com/media/catalog/product/5/6/56810-3-121020.jpg?imgeng=/w_960/f_webp/cmpr_20/s_7
281,https://imgcdn1.gempundit.com/media/catalog/product/g/p/gp67320-1-061120.jpg?imgeng=/w_960/f_webp/cmpr_20/s_7
282,https://imgcdn1.gempundit.com/media/catalog/product/g/p/gp67320-2-061120.jpg?imgeng=/w_960/f_webp/cmpr_20/s_7
283,https://imgcdn1.gempundit.com/media/catalog/product/g/p/gp67320-3-061120.jpg?imgeng=/w_960/f_webp/cmpr_20/s_7
284,https://imgcdn1.gempundit.com/media/catalog/product/g/p/gp67325-1-061120.jpg?imgeng=/w_960/f_webp/cmpr_20/s_7
285,https://imgcdn1.gempundit.com/media/catalog/product/g/p/gp67325-2-061120.jpg?imgeng=/w_960/f_webp/cmpr_20/s_7
286,https://imgcdn1.gempundit.com/media/catalog/product/g/p/gp67325-3-061120.jpg?imgeng=/w_960/f_webp/cmpr_20/s_7
287,https://imgcdn1.gempundit.com/media/catalog/product/g/p/gp67363-1-061120.jpg?imgeng=/w_960/f_webp/cmpr_20/s_7
288,https://imgcdn1.gempundit.com/media/catalog/product/g/p/gp67363-2-061120.jpg?imgeng=/w_960/f_webp/cmpr_20/s_7
289,https://imgcdn1.gempundit.com/media/catalog/product/g/p/gp67363-3-061120.jpg?imgeng=/w_960/f_webp/cmpr_20/s_7
290,https://imgcdn1.gempundit.com/media/catalog/product/g/p/gp67338-1-061120.jpg?imgeng=/w_960/f_webp/cmpr_20/s_7
291,https://imgcdn1.gempundit.com/media/catalog/product/g/p/gp67338-2-061120.jpg?imgeng=/w_960/f_webp/cmpr_20/s_7
292,https://imgcdn1.gempundit.com/media/catalog/product/g/p/gp67338-3-061120.jpg?imgeng=/w_960/f_webp/cmpr_20/s_7
293,https://imgcdn1.gempundit.com/media/catalog/product/g/p/gp67324-1-061120.jpg?imgeng=/w_960/f_webp/cmpr_20/s_7
294,https://imgcdn1.gempundit.com/media/catalog/product/g/p/gp67324-2-061120.jpg?imgeng=/w_960/f_webp/cmpr_20/s_7
295,https://imgcdn1.gempundit.com/media/catalog/product/g/p/gp67324-3-061120.jpg?imgeng=/w_960/f_webp/cmpr_20/s_7
296,https://imgcdn1.gempundit.com/media/catalog/product/g/p/gp56809-1-121120.jpg?imgeng=/w_960/f_webp/cmpr_20/s_7
297,https://imgcdn1.gempundit.com/media/catalog/product/5/6/56809-2-121020.jpg?imgeng=/w_960/f_webp/cmpr_20/s_7
298,https://imgcdn1.gempundit.com/media/catalog/product/5/6/56809-3-121020.jpg?imgeng=/w_960/f_webp/cmpr_20/s_7
299,https://imgcdn1.gempundit.com/media/catalog/product/g/p/gp40328-1-121120.jpg?imgeng=/w_960/f_webp/cmpr_20/s_7
300,https://imgcdn1.gempundit.com/media/catalog/product/4/0/40328-2-121020.jpg?imgeng=/w_960/f_webp/cmpr_20/s_7
301,https://imgcdn1.gempundit.com/media/catalog/product/g/p/gp56808-1-121120.jpg?imgeng=/w_960/f_webp/cmpr_20/s_7
302,https://imgcdn1.gempundit.com/media/catalog/product/5/6/56808-2-121020.jpg?imgeng=/w_960/f_webp/cmpr_20/s_7
303,https://imgcdn1.gempundit.com/media/catalog/product/5/6/56808-3-121020.jpg?imgeng=/w_960/f_webp/cmpr_20/s_7
304,https://imgcdn1.gempundit.com/media/catalog/product/g/p/gp67355-1-061120.jpg?imgeng=/w_960/f_webp/cmpr_20/s_7
305,https://imgcdn1.gempundit.com/media/catalog/product/g/p/gp67355-2-061120.jpg?imgeng=/w_960/f_webp/cmpr_20/s_7
306,https://imgcdn1.gempundit.com/media/catalog/product/g/p/gp67355-3-061120.jpg?imgeng=/w_960/f_webp/cmpr_20/s_7
307,https://imgcdn1.gempundit.com/media/catalog/product/g/p/gp67332-1-061120.jpg?imgeng=/w_960/f_webp/cmpr_20/s_7
308,https://imgcdn1.gempundit.com/media/catalog/product/g/p/gp67332-2-061120.jpg?imgeng=/w_960/f_webp/cmpr_20/s_7
309,https://imgcdn1.gempundit.com/media/catalog/product/g/p/gp67332-3-061120.jpg?imgeng=/w_960/f_webp/cmpr_20/s_7
310,https://imgcdn1.gempundit.com/media/catalog/product/g/p/gp67319-1-061120.jpg?imgeng=/w_960/f_webp/cmpr_20/s_7
311,https://imgcdn1.gempundit.com/media/catalog/product/g/p/gp67319-2-061120.jpg?imgeng=/w_960/f_webp/cmpr_20/s_7
312,https://imgcdn1.gempundit.com/media/catalog/product/g/p/gp67319-3-061120.jpg?imgeng=/w_960/f_webp/cmpr_20/s_7
313,https://imgcdn1.gempundit.com/media/catalog/product/g/p/gp67322-1-061120.jpg?imgeng=/w_960/f_webp/cmpr_20/s_7
314,https://imgcdn1.gempundit.com/media/catalog/product/g/p/gp67322-2-061120.jpg?imgeng=/w_960/f_webp/cmpr_20/s_7
315,https://imgcdn1.gempundit.com/media/catalog/product/g/p/gp67322-3-061120.jpg?imgeng=/w_960/f_webp/cmpr_20/s_7
316,https://imgcdn1.gempundit.com/media/catalog/product/g/p/gp56851-1-121120.jpg?imgeng=/w_960/f_webp/cmpr_20/s_7
317,https://imgcdn1.gempundit.com/media/catalog/product/5/6/56851-2-121020.jpg?imgeng=/w_960/f_webp/cmpr_20/s_7
318,https://imgcdn1.gempundit.com/media/catalog/product/5/6/56851-3-121020.jpg?imgeng=/w_960/f_webp/cmpr_20/s_7
319,https://imgcdn1.gempundit.com/media/catalog/product/g/p/gp67422-1-061120.jpg?imgeng=/w_960/f_webp/cmpr_20/s_7
320,https://imgcdn1.gempundit.com/media/catalog/product/g/p/gp67422-2-061120.jpg?imgeng=/w_960/f_webp/cmpr_20/s_7
321,https://imgcdn1.gempundit.com/media/catalog/product/g/p/gp67422-3-061120.jpg?imgeng=/w_960/f_webp/cmpr_20/s_7
322,https://imgcdn1.gempundit.com/media/catalog/product/g/p/gp67312-1-061120.jpg?imgeng=/w_960/f_webp/cmpr_20/s_7
323,https://imgcdn1.gempundit.com/media/catalog/product/g/p/gp67312-2-061120.jpg?imgeng=/w_960/f_webp/cmpr_20/s_7
324,https://imgcdn1.gempundit.com/media/catalog/product/g/p/gp67312-3-061120.jpg?imgeng=/w_960/f_webp/cmpr_20/s_7
325,https://imgcdn1.gempundit.com/media/catalog/product/g/p/gp67337-1-061120.jpg?imgeng=/w_960/f_webp/cmpr_20/s_7
326,https://imgcdn1.gempundit.com/media/catalog/product/g/p/gp67337-2-061120.jpg?imgeng=/w_960/f_webp/cmpr_20/s_7
327,https://imgcdn1.gempundit.com/media/catalog/product/g/p/gp67337-3-061120.jpg?imgeng=/w_960/f_webp/cmpr_20/s_7
328,https://imgcdn1.gempundit.com/media/catalog/product/g/p/gp56849-1-121120.jpg?imgeng=/w_960/f_webp/cmpr_20/s_7
329,https://imgcdn1.gempundit.com/media/catalog/product/5/6/56849-2-121020.jpg?imgeng=/w_960/f_webp/cmpr_20/s_7
330,https://imgcdn1.gempundit.com/media/catalog/product/5/6/56849-3-121020.jpg?imgeng=/w_960/f_webp/cmpr_20/s_7
331,https://imgcdn1.gempundit.com/media/catalog/product/g/p/gp67316-1-061120.jpg?imgeng=/w_960/f_webp/cmpr_20/s_7
332,https://imgcdn1.gempundit.com/media/catalog/product/g/p/gp67316-2-061120.jpg?imgeng=/w_960/f_webp/cmpr_20/s_7
333,https://imgcdn1.gempundit.com/media/catalog/product/g/p/gp67316-3-061120.jpg?imgeng=/w_960/f_webp/cmpr_20/s_7
334,https://imgcdn1.gempundit.com/media/catalog/product/g/p/gp74748-1-180321.jpg?imgeng=/w_960/f_webp/cmpr_20/s_7
335,https://imgcdn1.gempundit.com/media/catalog/product/g/p/gp74748-2-180321.jpg?imgeng=/w_960/f_webp/cmpr_20/s_7
336,https://imgcdn1.gempundit.com/media/catalog/product/g/p/gp74748-3-180321.jpg?imgeng=/w_960/f_webp/cmpr_20/s_7
337,https://imgcdn1.gempundit.com/media/catalog/product/g/p/gp67315-1-061120.jpg?imgeng=/w_960/f_webp/cmpr_20/s_7
338,https://imgcdn1.gempundit.com/media/catalog/product/g/p/gp67315-2-061120.jpg?imgeng=/w_960/f_webp/cmpr_20/s_7
339,https://imgcdn1.gempundit.com/media/catalog/product/g/p/gp67315-3-061120.jpg?imgeng=/w_960/f_webp/cmpr_20/s_7
340,https://imgcdn1.gempundit.com/media/catalog/product/g/p/gp67329-1-061120.jpg?imgeng=/w_960/f_webp/cmpr_20/s_7
341,https://imgcdn1.gempundit.com/media/catalog/product/g/p/gp67329-2-061120.jpg?imgeng=/w_960/f_webp/cmpr_20/s_7
342,https://imgcdn1.gempundit.com/media/catalog/product/g/p/gp67329-3-061120.jpg?imgeng=/w_960/f_webp/cmpr_20/s_7
343,https://imgcdn1.gempundit.com/media/catalog/product/g/p/gp67365-1-061120.jpg?imgeng=/w_960/f_webp/cmpr_20/s_7
344,https://imgcdn1.gempundit.com/media/catalog/product/g/p/gp67365-2-061120.jpg?imgeng=/w_960/f_webp/cmpr_20/s_7
345,https://imgcdn1.gempundit.com/media/catalog/product/g/p/gp67365-3-061120.jpg?imgeng=/w_960/f_webp/cmpr_20/s_7
346,https://imgcdn1.gempundit.com/media/catalog/product/g/p/gp67314-1-061120.jpg?imgeng=/w_960/f_webp/cmpr_20/s_7
347,https://imgcdn1.gempundit.com/media/catalog/product/g/p/gp67314-2-061120.jpg?imgeng=/w_960/f_webp/cmpr_20/s_7
348,https://imgcdn1.gempundit.com/media/catalog/product/g/p/gp67314-3-061120.jpg?imgeng=/w_960/f_webp/cmpr_20/s_7
349,https://imgcdn1.gempundit.com/media/catalog/product/g/p/gp13222-1-121120.jpg?imgeng=/w_960/f_webp/cmpr_20/s_7
350,https://imgcdn1.gempundit.com/media/catalog/product/1/3/13222-2-121020.jpg?imgeng=/w_960/f_webp/cmpr_20/s_7
351,https://imgcdn1.gempundit.com/media/catalog/product/1/3/13222-3-121020.jpg?imgeng=/w_960/f_webp/cmpr_20/s_7
352,https://imgcdn1.gempundit.com/media/catalog/product/g/p/gp67354-1-061120.jpg?imgeng=/w_960/f_webp/cmpr_20/s_7
353,https://imgcdn1.gempundit.com/media/catalog/product/g/p/gp67354-2-061120.jpg?imgeng=/w_960/f_webp/cmpr_20/s_7
354,https://imgcdn1.gempundit.com/media/catalog/product/g/p/gp67354-3-061120.jpg?imgeng=/w_960/f_webp/cmpr_20/s_7
355,https://imgcdn1.gempundit.com/media/catalog/product/g/p/gp102936-1-230922.jpg?imgeng=/w_960/f_webp/cmpr_20/s_7
356,https://imgcdn1.gempundit.com/media/catalog/product/g/p/gp102936-2-230922.jpg?imgeng=/w_960/f_webp/cmpr_20/s_7
357,https://imgcdn1.gempundit.com/media/catalog/product/g/p/gp102936-3-230922.jpg?imgeng=/w_960/f_webp/cmpr_20/s_7
358,https://imgcdn1.gempundit.com/media/catalog/product/g/p/gp74749-1-180321.jpg?imgeng=/w_960/f_webp/cmpr_20/s_7
359,https://imgcdn1.gempundit.com/media/catalog/product/g/p/gp74749-2-180321.jpg?imgeng=/w_960/f_webp/cmpr_20/s_7
360,https://imgcdn1.gempundit.com/media/catalog/product/g/p/gp74749-3-180321.jpg?imgeng=/w_960/f_webp/cmpr_20/s_7
361,https://imgcdn1.gempundit.com/media/catalog/product/g/p/gp102933-1-260922.jpg?imgeng=/w_960/f_webp/cmpr_20/s_7
362,https://imgcdn1.gempundit.com/media/catalog/product/g/p/gp102933-2-260922.jpg?imgeng=/w_960/f_webp/cmpr_20/s_7
363,https://imgcdn1.gempundit.com/media/catalog/product/g/p/gp102933-3-260922.jpg?imgeng=/w_960/f_webp/cmpr_20/s_7
364,https://imgcdn1.gempundit.com/media/catalog/product/g/p/gp67366-1-061120.jpg?imgeng=/w_960/f_webp/cmpr_20/s_7
365,https://imgcdn1.gempundit.com/media/catalog/product/g/p/gp67366-2-061120.jpg?imgeng=/w_960/f_webp/cmpr_20/s_7
366,https://imgcdn1.gempundit.com/media/catalog/product/g/p/gp67366-3-061120.jpg?imgeng=/w_960/f_webp/cmpr_20/s_7
367,https://imgcdn1.gempundit.com/media/catalog/product/g/p/gp67313-1-061120.jpg?imgeng=/w_960/f_webp/cmpr_20/s_7
368,https://imgcdn1.gempundit.com/media/catalog/product/g/p/gp67313-2-061120.jpg?imgeng=/w_960/f_webp/cmpr_20/s_7
369,https://imgcdn1.gempundit.com/media/catalog/product/g/p/gp67313-3-061120.jpg?imgeng=/w_960/f_webp/cmpr_20/s_7
370,https://imgcdn1.gempundit.com/media/catalog/product/g/p/gp67421-1-061120.jpg?imgeng=/w_960/f_webp/cmpr_20/s_7
371,https://imgcdn1.gempundit.com/media/catalog/product/g/p/gp67421-2-061120.jpg?imgeng=/w_960/f_webp/cmpr_20/s_7
372,https://imgcdn1.gempundit.com/media/catalog/product/g/p/gp67421-3-061120.jpg?imgeng=/w_960/f_webp/cmpr_20/s_7
373,https://imgcdn1.gempundit.com/media/catalog/product/g/p/gp67310-1-061120.jpg?imgeng=/w_960/f_webp/cmpr_20/s_7
374,https://imgcdn1.gempundit.com/media/catalog/product/g/p/gp67310-2-061120.jpg?imgeng=/w_960/f_webp/cmpr_20/s_7
375,https://imgcdn1.gempundit.com/media/catalog/product/g/p/gp67310-3-061120.jpg?imgeng=/w_960/f_webp/cmpr_20/s_7
376,https://imgcdn1.gempundit.com/media/catalog/product/g/p/gp102931-1-230922.jpg?imgeng=/w_960/f_webp/cmpr_20/s_7
377,https://imgcdn1.gempundit.com/media/catalog/product/g/p/gp102931-2-230922.jpg?imgeng=/w_960/f_webp/cmpr_20/s_7
378,https://imgcdn1.gempundit.com/media/catalog/product/g/p/gp102931-3-230922.jpg?imgeng=/w_960/f_webp/cmpr_20/s_7
379,https://imgcdn1.gempundit.com/media/catalog/product/g/p/gp102932-1-230922.jpg?imgeng=/w_960/f_webp/cmpr_20/s_7
380,https://imgcdn1.gempundit.com/media/catalog/product/g/p/gp102932-2-230922.jpg?imgeng=/w_960/f_webp/cmpr_20/s_7
381,https://imgcdn1.gempundit.com/media/catalog/product/g/p/gp102932-3-230922.jpg?imgeng=/w_960/f_webp/cmpr_20/s_7
382,https://imgcdn1.gempundit.com/media/catalog/product/g/p/gp102937-1-230922.jpg?imgeng=/w_960/f_webp/cmpr_20/s_7
383,https://imgcdn1.gempundit.com/media/catalog/product/g/p/gp102937-2-230922.jpg?imgeng=/w_960/f_webp/cmpr_20/s_7
384,https://imgcdn1.gempundit.com/media/catalog/product/g/p/gp102937-3-230922.jpg?imgeng=/w_960/f_webp/cmpr_20/s_7
385,https://imgcdn1.gempundit.com/media/catalog/product/g/p/gp102934-1-230922.jpg?imgeng=/w_960/f_webp/cmpr_20/s_7
386,https://imgcdn1.gempundit.com/media/catalog/product/g/p/gp102934-2-230922.jpg?imgeng=/w_960/f_webp/cmpr_20/s_7
387,https://imgcdn1.gempundit.com/media/catalog/product/g/p/gp102934-3-230922.jpg?imgeng=/w_960/f_webp/cmpr_20/s_7
388,https://imgcdn1.gempundit.com/media/catalog/product/g/p/gp102953-1-230922.jpg?imgeng=/w_960/f_webp/cmpr_20/s_7
389,https://imgcdn1.gempundit.com/media/catalog/product/g/p/gp102953-2-230922.jpg?imgeng=/w_960/f_webp/cmpr_20/s_7
390,https://imgcdn1.gempundit.com/media/catalog/product/g/p/gp102953-3-230922.jpg?imgeng=/w_960/f_webp/cmpr_20/s_7
391,https://imgcdn1.gempundit.com/media/catalog/product/g/p/gp13221-1-121120.jpg?imgeng=/w_960/f_webp/cmpr_20/s_7
392,https://imgcdn1.gempundit.com/media/catalog/product/1/3/13221-2-121020.jpg?imgeng=/w_960/f_webp/cmpr_20/s_7
393,https://imgcdn1.gempundit.com/media/catalog/product/1/3/13221-3-121020.jpg?imgeng=/w_960/f_webp/cmpr_20/s_7
394,https://imgcdn1.gempundit.com/media/catalog/product/g/p/gp102940-1-230922.jpg?imgeng=/w_960/f_webp/cmpr_20/s_7
395,https://imgcdn1.gempundit.com/media/catalog/product/g/p/gp102940-2-230922.jpg?imgeng=/w_960/f_webp/cmpr_20/s_7
396,https://imgcdn1.gempundit.com/media/catalog/product/g/p/gp102940-3-230922.jpg?imgeng=/w_960/f_webp/cmpr_20/s_7
397,https://imgcdn1.gempundit.com/media/catalog/product/g/p/gp102939-1-230922.jpg?imgeng=/w_960/f_webp/cmpr_20/s_7
398,https://imgcdn1.gempundit.com/media/catalog/product/g/p/gp102939-2-230922.jpg?imgeng=/w_960/f_webp/cmpr_20/s_7
399,https://imgcdn1.gempundit.com/media/catalog/product/g/p/gp102939-3-230922.jpg?imgeng=/w_960/f_webp/cmpr_20/s_7
400,https://imgcdn1.gempundit.com/media/catalog/product/g/p/gp67317-1-061120.jpg?imgeng=/w_960/f_webp/cmpr_20/s_7
401,https://imgcdn1.gempundit.com/media/catalog/product/g/p/gp67317-2-061120.jpg?imgeng=/w_960/f_webp/cmpr_20/s_7
402,https://imgcdn1.gempundit.com/media/catalog/product/g/p/gp67317-3-061120.jpg?imgeng=/w_960/f_webp/cmpr_20/s_7
403,https://imgcdn1.gempundit.com/media/catalog/product/g/p/gp102930-1-230922.jpg?imgeng=/w_960/f_webp/cmpr_20/s_7
404,https://imgcdn1.gempundit.com/media/catalog/product/g/p/gp102930-2-230922.jpg?imgeng=/w_960/f_webp/cmpr_20/s_7
405,https://imgcdn1.gempundit.com/media/catalog/product/g/p/gp102930-3-230922.jpg?imgeng=/w_960/f_webp/cmpr_20/s_7
406,https://imgcdn1.gempundit.com/media/catalog/product/g/p/gp102951-1-230922.jpg?imgeng=/w_960/f_webp/cmpr_20/s_7
407,https://imgcdn1.gempundit.com/media/catalog/product/g/p/gp102951-2-230922.jpg?imgeng=/w_960/f_webp/cmpr_20/s_7
408,https://imgcdn1.gempundit.com/media/catalog/product/g/p/gp102951-3-230922.jpg?imgeng=/w_960/f_webp/cmpr_20/s_7
409,https://imgcdn1.gempundit.com/media/catalog/product/g/p/gp102948-1-230922.jpg?imgeng=/w_960/f_webp/cmpr_20/s_7
410,https://imgcdn1.gempundit.com/media/catalog/product/g/p/gp102948-2-230922.jpg?imgeng=/w_960/f_webp/cmpr_20/s_7
411,https://imgcdn1.gempundit.com/media/catalog/product/g/p/gp102948-3-230922.jpg?imgeng=/w_960/f_webp/cmpr_20/s_7
412,https://imgcdn1.gempundit.com/media/catalog/product/g/p/gp102950-1-230922.jpg?imgeng=/w_960/f_webp/cmpr_20/s_7
413,https://imgcdn1.gempundit.com/media/catalog/product/g/p/gp102950-2-230922.jpg?imgeng=/w_960/f_webp/cmpr_20/s_7
414,https://imgcdn1.gempundit.com/media/catalog/product/g/p/gp102950-3-230922.jpg?imgeng=/w_960/f_webp/cmpr_20/s_7
415,https://imgcdn1.gempundit.com/media/catalog/product/g/p/gp102945-1-230922.jpg?imgeng=/w_960/f_webp/cmpr_20/s_7
416,https://imgcdn1.gempundit.com/media/catalog/product/g/p/gp102945-2-230922.jpg?imgeng=/w_960/f_webp/cmpr_20/s_7
417,https://imgcdn1.gempundit.com/media/catalog/product/g/p/gp102945-3-230922.jpg?imgeng=/w_960/f_webp/cmpr_20/s_7
418,https://imgcdn1.gempundit.com/media/catalog/product/g/p/gp102938-1-230922.jpg?imgeng=/w_960/f_webp/cmpr_20/s_7
419,https://imgcdn1.gempundit.com/media/catalog/product/g/p/gp102938-2-230922.jpg?imgeng=/w_960/f_webp/cmpr_20/s_7
420,https://imgcdn1.gempundit.com/media/catalog/product/g/p/gp102938-3-230922.jpg?imgeng=/w_960/f_webp/cmpr_20/s_7
421,https://imgcdn1.gempundit.com/media/catalog/product/g/p/gp102949-1-230922.jpg?imgeng=/w_960/f_webp/cmpr_20/s_7
422,https://imgcdn1.gempundit.com/media/catalog/product/g/p/gp102949-2-230922.jpg?imgeng=/w_960/f_webp/cmpr_20/s_7
423,https://imgcdn1.gempundit.com/media/catalog/product/g/p/gp102949-3-230922.jpg?imgeng=/w_960/f_webp/cmpr_20/s_7
424,https://imgcdn1.gempundit.com/media/catalog/product/g/p/gp102952-1-230922.jpg?imgeng=/w_960/f_webp/cmpr_20/s_7
425,https://imgcdn1.gempundit.com/media/catalog/product/g/p/gp102952-2-230922.jpg?imgeng=/w_960/f_webp/cmpr_20/s_7
426,https://imgcdn1.gempundit.com/media/catalog/product/g/p/gp102952-3-230922.jpg?imgeng=/w_960/f_webp/cmpr_20/s_7
427,https://imgcdn1.gempundit.com/media/catalog/product/g/p/gp102928-1-260922.jpg?imgeng=/w_960/f_webp/cmpr_20/s_7
428,https://imgcdn1.gempundit.com/media/catalog/product/g/p/gp102928-2-260922.jpg?imgeng=/w_960/f_webp/cmpr_20/s_7
429,https://imgcdn1.gempundit.com/media/catalog/product/g/p/gp102928-3-260922.jpg?imgeng=/w_960/f_webp/cmpr_20/s_7
430,https://imgcdn1.gempundit.com/media/catalog/product/g/p/gp102935-1-230922.jpg?imgeng=/w_960/f_webp/cmpr_20/s_7
431,https://imgcdn1.gempundit.com/media/catalog/product/g/p/gp102935-2-230922.jpg?imgeng=/w_960/f_webp/cmpr_20/s_7
432,https://imgcdn1.gempundit.com/media/catalog/product/g/p/gp102935-3-230922.jpg?imgeng=/w_960/f_webp/cmpr_20/s_7
433,https://imgcdn1.gempundit.com/media/catalog/product/g/p/gp102946-1-230922.jpg?imgeng=/w_960/f_webp/cmpr_20/s_7
434,https://imgcdn1.gempundit.com/media/catalog/product/g/p/gp102946-2-230922.jpg?imgeng=/w_960/f_webp/cmpr_20/s_7
435,https://imgcdn1.gempundit.com/media/catalog/product/g/p/gp102946-3-230922.jpg?imgeng=/w_960/f_webp/cmpr_20/s_7
436,https://imgcdn1.gempundit.com/media/catalog/product/g/p/gp102929-1-230922.jpg?imgeng=/w_960/f_webp/cmpr_20/s_7
437,https://imgcdn1.gempundit.com/media/catalog/product/g/p/gp102929-2-230922.jpg?imgeng=/w_960/f_webp/cmpr_20/s_7
438,https://imgcdn1.gempundit.com/media/catalog/product/g/p/gp102929-3-230922.jpg?imgeng=/w_960/f_webp/cmpr_20/s_7
439,https://imgcdn1.gempundit.com/media/catalog/product/g/p/gp102947-1-230922.jpg?imgeng=/w_960/f_webp/cmpr_20/s_7
440,https://imgcdn1.gempundit.com/media/catalog/product/g/p/gp102947-2-230922.jpg?imgeng=/w_960/f_webp/cmpr_20/s_7
441,https://imgcdn1.gempundit.com/media/catalog/product/g/p/gp102947-3-230922.jpg?imgeng=/w_960/f_webp/cmpr_20/s_7
442,https://imgcdn1.gempundit.com/media/catalog/product/g/p/gp102925-1-230922.jpg?imgeng=/w_960/f_webp/cmpr_20/s_7
443,https://imgcdn1.gempundit.com/media/catalog/product/g/p/gp102925-2-230922.jpg?imgeng=/w_960/f_webp/cmpr_20/s_7
444,https://imgcdn1.gempundit.com/media/catalog/product/g/p/gp102925-3-230922.jpg?imgeng=/w_960/f_webp/cmpr_20/s_7
445,https://imgcdn1.gempundit.com/media/catalog/product/g/p/gp67420-1-061120.jpg?imgeng=/w_960/f_webp/cmpr_20/s_7
446,https://imgcdn1.gempundit.com/media/catalog/product/g/p/gp67420-2-061120.jpg?imgeng=/w_960/f_webp/cmpr_20/s_7
447,https://imgcdn1.gempundit.com/media/catalog/product/g/p/gp67420-3-061120.jpg?imgeng=/w_960/f_webp/cmpr_20/s_7
448,https://imgcdn1.gempundit.com/media/catalog/product/g/p/gp67299-1-061120.jpg?imgeng=/w_960/f_webp/cmpr_20/s_7
449,https://imgcdn1.gempundit.com/media/catalog/product/g/p/gp67299-2-061120.jpg?imgeng=/w_960/f_webp/cmpr_20/s_7
450,https://imgcdn1.gempundit.com/media/catalog/product/g/p/gp67299-3-061120.jpg?imgeng=/w_960/f_webp/cmpr_20/s_7
451,https://imgcdn1.gempundit.com/media/catalog/product/g/p/gp67309-1-061120.jpg?imgeng=/w_960/f_webp/cmpr_20/s_7
452,https://imgcdn1.gempundit.com/media/catalog/product/g/p/gp67309-2-061120.jpg?imgeng=/w_960/f_webp/cmpr_20/s_7
453,https://imgcdn1.gempundit.com/media/catalog/product/g/p/gp67309-3-061120.jpg?imgeng=/w_960/f_webp/cmpr_20/s_7
454,https://imgcdn1.gempundit.com/media/catalog/product/g/p/gp102926-1-230922.jpg?imgeng=/w_960/f_webp/cmpr_20/s_7
455,https://imgcdn1.gempundit.com/media/catalog/product/g/p/gp102926-2-230922.jpg?imgeng=/w_960/f_webp/cmpr_20/s_7
456,https://imgcdn1.gempundit.com/media/catalog/product/g/p/gp102926-3-230922.jpg?imgeng=/w_960/f_webp/cmpr_20/s_7
457,https://imgcdn1.gempundit.com/media/catalog/product/g/p/gp102924-1-230922.jpg?imgeng=/w_960/f_webp/cmpr_20/s_7
458,https://imgcdn1.gempundit.com/media/catalog/product/g/p/gp102924-2-230922.jpg?imgeng=/w_960/f_webp/cmpr_20/s_7
459,https://imgcdn1.gempundit.com/media/catalog/product/g/p/gp102924-3-230922.jpg?imgeng=/w_960/f_webp/cmpr_20/s_7
460,https://imgcdn1.gempundit.com/media/catalog/product/g/p/gp67302-1-061120.jpg?imgeng=/w_960/f_webp/cmpr_20/s_7
461,https://imgcdn1.gempundit.com/media/catalog/product/g/p/gp67302-2-061120.jpg?imgeng=/w_960/f_webp/cmpr_20/s_7
462,https://imgcdn1.gempundit.com/media/catalog/product/g/p/gp67302-3-061120.jpg?imgeng=/w_960/f_webp/cmpr_20/s_7
463,https://imgcdn1.gempundit.com/media/catalog/product/g/p/gp67307-1-061120.jpg?imgeng=/w_960/f_webp/cmpr_20/s_7
464,https://imgcdn1.gempundit.com/media/catalog/product/g/p/gp67307-2-061120.jpg?imgeng=/w_960/f_webp/cmpr_20/s_7
465,https://imgcdn1.gempundit.com/media/catalog/product/g/p/gp67307-3-061120.jpg?imgeng=/w_960/f_webp/cmpr_20/s_7
466,https://imgcdn1.gempundit.com/media/catalog/product/g/p/gp67301-1-131120.jpg?imgeng=/w_960/f_webp/cmpr_20/s_7
467,https://imgcdn1.gempundit.com/media/catalog/product/g/p/gp67301-2-131120.jpg?imgeng=/w_960/f_webp/cmpr_20/s_7
468,https://imgcdn1.gempundit.com/media/catalog/product/g/p/gp67301-3-131120.jpg?imgeng=/w_960/f_webp/cmpr_20/s_7
469,https://imgcdn1.gempundit.com/media/catalog/product/g/p/gp67297-1-061120.jpg?imgeng=/w_960/f_webp/cmpr_20/s_7
470,https://imgcdn1.gempundit.com/media/catalog/product/g/p/gp67297-2-061120.jpg?imgeng=/w_960/f_webp/cmpr_20/s_7
471,https://imgcdn1.gempundit.com/media/catalog/product/g/p/gp67297-3-061120.jpg?imgeng=/w_960/f_webp/cmpr_20/s_7
472,https://imgcdn1.gempundit.com/media/catalog/product/g/p/gp102927-1-230922.jpg?imgeng=/w_960/f_webp/cmpr_20/s_7
473,https://imgcdn1.gempundit.com/media/catalog/product/g/p/gp102927-2-230922.jpg?imgeng=/w_960/f_webp/cmpr_20/s_7
474,https://imgcdn1.gempundit.com/media/catalog/product/g/p/gp102927-3-230922.jpg?imgeng=/w_960/f_webp/cmpr_20/s_7
475,https://imgcdn1.gempundit.com/media/catalog/product/g/p/gp67304-1-061120.jpg?imgeng=/w_960/f_webp/cmpr_20/s_7
476,https://imgcdn1.gempundit.com/media/catalog/product/g/p/gp67304-2-061120.jpg?imgeng=/w_960/f_webp/cmpr_20/s_7
477,https://imgcdn1.gempundit.com/media/catalog/product/g/p/gp67304-3-061120.jpg?imgeng=/w_960/f_webp/cmpr_20/s_7
478,https://imgcdn1.gempundit.com/media/catalog/product/g/p/gp102943-1-230922.jpg?imgeng=/w_960/f_webp/cmpr_20/s_7
479,https://imgcdn1.gempundit.com/media/catalog/product/g/p/gp102943-2-230922.jpg?imgeng=/w_960/f_webp/cmpr_20/s_7
480,https://imgcdn1.gempundit.com/media/catalog/product/g/p/gp102943-3-230922.jpg?imgeng=/w_960/f_webp/cmpr_20/s_7
481,https://imgcdn1.gempundit.com/media/catalog/product/g/p/gp102942-1-230922.jpg?imgeng=/w_960/f_webp/cmpr_20/s_7
482,https://imgcdn1.gempundit.com/media/catalog/product/g/p/gp102942-2-230922.jpg?imgeng=/w_960/f_webp/cmpr_20/s_7
483,https://imgcdn1.gempundit.com/media/catalog/product/g/p/gp102942-3-230922.jpg?imgeng=/w_960/f_webp/cmpr_20/s_7
484,https://imgcdn1.gempundit.com/media/catalog/product/g/p/gp102944-1-260922.jpg?imgeng=/w_960/f_webp/cmpr_20/s_7
485,https://imgcdn1.gempundit.com/media/catalog/product/g/p/gp102944-hand-260922.jpg?imgeng=/w_960/f_webp/cmpr_20/s_7
486,https://imgcdn1.gempundit.com/media/catalog/product/g/p/gp102944-2-260922.jpg?imgeng=/w_960/f_webp/cmpr_20/s_7
487,https://imgcdn1.gempundit.com/media/catalog/product/g/p/gp102944-3-260922.jpg?imgeng=/w_960/f_webp/cmpr_20/s_7
488,https://imgcdn1.gempundit.com/media/catalog/product/g/p/gp102941-1-260922.jpg?imgeng=/w_960/f_webp/cmpr_20/s_7
489,https://imgcdn1.gempundit.com/media/catalog/product/g/p/gp102941-hand-260922.jpg?imgeng=/w_960/f_webp/cmpr_20/s_7
490,https://imgcdn1.gempundit.com/media/catalog/product/g/p/gp102941-2-260922.jpg?imgeng=/w_960/f_webp/cmpr_20/s_7
491,https://imgcdn1.gempundit.com/media/catalog/product/g/p/gp102941-3-260922.jpg?imgeng=/w_960/f_webp/cmpr_20/s_7
492,https://imgcdn1.gempundit.com/media/catalog/product/g/p/gp103574-1-061022.jpg?imgeng=/w_960/f_webp/cmpr_20/s_7
493,https://imgcdn1.gempundit.com/media/catalog/product/g/p/gp103574-hand-061022.jpg?imgeng=/w_960/f_webp/cmpr_20/s_7
494,https://imgcdn1.gempundit.com/media/catalog/product/g/p/gp103574-2-061022.jpg?imgeng=/w_960/f_webp/cmpr_20/s_7
495,https://imgcdn1.gempundit.com/media/catalog/product/g/p/gp103574-3-061022.jpg?imgeng=/w_960/f_webp/cmpr_20/s_7
