,Green Tourmaline (Verdelite)
0,https://imgcdn1.gempundit.com/media/catalog/product/g/p/gp102744-1-170922.jpg?imgeng=/w_960/f_webp/cmpr_20/s_7
1,https://imgcdn1.gempundit.com/media/catalog/product/g/p/gp102744-hand-170922.jpg?imgeng=/w_960/f_webp/cmpr_20/s_7
2,https://imgcdn1.gempundit.com/media/catalog/product/g/p/gp102744-2-170922.jpg?imgeng=/w_960/f_webp/cmpr_20/s_7
3,https://imgcdn1.gempundit.com/media/catalog/product/g/p/gp102744-3-170922.jpg?imgeng=/w_960/f_webp/cmpr_20/s_7
4,https://imgcdn1.gempundit.com/media/catalog/product/g/p/gp102743-1-170922.jpg?imgeng=/w_960/f_webp/cmpr_20/s_7
5,https://imgcdn1.gempundit.com/media/catalog/product/g/p/gp102743-hand-170922.jpg?imgeng=/w_960/f_webp/cmpr_20/s_7
6,https://imgcdn1.gempundit.com/media/catalog/product/g/p/gp102743-2-170922.jpg?imgeng=/w_960/f_webp/cmpr_20/s_7
7,https://imgcdn1.gempundit.com/media/catalog/product/g/p/gp102743-3-170922.jpg?imgeng=/w_960/f_webp/cmpr_20/s_7
8,https://imgcdn1.gempundit.com/media/catalog/product/g/p/gp102768-1-310822.jpg?imgeng=/w_960/f_webp/cmpr_20/s_7
9,https://imgcdn1.gempundit.com/media/catalog/product/g/p/gp102768-hand-310822.jpg?imgeng=/w_960/f_webp/cmpr_20/s_7
10,https://imgcdn1.gempundit.com/media/catalog/product/g/p/gp102768-2-310822.jpg?imgeng=/w_960/f_webp/cmpr_20/s_7
11,https://imgcdn1.gempundit.com/media/catalog/product/g/p/gp102768-3-310822.jpg?imgeng=/w_960/f_webp/cmpr_20/s_7
12,https://imgcdn1.gempundit.com/media/catalog/product/g/p/gp102808-1-170922.jpg?imgeng=/w_960/f_webp/cmpr_20/s_7
13,https://imgcdn1.gempundit.com/media/catalog/product/g/p/gp102808-hand-170922.jpg?imgeng=/w_960/f_webp/cmpr_20/s_7
14,https://imgcdn1.gempundit.com/media/catalog/product/g/p/gp102808-2-170922.jpg?imgeng=/w_960/f_webp/cmpr_20/s_7
15,https://imgcdn1.gempundit.com/media/catalog/product/g/p/gp102808-3-170922.jpg?imgeng=/w_960/f_webp/cmpr_20/s_7
16,https://imgcdn1.gempundit.com/media/catalog/product/g/p/gp102758-1-171022.jpg?imgeng=/w_960/f_webp/cmpr_20/s_7
17,https://imgcdn1.gempundit.com/media/catalog/product/g/p/gp102758-hand-171022.jpg?imgeng=/w_960/f_webp/cmpr_20/s_7
18,https://imgcdn1.gempundit.com/media/catalog/product/g/p/gp102758-2-171022.jpg?imgeng=/w_960/f_webp/cmpr_20/s_7
19,https://imgcdn1.gempundit.com/media/catalog/product/g/p/gp102758-3-171022.jpg?imgeng=/w_960/f_webp/cmpr_20/s_7
20,https://imgcdn1.gempundit.com/media/catalog/product/g/p/gp94737-1-310122.jpg?imgeng=/w_960/f_webp/cmpr_20/s_7
21,https://imgcdn1.gempundit.com/media/catalog/product/g/p/gp94737-hand-310122.jpg?imgeng=/w_960/f_webp/cmpr_20/s_7
22,https://imgcdn1.gempundit.com/media/catalog/product/g/p/gp94737-2-310122.jpg?imgeng=/w_960/f_webp/cmpr_20/s_7
23,https://imgcdn1.gempundit.com/media/catalog/product/g/p/gp94737-3-310122.jpg?imgeng=/w_960/f_webp/cmpr_20/s_7
24,https://imgcdn1.gempundit.com/media/catalog/product/g/p/gp102829-1-260822.jpg?imgeng=/w_960/f_webp/cmpr_20/s_7
25,https://imgcdn1.gempundit.com/media/catalog/product/g/p/gp102829-hand-260822.jpg?imgeng=/w_960/f_webp/cmpr_20/s_7
26,https://imgcdn1.gempundit.com/media/catalog/product/g/p/gp102829-2-260822.jpg?imgeng=/w_960/f_webp/cmpr_20/s_7
27,https://imgcdn1.gempundit.com/media/catalog/product/g/p/gp102829-3-260822.jpg?imgeng=/w_960/f_webp/cmpr_20/s_7
28,https://imgcdn1.gempundit.com/media/catalog/product/g/p/gp102726-1-160922.jpg?imgeng=/w_960/f_webp/cmpr_20/s_7
29,https://imgcdn1.gempundit.com/media/catalog/product/g/p/gp102726-hand-160922.jpg?imgeng=/w_960/f_webp/cmpr_20/s_7
30,https://imgcdn1.gempundit.com/media/catalog/product/g/p/gp102726-2-160922.jpg?imgeng=/w_960/f_webp/cmpr_20/s_7
31,https://imgcdn1.gempundit.com/media/catalog/product/g/p/gp102726-3-160922.jpg?imgeng=/w_960/f_webp/cmpr_20/s_7
32,https://imgcdn1.gempundit.com/media/catalog/product/g/p/gp102742-1-160922.jpg?imgeng=/w_960/f_webp/cmpr_20/s_7
33,https://imgcdn1.gempundit.com/media/catalog/product/g/p/gp102742-hand-160922.jpg?imgeng=/w_960/f_webp/cmpr_20/s_7
34,https://imgcdn1.gempundit.com/media/catalog/product/g/p/gp102742-2-160922.jpg?imgeng=/w_960/f_webp/cmpr_20/s_7
35,https://imgcdn1.gempundit.com/media/catalog/product/g/p/gp102742-3-160922.jpg?imgeng=/w_960/f_webp/cmpr_20/s_7
36,https://imgcdn1.gempundit.com/media/catalog/product/g/p/gp102739-1-160922.jpg?imgeng=/w_960/f_webp/cmpr_20/s_7
37,https://imgcdn1.gempundit.com/media/catalog/product/g/p/gp102739-hand-160922.jpg?imgeng=/w_960/f_webp/cmpr_20/s_7
38,https://imgcdn1.gempundit.com/media/catalog/product/g/p/gp102739-2-160922.jpg?imgeng=/w_960/f_webp/cmpr_20/s_7
39,https://imgcdn1.gempundit.com/media/catalog/product/g/p/gp102739-3-160922.jpg?imgeng=/w_960/f_webp/cmpr_20/s_7
40,https://imgcdn1.gempundit.com/media/catalog/product/g/p/gp102718-1-160922.jpg?imgeng=/w_960/f_webp/cmpr_20/s_7
41,https://imgcdn1.gempundit.com/media/catalog/product/g/p/gp102718-hand-160922.jpg?imgeng=/w_960/f_webp/cmpr_20/s_7
42,https://imgcdn1.gempundit.com/media/catalog/product/g/p/gp102718-2-160922.jpg?imgeng=/w_960/f_webp/cmpr_20/s_7
43,https://imgcdn1.gempundit.com/media/catalog/product/g/p/gp102718-3-160922.jpg?imgeng=/w_960/f_webp/cmpr_20/s_7
44,https://imgcdn1.gempundit.com/media/catalog/product/g/p/gp105450-1-121022.jpg?imgeng=/w_960/f_webp/cmpr_20/s_7
45,https://imgcdn1.gempundit.com/media/catalog/product/g/p/gp105450-hand-121022.jpg?imgeng=/w_960/f_webp/cmpr_20/s_7
46,https://imgcdn1.gempundit.com/media/catalog/product/g/p/gp105450-2-121022.jpg?imgeng=/w_960/f_webp/cmpr_20/s_7
47,https://imgcdn1.gempundit.com/media/catalog/product/g/p/gp105450-3-121022.jpg?imgeng=/w_960/f_webp/cmpr_20/s_7
48,https://imgcdn1.gempundit.com/media/catalog/product/g/p/gp102755-1-160922.jpg?imgeng=/w_960/f_webp/cmpr_20/s_7
49,https://imgcdn1.gempundit.com/media/catalog/product/g/p/gp102755-hand-160922.jpg?imgeng=/w_960/f_webp/cmpr_20/s_7
50,https://imgcdn1.gempundit.com/media/catalog/product/g/p/gp102755-2-160922.jpg?imgeng=/w_960/f_webp/cmpr_20/s_7
51,https://imgcdn1.gempundit.com/media/catalog/product/g/p/gp102755-3-160922.jpg?imgeng=/w_960/f_webp/cmpr_20/s_7
52,https://imgcdn1.gempundit.com/media/catalog/product/g/p/gp102753-1-160922.jpg?imgeng=/w_960/f_webp/cmpr_20/s_7
53,https://imgcdn1.gempundit.com/media/catalog/product/g/p/gp102753-hand-160922.jpg?imgeng=/w_960/f_webp/cmpr_20/s_7
54,https://imgcdn1.gempundit.com/media/catalog/product/g/p/gp102753-2-160922.jpg?imgeng=/w_960/f_webp/cmpr_20/s_7
55,https://imgcdn1.gempundit.com/media/catalog/product/g/p/gp102753-3-160922.jpg?imgeng=/w_960/f_webp/cmpr_20/s_7
56,https://imgcdn1.gempundit.com/media/catalog/product/g/p/gp105435-1-121022.jpg?imgeng=/w_960/f_webp/cmpr_20/s_7
57,https://imgcdn1.gempundit.com/media/catalog/product/g/p/gp105435-hand-121022.jpg?imgeng=/w_960/f_webp/cmpr_20/s_7
58,https://imgcdn1.gempundit.com/media/catalog/product/g/p/gp105435-2-121022.jpg?imgeng=/w_960/f_webp/cmpr_20/s_7
59,https://imgcdn1.gempundit.com/media/catalog/product/g/p/gp105435-3-121022.jpg?imgeng=/w_960/f_webp/cmpr_20/s_7
60,https://imgcdn1.gempundit.com/media/catalog/product/g/p/gp105449-1-121022.jpg?imgeng=/w_960/f_webp/cmpr_20/s_7
61,https://imgcdn1.gempundit.com/media/catalog/product/g/p/gp105449-hand-121022.jpg?imgeng=/w_960/f_webp/cmpr_20/s_7
62,https://imgcdn1.gempundit.com/media/catalog/product/g/p/gp105449-2-121022.jpg?imgeng=/w_960/f_webp/cmpr_20/s_7
63,https://imgcdn1.gempundit.com/media/catalog/product/g/p/gp105449-3-121022.jpg?imgeng=/w_960/f_webp/cmpr_20/s_7
64,https://imgcdn1.gempundit.com/media/catalog/product/g/p/gp105466-1-121022.jpg?imgeng=/w_960/f_webp/cmpr_20/s_7
65,https://imgcdn1.gempundit.com/media/catalog/product/g/p/gp105466-hand-121022.jpg?imgeng=/w_960/f_webp/cmpr_20/s_7
66,https://imgcdn1.gempundit.com/media/catalog/product/g/p/gp105466-2-121022.jpg?imgeng=/w_960/f_webp/cmpr_20/s_7
67,https://imgcdn1.gempundit.com/media/catalog/product/g/p/gp105466-3-121022.jpg?imgeng=/w_960/f_webp/cmpr_20/s_7
68,https://imgcdn1.gempundit.com/media/catalog/product/g/p/gp102736-1-170922.jpg?imgeng=/w_960/f_webp/cmpr_20/s_7
69,https://imgcdn1.gempundit.com/media/catalog/product/g/p/gp102736-hand-170922.jpg?imgeng=/w_960/f_webp/cmpr_20/s_7
70,https://imgcdn1.gempundit.com/media/catalog/product/g/p/gp102736-2-170922.jpg?imgeng=/w_960/f_webp/cmpr_20/s_7
71,https://imgcdn1.gempundit.com/media/catalog/product/g/p/gp102736-3-170922.jpg?imgeng=/w_960/f_webp/cmpr_20/s_7
72,https://imgcdn1.gempundit.com/media/catalog/product/g/p/gp102715-1-160922.jpg?imgeng=/w_960/f_webp/cmpr_20/s_7
73,https://imgcdn1.gempundit.com/media/catalog/product/g/p/gp102715-hand-160922.jpg?imgeng=/w_960/f_webp/cmpr_20/s_7
74,https://imgcdn1.gempundit.com/media/catalog/product/g/p/gp102715-2-160922.jpg?imgeng=/w_960/f_webp/cmpr_20/s_7
75,https://imgcdn1.gempundit.com/media/catalog/product/g/p/gp102715-3-160922.jpg?imgeng=/w_960/f_webp/cmpr_20/s_7
76,https://imgcdn1.gempundit.com/media/catalog/product/g/p/gp102809-1-130922.jpg?imgeng=/w_960/f_webp/cmpr_20/s_7
77,https://imgcdn1.gempundit.com/media/catalog/product/g/p/gp102809-hand-130922.jpg?imgeng=/w_960/f_webp/cmpr_20/s_7
78,https://imgcdn1.gempundit.com/media/catalog/product/g/p/gp102809-2-130922.jpg?imgeng=/w_960/f_webp/cmpr_20/s_7
79,https://imgcdn1.gempundit.com/media/catalog/product/g/p/gp102809-3-130922.jpg?imgeng=/w_960/f_webp/cmpr_20/s_7
80,https://imgcdn1.gempundit.com/media/catalog/product/g/p/gp102728-1-170922.jpg?imgeng=/w_960/f_webp/cmpr_20/s_7
81,https://imgcdn1.gempundit.com/media/catalog/product/g/p/gp102728-hand-170922.jpg?imgeng=/w_960/f_webp/cmpr_20/s_7
82,https://imgcdn1.gempundit.com/media/catalog/product/g/p/gp102728-2-170922.jpg?imgeng=/w_960/f_webp/cmpr_20/s_7
83,https://imgcdn1.gempundit.com/media/catalog/product/g/p/gp102728-3-170922.jpg?imgeng=/w_960/f_webp/cmpr_20/s_7
84,https://imgcdn1.gempundit.com/media/catalog/product/g/p/gp105440-1-121022.jpg?imgeng=/w_960/f_webp/cmpr_20/s_7
85,https://imgcdn1.gempundit.com/media/catalog/product/g/p/gp105440-hand-121022.jpg?imgeng=/w_960/f_webp/cmpr_20/s_7
86,https://imgcdn1.gempundit.com/media/catalog/product/g/p/gp105440-2-121022.jpg?imgeng=/w_960/f_webp/cmpr_20/s_7
87,https://imgcdn1.gempundit.com/media/catalog/product/g/p/gp105440-3-121022.jpg?imgeng=/w_960/f_webp/cmpr_20/s_7
88,https://imgcdn1.gempundit.com/media/catalog/product/g/p/gp102785-1-130922.jpg?imgeng=/w_960/f_webp/cmpr_20/s_7
89,https://imgcdn1.gempundit.com/media/catalog/product/g/p/gp102785-hand-130922.jpg?imgeng=/w_960/f_webp/cmpr_20/s_7
90,https://imgcdn1.gempundit.com/media/catalog/product/g/p/gp102785-2-130922.jpg?imgeng=/w_960/f_webp/cmpr_20/s_7
91,https://imgcdn1.gempundit.com/media/catalog/product/g/p/gp102785-3-130922.jpg?imgeng=/w_960/f_webp/cmpr_20/s_7
92,https://imgcdn1.gempundit.com/media/catalog/product/g/p/gp102757-1-160922.jpg?imgeng=/w_960/f_webp/cmpr_20/s_7
93,https://imgcdn1.gempundit.com/media/catalog/product/g/p/gp102757-hand-160922.jpg?imgeng=/w_960/f_webp/cmpr_20/s_7
94,https://imgcdn1.gempundit.com/media/catalog/product/g/p/gp102757-2-160922.jpg?imgeng=/w_960/f_webp/cmpr_20/s_7
95,https://imgcdn1.gempundit.com/media/catalog/product/g/p/gp102757-3-160922.jpg?imgeng=/w_960/f_webp/cmpr_20/s_7
96,https://imgcdn1.gempundit.com/media/catalog/product/g/p/gp105446-1-121022.jpg?imgeng=/w_960/f_webp/cmpr_20/s_7
97,https://imgcdn1.gempundit.com/media/catalog/product/g/p/gp105446-hand-121022.jpg?imgeng=/w_960/f_webp/cmpr_20/s_7
98,https://imgcdn1.gempundit.com/media/catalog/product/g/p/gp105446-2-121022.jpg?imgeng=/w_960/f_webp/cmpr_20/s_7
99,https://imgcdn1.gempundit.com/media/catalog/product/g/p/gp105446-3-121022.jpg?imgeng=/w_960/f_webp/cmpr_20/s_7
100,https://imgcdn1.gempundit.com/media/catalog/product/g/p/gp102714-1-160922.jpg?imgeng=/w_960/f_webp/cmpr_20/s_7
101,https://imgcdn1.gempundit.com/media/catalog/product/g/p/gp102714-hand-160922.jpg?imgeng=/w_960/f_webp/cmpr_20/s_7
102,https://imgcdn1.gempundit.com/media/catalog/product/g/p/gp102714-2-160922.jpg?imgeng=/w_960/f_webp/cmpr_20/s_7
103,https://imgcdn1.gempundit.com/media/catalog/product/g/p/gp102714-3-160922.jpg?imgeng=/w_960/f_webp/cmpr_20/s_7
104,https://imgcdn1.gempundit.com/media/catalog/product/g/p/gp102730-1-170922.jpg?imgeng=/w_960/f_webp/cmpr_20/s_7
105,https://imgcdn1.gempundit.com/media/catalog/product/g/p/gp102730-hand-170922.jpg?imgeng=/w_960/f_webp/cmpr_20/s_7
106,https://imgcdn1.gempundit.com/media/catalog/product/g/p/gp102730-2-170922.jpg?imgeng=/w_960/f_webp/cmpr_20/s_7
107,https://imgcdn1.gempundit.com/media/catalog/product/g/p/gp102730-3-170922.jpg?imgeng=/w_960/f_webp/cmpr_20/s_7
108,https://imgcdn1.gempundit.com/media/catalog/product/g/p/gp102754-1-160922.jpg?imgeng=/w_960/f_webp/cmpr_20/s_7
109,https://imgcdn1.gempundit.com/media/catalog/product/g/p/gp102754-hand-160922.jpg?imgeng=/w_960/f_webp/cmpr_20/s_7
110,https://imgcdn1.gempundit.com/media/catalog/product/g/p/gp102754-2-160922.jpg?imgeng=/w_960/f_webp/cmpr_20/s_7
111,https://imgcdn1.gempundit.com/media/catalog/product/g/p/gp102754-3-160922.jpg?imgeng=/w_960/f_webp/cmpr_20/s_7
112,https://imgcdn1.gempundit.com/media/catalog/product/g/p/gp102725-1-200922.jpg?imgeng=/w_960/f_webp/cmpr_20/s_7
113,https://imgcdn1.gempundit.com/media/catalog/product/g/p/gp102725-hand-200922.jpg?imgeng=/w_960/f_webp/cmpr_20/s_7
114,https://imgcdn1.gempundit.com/media/catalog/product/g/p/gp102725-2-200922.jpg?imgeng=/w_960/f_webp/cmpr_20/s_7
115,https://imgcdn1.gempundit.com/media/catalog/product/g/p/gp102725-3-200922.jpg?imgeng=/w_960/f_webp/cmpr_20/s_7
116,https://imgcdn1.gempundit.com/media/catalog/product/g/p/gp102738-1-160922.jpg?imgeng=/w_960/f_webp/cmpr_20/s_7
117,https://imgcdn1.gempundit.com/media/catalog/product/g/p/gp102738-hand-160922.jpg?imgeng=/w_960/f_webp/cmpr_20/s_7
118,https://imgcdn1.gempundit.com/media/catalog/product/g/p/gp102738-2-160922.jpg?imgeng=/w_960/f_webp/cmpr_20/s_7
119,https://imgcdn1.gempundit.com/media/catalog/product/g/p/gp102738-3-160922.jpg?imgeng=/w_960/f_webp/cmpr_20/s_7
120,https://imgcdn1.gempundit.com/media/catalog/product/g/p/gp98523-1-300422.jpg?imgeng=/w_960/f_webp/cmpr_20/s_7
121,https://imgcdn1.gempundit.com/media/catalog/product/g/p/gp98523-hand-300422.jpg?imgeng=/w_960/f_webp/cmpr_20/s_7
122,https://imgcdn1.gempundit.com/media/catalog/product/g/p/gp98523-2-300422.jpg?imgeng=/w_960/f_webp/cmpr_20/s_7
123,https://imgcdn1.gempundit.com/media/catalog/product/g/p/gp98523-3-300422.jpg?imgeng=/w_960/f_webp/cmpr_20/s_7
124,https://imgcdn1.gempundit.com/media/catalog/product/g/p/gp102735-1-170922.jpg?imgeng=/w_960/f_webp/cmpr_20/s_7
125,https://imgcdn1.gempundit.com/media/catalog/product/g/p/gp102735-hand-170922.jpg?imgeng=/w_960/f_webp/cmpr_20/s_7
126,https://imgcdn1.gempundit.com/media/catalog/product/g/p/gp102735-2-170922.jpg?imgeng=/w_960/f_webp/cmpr_20/s_7
127,https://imgcdn1.gempundit.com/media/catalog/product/g/p/gp102735-3-170922.jpg?imgeng=/w_960/f_webp/cmpr_20/s_7
128,https://imgcdn1.gempundit.com/media/catalog/product/g/p/gp102822-1-130922.jpg?imgeng=/w_960/f_webp/cmpr_20/s_7
129,https://imgcdn1.gempundit.com/media/catalog/product/g/p/gp102822-hand-130922.jpg?imgeng=/w_960/f_webp/cmpr_20/s_7
130,https://imgcdn1.gempundit.com/media/catalog/product/g/p/gp102822-2-130922.jpg?imgeng=/w_960/f_webp/cmpr_20/s_7
131,https://imgcdn1.gempundit.com/media/catalog/product/g/p/gp102822-3-130922.jpg?imgeng=/w_960/f_webp/cmpr_20/s_7
132,https://imgcdn1.gempundit.com/media/catalog/product/g/p/gp102734-1-160922.jpg?imgeng=/w_960/f_webp/cmpr_20/s_7
133,https://imgcdn1.gempundit.com/media/catalog/product/g/p/gp102734-hand-160922.jpg?imgeng=/w_960/f_webp/cmpr_20/s_7
134,https://imgcdn1.gempundit.com/media/catalog/product/g/p/gp102734-2-160922.jpg?imgeng=/w_960/f_webp/cmpr_20/s_7
135,https://imgcdn1.gempundit.com/media/catalog/product/g/p/gp102734-3-160922.jpg?imgeng=/w_960/f_webp/cmpr_20/s_7
136,https://imgcdn1.gempundit.com/media/catalog/product/g/p/gp102824-1-060922.jpg?imgeng=/w_960/f_webp/cmpr_20/s_7
137,https://imgcdn1.gempundit.com/media/catalog/product/g/p/gp102824-hand-060922.jpg?imgeng=/w_960/f_webp/cmpr_20/s_7
138,https://imgcdn1.gempundit.com/media/catalog/product/g/p/gp102824-2-060922.jpg?imgeng=/w_960/f_webp/cmpr_20/s_7
139,https://imgcdn1.gempundit.com/media/catalog/product/g/p/gp102824-3-060922.jpg?imgeng=/w_960/f_webp/cmpr_20/s_7
140,https://imgcdn1.gempundit.com/media/catalog/product/g/p/gp40173-1-121120.jpg?imgeng=/w_960/f_webp/cmpr_20/s_7
141,https://imgcdn1.gempundit.com/media/catalog/product/g/p/gp40173-hand-121120.jpg?imgeng=/w_960/f_webp/cmpr_20/s_7
142,https://imgcdn1.gempundit.com/media/catalog/product/4/0/40173-AGR-Certified-190701.jpg?imgeng=/w_960/f_webp/cmpr_20/s_7
143,https://imgcdn1.gempundit.com/media/catalog/product/4/0/40173-2-121020.jpg?imgeng=/w_960/f_webp/cmpr_20/s_7
144,https://imgcdn1.gempundit.com/media/catalog/product/4/0/40173-3-121020.jpg?imgeng=/w_960/f_webp/cmpr_20/s_7
145,https://imgcdn1.gempundit.com/media/catalog/product/g/p/gp105464-1-121022.jpg?imgeng=/w_960/f_webp/cmpr_20/s_7
146,https://imgcdn1.gempundit.com/media/catalog/product/g/p/gp105464-hand-121022.jpg?imgeng=/w_960/f_webp/cmpr_20/s_7
147,https://imgcdn1.gempundit.com/media/catalog/product/g/p/gp105464-2-121022.jpg?imgeng=/w_960/f_webp/cmpr_20/s_7
148,https://imgcdn1.gempundit.com/media/catalog/product/g/p/gp105464-3-121022.jpg?imgeng=/w_960/f_webp/cmpr_20/s_7
149,https://imgcdn1.gempundit.com/media/catalog/product/g/p/gp102770-1-310822.jpg?imgeng=/w_960/f_webp/cmpr_20/s_7
150,https://imgcdn1.gempundit.com/media/catalog/product/g/p/gp102770-hand-310822.jpg?imgeng=/w_960/f_webp/cmpr_20/s_7
151,https://imgcdn1.gempundit.com/media/catalog/product/g/p/gp102770-2-310822.jpg?imgeng=/w_960/f_webp/cmpr_20/s_7
152,https://imgcdn1.gempundit.com/media/catalog/product/g/p/gp102770-3-310822.jpg?imgeng=/w_960/f_webp/cmpr_20/s_7
153,https://imgcdn1.gempundit.com/media/catalog/product/g/p/gp94727-1-310122.jpg?imgeng=/w_960/f_webp/cmpr_20/s_7
154,https://imgcdn1.gempundit.com/media/catalog/product/g/p/gp94727-hand-310122.jpg?imgeng=/w_960/f_webp/cmpr_20/s_7
155,https://imgcdn1.gempundit.com/media/catalog/product/g/p/gp94727-2-310122.jpg?imgeng=/w_960/f_webp/cmpr_20/s_7
156,https://imgcdn1.gempundit.com/media/catalog/product/g/p/gp94727-3-310122.jpg?imgeng=/w_960/f_webp/cmpr_20/s_7
157,https://imgcdn1.gempundit.com/media/catalog/product/g/p/gp105455-1-121022.jpg?imgeng=/w_960/f_webp/cmpr_20/s_7
158,https://imgcdn1.gempundit.com/media/catalog/product/g/p/gp105455-hand-121022.jpg?imgeng=/w_960/f_webp/cmpr_20/s_7
159,https://imgcdn1.gempundit.com/media/catalog/product/g/p/gp105455-2-121022.jpg?imgeng=/w_960/f_webp/cmpr_20/s_7
160,https://imgcdn1.gempundit.com/media/catalog/product/g/p/gp105455-3-121022.jpg?imgeng=/w_960/f_webp/cmpr_20/s_7
161,https://imgcdn1.gempundit.com/media/catalog/product/g/p/gp102741-1-160922.jpg?imgeng=/w_960/f_webp/cmpr_20/s_7
162,https://imgcdn1.gempundit.com/media/catalog/product/g/p/gp102741-hand-160922.jpg?imgeng=/w_960/f_webp/cmpr_20/s_7
163,https://imgcdn1.gempundit.com/media/catalog/product/g/p/gp102741-2-160922.jpg?imgeng=/w_960/f_webp/cmpr_20/s_7
164,https://imgcdn1.gempundit.com/media/catalog/product/g/p/gp102741-3-160922.jpg?imgeng=/w_960/f_webp/cmpr_20/s_7
165,https://imgcdn1.gempundit.com/media/catalog/product/g/p/gp94724-1-310122.jpg?imgeng=/w_960/f_webp/cmpr_20/s_7
166,https://imgcdn1.gempundit.com/media/catalog/product/g/p/gp94724-hand-310122.jpg?imgeng=/w_960/f_webp/cmpr_20/s_7
167,https://imgcdn1.gempundit.com/media/catalog/product/g/p/gp94724-2-310122.jpg?imgeng=/w_960/f_webp/cmpr_20/s_7
168,https://imgcdn1.gempundit.com/media/catalog/product/g/p/gp94724-3-310122.jpg?imgeng=/w_960/f_webp/cmpr_20/s_7
169,https://imgcdn1.gempundit.com/media/catalog/product/g/p/gp40174-1-121120.jpg?imgeng=/w_960/f_webp/cmpr_20/s_7
170,https://imgcdn1.gempundit.com/media/catalog/product/g/p/gp40174-hand-121120.jpg?imgeng=/w_960/f_webp/cmpr_20/s_7
171,https://imgcdn1.gempundit.com/media/catalog/product/4/0/40174-AGR-Certified-190701.jpg?imgeng=/w_960/f_webp/cmpr_20/s_7
172,https://imgcdn1.gempundit.com/media/catalog/product/4/0/40174-2-121020.jpg?imgeng=/w_960/f_webp/cmpr_20/s_7
173,https://imgcdn1.gempundit.com/media/catalog/product/4/0/40174-3-121020.jpg?imgeng=/w_960/f_webp/cmpr_20/s_7
174,https://imgcdn1.gempundit.com/media/catalog/product/g/p/gp105471-1-121022.jpg?imgeng=/w_960/f_webp/cmpr_20/s_7
175,https://imgcdn1.gempundit.com/media/catalog/product/g/p/gp105471-hand-121022.jpg?imgeng=/w_960/f_webp/cmpr_20/s_7
176,https://imgcdn1.gempundit.com/media/catalog/product/g/p/gp105471-2-121022.jpg?imgeng=/w_960/f_webp/cmpr_20/s_7
177,https://imgcdn1.gempundit.com/media/catalog/product/g/p/gp105471-3-121022.jpg?imgeng=/w_960/f_webp/cmpr_20/s_7
178,https://imgcdn1.gempundit.com/media/catalog/product/g/p/gp105465-1-121022.jpg?imgeng=/w_960/f_webp/cmpr_20/s_7
179,https://imgcdn1.gempundit.com/media/catalog/product/g/p/gp105465-hand-121022.jpg?imgeng=/w_960/f_webp/cmpr_20/s_7
180,https://imgcdn1.gempundit.com/media/catalog/product/g/p/gp105465-2-121022.jpg?imgeng=/w_960/f_webp/cmpr_20/s_7
181,https://imgcdn1.gempundit.com/media/catalog/product/g/p/gp105465-3-121022.jpg?imgeng=/w_960/f_webp/cmpr_20/s_7
182,https://imgcdn1.gempundit.com/media/catalog/product/g/p/gp102810-1-220822.jpg?imgeng=/w_960/f_webp/cmpr_20/s_7
183,https://imgcdn1.gempundit.com/media/catalog/product/g/p/gp102810-hand-220822.jpg?imgeng=/w_960/f_webp/cmpr_20/s_7
184,https://imgcdn1.gempundit.com/media/catalog/product/g/p/gp102810-2-220822.jpg?imgeng=/w_960/f_webp/cmpr_20/s_7
185,https://imgcdn1.gempundit.com/media/catalog/product/g/p/gp102810-3-220822.jpg?imgeng=/w_960/f_webp/cmpr_20/s_7
186,https://imgcdn1.gempundit.com/media/catalog/product/g/p/gp105418-1-141022.jpg?imgeng=/w_960/f_webp/cmpr_20/s_7
187,https://imgcdn1.gempundit.com/media/catalog/product/g/p/gp105418-hand-141022.jpg?imgeng=/w_960/f_webp/cmpr_20/s_7
188,https://imgcdn1.gempundit.com/media/catalog/product/g/p/gp105418-2-141022.jpg?imgeng=/w_960/f_webp/cmpr_20/s_7
189,https://imgcdn1.gempundit.com/media/catalog/product/g/p/gp105418-3-141022.jpg?imgeng=/w_960/f_webp/cmpr_20/s_7
190,https://imgcdn1.gempundit.com/media/catalog/product/g/p/gp40201-1-121120.jpg?imgeng=/w_960/f_webp/cmpr_20/s_7
191,https://imgcdn1.gempundit.com/media/catalog/product/4/0/40201-AGR-Certified-190701.jpg?imgeng=/w_960/f_webp/cmpr_20/s_7
192,https://imgcdn1.gempundit.com/media/catalog/product/4/0/40201-2-121020.jpg?imgeng=/w_960/f_webp/cmpr_20/s_7
193,https://imgcdn1.gempundit.com/media/catalog/product/4/0/40201-3-121020.jpg?imgeng=/w_960/f_webp/cmpr_20/s_7
194,https://imgcdn1.gempundit.com/media/catalog/product/g/p/gp102732-1-160922.jpg?imgeng=/w_960/f_webp/cmpr_20/s_7
195,https://imgcdn1.gempundit.com/media/catalog/product/g/p/gp102732-hand-160922.jpg?imgeng=/w_960/f_webp/cmpr_20/s_7
196,https://imgcdn1.gempundit.com/media/catalog/product/g/p/gp102732-2-160922.jpg?imgeng=/w_960/f_webp/cmpr_20/s_7
197,https://imgcdn1.gempundit.com/media/catalog/product/g/p/gp102732-3-160922.jpg?imgeng=/w_960/f_webp/cmpr_20/s_7
198,https://imgcdn1.gempundit.com/media/catalog/product/g/p/gp94743-1-310122.jpg?imgeng=/w_960/f_webp/cmpr_20/s_7
199,https://imgcdn1.gempundit.com/media/catalog/product/g/p/gp94743-hand-310122.jpg?imgeng=/w_960/f_webp/cmpr_20/s_7
200,https://imgcdn1.gempundit.com/media/catalog/product/g/p/gp94743-2-310122.jpg?imgeng=/w_960/f_webp/cmpr_20/s_7
201,https://imgcdn1.gempundit.com/media/catalog/product/g/p/gp94743-3-310122.jpg?imgeng=/w_960/f_webp/cmpr_20/s_7
202,https://imgcdn1.gempundit.com/media/catalog/product/g/p/gp40202-1-121120.jpg?imgeng=/w_960/f_webp/cmpr_20/s_7
203,https://imgcdn1.gempundit.com/media/catalog/product/4/0/40202-AGR-Certified-190701.jpg?imgeng=/w_960/f_webp/cmpr_20/s_7
204,https://imgcdn1.gempundit.com/media/catalog/product/4/0/40202-2-121020.jpg?imgeng=/w_960/f_webp/cmpr_20/s_7
205,https://imgcdn1.gempundit.com/media/catalog/product/4/0/40202-3-121020.jpg?imgeng=/w_960/f_webp/cmpr_20/s_7
206,https://imgcdn1.gempundit.com/media/catalog/product/g/p/gp94726-1-310122.jpg?imgeng=/w_960/f_webp/cmpr_20/s_7
207,https://imgcdn1.gempundit.com/media/catalog/product/g/p/gp94726-hand-310122.jpg?imgeng=/w_960/f_webp/cmpr_20/s_7
208,https://imgcdn1.gempundit.com/media/catalog/product/g/p/gp94726-2-310122.jpg?imgeng=/w_960/f_webp/cmpr_20/s_7
209,https://imgcdn1.gempundit.com/media/catalog/product/g/p/gp94726-3-310122.jpg?imgeng=/w_960/f_webp/cmpr_20/s_7
210,https://imgcdn1.gempundit.com/media/catalog/product/g/p/gp102729-1-170922.jpg?imgeng=/w_960/f_webp/cmpr_20/s_7
211,https://imgcdn1.gempundit.com/media/catalog/product/g/p/gp102729-hand-170922.jpg?imgeng=/w_960/f_webp/cmpr_20/s_7
212,https://imgcdn1.gempundit.com/media/catalog/product/g/p/gp102729-2-170922.jpg?imgeng=/w_960/f_webp/cmpr_20/s_7
213,https://imgcdn1.gempundit.com/media/catalog/product/g/p/gp102729-3-170922.jpg?imgeng=/w_960/f_webp/cmpr_20/s_7
214,https://imgcdn1.gempundit.com/media/catalog/product/g/p/gp40193-1-121120.jpg?imgeng=/w_960/f_webp/cmpr_20/s_7
215,https://imgcdn1.gempundit.com/media/catalog/product/4/0/40193-AGR-Certified-190701.jpg?imgeng=/w_960/f_webp/cmpr_20/s_7
216,https://imgcdn1.gempundit.com/media/catalog/product/4/0/40193-2-121020.jpg?imgeng=/w_960/f_webp/cmpr_20/s_7
217,https://imgcdn1.gempundit.com/media/catalog/product/4/0/40193-3-121020.jpg?imgeng=/w_960/f_webp/cmpr_20/s_7
218,https://imgcdn1.gempundit.com/media/catalog/product/g/p/gp102820-1-260822.jpg?imgeng=/w_960/f_webp/cmpr_20/s_7
219,https://imgcdn1.gempundit.com/media/catalog/product/g/p/gp102820-hand-260822.jpg?imgeng=/w_960/f_webp/cmpr_20/s_7
220,https://imgcdn1.gempundit.com/media/catalog/product/g/p/gp102820-2-260822.jpg?imgeng=/w_960/f_webp/cmpr_20/s_7
221,https://imgcdn1.gempundit.com/media/catalog/product/g/p/gp102820-3-260822.jpg?imgeng=/w_960/f_webp/cmpr_20/s_7
222,https://imgcdn1.gempundit.com/media/catalog/product/g/p/gp102832-1-220822.jpg?imgeng=/w_960/f_webp/cmpr_20/s_7
223,https://imgcdn1.gempundit.com/media/catalog/product/g/p/gp102832-hand-220822.jpg?imgeng=/w_960/f_webp/cmpr_20/s_7
224,https://imgcdn1.gempundit.com/media/catalog/product/g/p/gp102832-2-220822.jpg?imgeng=/w_960/f_webp/cmpr_20/s_7
225,https://imgcdn1.gempundit.com/media/catalog/product/g/p/gp102832-3-220822.jpg?imgeng=/w_960/f_webp/cmpr_20/s_7
226,https://imgcdn1.gempundit.com/media/catalog/product/g/p/gp102733-1-160922.jpg?imgeng=/w_960/f_webp/cmpr_20/s_7
227,https://imgcdn1.gempundit.com/media/catalog/product/g/p/gp102733-hand-160922.jpg?imgeng=/w_960/f_webp/cmpr_20/s_7
228,https://imgcdn1.gempundit.com/media/catalog/product/g/p/gp102733-2-160922.jpg?imgeng=/w_960/f_webp/cmpr_20/s_7
229,https://imgcdn1.gempundit.com/media/catalog/product/g/p/gp102733-3-160922.jpg?imgeng=/w_960/f_webp/cmpr_20/s_7
230,https://imgcdn1.gempundit.com/media/catalog/product/g/p/gp85031-1-260721.jpg?imgeng=/w_960/f_webp/cmpr_20/s_7
231,https://imgcdn1.gempundit.com/media/catalog/product/g/p/gp85031-hand-260721.jpg?imgeng=/w_960/f_webp/cmpr_20/s_7
232,https://imgcdn1.gempundit.com/media/catalog/product/g/p/gp85031-2-260721.jpg?imgeng=/w_960/f_webp/cmpr_20/s_7
233,https://imgcdn1.gempundit.com/media/catalog/product/g/p/gp64863-1-121120.jpg?imgeng=/w_960/f_webp/cmpr_20/s_7
234,https://imgcdn1.gempundit.com/media/catalog/product/g/p/gp64863-hand-121120.jpg?imgeng=/w_960/f_webp/cmpr_20/s_7
235,https://imgcdn1.gempundit.com/media/catalog/product/g/p/gp64863-2-230920.jpg?imgeng=/w_960/f_webp/cmpr_20/s_7
236,https://imgcdn1.gempundit.com/media/catalog/product/g/p/gp64863-3-230920.jpg?imgeng=/w_960/f_webp/cmpr_20/s_7
237,https://imgcdn1.gempundit.com/media/catalog/product/g/p/gp94718-1-310122.jpg?imgeng=/w_960/f_webp/cmpr_20/s_7
238,https://imgcdn1.gempundit.com/media/catalog/product/g/p/gp94718-hand-310122.jpg?imgeng=/w_960/f_webp/cmpr_20/s_7
239,https://imgcdn1.gempundit.com/media/catalog/product/g/p/gp94718-2-310122.jpg?imgeng=/w_960/f_webp/cmpr_20/s_7
240,https://imgcdn1.gempundit.com/media/catalog/product/g/p/gp94718-3-310122.jpg?imgeng=/w_960/f_webp/cmpr_20/s_7
241,https://imgcdn1.gempundit.com/media/catalog/product/g/p/gp102737-1-160922.jpg?imgeng=/w_960/f_webp/cmpr_20/s_7
242,https://imgcdn1.gempundit.com/media/catalog/product/g/p/gp102737-hand-160922.jpg?imgeng=/w_960/f_webp/cmpr_20/s_7
243,https://imgcdn1.gempundit.com/media/catalog/product/g/p/gp102737-2-160922.jpg?imgeng=/w_960/f_webp/cmpr_20/s_7
244,https://imgcdn1.gempundit.com/media/catalog/product/g/p/gp102737-3-160922.jpg?imgeng=/w_960/f_webp/cmpr_20/s_7
245,https://imgcdn1.gempundit.com/media/catalog/product/g/p/gp102752-1-160922.jpg?imgeng=/w_960/f_webp/cmpr_20/s_7
246,https://imgcdn1.gempundit.com/media/catalog/product/g/p/gp102752-hand-160922.jpg?imgeng=/w_960/f_webp/cmpr_20/s_7
247,https://imgcdn1.gempundit.com/media/catalog/product/g/p/gp102752-2-160922.jpg?imgeng=/w_960/f_webp/cmpr_20/s_7
248,https://imgcdn1.gempundit.com/media/catalog/product/g/p/gp102752-3-160922.jpg?imgeng=/w_960/f_webp/cmpr_20/s_7
249,https://imgcdn1.gempundit.com/media/catalog/product/g/p/gp94738-1-310122.jpg?imgeng=/w_960/f_webp/cmpr_20/s_7
250,https://imgcdn1.gempundit.com/media/catalog/product/g/p/gp94738-hand-310122.jpg?imgeng=/w_960/f_webp/cmpr_20/s_7
251,https://imgcdn1.gempundit.com/media/catalog/product/g/p/gp94738-2-310122.jpg?imgeng=/w_960/f_webp/cmpr_20/s_7
252,https://imgcdn1.gempundit.com/media/catalog/product/g/p/gp94738-3-310122.jpg?imgeng=/w_960/f_webp/cmpr_20/s_7
253,https://imgcdn1.gempundit.com/media/catalog/product/g/p/gp94717-1-310122.jpg?imgeng=/w_960/f_webp/cmpr_20/s_7
254,https://imgcdn1.gempundit.com/media/catalog/product/g/p/gp94717-hand-310122.jpg?imgeng=/w_960/f_webp/cmpr_20/s_7
255,https://imgcdn1.gempundit.com/media/catalog/product/g/p/gp94717-2-310122.jpg?imgeng=/w_960/f_webp/cmpr_20/s_7
256,https://imgcdn1.gempundit.com/media/catalog/product/g/p/gp94717-3-310122.jpg?imgeng=/w_960/f_webp/cmpr_20/s_7
257,https://imgcdn1.gempundit.com/media/catalog/product/g/p/gp94742-1-310122.jpg?imgeng=/w_960/f_webp/cmpr_20/s_7
258,https://imgcdn1.gempundit.com/media/catalog/product/g/p/gp94742-hand-310122.jpg?imgeng=/w_960/f_webp/cmpr_20/s_7
259,https://imgcdn1.gempundit.com/media/catalog/product/g/p/gp94742-2-310122.jpg?imgeng=/w_960/f_webp/cmpr_20/s_7
260,https://imgcdn1.gempundit.com/media/catalog/product/g/p/gp94742-3-310122.jpg?imgeng=/w_960/f_webp/cmpr_20/s_7
261,https://imgcdn1.gempundit.com/media/catalog/product/g/p/gp94736-1-310122.jpg?imgeng=/w_960/f_webp/cmpr_20/s_7
262,https://imgcdn1.gempundit.com/media/catalog/product/g/p/gp94736-hand-310122.jpg?imgeng=/w_960/f_webp/cmpr_20/s_7
263,https://imgcdn1.gempundit.com/media/catalog/product/g/p/gp94736-2-310122.jpg?imgeng=/w_960/f_webp/cmpr_20/s_7
264,https://imgcdn1.gempundit.com/media/catalog/product/g/p/gp94736-3-310122.jpg?imgeng=/w_960/f_webp/cmpr_20/s_7
265,https://imgcdn1.gempundit.com/media/catalog/product/g/p/gp94725-1-310122.jpg?imgeng=/w_960/f_webp/cmpr_20/s_7
266,https://imgcdn1.gempundit.com/media/catalog/product/g/p/gp94725-hand-310122.jpg?imgeng=/w_960/f_webp/cmpr_20/s_7
267,https://imgcdn1.gempundit.com/media/catalog/product/g/p/gp94725-2-310122.jpg?imgeng=/w_960/f_webp/cmpr_20/s_7
268,https://imgcdn1.gempundit.com/media/catalog/product/g/p/gp94725-3-310122.jpg?imgeng=/w_960/f_webp/cmpr_20/s_7
269,https://imgcdn1.gempundit.com/media/catalog/product/g/p/gp102712-1-160922.jpg?imgeng=/w_960/f_webp/cmpr_20/s_7
270,https://imgcdn1.gempundit.com/media/catalog/product/g/p/gp102712-hand-160922.jpg?imgeng=/w_960/f_webp/cmpr_20/s_7
271,https://imgcdn1.gempundit.com/media/catalog/product/g/p/gp102712-2-160922.jpg?imgeng=/w_960/f_webp/cmpr_20/s_7
272,https://imgcdn1.gempundit.com/media/catalog/product/g/p/gp102712-3-160922.jpg?imgeng=/w_960/f_webp/cmpr_20/s_7
273,https://imgcdn1.gempundit.com/media/catalog/product/g/p/gp102771-1-310822.jpg?imgeng=/w_960/f_webp/cmpr_20/s_7
274,https://imgcdn1.gempundit.com/media/catalog/product/g/p/gp102771-hand-310822.jpg?imgeng=/w_960/f_webp/cmpr_20/s_7
275,https://imgcdn1.gempundit.com/media/catalog/product/g/p/gp102771-2-310822.jpg?imgeng=/w_960/f_webp/cmpr_20/s_7
276,https://imgcdn1.gempundit.com/media/catalog/product/g/p/gp102771-3-310822.jpg?imgeng=/w_960/f_webp/cmpr_20/s_7
277,https://imgcdn1.gempundit.com/media/catalog/product/g/p/gp94753-1-280122.jpg?imgeng=/w_960/f_webp/cmpr_20/s_7
278,https://imgcdn1.gempundit.com/media/catalog/product/g/p/gp94753-hand-280122.jpg?imgeng=/w_960/f_webp/cmpr_20/s_7
279,https://imgcdn1.gempundit.com/media/catalog/product/g/p/gp94753-2-280122.jpg?imgeng=/w_960/f_webp/cmpr_20/s_7
280,https://imgcdn1.gempundit.com/media/catalog/product/g/p/gp94753-3-280122.jpg?imgeng=/w_960/f_webp/cmpr_20/s_7
281,https://imgcdn1.gempundit.com/media/catalog/product/g/p/gp94744-1-310122.jpg?imgeng=/w_960/f_webp/cmpr_20/s_7
282,https://imgcdn1.gempundit.com/media/catalog/product/g/p/gp94744-hand-310122.jpg?imgeng=/w_960/f_webp/cmpr_20/s_7
283,https://imgcdn1.gempundit.com/media/catalog/product/g/p/gp94744-2-310122.jpg?imgeng=/w_960/f_webp/cmpr_20/s_7
284,https://imgcdn1.gempundit.com/media/catalog/product/g/p/gp94744-3-310122.jpg?imgeng=/w_960/f_webp/cmpr_20/s_7
285,https://imgcdn1.gempundit.com/media/catalog/product/g/p/gp94722-1-310122.jpg?imgeng=/w_960/f_webp/cmpr_20/s_7
286,https://imgcdn1.gempundit.com/media/catalog/product/g/p/gp94722-hand-310122.jpg?imgeng=/w_960/f_webp/cmpr_20/s_7
287,https://imgcdn1.gempundit.com/media/catalog/product/g/p/gp94722-2-310122.jpg?imgeng=/w_960/f_webp/cmpr_20/s_7
288,https://imgcdn1.gempundit.com/media/catalog/product/g/p/gp94722-3-310122.jpg?imgeng=/w_960/f_webp/cmpr_20/s_7
289,https://imgcdn1.gempundit.com/media/catalog/product/g/p/gp41293-1-300422.jpg?imgeng=/w_960/f_webp/cmpr_20/s_7
290,https://imgcdn1.gempundit.com/media/catalog/product/g/p/gp41293-hand-300422.jpg?imgeng=/w_960/f_webp/cmpr_20/s_7
291,https://imgcdn1.gempundit.com/media/catalog/product/g/p/gp41293-2-300422.jpg?imgeng=/w_960/f_webp/cmpr_20/s_7
292,https://imgcdn1.gempundit.com/media/catalog/product/g/p/gp41293-3-300422.jpg?imgeng=/w_960/f_webp/cmpr_20/s_7
293,https://imgcdn1.gempundit.com/media/catalog/product/g/p/gp94719-1-310122.jpg?imgeng=/w_960/f_webp/cmpr_20/s_7
294,https://imgcdn1.gempundit.com/media/catalog/product/g/p/gp94719-hand-310122.jpg?imgeng=/w_960/f_webp/cmpr_20/s_7
295,https://imgcdn1.gempundit.com/media/catalog/product/g/p/gp94719-2-310122.jpg?imgeng=/w_960/f_webp/cmpr_20/s_7
296,https://imgcdn1.gempundit.com/media/catalog/product/g/p/gp94719-3-310122.jpg?imgeng=/w_960/f_webp/cmpr_20/s_7
297,https://imgcdn1.gempundit.com/media/catalog/product/g/p/gp64855-1-121120.jpg?imgeng=/w_960/f_webp/cmpr_20/s_7
298,https://imgcdn1.gempundit.com/media/catalog/product/g/p/gp64855-hand-121120.jpg?imgeng=/w_960/f_webp/cmpr_20/s_7
299,https://imgcdn1.gempundit.com/media/catalog/product/g/p/gp64855-2-230920.jpg?imgeng=/w_960/f_webp/cmpr_20/s_7
300,https://imgcdn1.gempundit.com/media/catalog/product/g/p/gp64855-3-230920.jpg?imgeng=/w_960/f_webp/cmpr_20/s_7
301,https://imgcdn1.gempundit.com/media/catalog/product/g/p/gp41498-1-100522.jpg?imgeng=/w_960/f_webp/cmpr_20/s_7
302,https://imgcdn1.gempundit.com/media/catalog/product/g/p/gp41498-hand-100522.jpg?imgeng=/w_960/f_webp/cmpr_20/s_7
303,https://imgcdn1.gempundit.com/media/catalog/product/g/p/gp41498-2-100522.jpg?imgeng=/w_960/f_webp/cmpr_20/s_7
304,https://imgcdn1.gempundit.com/media/catalog/product/g/p/gp41498-3-100522.jpg?imgeng=/w_960/f_webp/cmpr_20/s_7
305,https://imgcdn1.gempundit.com/media/catalog/product/g/p/gp41515-1-300422.jpg?imgeng=/w_960/f_webp/cmpr_20/s_7
306,https://imgcdn1.gempundit.com/media/catalog/product/g/p/gp41515-hand-300422.jpg?imgeng=/w_960/f_webp/cmpr_20/s_7
307,https://imgcdn1.gempundit.com/media/catalog/product/g/p/gp41515-2-300422.jpg?imgeng=/w_960/f_webp/cmpr_20/s_7
308,https://imgcdn1.gempundit.com/media/catalog/product/g/p/gp41515-3-300422.jpg?imgeng=/w_960/f_webp/cmpr_20/s_7
309,https://imgcdn1.gempundit.com/media/catalog/product/4/0/40170-1-190701.jpg?imgeng=/w_960/f_webp/cmpr_20/s_7
310,https://imgcdn1.gempundit.com/media/catalog/product/g/p/gp40170-hand-191224.jpg?imgeng=/w_960/f_webp/cmpr_20/s_7
311,https://imgcdn1.gempundit.com/media/catalog/product/4/0/40170-AGR-Certified-190701.jpg?imgeng=/w_960/f_webp/cmpr_20/s_7
312,https://imgcdn1.gempundit.com/media/catalog/product/4/0/40170-2-190701.jpg?imgeng=/w_960/f_webp/cmpr_20/s_7
313,https://imgcdn1.gempundit.com/media/catalog/product/4/0/40170-3-190701.jpg?imgeng=/w_960/f_webp/cmpr_20/s_7
314,https://imgcdn1.gempundit.com/media/catalog/product/g/p/gp102713-1-160922.jpg?imgeng=/w_960/f_webp/cmpr_20/s_7
315,https://imgcdn1.gempundit.com/media/catalog/product/g/p/gp102713-hand-160922.jpg?imgeng=/w_960/f_webp/cmpr_20/s_7
316,https://imgcdn1.gempundit.com/media/catalog/product/g/p/gp102713-2-160922.jpg?imgeng=/w_960/f_webp/cmpr_20/s_7
317,https://imgcdn1.gempundit.com/media/catalog/product/g/p/gp102713-3-160922.jpg?imgeng=/w_960/f_webp/cmpr_20/s_7
318,https://imgcdn1.gempundit.com/media/catalog/product/g/p/gp94747-1-280122.jpg?imgeng=/w_960/f_webp/cmpr_20/s_7
319,https://imgcdn1.gempundit.com/media/catalog/product/g/p/gp94747-hand-280122.jpg?imgeng=/w_960/f_webp/cmpr_20/s_7
320,https://imgcdn1.gempundit.com/media/catalog/product/g/p/gp94747-2-280122.jpg?imgeng=/w_960/f_webp/cmpr_20/s_7
321,https://imgcdn1.gempundit.com/media/catalog/product/g/p/gp94747-3-280122.jpg?imgeng=/w_960/f_webp/cmpr_20/s_7
322,https://imgcdn1.gempundit.com/media/catalog/product/g/p/gp41518-1-300422.jpg?imgeng=/w_960/f_webp/cmpr_20/s_7
323,https://imgcdn1.gempundit.com/media/catalog/product/g/p/gp41518-hand-300422.jpg?imgeng=/w_960/f_webp/cmpr_20/s_7
324,https://imgcdn1.gempundit.com/media/catalog/product/g/p/gp41518-2-300422.jpg?imgeng=/w_960/f_webp/cmpr_20/s_7
325,https://imgcdn1.gempundit.com/media/catalog/product/g/p/gp41518-3-300422.jpg?imgeng=/w_960/f_webp/cmpr_20/s_7
326,https://imgcdn1.gempundit.com/media/catalog/product/g/p/gp41292-1-300422.jpg?imgeng=/w_960/f_webp/cmpr_20/s_7
327,https://imgcdn1.gempundit.com/media/catalog/product/g/p/gp41292-hand-300422.jpg?imgeng=/w_960/f_webp/cmpr_20/s_7
328,https://imgcdn1.gempundit.com/media/catalog/product/g/p/gp41292-2-300422.jpg?imgeng=/w_960/f_webp/cmpr_20/s_7
329,https://imgcdn1.gempundit.com/media/catalog/product/g/p/gp41292-3-300422.jpg?imgeng=/w_960/f_webp/cmpr_20/s_7
330,https://imgcdn1.gempundit.com/media/catalog/product/g/p/gp102731-1-160922.jpg?imgeng=/w_960/f_webp/cmpr_20/s_7
331,https://imgcdn1.gempundit.com/media/catalog/product/g/p/gp102731-hand-160922.jpg?imgeng=/w_960/f_webp/cmpr_20/s_7
332,https://imgcdn1.gempundit.com/media/catalog/product/g/p/gp102731-2-160922.jpg?imgeng=/w_960/f_webp/cmpr_20/s_7
333,https://imgcdn1.gempundit.com/media/catalog/product/g/p/gp102731-3-160922.jpg?imgeng=/w_960/f_webp/cmpr_20/s_7
334,https://imgcdn1.gempundit.com/media/catalog/product/g/p/gp41291-1-300422.jpg?imgeng=/w_960/f_webp/cmpr_20/s_7
335,https://imgcdn1.gempundit.com/media/catalog/product/g/p/gp41291-hand-300422.jpg?imgeng=/w_960/f_webp/cmpr_20/s_7
336,https://imgcdn1.gempundit.com/media/catalog/product/g/p/gp41291-2-300422.jpg?imgeng=/w_960/f_webp/cmpr_20/s_7
337,https://imgcdn1.gempundit.com/media/catalog/product/g/p/gp41291-3-300422.jpg?imgeng=/w_960/f_webp/cmpr_20/s_7
338,https://imgcdn1.gempundit.com/media/catalog/product/g/p/gp102740-1-160922.jpg?imgeng=/w_960/f_webp/cmpr_20/s_7
339,https://imgcdn1.gempundit.com/media/catalog/product/g/p/gp102740-hand-160922.jpg?imgeng=/w_960/f_webp/cmpr_20/s_7
340,https://imgcdn1.gempundit.com/media/catalog/product/g/p/gp102740-2-160922.jpg?imgeng=/w_960/f_webp/cmpr_20/s_7
341,https://imgcdn1.gempundit.com/media/catalog/product/g/p/gp102740-3-160922.jpg?imgeng=/w_960/f_webp/cmpr_20/s_7
342,https://imgcdn1.gempundit.com/media/catalog/product/g/p/gp41504-1-120522.jpg?imgeng=/w_960/f_webp/cmpr_20/s_7
343,https://imgcdn1.gempundit.com/media/catalog/product/g/p/gp41504-hand-120522.jpg?imgeng=/w_960/f_webp/cmpr_20/s_7
344,https://imgcdn1.gempundit.com/media/catalog/product/g/p/gp41504-2-120522.jpg?imgeng=/w_960/f_webp/cmpr_20/s_7
345,https://imgcdn1.gempundit.com/media/catalog/product/g/p/gp41504-3-120522.jpg?imgeng=/w_960/f_webp/cmpr_20/s_7
346,https://imgcdn1.gempundit.com/media/catalog/product/g/p/gp41503-1-120522.jpg?imgeng=/w_960/f_webp/cmpr_20/s_7
347,https://imgcdn1.gempundit.com/media/catalog/product/g/p/gp41503-hand-120522.jpg?imgeng=/w_960/f_webp/cmpr_20/s_7
348,https://imgcdn1.gempundit.com/media/catalog/product/g/p/gp41503-2-120522.jpg?imgeng=/w_960/f_webp/cmpr_20/s_7
349,https://imgcdn1.gempundit.com/media/catalog/product/g/p/gp41503-3-120522.jpg?imgeng=/w_960/f_webp/cmpr_20/s_7
350,https://imgcdn1.gempundit.com/media/catalog/product/g/p/gp41520-1-300422.jpg?imgeng=/w_960/f_webp/cmpr_20/s_7
351,https://imgcdn1.gempundit.com/media/catalog/product/g/p/gp41520-hand-300422.jpg?imgeng=/w_960/f_webp/cmpr_20/s_7
352,https://imgcdn1.gempundit.com/media/catalog/product/g/p/gp41520-2-300422.jpg?imgeng=/w_960/f_webp/cmpr_20/s_7
353,https://imgcdn1.gempundit.com/media/catalog/product/g/p/gp41520-3-300422.jpg?imgeng=/w_960/f_webp/cmpr_20/s_7
354,https://imgcdn1.gempundit.com/media/catalog/product/g/p/gp94739-1-310122.jpg?imgeng=/w_960/f_webp/cmpr_20/s_7
355,https://imgcdn1.gempundit.com/media/catalog/product/g/p/gp94739-hand-310122.jpg?imgeng=/w_960/f_webp/cmpr_20/s_7
356,https://imgcdn1.gempundit.com/media/catalog/product/g/p/gp94739-2-310122.jpg?imgeng=/w_960/f_webp/cmpr_20/s_7
357,https://imgcdn1.gempundit.com/media/catalog/product/g/p/gp94739-3-310122.jpg?imgeng=/w_960/f_webp/cmpr_20/s_7
358,https://imgcdn1.gempundit.com/media/catalog/product/g/p/gp102823-1-130922.jpg?imgeng=/w_960/f_webp/cmpr_20/s_7
359,https://imgcdn1.gempundit.com/media/catalog/product/g/p/gp102823-hand-130922.jpg?imgeng=/w_960/f_webp/cmpr_20/s_7
360,https://imgcdn1.gempundit.com/media/catalog/product/g/p/gp102823-2-130922.jpg?imgeng=/w_960/f_webp/cmpr_20/s_7
361,https://imgcdn1.gempundit.com/media/catalog/product/g/p/gp102823-3-130922.jpg?imgeng=/w_960/f_webp/cmpr_20/s_7
362,https://imgcdn1.gempundit.com/media/catalog/product/g/p/gp102727-1-170922.jpg?imgeng=/w_960/f_webp/cmpr_20/s_7
363,https://imgcdn1.gempundit.com/media/catalog/product/g/p/gp102727-hand-170922.jpg?imgeng=/w_960/f_webp/cmpr_20/s_7
364,https://imgcdn1.gempundit.com/media/catalog/product/g/p/gp102727-2-170922.jpg?imgeng=/w_960/f_webp/cmpr_20/s_7
365,https://imgcdn1.gempundit.com/media/catalog/product/g/p/gp98435-1-150422.jpg?imgeng=/w_960/f_webp/cmpr_20/s_7
366,https://imgcdn1.gempundit.com/media/catalog/product/g/p/gp98435-hand-150422.jpg?imgeng=/w_960/f_webp/cmpr_20/s_7
367,https://imgcdn1.gempundit.com/media/catalog/product/g/p/gp98435-2-150422.jpg?imgeng=/w_960/f_webp/cmpr_20/s_7
368,https://imgcdn1.gempundit.com/media/catalog/product/g/p/gp98435-3-150422.jpg?imgeng=/w_960/f_webp/cmpr_20/s_7
369,https://imgcdn1.gempundit.com/media/catalog/product/g/p/gp23456-1-121120.jpg?imgeng=/w_960/f_webp/cmpr_20/s_7
370,https://imgcdn1.gempundit.com/media/catalog/product/g/p/gp23456-hand-121120.jpg?imgeng=/w_960/f_webp/cmpr_20/s_7
371,https://imgcdn1.gempundit.com/media/catalog/product/2/3/23456-2-121020.jpg?imgeng=/w_960/f_webp/cmpr_20/s_7
372,https://imgcdn1.gempundit.com/media/catalog/product/2/3/23456-3-121020.jpg?imgeng=/w_960/f_webp/cmpr_20/s_7
373,https://imgcdn1.gempundit.com/media/catalog/product/g/p/gp41491-1-120522.jpg?imgeng=/w_960/f_webp/cmpr_20/s_7
374,https://imgcdn1.gempundit.com/media/catalog/product/g/p/gp41491-hand-120522.jpg?imgeng=/w_960/f_webp/cmpr_20/s_7
375,https://imgcdn1.gempundit.com/media/catalog/product/g/p/gp41491-2-120522.jpg?imgeng=/w_960/f_webp/cmpr_20/s_7
376,https://imgcdn1.gempundit.com/media/catalog/product/g/p/gp41491-3-120522.jpg?imgeng=/w_960/f_webp/cmpr_20/s_7
377,https://imgcdn1.gempundit.com/media/catalog/product/g/p/gp94748-1-280122.jpg?imgeng=/w_960/f_webp/cmpr_20/s_7
378,https://imgcdn1.gempundit.com/media/catalog/product/g/p/gp94748-hand-280122.jpg?imgeng=/w_960/f_webp/cmpr_20/s_7
379,https://imgcdn1.gempundit.com/media/catalog/product/g/p/gp94748-2-280122.jpg?imgeng=/w_960/f_webp/cmpr_20/s_7
380,https://imgcdn1.gempundit.com/media/catalog/product/g/p/gp94748-3-280122.jpg?imgeng=/w_960/f_webp/cmpr_20/s_7
381,https://imgcdn1.gempundit.com/media/catalog/product/g/p/gp40192-1-121120.jpg?imgeng=/w_960/f_webp/cmpr_20/s_7
382,https://imgcdn1.gempundit.com/media/catalog/product/g/p/gp40192-hand-121120.jpg?imgeng=/w_960/f_webp/cmpr_20/s_7
383,https://imgcdn1.gempundit.com/media/catalog/product/4/0/40192-AGR-Certified-190701.jpg?imgeng=/w_960/f_webp/cmpr_20/s_7
384,https://imgcdn1.gempundit.com/media/catalog/product/4/0/40192-2-121020.jpg?imgeng=/w_960/f_webp/cmpr_20/s_7
385,https://imgcdn1.gempundit.com/media/catalog/product/4/0/40192-3-121020.jpg?imgeng=/w_960/f_webp/cmpr_20/s_7
386,https://imgcdn1.gempundit.com/media/catalog/product/g/p/gp41570-1-300422.jpg?imgeng=/w_960/f_webp/cmpr_20/s_7
387,https://imgcdn1.gempundit.com/media/catalog/product/g/p/gp41570-hand-300422.jpg?imgeng=/w_960/f_webp/cmpr_20/s_7
388,https://imgcdn1.gempundit.com/media/catalog/product/g/p/gp41570-2-300422.jpg?imgeng=/w_960/f_webp/cmpr_20/s_7
389,https://imgcdn1.gempundit.com/media/catalog/product/g/p/gp41570-3-300422.jpg?imgeng=/w_960/f_webp/cmpr_20/s_7
390,https://imgcdn1.gempundit.com/media/catalog/product/g/p/gp102807-1-130922.jpg?imgeng=/w_960/f_webp/cmpr_20/s_7
391,https://imgcdn1.gempundit.com/media/catalog/product/g/p/gp102807-hand-130922.jpg?imgeng=/w_960/f_webp/cmpr_20/s_7
392,https://imgcdn1.gempundit.com/media/catalog/product/g/p/gp102807-2-130922.jpg?imgeng=/w_960/f_webp/cmpr_20/s_7
393,https://imgcdn1.gempundit.com/media/catalog/product/g/p/gp41501-1-100522.jpg?imgeng=/w_960/f_webp/cmpr_20/s_7
394,https://imgcdn1.gempundit.com/media/catalog/product/g/p/gp41501-hand-100522.jpg?imgeng=/w_960/f_webp/cmpr_20/s_7
395,https://imgcdn1.gempundit.com/media/catalog/product/g/p/gp41501-2-100522.jpg?imgeng=/w_960/f_webp/cmpr_20/s_7
396,https://imgcdn1.gempundit.com/media/catalog/product/g/p/gp41501-3-100522.jpg?imgeng=/w_960/f_webp/cmpr_20/s_7
397,https://imgcdn1.gempundit.com/media/catalog/product/g/p/gp41526-1-300422.jpg?imgeng=/w_960/f_webp/cmpr_20/s_7
398,https://imgcdn1.gempundit.com/media/catalog/product/g/p/gp41526-hand-300422.jpg?imgeng=/w_960/f_webp/cmpr_20/s_7
399,https://imgcdn1.gempundit.com/media/catalog/product/g/p/gp41526-2-300422.jpg?imgeng=/w_960/f_webp/cmpr_20/s_7
400,https://imgcdn1.gempundit.com/media/catalog/product/g/p/gp41526-3-300422.jpg?imgeng=/w_960/f_webp/cmpr_20/s_7
401,https://imgcdn1.gempundit.com/media/catalog/product/g/p/gp94723-1-310122.jpg?imgeng=/w_960/f_webp/cmpr_20/s_7
402,https://imgcdn1.gempundit.com/media/catalog/product/g/p/gp94723-hand-310122.jpg?imgeng=/w_960/f_webp/cmpr_20/s_7
403,https://imgcdn1.gempundit.com/media/catalog/product/g/p/gp94723-2-310122.jpg?imgeng=/w_960/f_webp/cmpr_20/s_7
404,https://imgcdn1.gempundit.com/media/catalog/product/g/p/gp94723-3-310122.jpg?imgeng=/w_960/f_webp/cmpr_20/s_7
405,https://imgcdn1.gempundit.com/media/catalog/product/g/p/gp41308d-1-300422.jpg?imgeng=/w_960/f_webp/cmpr_20/s_7
406,https://imgcdn1.gempundit.com/media/catalog/product/g/p/gp41308d-hand-300422.jpg?imgeng=/w_960/f_webp/cmpr_20/s_7
407,https://imgcdn1.gempundit.com/media/catalog/product/g/p/gp41308d-2-300422.jpg?imgeng=/w_960/f_webp/cmpr_20/s_7
408,https://imgcdn1.gempundit.com/media/catalog/product/g/p/gp41308d-3-300422.jpg?imgeng=/w_960/f_webp/cmpr_20/s_7
409,https://imgcdn1.gempundit.com/media/catalog/product/g/p/gp85015-1-260721.jpg?imgeng=/w_960/f_webp/cmpr_20/s_7
410,https://imgcdn1.gempundit.com/media/catalog/product/g/p/gp85015-hand-260721.jpg?imgeng=/w_960/f_webp/cmpr_20/s_7
411,https://imgcdn1.gempundit.com/media/catalog/product/g/p/gp85015-2-260721.jpg?imgeng=/w_960/f_webp/cmpr_20/s_7
412,https://imgcdn1.gempundit.com/media/catalog/product/g/p/gp41524-1-300422.jpg?imgeng=/w_960/f_webp/cmpr_20/s_7
413,https://imgcdn1.gempundit.com/media/catalog/product/g/p/gp41524-hand-300422.jpg?imgeng=/w_960/f_webp/cmpr_20/s_7
414,https://imgcdn1.gempundit.com/media/catalog/product/g/p/gp41524-2-300422.jpg?imgeng=/w_960/f_webp/cmpr_20/s_7
415,https://imgcdn1.gempundit.com/media/catalog/product/g/p/gp41524-3-300422.jpg?imgeng=/w_960/f_webp/cmpr_20/s_7
416,https://imgcdn1.gempundit.com/media/catalog/product/g/p/gp41287-1-300422.jpg?imgeng=/w_960/f_webp/cmpr_20/s_7
417,https://imgcdn1.gempundit.com/media/catalog/product/g/p/gp41287-hand-300422.jpg?imgeng=/w_960/f_webp/cmpr_20/s_7
418,https://imgcdn1.gempundit.com/media/catalog/product/g/p/gp41287-2-300422.jpg?imgeng=/w_960/f_webp/cmpr_20/s_7
419,https://imgcdn1.gempundit.com/media/catalog/product/g/p/gp41287-3-300422.jpg?imgeng=/w_960/f_webp/cmpr_20/s_7
420,https://imgcdn1.gempundit.com/media/catalog/product/g/p/gp41528-1-300422.jpg?imgeng=/w_960/f_webp/cmpr_20/s_7
421,https://imgcdn1.gempundit.com/media/catalog/product/g/p/gp41528-hand-300422.jpg?imgeng=/w_960/f_webp/cmpr_20/s_7
422,https://imgcdn1.gempundit.com/media/catalog/product/g/p/gp41528-2-300422.jpg?imgeng=/w_960/f_webp/cmpr_20/s_7
423,https://imgcdn1.gempundit.com/media/catalog/product/g/p/gp41528-3-300422.jpg?imgeng=/w_960/f_webp/cmpr_20/s_7
424,https://imgcdn1.gempundit.com/media/catalog/product/g/p/gp41490-1-120522.jpg?imgeng=/w_960/f_webp/cmpr_20/s_7
425,https://imgcdn1.gempundit.com/media/catalog/product/g/p/gp41490-hand-120522.jpg?imgeng=/w_960/f_webp/cmpr_20/s_7
426,https://imgcdn1.gempundit.com/media/catalog/product/g/p/gp41490-2-120522.jpg?imgeng=/w_960/f_webp/cmpr_20/s_7
427,https://imgcdn1.gempundit.com/media/catalog/product/g/p/gp41490-3-120522.jpg?imgeng=/w_960/f_webp/cmpr_20/s_7
428,https://imgcdn1.gempundit.com/media/catalog/product/g/p/gp41489-1-120522.jpg?imgeng=/w_960/f_webp/cmpr_20/s_7
429,https://imgcdn1.gempundit.com/media/catalog/product/g/p/gp41489-hand-120522.jpg?imgeng=/w_960/f_webp/cmpr_20/s_7
430,https://imgcdn1.gempundit.com/media/catalog/product/g/p/gp41489-2-120522.jpg?imgeng=/w_960/f_webp/cmpr_20/s_7
431,https://imgcdn1.gempundit.com/media/catalog/product/g/p/gp41489-3-120522.jpg?imgeng=/w_960/f_webp/cmpr_20/s_7
432,https://imgcdn1.gempundit.com/media/catalog/product/g/p/gp41484-1-100522_1.jpg?imgeng=/w_960/f_webp/cmpr_20/s_7
433,https://imgcdn1.gempundit.com/media/catalog/product/g/p/gp41484-hand-100522.jpg?imgeng=/w_960/f_webp/cmpr_20/s_7
434,https://imgcdn1.gempundit.com/media/catalog/product/g/p/gp41484-2-100522.jpg?imgeng=/w_960/f_webp/cmpr_20/s_7
435,https://imgcdn1.gempundit.com/media/catalog/product/g/p/gp41484-3-100522.jpg?imgeng=/w_960/f_webp/cmpr_20/s_7
436,https://imgcdn1.gempundit.com/media/catalog/product/g/p/gp41519-1-300422.jpg?imgeng=/w_960/f_webp/cmpr_20/s_7
437,https://imgcdn1.gempundit.com/media/catalog/product/g/p/gp41519-hand-300422.jpg?imgeng=/w_960/f_webp/cmpr_20/s_7
438,https://imgcdn1.gempundit.com/media/catalog/product/g/p/gp41519-2-300422.jpg?imgeng=/w_960/f_webp/cmpr_20/s_7
439,https://imgcdn1.gempundit.com/media/catalog/product/g/p/gp41519-3-300422.jpg?imgeng=/w_960/f_webp/cmpr_20/s_7
440,https://imgcdn1.gempundit.com/media/catalog/product/g/p/gp94721-1-310122.jpg?imgeng=/w_960/f_webp/cmpr_20/s_7
441,https://imgcdn1.gempundit.com/media/catalog/product/g/p/gp94721-hand-310122.jpg?imgeng=/w_960/f_webp/cmpr_20/s_7
442,https://imgcdn1.gempundit.com/media/catalog/product/g/p/gp94721-2-310122.jpg?imgeng=/w_960/f_webp/cmpr_20/s_7
443,https://imgcdn1.gempundit.com/media/catalog/product/g/p/gp94721-3-310122.jpg?imgeng=/w_960/f_webp/cmpr_20/s_7
444,https://imgcdn1.gempundit.com/media/catalog/product/g/p/gp41525-1-300422.jpg?imgeng=/w_960/f_webp/cmpr_20/s_7
445,https://imgcdn1.gempundit.com/media/catalog/product/g/p/gp41525-hand-300422.jpg?imgeng=/w_960/f_webp/cmpr_20/s_7
446,https://imgcdn1.gempundit.com/media/catalog/product/g/p/gp41525-2-300422.jpg?imgeng=/w_960/f_webp/cmpr_20/s_7
447,https://imgcdn1.gempundit.com/media/catalog/product/g/p/gp41525-3-300422.jpg?imgeng=/w_960/f_webp/cmpr_20/s_7
448,https://imgcdn1.gempundit.com/media/catalog/product/g/p/gp41521-1-300422.jpg?imgeng=/w_960/f_webp/cmpr_20/s_7
449,https://imgcdn1.gempundit.com/media/catalog/product/g/p/gp41521-hand-300422.jpg?imgeng=/w_960/f_webp/cmpr_20/s_7
450,https://imgcdn1.gempundit.com/media/catalog/product/g/p/gp41521-2-300422.jpg?imgeng=/w_960/f_webp/cmpr_20/s_7
451,https://imgcdn1.gempundit.com/media/catalog/product/g/p/gp41521-3-300422.jpg?imgeng=/w_960/f_webp/cmpr_20/s_7
452,https://imgcdn1.gempundit.com/media/catalog/product/g/p/gp41514-1-300422.jpg?imgeng=/w_960/f_webp/cmpr_20/s_7
453,https://imgcdn1.gempundit.com/media/catalog/product/g/p/gp41514-hand-300422.jpg?imgeng=/w_960/f_webp/cmpr_20/s_7
454,https://imgcdn1.gempundit.com/media/catalog/product/g/p/gp41514-2-300422.jpg?imgeng=/w_960/f_webp/cmpr_20/s_7
455,https://imgcdn1.gempundit.com/media/catalog/product/g/p/gp41514-3-300422.jpg?imgeng=/w_960/f_webp/cmpr_20/s_7
456,https://imgcdn1.gempundit.com/media/catalog/product/g/p/gp41509-1-300422.jpg?imgeng=/w_960/f_webp/cmpr_20/s_7
457,https://imgcdn1.gempundit.com/media/catalog/product/g/p/gp41509-hand-300422.jpg?imgeng=/w_960/f_webp/cmpr_20/s_7
458,https://imgcdn1.gempundit.com/media/catalog/product/g/p/gp41509-2-300422.jpg?imgeng=/w_960/f_webp/cmpr_20/s_7
459,https://imgcdn1.gempundit.com/media/catalog/product/g/p/gp41509-3-300422.jpg?imgeng=/w_960/f_webp/cmpr_20/s_7
460,https://imgcdn1.gempundit.com/media/catalog/product/g/p/gp41312h-1-300422.jpg?imgeng=/w_960/f_webp/cmpr_20/s_7
461,https://imgcdn1.gempundit.com/media/catalog/product/g/p/gp41312h-hand-300422.jpg?imgeng=/w_960/f_webp/cmpr_20/s_7
462,https://imgcdn1.gempundit.com/media/catalog/product/g/p/gp41312h-2-300422.jpg?imgeng=/w_960/f_webp/cmpr_20/s_7
463,https://imgcdn1.gempundit.com/media/catalog/product/g/p/gp41312h-3-300422.jpg?imgeng=/w_960/f_webp/cmpr_20/s_7
464,https://imgcdn1.gempundit.com/media/catalog/product/g/p/gp85032-1-260721.jpg?imgeng=/w_960/f_webp/cmpr_20/s_7
465,https://imgcdn1.gempundit.com/media/catalog/product/g/p/gp85032-hand-260721.jpg?imgeng=/w_960/f_webp/cmpr_20/s_7
466,https://imgcdn1.gempundit.com/media/catalog/product/g/p/gp85032-2-260721.jpg?imgeng=/w_960/f_webp/cmpr_20/s_7
467,https://imgcdn1.gempundit.com/media/catalog/product/g/p/gp41555c-1-300422.jpg?imgeng=/w_960/f_webp/cmpr_20/s_7
468,https://imgcdn1.gempundit.com/media/catalog/product/g/p/gp41555c-hand-300422.jpg?imgeng=/w_960/f_webp/cmpr_20/s_7
469,https://imgcdn1.gempundit.com/media/catalog/product/g/p/gp41555c-2-300422.jpg?imgeng=/w_960/f_webp/cmpr_20/s_7
470,https://imgcdn1.gempundit.com/media/catalog/product/g/p/gp41555c-3-300422.jpg?imgeng=/w_960/f_webp/cmpr_20/s_7
471,https://imgcdn1.gempundit.com/media/catalog/product/g/p/gp64887-1-121120.jpg?imgeng=/w_960/f_webp/cmpr_20/s_7
472,https://imgcdn1.gempundit.com/media/catalog/product/g/p/gp64887-hand-121120.jpg?imgeng=/w_960/f_webp/cmpr_20/s_7
473,https://imgcdn1.gempundit.com/media/catalog/product/g/p/gp64887-2-280920.jpg?imgeng=/w_960/f_webp/cmpr_20/s_7
474,https://imgcdn1.gempundit.com/media/catalog/product/g/p/gp64887-3-280920.jpg?imgeng=/w_960/f_webp/cmpr_20/s_7
475,https://imgcdn1.gempundit.com/media/catalog/product/g/p/gp41487-1-100522.jpg?imgeng=/w_960/f_webp/cmpr_20/s_7
476,https://imgcdn1.gempundit.com/media/catalog/product/g/p/gp41487-hand-100522.jpg?imgeng=/w_960/f_webp/cmpr_20/s_7
477,https://imgcdn1.gempundit.com/media/catalog/product/g/p/gp41487-2-100522.jpg?imgeng=/w_960/f_webp/cmpr_20/s_7
478,https://imgcdn1.gempundit.com/media/catalog/product/g/p/gp41487-3-100522.jpg?imgeng=/w_960/f_webp/cmpr_20/s_7
479,https://imgcdn1.gempundit.com/media/catalog/product/g/p/gp41290-1-300422.jpg?imgeng=/w_960/f_webp/cmpr_20/s_7
480,https://imgcdn1.gempundit.com/media/catalog/product/g/p/gp41290-hand-300422.jpg?imgeng=/w_960/f_webp/cmpr_20/s_7
481,https://imgcdn1.gempundit.com/media/catalog/product/g/p/gp41290-2-300422.jpg?imgeng=/w_960/f_webp/cmpr_20/s_7
482,https://imgcdn1.gempundit.com/media/catalog/product/g/p/gp41290-3-300422.jpg?imgeng=/w_960/f_webp/cmpr_20/s_7
483,https://imgcdn1.gempundit.com/media/catalog/product/g/p/gp102845-1-260822.jpg?imgeng=/w_960/f_webp/cmpr_20/s_7
484,https://imgcdn1.gempundit.com/media/catalog/product/g/p/gp102845-hand-260822.jpg?imgeng=/w_960/f_webp/cmpr_20/s_7
485,https://imgcdn1.gempundit.com/media/catalog/product/g/p/gp102845-2-260822.jpg?imgeng=/w_960/f_webp/cmpr_20/s_7
486,https://imgcdn1.gempundit.com/media/catalog/product/g/p/gp23459-1-121120.jpg?imgeng=/w_960/f_webp/cmpr_20/s_7
487,https://imgcdn1.gempundit.com/media/catalog/product/g/p/gp23459-hand-121120.jpg?imgeng=/w_960/f_webp/cmpr_20/s_7
488,https://imgcdn1.gempundit.com/media/catalog/product/2/3/23459-2-121020.jpg?imgeng=/w_960/f_webp/cmpr_20/s_7
489,https://imgcdn1.gempundit.com/media/catalog/product/2/3/23459-3-121020.jpg?imgeng=/w_960/f_webp/cmpr_20/s_7
490,https://imgcdn1.gempundit.com/media/catalog/product/g/p/gp41315k-1-300422.jpg?imgeng=/w_960/f_webp/cmpr_20/s_7
491,https://imgcdn1.gempundit.com/media/catalog/product/g/p/gp41315k-hand-300422.jpg?imgeng=/w_960/f_webp/cmpr_20/s_7
492,https://imgcdn1.gempundit.com/media/catalog/product/g/p/gp41315k-2-300422.jpg?imgeng=/w_960/f_webp/cmpr_20/s_7
493,https://imgcdn1.gempundit.com/media/catalog/product/g/p/gp41315k-3-300422.jpg?imgeng=/w_960/f_webp/cmpr_20/s_7
494,https://imgcdn1.gempundit.com/media/catalog/product/g/p/gp23462-1-121120.jpg?imgeng=/w_960/f_webp/cmpr_20/s_7
495,https://imgcdn1.gempundit.com/media/catalog/product/g/p/gp23462-hand-121120.jpg?imgeng=/w_960/f_webp/cmpr_20/s_7
496,https://imgcdn1.gempundit.com/media/catalog/product/2/3/23462-2-121020.jpg?imgeng=/w_960/f_webp/cmpr_20/s_7
497,https://imgcdn1.gempundit.com/media/catalog/product/2/3/23462-3-121020.jpg?imgeng=/w_960/f_webp/cmpr_20/s_7
498,https://imgcdn1.gempundit.com/media/catalog/product/g/p/gp41523-1-300422.jpg?imgeng=/w_960/f_webp/cmpr_20/s_7
499,https://imgcdn1.gempundit.com/media/catalog/product/g/p/gp41523-hand-300422.jpg?imgeng=/w_960/f_webp/cmpr_20/s_7
500,https://imgcdn1.gempundit.com/media/catalog/product/g/p/gp41523-2-300422.jpg?imgeng=/w_960/f_webp/cmpr_20/s_7
501,https://imgcdn1.gempundit.com/media/catalog/product/g/p/gp41523-3-300422.jpg?imgeng=/w_960/f_webp/cmpr_20/s_7
502,https://imgcdn1.gempundit.com/media/catalog/product/g/p/gp41522-1-300422.jpg?imgeng=/w_960/f_webp/cmpr_20/s_7
503,https://imgcdn1.gempundit.com/media/catalog/product/g/p/gp41522-hand-300422.jpg?imgeng=/w_960/f_webp/cmpr_20/s_7
504,https://imgcdn1.gempundit.com/media/catalog/product/g/p/gp41522-2-300422.jpg?imgeng=/w_960/f_webp/cmpr_20/s_7
505,https://imgcdn1.gempundit.com/media/catalog/product/g/p/gp41522-3-300422.jpg?imgeng=/w_960/f_webp/cmpr_20/s_7
506,https://imgcdn1.gempundit.com/media/catalog/product/g/p/gp41310f-1-300422.jpg?imgeng=/w_960/f_webp/cmpr_20/s_7
507,https://imgcdn1.gempundit.com/media/catalog/product/g/p/gp41310f-hand-300422.jpg?imgeng=/w_960/f_webp/cmpr_20/s_7
508,https://imgcdn1.gempundit.com/media/catalog/product/g/p/gp41310f-2-300422.jpg?imgeng=/w_960/f_webp/cmpr_20/s_7
509,https://imgcdn1.gempundit.com/media/catalog/product/g/p/gp41310f-3-300422.jpg?imgeng=/w_960/f_webp/cmpr_20/s_7
510,https://imgcdn1.gempundit.com/media/catalog/product/g/p/gp85017-1-260721.jpg?imgeng=/w_960/f_webp/cmpr_20/s_7
511,https://imgcdn1.gempundit.com/media/catalog/product/g/p/gp85017-hand-260721.jpg?imgeng=/w_960/f_webp/cmpr_20/s_7
512,https://imgcdn1.gempundit.com/media/catalog/product/g/p/gp85017-2-260721.jpg?imgeng=/w_960/f_webp/cmpr_20/s_7
513,https://imgcdn1.gempundit.com/media/catalog/product/g/p/gp41511-1-300422.jpg?imgeng=/w_960/f_webp/cmpr_20/s_7
514,https://imgcdn1.gempundit.com/media/catalog/product/g/p/gp41511-hand-300422.jpg?imgeng=/w_960/f_webp/cmpr_20/s_7
515,https://imgcdn1.gempundit.com/media/catalog/product/g/p/gp41511-2-300422.jpg?imgeng=/w_960/f_webp/cmpr_20/s_7
516,https://imgcdn1.gempundit.com/media/catalog/product/g/p/gp41511-3-300422.jpg?imgeng=/w_960/f_webp/cmpr_20/s_7
517,https://imgcdn1.gempundit.com/media/catalog/product/g/p/gp41314j-1-300422.jpg?imgeng=/w_960/f_webp/cmpr_20/s_7
518,https://imgcdn1.gempundit.com/media/catalog/product/g/p/gp41314j-hand-300422.jpg?imgeng=/w_960/f_webp/cmpr_20/s_7
519,https://imgcdn1.gempundit.com/media/catalog/product/g/p/gp41314j-2-300422.jpg?imgeng=/w_960/f_webp/cmpr_20/s_7
520,https://imgcdn1.gempundit.com/media/catalog/product/g/p/gp41314j-3-300422.jpg?imgeng=/w_960/f_webp/cmpr_20/s_7
521,https://imgcdn1.gempundit.com/media/catalog/product/g/p/gp41554b-1-300422.jpg?imgeng=/w_960/f_webp/cmpr_20/s_7
522,https://imgcdn1.gempundit.com/media/catalog/product/g/p/gp41554b-hand-300422.jpg?imgeng=/w_960/f_webp/cmpr_20/s_7
523,https://imgcdn1.gempundit.com/media/catalog/product/g/p/gp41554b-2-300422.jpg?imgeng=/w_960/f_webp/cmpr_20/s_7
524,https://imgcdn1.gempundit.com/media/catalog/product/g/p/gp41554b-3-300422.jpg?imgeng=/w_960/f_webp/cmpr_20/s_7
525,https://imgcdn1.gempundit.com/media/catalog/product/g/p/gp41486-1-100522.jpg?imgeng=/w_960/f_webp/cmpr_20/s_7
526,https://imgcdn1.gempundit.com/media/catalog/product/g/p/gp41486-hand-100522.jpg?imgeng=/w_960/f_webp/cmpr_20/s_7
527,https://imgcdn1.gempundit.com/media/catalog/product/g/p/gp41486-2-100522.jpg?imgeng=/w_960/f_webp/cmpr_20/s_7
528,https://imgcdn1.gempundit.com/media/catalog/product/g/p/gp41486-3-100522.jpg?imgeng=/w_960/f_webp/cmpr_20/s_7
529,https://imgcdn1.gempundit.com/media/catalog/product/g/p/gp85016-1-260721.jpg?imgeng=/w_960/f_webp/cmpr_20/s_7
530,https://imgcdn1.gempundit.com/media/catalog/product/g/p/gp85016-hand-260721.jpg?imgeng=/w_960/f_webp/cmpr_20/s_7
531,https://imgcdn1.gempundit.com/media/catalog/product/g/p/gp85016-2-260721.jpg?imgeng=/w_960/f_webp/cmpr_20/s_7
532,https://imgcdn1.gempundit.com/media/catalog/product/g/p/gp41553a-1-300422_1.jpg?imgeng=/w_960/f_webp/cmpr_20/s_7
533,https://imgcdn1.gempundit.com/media/catalog/product/g/p/gp41553a-hand-300422.jpg?imgeng=/w_960/f_webp/cmpr_20/s_7
534,https://imgcdn1.gempundit.com/media/catalog/product/g/p/gp41553a-2-300422.jpg?imgeng=/w_960/f_webp/cmpr_20/s_7
535,https://imgcdn1.gempundit.com/media/catalog/product/g/p/gp41553a-3-300422.jpg?imgeng=/w_960/f_webp/cmpr_20/s_7
536,https://imgcdn1.gempundit.com/media/catalog/product/g/p/gp40105-1-121120.jpg?imgeng=/w_960/f_webp/cmpr_20/s_7
537,https://imgcdn1.gempundit.com/media/catalog/product/g/p/gp40105-hand-121120.jpg?imgeng=/w_960/f_webp/cmpr_20/s_7
538,https://imgcdn1.gempundit.com/media/catalog/product/4/0/40105-2-121020.jpg?imgeng=/w_960/f_webp/cmpr_20/s_7
539,https://imgcdn1.gempundit.com/media/catalog/product/4/0/40105-3-121020.jpg?imgeng=/w_960/f_webp/cmpr_20/s_7
540,https://imgcdn1.gempundit.com/media/catalog/product/g/p/gp41492-1-120522.jpg?imgeng=/w_960/f_webp/cmpr_20/s_7
541,https://imgcdn1.gempundit.com/media/catalog/product/g/p/gp41492-hand-120522.jpg?imgeng=/w_960/f_webp/cmpr_20/s_7
542,https://imgcdn1.gempundit.com/media/catalog/product/g/p/gp41492-2-120522.jpg?imgeng=/w_960/f_webp/cmpr_20/s_7
543,https://imgcdn1.gempundit.com/media/catalog/product/g/p/gp41492-3-120522.jpg?imgeng=/w_960/f_webp/cmpr_20/s_7
544,https://imgcdn1.gempundit.com/media/catalog/product/g/p/gp85028-1-260721.jpg?imgeng=/w_960/f_webp/cmpr_20/s_7
545,https://imgcdn1.gempundit.com/media/catalog/product/g/p/gp85028-hand-260721.jpg?imgeng=/w_960/f_webp/cmpr_20/s_7
546,https://imgcdn1.gempundit.com/media/catalog/product/g/p/gp85028-2-260721.jpg?imgeng=/w_960/f_webp/cmpr_20/s_7
547,https://imgcdn1.gempundit.com/media/catalog/product/g/p/gp41294-1-300422.jpg?imgeng=/w_960/f_webp/cmpr_20/s_7
548,https://imgcdn1.gempundit.com/media/catalog/product/g/p/gp41294-hand-300422.jpg?imgeng=/w_960/f_webp/cmpr_20/s_7
549,https://imgcdn1.gempundit.com/media/catalog/product/g/p/gp41294-2-300422.jpg?imgeng=/w_960/f_webp/cmpr_20/s_7
550,https://imgcdn1.gempundit.com/media/catalog/product/g/p/gp41294-3-300422.jpg?imgeng=/w_960/f_webp/cmpr_20/s_7
551,https://imgcdn1.gempundit.com/media/catalog/product/g/p/gp41309e-1-300422.jpg?imgeng=/w_960/f_webp/cmpr_20/s_7
552,https://imgcdn1.gempundit.com/media/catalog/product/g/p/gp41309e-hand-300422.jpg?imgeng=/w_960/f_webp/cmpr_20/s_7
553,https://imgcdn1.gempundit.com/media/catalog/product/g/p/gp41309e-2-300422.jpg?imgeng=/w_960/f_webp/cmpr_20/s_7
554,https://imgcdn1.gempundit.com/media/catalog/product/g/p/gp41309e-3-300422.jpg?imgeng=/w_960/f_webp/cmpr_20/s_7
555,https://imgcdn1.gempundit.com/media/catalog/product/g/p/gp94733-1-310122.jpg?imgeng=/w_960/f_webp/cmpr_20/s_7
556,https://imgcdn1.gempundit.com/media/catalog/product/g/p/gp94733-hand-310122.jpg?imgeng=/w_960/f_webp/cmpr_20/s_7
557,https://imgcdn1.gempundit.com/media/catalog/product/g/p/gp94733-2-310122.jpg?imgeng=/w_960/f_webp/cmpr_20/s_7
558,https://imgcdn1.gempundit.com/media/catalog/product/g/p/gp94733-3-310122.jpg?imgeng=/w_960/f_webp/cmpr_20/s_7
559,https://imgcdn1.gempundit.com/media/catalog/product/g/p/gp23466-1-121120.jpg?imgeng=/w_960/f_webp/cmpr_20/s_7
560,https://imgcdn1.gempundit.com/media/catalog/product/g/p/gp23466-hand-121120.jpg?imgeng=/w_960/f_webp/cmpr_20/s_7
561,https://imgcdn1.gempundit.com/media/catalog/product/2/3/23466-2-121020.jpg?imgeng=/w_960/f_webp/cmpr_20/s_7
562,https://imgcdn1.gempundit.com/media/catalog/product/2/3/23466-3-121020.jpg?imgeng=/w_960/f_webp/cmpr_20/s_7
563,https://imgcdn1.gempundit.com/media/catalog/product/g/p/gp85029-1-260721.jpg?imgeng=/w_960/f_webp/cmpr_20/s_7
564,https://imgcdn1.gempundit.com/media/catalog/product/g/p/gp85029-2-260721.jpg?imgeng=/w_960/f_webp/cmpr_20/s_7
565,https://imgcdn1.gempundit.com/media/catalog/product/g/p/gp41507-1-121120.jpg?imgeng=/w_960/f_webp/cmpr_20/s_7
566,https://imgcdn1.gempundit.com/media/catalog/product/4/1/41507-2-121020.jpg?imgeng=/w_960/f_webp/cmpr_20/s_7
567,https://imgcdn1.gempundit.com/media/catalog/product/4/1/41507-3-121020.jpg?imgeng=/w_960/f_webp/cmpr_20/s_7
568,https://imgcdn1.gempundit.com/media/catalog/product/4/1/41507-4-121020.jpg?imgeng=/w_960/f_webp/cmpr_20/s_7
569,https://imgcdn1.gempundit.com/media/catalog/product/g/p/gp41507-1-300422.jpg?imgeng=/w_960/f_webp/cmpr_20/s_7
570,https://imgcdn1.gempundit.com/media/catalog/product/g/p/gp41507-hand-300422.jpg?imgeng=/w_960/f_webp/cmpr_20/s_7
571,https://imgcdn1.gempundit.com/media/catalog/product/g/p/gp41507-2-300422.jpg?imgeng=/w_960/f_webp/cmpr_20/s_7
572,https://imgcdn1.gempundit.com/media/catalog/product/g/p/gp41507-3-300422.jpg?imgeng=/w_960/f_webp/cmpr_20/s_7
573,https://imgcdn1.gempundit.com/media/catalog/product/g/p/gp41556d-1-300422.jpg?imgeng=/w_960/f_webp/cmpr_20/s_7
574,https://imgcdn1.gempundit.com/media/catalog/product/g/p/gp41556d-hand-300422.jpg?imgeng=/w_960/f_webp/cmpr_20/s_7
575,https://imgcdn1.gempundit.com/media/catalog/product/g/p/gp41556d-2-300422.jpg?imgeng=/w_960/f_webp/cmpr_20/s_7
576,https://imgcdn1.gempundit.com/media/catalog/product/g/p/gp41556d-3-300422.jpg?imgeng=/w_960/f_webp/cmpr_20/s_7
577,https://imgcdn1.gempundit.com/media/catalog/product/g/p/gp18258-1-121120.jpg?imgeng=/w_960/f_webp/cmpr_20/s_7
578,https://imgcdn1.gempundit.com/media/catalog/product/g/p/gp18258-hand-121120.jpg?imgeng=/w_960/f_webp/cmpr_20/s_7
579,https://imgcdn1.gempundit.com/media/catalog/product/1/8/18258-2-121020.jpg?imgeng=/w_960/f_webp/cmpr_20/s_7
580,https://imgcdn1.gempundit.com/media/catalog/product/1/8/18258-3-121020.jpg?imgeng=/w_960/f_webp/cmpr_20/s_7
581,https://imgcdn1.gempundit.com/media/catalog/product/g/p/gp94732-1-310122.jpg?imgeng=/w_960/f_webp/cmpr_20/s_7
582,https://imgcdn1.gempundit.com/media/catalog/product/g/p/gp94732-hand-310122.jpg?imgeng=/w_960/f_webp/cmpr_20/s_7
583,https://imgcdn1.gempundit.com/media/catalog/product/g/p/gp94732-2-310122.jpg?imgeng=/w_960/f_webp/cmpr_20/s_7
584,https://imgcdn1.gempundit.com/media/catalog/product/g/p/gp94732-3-310122.jpg?imgeng=/w_960/f_webp/cmpr_20/s_7
585,https://imgcdn1.gempundit.com/media/catalog/product/g/p/gp64872-1-121120.jpg?imgeng=/w_960/f_webp/cmpr_20/s_7
586,https://imgcdn1.gempundit.com/media/catalog/product/g/p/gp64872-hand-121120.jpg?imgeng=/w_960/f_webp/cmpr_20/s_7
587,https://imgcdn1.gempundit.com/media/catalog/product/g/p/gp64872-2-280920.jpg?imgeng=/w_960/f_webp/cmpr_20/s_7
588,https://imgcdn1.gempundit.com/media/catalog/product/g/p/gp64872-3-280920.jpg?imgeng=/w_960/f_webp/cmpr_20/s_7
589,https://imgcdn1.gempundit.com/media/catalog/product/g/p/gp94749-1-280122.jpg?imgeng=/w_960/f_webp/cmpr_20/s_7
590,https://imgcdn1.gempundit.com/media/catalog/product/g/p/gp94749-hand-280122.jpg?imgeng=/w_960/f_webp/cmpr_20/s_7
591,https://imgcdn1.gempundit.com/media/catalog/product/g/p/gp94749-2-280122.jpg?imgeng=/w_960/f_webp/cmpr_20/s_7
592,https://imgcdn1.gempundit.com/media/catalog/product/g/p/gp94749-3-280122.jpg?imgeng=/w_960/f_webp/cmpr_20/s_7
593,https://imgcdn1.gempundit.com/media/catalog/product/g/p/gp23457-1-121120.jpg?imgeng=/w_960/f_webp/cmpr_20/s_7
594,https://imgcdn1.gempundit.com/media/catalog/product/g/p/gp23457-hand-121120.jpg?imgeng=/w_960/f_webp/cmpr_20/s_7
595,https://imgcdn1.gempundit.com/media/catalog/product/2/3/23457-2-121020.jpg?imgeng=/w_960/f_webp/cmpr_20/s_7
596,https://imgcdn1.gempundit.com/media/catalog/product/2/3/23457-3-121020.jpg?imgeng=/w_960/f_webp/cmpr_20/s_7
597,https://imgcdn1.gempundit.com/media/catalog/product/g/p/gp88732-1-240921.jpg?imgeng=/w_960/f_webp/cmpr_20/s_7
598,https://imgcdn1.gempundit.com/media/catalog/product/g/p/gp88732-hand-240921.jpg?imgeng=/w_960/f_webp/cmpr_20/s_7
599,https://imgcdn1.gempundit.com/media/catalog/product/g/p/gp88732-2-240921.jpg?imgeng=/w_960/f_webp/cmpr_20/s_7
600,https://imgcdn1.gempundit.com/media/catalog/product/g/p/gp88732-3-240921.jpg?imgeng=/w_960/f_webp/cmpr_20/s_7
601,https://imgcdn1.gempundit.com/media/catalog/product/g/p/gp102843-1-260822.jpg?imgeng=/w_960/f_webp/cmpr_20/s_7
602,https://imgcdn1.gempundit.com/media/catalog/product/g/p/gp102843-2-260822.jpg?imgeng=/w_960/f_webp/cmpr_20/s_7
603,https://imgcdn1.gempundit.com/media/catalog/product/g/p/gp102843-3-260822.jpg?imgeng=/w_960/f_webp/cmpr_20/s_7
604,https://imgcdn1.gempundit.com/media/catalog/product/g/p/gp85038-1-260721.jpg?imgeng=/w_960/f_webp/cmpr_20/s_7
605,https://imgcdn1.gempundit.com/media/catalog/product/g/p/gp85038-hand-260721.jpg?imgeng=/w_960/f_webp/cmpr_20/s_7
606,https://imgcdn1.gempundit.com/media/catalog/product/g/p/gp85038-2-260721.jpg?imgeng=/w_960/f_webp/cmpr_20/s_7
607,https://imgcdn1.gempundit.com/media/catalog/product/g/p/gp85018-1-260721.jpg?imgeng=/w_960/f_webp/cmpr_20/s_7
608,https://imgcdn1.gempundit.com/media/catalog/product/g/p/gp85018-2-260721.jpg?imgeng=/w_960/f_webp/cmpr_20/s_7
609,https://imgcdn1.gempundit.com/media/catalog/product/g/p/gp85019-1-260721.jpg?imgeng=/w_960/f_webp/cmpr_20/s_7
610,https://imgcdn1.gempundit.com/media/catalog/product/g/p/gp85019-2-260721.jpg?imgeng=/w_960/f_webp/cmpr_20/s_7
611,https://imgcdn1.gempundit.com/media/catalog/product/g/p/gp85037-1-260721.jpg?imgeng=/w_960/f_webp/cmpr_20/s_7
612,https://imgcdn1.gempundit.com/media/catalog/product/g/p/gp85037-hand-260721.jpg?imgeng=/w_960/f_webp/cmpr_20/s_7
613,https://imgcdn1.gempundit.com/media/catalog/product/g/p/gp85037-2-260721.jpg?imgeng=/w_960/f_webp/cmpr_20/s_7
614,https://imgcdn1.gempundit.com/media/catalog/product/g/p/gp85039-1-260721.jpg?imgeng=/w_960/f_webp/cmpr_20/s_7
615,https://imgcdn1.gempundit.com/media/catalog/product/g/p/gp85039-2-260721.jpg?imgeng=/w_960/f_webp/cmpr_20/s_7
616,https://imgcdn1.gempundit.com/media/catalog/product/g/p/gp85030-1-260721.jpg?imgeng=/w_960/f_webp/cmpr_20/s_7
617,https://imgcdn1.gempundit.com/media/catalog/product/g/p/gp85030-2-260721.jpg?imgeng=/w_960/f_webp/cmpr_20/s_7
618,https://imgcdn1.gempundit.com/media/catalog/product/g/p/gp101948-1-060922.jpg?imgeng=/w_960/f_webp/cmpr_20/s_7
619,https://imgcdn1.gempundit.com/media/catalog/product/g/p/gp101948-hand-060922.jpg?imgeng=/w_960/f_webp/cmpr_20/s_7
620,https://imgcdn1.gempundit.com/media/catalog/product/g/p/gp101948-2-060922.jpg?imgeng=/w_960/f_webp/cmpr_20/s_7
621,https://imgcdn1.gempundit.com/media/catalog/product/g/p/gp101948-3-060922.jpg?imgeng=/w_960/f_webp/cmpr_20/s_7
622,https://imgcdn1.gempundit.com/media/catalog/product/g/p/gp64879-1-121120.jpg?imgeng=/w_960/f_webp/cmpr_20/s_7
623,https://imgcdn1.gempundit.com/media/catalog/product/g/p/gp64879-hand-121120.jpg?imgeng=/w_960/f_webp/cmpr_20/s_7
624,https://imgcdn1.gempundit.com/media/catalog/product/g/p/gp64879-2-280920.jpg?imgeng=/w_960/f_webp/cmpr_20/s_7
625,https://imgcdn1.gempundit.com/media/catalog/product/g/p/gp64879-3-280920.jpg?imgeng=/w_960/f_webp/cmpr_20/s_7
626,https://imgcdn1.gempundit.com/media/catalog/product/g/p/gp72446-1-200421.jpg?imgeng=/w_960/f_webp/cmpr_20/s_7
627,https://imgcdn1.gempundit.com/media/catalog/product/g/p/gp72446-hand-200421.jpg?imgeng=/w_960/f_webp/cmpr_20/s_7
628,https://imgcdn1.gempundit.com/media/catalog/product/g/p/gp72446-2-200421.jpg?imgeng=/w_960/f_webp/cmpr_20/s_7
629,https://imgcdn1.gempundit.com/media/catalog/product/g/p/gp72446-3-200421.jpg?imgeng=/w_960/f_webp/cmpr_20/s_7
630,https://imgcdn1.gempundit.com/media/catalog/product/g/p/gp41553-1-121120.jpg?imgeng=/w_960/f_webp/cmpr_20/s_7
631,https://imgcdn1.gempundit.com/media/catalog/product/4/1/41553-2-121020.jpg?imgeng=/w_960/f_webp/cmpr_20/s_7
632,https://imgcdn1.gempundit.com/media/catalog/product/4/1/41553-3-121020.jpg?imgeng=/w_960/f_webp/cmpr_20/s_7
633,https://imgcdn1.gempundit.com/media/catalog/product/4/1/41553-4-121020.jpg?imgeng=/w_960/f_webp/cmpr_20/s_7
634,https://imgcdn1.gempundit.com/media/catalog/product/g/p/gp41553a-1-300422.jpg?imgeng=/w_960/f_webp/cmpr_20/s_7
635,https://imgcdn1.gempundit.com/media/catalog/product/g/p/gp72444-1-200421.jpg?imgeng=/w_960/f_webp/cmpr_20/s_7
636,https://imgcdn1.gempundit.com/media/catalog/product/g/p/gp72444-hand-200421.jpg?imgeng=/w_960/f_webp/cmpr_20/s_7
637,https://imgcdn1.gempundit.com/media/catalog/product/g/p/gp72444-2-200421.jpg?imgeng=/w_960/f_webp/cmpr_20/s_7
638,https://imgcdn1.gempundit.com/media/catalog/product/g/p/gp72444-3-200421.jpg?imgeng=/w_960/f_webp/cmpr_20/s_7
639,https://imgcdn1.gempundit.com/media/catalog/product/g/p/gp72447-1-200421.jpg?imgeng=/w_960/f_webp/cmpr_20/s_7
640,https://imgcdn1.gempundit.com/media/catalog/product/g/p/gp72447-hand-200421.jpg?imgeng=/w_960/f_webp/cmpr_20/s_7
641,https://imgcdn1.gempundit.com/media/catalog/product/g/p/gp72447-2-200421.jpg?imgeng=/w_960/f_webp/cmpr_20/s_7
642,https://imgcdn1.gempundit.com/media/catalog/product/g/p/gp72447-3-200421.jpg?imgeng=/w_960/f_webp/cmpr_20/s_7
