,Keshi Pearls
0,https://imgcdn1.gempundit.com/media/catalog/product/g/p/gp95164-1-150222.jpg?imgeng=/w_960/f_webp/cmpr_20/s_7
1,https://imgcdn1.gempundit.com/media/catalog/product/g/p/gp95164-hand-150222.jpg?imgeng=/w_960/f_webp/cmpr_20/s_7
2,https://imgcdn1.gempundit.com/media/catalog/product/g/p/gp95164-2-150222.jpg?imgeng=/w_960/f_webp/cmpr_20/s_7
3,https://imgcdn1.gempundit.com/media/catalog/product/g/p/gp95164-3-150222.jpg?imgeng=/w_960/f_webp/cmpr_20/s_7
4,https://imgcdn1.gempundit.com/media/catalog/product/g/p/gp95151-1-150222.jpg?imgeng=/w_960/f_webp/cmpr_20/s_7
5,https://imgcdn1.gempundit.com/media/catalog/product/g/p/gp95151-hand-150222.jpg?imgeng=/w_960/f_webp/cmpr_20/s_7
6,https://imgcdn1.gempundit.com/media/catalog/product/g/p/gp95151-2-150222.jpg?imgeng=/w_960/f_webp/cmpr_20/s_7
7,https://imgcdn1.gempundit.com/media/catalog/product/g/p/gp95151-3-150222.jpg?imgeng=/w_960/f_webp/cmpr_20/s_7
8,https://imgcdn1.gempundit.com/media/catalog/product/g/p/gp95206-1-150222.jpg?imgeng=/w_960/f_webp/cmpr_20/s_7
9,https://imgcdn1.gempundit.com/media/catalog/product/g/p/gp95206-hand-150222.jpg?imgeng=/w_960/f_webp/cmpr_20/s_7
10,https://imgcdn1.gempundit.com/media/catalog/product/g/p/gp95206-2-150222.jpg?imgeng=/w_960/f_webp/cmpr_20/s_7
11,https://imgcdn1.gempundit.com/media/catalog/product/g/p/gp95206-3-150222.jpg?imgeng=/w_960/f_webp/cmpr_20/s_7
12,https://imgcdn1.gempundit.com/media/catalog/product/g/p/gp95189-1-150222.jpg?imgeng=/w_960/f_webp/cmpr_20/s_7
13,https://imgcdn1.gempundit.com/media/catalog/product/g/p/gp95189-hand-150222.jpg?imgeng=/w_960/f_webp/cmpr_20/s_7
14,https://imgcdn1.gempundit.com/media/catalog/product/g/p/gp95189-2-150222.jpg?imgeng=/w_960/f_webp/cmpr_20/s_7
15,https://imgcdn1.gempundit.com/media/catalog/product/g/p/gp95189-3-150222.jpg?imgeng=/w_960/f_webp/cmpr_20/s_7
16,https://imgcdn1.gempundit.com/media/catalog/product/g/p/gp95199-1-150222.jpg?imgeng=/w_960/f_webp/cmpr_20/s_7
17,https://imgcdn1.gempundit.com/media/catalog/product/g/p/gp95199-hand-150222.jpg?imgeng=/w_960/f_webp/cmpr_20/s_7
18,https://imgcdn1.gempundit.com/media/catalog/product/g/p/gp95199-2-150222.jpg?imgeng=/w_960/f_webp/cmpr_20/s_7
19,https://imgcdn1.gempundit.com/media/catalog/product/g/p/gp95199-3-150222.jpg?imgeng=/w_960/f_webp/cmpr_20/s_7
20,https://imgcdn1.gempundit.com/media/catalog/product/g/p/gp95187-1-150222.jpg?imgeng=/w_960/f_webp/cmpr_20/s_7
21,https://imgcdn1.gempundit.com/media/catalog/product/g/p/gp95187-hand-150222.jpg?imgeng=/w_960/f_webp/cmpr_20/s_7
22,https://imgcdn1.gempundit.com/media/catalog/product/g/p/gp95187-2-150222.jpg?imgeng=/w_960/f_webp/cmpr_20/s_7
23,https://imgcdn1.gempundit.com/media/catalog/product/g/p/gp95187-3-150222.jpg?imgeng=/w_960/f_webp/cmpr_20/s_7
24,https://imgcdn1.gempundit.com/media/catalog/product/g/p/gp95203-1-150222.jpg?imgeng=/w_960/f_webp/cmpr_20/s_7
25,https://imgcdn1.gempundit.com/media/catalog/product/g/p/gp95203-hand-150222.jpg?imgeng=/w_960/f_webp/cmpr_20/s_7
26,https://imgcdn1.gempundit.com/media/catalog/product/g/p/gp95203-2-150222.jpg?imgeng=/w_960/f_webp/cmpr_20/s_7
27,https://imgcdn1.gempundit.com/media/catalog/product/g/p/gp95203-3-150222.jpg?imgeng=/w_960/f_webp/cmpr_20/s_7
28,https://imgcdn1.gempundit.com/media/catalog/product/g/p/gp95207-1-150222.jpg?imgeng=/w_960/f_webp/cmpr_20/s_7
29,https://imgcdn1.gempundit.com/media/catalog/product/g/p/gp95207-hand-150222.jpg?imgeng=/w_960/f_webp/cmpr_20/s_7
30,https://imgcdn1.gempundit.com/media/catalog/product/g/p/gp95207-2-150222.jpg?imgeng=/w_960/f_webp/cmpr_20/s_7
31,https://imgcdn1.gempundit.com/media/catalog/product/g/p/gp95207-3-150222.jpg?imgeng=/w_960/f_webp/cmpr_20/s_7
32,https://imgcdn1.gempundit.com/media/catalog/product/g/p/gp100349-1-120722.jpg?imgeng=/w_960/f_webp/cmpr_20/s_7
33,https://imgcdn1.gempundit.com/media/catalog/product/g/p/gp100349-hand-120722.jpg?imgeng=/w_960/f_webp/cmpr_20/s_7
34,https://imgcdn1.gempundit.com/media/catalog/product/g/p/gp100349-2-120722.jpg?imgeng=/w_960/f_webp/cmpr_20/s_7
35,https://imgcdn1.gempundit.com/media/catalog/product/g/p/gp100349-3-120722.jpg?imgeng=/w_960/f_webp/cmpr_20/s_7
36,https://imgcdn1.gempundit.com/media/catalog/product/g/p/gp95217-1-150222.jpg?imgeng=/w_960/f_webp/cmpr_20/s_7
37,https://imgcdn1.gempundit.com/media/catalog/product/g/p/gp95217-hand-150222.jpg?imgeng=/w_960/f_webp/cmpr_20/s_7
38,https://imgcdn1.gempundit.com/media/catalog/product/g/p/gp95217-2-150222.jpg?imgeng=/w_960/f_webp/cmpr_20/s_7
39,https://imgcdn1.gempundit.com/media/catalog/product/g/p/gp95217-3-150222.jpg?imgeng=/w_960/f_webp/cmpr_20/s_7
40,https://imgcdn1.gempundit.com/media/catalog/product/g/p/gp95149-1-150222.jpg?imgeng=/w_960/f_webp/cmpr_20/s_7
41,https://imgcdn1.gempundit.com/media/catalog/product/g/p/gp95149-hand-150222.jpg?imgeng=/w_960/f_webp/cmpr_20/s_7
42,https://imgcdn1.gempundit.com/media/catalog/product/g/p/gp95149-2-150222.jpg?imgeng=/w_960/f_webp/cmpr_20/s_7
43,https://imgcdn1.gempundit.com/media/catalog/product/g/p/gp95149-3-150222.jpg?imgeng=/w_960/f_webp/cmpr_20/s_7
44,https://imgcdn1.gempundit.com/media/catalog/product/g/p/gp95208-1-150222.jpg?imgeng=/w_960/f_webp/cmpr_20/s_7
45,https://imgcdn1.gempundit.com/media/catalog/product/g/p/gp95208-hand-150222.jpg?imgeng=/w_960/f_webp/cmpr_20/s_7
46,https://imgcdn1.gempundit.com/media/catalog/product/g/p/gp95208-2-150222.jpg?imgeng=/w_960/f_webp/cmpr_20/s_7
47,https://imgcdn1.gempundit.com/media/catalog/product/g/p/gp95208-3-150222.jpg?imgeng=/w_960/f_webp/cmpr_20/s_7
48,https://imgcdn1.gempundit.com/media/catalog/product/g/p/gp95139-1-170222.jpg?imgeng=/w_960/f_webp/cmpr_20/s_7
49,https://imgcdn1.gempundit.com/media/catalog/product/g/p/gp95139-hand-170222.jpg?imgeng=/w_960/f_webp/cmpr_20/s_7
50,https://imgcdn1.gempundit.com/media/catalog/product/g/p/gp95139-2-170222.jpg?imgeng=/w_960/f_webp/cmpr_20/s_7
51,https://imgcdn1.gempundit.com/media/catalog/product/g/p/gp95139-3-170222.jpg?imgeng=/w_960/f_webp/cmpr_20/s_7
52,https://imgcdn1.gempundit.com/media/catalog/product/g/p/gp95211-1-150222.jpg?imgeng=/w_960/f_webp/cmpr_20/s_7
53,https://imgcdn1.gempundit.com/media/catalog/product/g/p/gp95211-hand-150222.jpg?imgeng=/w_960/f_webp/cmpr_20/s_7
54,https://imgcdn1.gempundit.com/media/catalog/product/g/p/gp95211-2-150222.jpg?imgeng=/w_960/f_webp/cmpr_20/s_7
55,https://imgcdn1.gempundit.com/media/catalog/product/g/p/gp95211-3-150222.jpg?imgeng=/w_960/f_webp/cmpr_20/s_7
56,https://imgcdn1.gempundit.com/media/catalog/product/g/p/gp100356-1-120722.jpg?imgeng=/w_960/f_webp/cmpr_20/s_7
57,https://imgcdn1.gempundit.com/media/catalog/product/g/p/gp100356-hand-120722.jpg?imgeng=/w_960/f_webp/cmpr_20/s_7
58,https://imgcdn1.gempundit.com/media/catalog/product/g/p/gp100356-2-120722.jpg?imgeng=/w_960/f_webp/cmpr_20/s_7
59,https://imgcdn1.gempundit.com/media/catalog/product/g/p/gp100356-3-120722.jpg?imgeng=/w_960/f_webp/cmpr_20/s_7
60,https://imgcdn1.gempundit.com/media/catalog/product/g/p/gp95205-1-150222.jpg?imgeng=/w_960/f_webp/cmpr_20/s_7
61,https://imgcdn1.gempundit.com/media/catalog/product/g/p/gp95205-hand-150222.jpg?imgeng=/w_960/f_webp/cmpr_20/s_7
62,https://imgcdn1.gempundit.com/media/catalog/product/g/p/gp95205-2-150222.jpg?imgeng=/w_960/f_webp/cmpr_20/s_7
63,https://imgcdn1.gempundit.com/media/catalog/product/g/p/gp95205-3-150222.jpg?imgeng=/w_960/f_webp/cmpr_20/s_7
64,https://imgcdn1.gempundit.com/media/catalog/product/g/p/gp95200-1-150222.jpg?imgeng=/w_960/f_webp/cmpr_20/s_7
65,https://imgcdn1.gempundit.com/media/catalog/product/g/p/gp95200-hand-150222.jpg?imgeng=/w_960/f_webp/cmpr_20/s_7
66,https://imgcdn1.gempundit.com/media/catalog/product/g/p/gp95200-2-150222.jpg?imgeng=/w_960/f_webp/cmpr_20/s_7
67,https://imgcdn1.gempundit.com/media/catalog/product/g/p/gp95200-3-150222.jpg?imgeng=/w_960/f_webp/cmpr_20/s_7
68,https://imgcdn1.gempundit.com/media/catalog/product/g/p/gp95209-1-150222.jpg?imgeng=/w_960/f_webp/cmpr_20/s_7
69,https://imgcdn1.gempundit.com/media/catalog/product/g/p/gp95209-hand-150222.jpg?imgeng=/w_960/f_webp/cmpr_20/s_7
70,https://imgcdn1.gempundit.com/media/catalog/product/g/p/gp95209-2-150222.jpg?imgeng=/w_960/f_webp/cmpr_20/s_7
71,https://imgcdn1.gempundit.com/media/catalog/product/g/p/gp95209-3-150222.jpg?imgeng=/w_960/f_webp/cmpr_20/s_7
72,https://imgcdn1.gempundit.com/media/catalog/product/g/p/gp95146-1-150222.jpg?imgeng=/w_960/f_webp/cmpr_20/s_7
73,https://imgcdn1.gempundit.com/media/catalog/product/g/p/gp95146-hand-150222.jpg?imgeng=/w_960/f_webp/cmpr_20/s_7
74,https://imgcdn1.gempundit.com/media/catalog/product/g/p/gp95146-2-150222.jpg?imgeng=/w_960/f_webp/cmpr_20/s_7
75,https://imgcdn1.gempundit.com/media/catalog/product/g/p/gp95146-3-150222.jpg?imgeng=/w_960/f_webp/cmpr_20/s_7
76,https://imgcdn1.gempundit.com/media/catalog/product/g/p/gp95220-1-150222.jpg?imgeng=/w_960/f_webp/cmpr_20/s_7
77,https://imgcdn1.gempundit.com/media/catalog/product/g/p/gp95220-hand-150222.jpg?imgeng=/w_960/f_webp/cmpr_20/s_7
78,https://imgcdn1.gempundit.com/media/catalog/product/g/p/gp95220-2-150222.jpg?imgeng=/w_960/f_webp/cmpr_20/s_7
79,https://imgcdn1.gempundit.com/media/catalog/product/g/p/gp95220-3-150222.jpg?imgeng=/w_960/f_webp/cmpr_20/s_7
80,https://imgcdn1.gempundit.com/media/catalog/product/g/p/gp95215-1-150222.jpg?imgeng=/w_960/f_webp/cmpr_20/s_7
81,https://imgcdn1.gempundit.com/media/catalog/product/g/p/gp95215-hand-150222.jpg?imgeng=/w_960/f_webp/cmpr_20/s_7
82,https://imgcdn1.gempundit.com/media/catalog/product/g/p/gp95215-2-150222.jpg?imgeng=/w_960/f_webp/cmpr_20/s_7
83,https://imgcdn1.gempundit.com/media/catalog/product/g/p/gp95215-3-150222.jpg?imgeng=/w_960/f_webp/cmpr_20/s_7
84,https://imgcdn1.gempundit.com/media/catalog/product/g/p/gp95210-1-150222.jpg?imgeng=/w_960/f_webp/cmpr_20/s_7
85,https://imgcdn1.gempundit.com/media/catalog/product/g/p/gp95210-hand-150222.jpg?imgeng=/w_960/f_webp/cmpr_20/s_7
86,https://imgcdn1.gempundit.com/media/catalog/product/g/p/gp95210-2-150222.jpg?imgeng=/w_960/f_webp/cmpr_20/s_7
87,https://imgcdn1.gempundit.com/media/catalog/product/g/p/gp95210-3-150222.jpg?imgeng=/w_960/f_webp/cmpr_20/s_7
88,https://imgcdn1.gempundit.com/media/catalog/product/g/p/gp95143-1-150222.jpg?imgeng=/w_960/f_webp/cmpr_20/s_7
89,https://imgcdn1.gempundit.com/media/catalog/product/g/p/gp95143-hand-150222.jpg?imgeng=/w_960/f_webp/cmpr_20/s_7
90,https://imgcdn1.gempundit.com/media/catalog/product/g/p/gp95143-2-150222.jpg?imgeng=/w_960/f_webp/cmpr_20/s_7
91,https://imgcdn1.gempundit.com/media/catalog/product/g/p/gp95143-3-150222.jpg?imgeng=/w_960/f_webp/cmpr_20/s_7
92,https://imgcdn1.gempundit.com/media/catalog/product/g/p/gp95216-1-150222.jpg?imgeng=/w_960/f_webp/cmpr_20/s_7
93,https://imgcdn1.gempundit.com/media/catalog/product/g/p/gp95216-hand-150222.jpg?imgeng=/w_960/f_webp/cmpr_20/s_7
94,https://imgcdn1.gempundit.com/media/catalog/product/g/p/gp95216-2-150222.jpg?imgeng=/w_960/f_webp/cmpr_20/s_7
95,https://imgcdn1.gempundit.com/media/catalog/product/g/p/gp95216-3-150222.jpg?imgeng=/w_960/f_webp/cmpr_20/s_7
96,https://imgcdn1.gempundit.com/media/catalog/product/g/p/gp95212-1-150222.jpg?imgeng=/w_960/f_webp/cmpr_20/s_7
97,https://imgcdn1.gempundit.com/media/catalog/product/g/p/gp95212-hand-150222.jpg?imgeng=/w_960/f_webp/cmpr_20/s_7
98,https://imgcdn1.gempundit.com/media/catalog/product/g/p/gp95212-2-150222.jpg?imgeng=/w_960/f_webp/cmpr_20/s_7
99,https://imgcdn1.gempundit.com/media/catalog/product/g/p/gp95212-3-150222.jpg?imgeng=/w_960/f_webp/cmpr_20/s_7
100,https://imgcdn1.gempundit.com/media/catalog/product/g/p/gp95155-1-150222.jpg?imgeng=/w_960/f_webp/cmpr_20/s_7
101,https://imgcdn1.gempundit.com/media/catalog/product/g/p/gp95155-hand-150222.jpg?imgeng=/w_960/f_webp/cmpr_20/s_7
102,https://imgcdn1.gempundit.com/media/catalog/product/g/p/gp95155-2-150222.jpg?imgeng=/w_960/f_webp/cmpr_20/s_7
103,https://imgcdn1.gempundit.com/media/catalog/product/g/p/gp95155-3-150222.jpg?imgeng=/w_960/f_webp/cmpr_20/s_7
104,https://imgcdn1.gempundit.com/media/catalog/product/g/p/gp95153-1-150222.jpg?imgeng=/w_960/f_webp/cmpr_20/s_7
105,https://imgcdn1.gempundit.com/media/catalog/product/g/p/gp95153-hand-150222.jpg?imgeng=/w_960/f_webp/cmpr_20/s_7
106,https://imgcdn1.gempundit.com/media/catalog/product/g/p/gp95153-2-150222.jpg?imgeng=/w_960/f_webp/cmpr_20/s_7
107,https://imgcdn1.gempundit.com/media/catalog/product/g/p/gp95153-3-150222.jpg?imgeng=/w_960/f_webp/cmpr_20/s_7
108,https://imgcdn1.gempundit.com/media/catalog/product/g/p/gp95198-1-150222.jpg?imgeng=/w_960/f_webp/cmpr_20/s_7
109,https://imgcdn1.gempundit.com/media/catalog/product/g/p/gp95198-hand-150222.jpg?imgeng=/w_960/f_webp/cmpr_20/s_7
110,https://imgcdn1.gempundit.com/media/catalog/product/g/p/gp95198-2-150222.jpg?imgeng=/w_960/f_webp/cmpr_20/s_7
111,https://imgcdn1.gempundit.com/media/catalog/product/g/p/gp95198-3-150222.jpg?imgeng=/w_960/f_webp/cmpr_20/s_7
112,https://imgcdn1.gempundit.com/media/catalog/product/g/p/gp95154-1-150222.jpg?imgeng=/w_960/f_webp/cmpr_20/s_7
113,https://imgcdn1.gempundit.com/media/catalog/product/g/p/gp95154-hand-150222.jpg?imgeng=/w_960/f_webp/cmpr_20/s_7
114,https://imgcdn1.gempundit.com/media/catalog/product/g/p/gp95154-2-150222.jpg?imgeng=/w_960/f_webp/cmpr_20/s_7
115,https://imgcdn1.gempundit.com/media/catalog/product/g/p/gp95154-3-150222.jpg?imgeng=/w_960/f_webp/cmpr_20/s_7
116,https://imgcdn1.gempundit.com/media/catalog/product/g/p1/gp54073-1-180521.jpg?imgeng=/w_960/f_webp/cmpr_20/s_7
117,https://imgcdn1.gempundit.com/media/catalog/product/g/p1/gp54073-hand-180521.jpg?imgeng=/w_960/f_webp/cmpr_20/s_7
118,https://imgcdn1.gempundit.com/media/catalog/product/g/p1/gp54073-2-180521.jpg?imgeng=/w_960/f_webp/cmpr_20/s_7
119,https://imgcdn1.gempundit.com/media/catalog/product/g/p1/gp54073-3-180521.jpg?imgeng=/w_960/f_webp/cmpr_20/s_7
120,https://imgcdn1.gempundit.com/media/catalog/product/g/p/gp95219-1-150222.jpg?imgeng=/w_960/f_webp/cmpr_20/s_7
121,https://imgcdn1.gempundit.com/media/catalog/product/g/p/gp95219-hand-150222.jpg?imgeng=/w_960/f_webp/cmpr_20/s_7
122,https://imgcdn1.gempundit.com/media/catalog/product/g/p/gp95219-2-150222.jpg?imgeng=/w_960/f_webp/cmpr_20/s_7
123,https://imgcdn1.gempundit.com/media/catalog/product/g/p/gp95219-3-150222.jpg?imgeng=/w_960/f_webp/cmpr_20/s_7
124,https://imgcdn1.gempundit.com/media/catalog/product/g/p/gp95214-1-150222.jpg?imgeng=/w_960/f_webp/cmpr_20/s_7
125,https://imgcdn1.gempundit.com/media/catalog/product/g/p/gp95214-hand-150222.jpg?imgeng=/w_960/f_webp/cmpr_20/s_7
126,https://imgcdn1.gempundit.com/media/catalog/product/g/p/gp95214-2-150222.jpg?imgeng=/w_960/f_webp/cmpr_20/s_7
127,https://imgcdn1.gempundit.com/media/catalog/product/g/p/gp95214-3-150222.jpg?imgeng=/w_960/f_webp/cmpr_20/s_7
128,https://imgcdn1.gempundit.com/media/catalog/product/g/p1/gp53149-1-180521.jpg?imgeng=/w_960/f_webp/cmpr_20/s_7
129,https://imgcdn1.gempundit.com/media/catalog/product/g/p1/gp53149-hand-180521.jpg?imgeng=/w_960/f_webp/cmpr_20/s_7
130,https://imgcdn1.gempundit.com/media/catalog/product/g/p1/gp53149-2-180521.jpg?imgeng=/w_960/f_webp/cmpr_20/s_7
131,https://imgcdn1.gempundit.com/media/catalog/product/g/p1/gp53149-3-180521.jpg?imgeng=/w_960/f_webp/cmpr_20/s_7
132,https://imgcdn1.gempundit.com/media/catalog/product/g/p1/gp53143-1-180521.jpg?imgeng=/w_960/f_webp/cmpr_20/s_7
133,https://imgcdn1.gempundit.com/media/catalog/product/g/p1/gp53143-hand-180521.jpg?imgeng=/w_960/f_webp/cmpr_20/s_7
134,https://imgcdn1.gempundit.com/media/catalog/product/g/p1/gp53143-2-180521.jpg?imgeng=/w_960/f_webp/cmpr_20/s_7
135,https://imgcdn1.gempundit.com/media/catalog/product/g/p1/gp53143-3-180521.jpg?imgeng=/w_960/f_webp/cmpr_20/s_7
136,https://imgcdn1.gempundit.com/media/catalog/product/g/p/gp95144-1-150222.jpg?imgeng=/w_960/f_webp/cmpr_20/s_7
137,https://imgcdn1.gempundit.com/media/catalog/product/g/p/gp95144-hand-150222.jpg?imgeng=/w_960/f_webp/cmpr_20/s_7
138,https://imgcdn1.gempundit.com/media/catalog/product/g/p/gp95144-2-150222.jpg?imgeng=/w_960/f_webp/cmpr_20/s_7
139,https://imgcdn1.gempundit.com/media/catalog/product/g/p/gp95144-3-150222.jpg?imgeng=/w_960/f_webp/cmpr_20/s_7
140,https://imgcdn1.gempundit.com/media/catalog/product/g/p/gp95188-1-150222.jpg?imgeng=/w_960/f_webp/cmpr_20/s_7
141,https://imgcdn1.gempundit.com/media/catalog/product/g/p/gp95188-hand-150222.jpg?imgeng=/w_960/f_webp/cmpr_20/s_7
142,https://imgcdn1.gempundit.com/media/catalog/product/g/p/gp95188-2-150222.jpg?imgeng=/w_960/f_webp/cmpr_20/s_7
143,https://imgcdn1.gempundit.com/media/catalog/product/g/p/gp95188-3-150222.jpg?imgeng=/w_960/f_webp/cmpr_20/s_7
144,https://imgcdn1.gempundit.com/media/catalog/product/g/p/gp104187-1-170922.jpg?imgeng=/w_960/f_webp/cmpr_20/s_7
145,https://imgcdn1.gempundit.com/media/catalog/product/g/p/gp104187-hand-170922.jpg?imgeng=/w_960/f_webp/cmpr_20/s_7
146,https://imgcdn1.gempundit.com/media/catalog/product/g/p/gp104187-2-170922.jpg?imgeng=/w_960/f_webp/cmpr_20/s_7
147,https://imgcdn1.gempundit.com/media/catalog/product/g/p/gp104187-3-170922.jpg?imgeng=/w_960/f_webp/cmpr_20/s_7
148,https://imgcdn1.gempundit.com/media/catalog/product/g/p1/gp54071-1-180521.jpg?imgeng=/w_960/f_webp/cmpr_20/s_7
149,https://imgcdn1.gempundit.com/media/catalog/product/g/p1/gp54071-hand-180521.jpg?imgeng=/w_960/f_webp/cmpr_20/s_7
150,https://imgcdn1.gempundit.com/media/catalog/product/g/p1/gp54071-2-180521.jpg?imgeng=/w_960/f_webp/cmpr_20/s_7
151,https://imgcdn1.gempundit.com/media/catalog/product/g/p1/gp54071-3-180521.jpg?imgeng=/w_960/f_webp/cmpr_20/s_7
152,https://imgcdn1.gempundit.com/media/catalog/product/g/p1/gp54035-1-180521.jpg?imgeng=/w_960/f_webp/cmpr_20/s_7
153,https://imgcdn1.gempundit.com/media/catalog/product/g/p1/gp54035-hand-180521.jpg?imgeng=/w_960/f_webp/cmpr_20/s_7
154,https://imgcdn1.gempundit.com/media/catalog/product/g/p1/gp54035-2-180521.jpg?imgeng=/w_960/f_webp/cmpr_20/s_7
155,https://imgcdn1.gempundit.com/media/catalog/product/g/p1/gp54035-3-180521.jpg?imgeng=/w_960/f_webp/cmpr_20/s_7
156,https://imgcdn1.gempundit.com/media/catalog/product/g/p/gp104188-1-170922.jpg?imgeng=/w_960/f_webp/cmpr_20/s_7
157,https://imgcdn1.gempundit.com/media/catalog/product/g/p/gp104188-hand-170922.jpg?imgeng=/w_960/f_webp/cmpr_20/s_7
158,https://imgcdn1.gempundit.com/media/catalog/product/g/p/gp104188-2-170922.jpg?imgeng=/w_960/f_webp/cmpr_20/s_7
159,https://imgcdn1.gempundit.com/media/catalog/product/g/p/gp104188-3-170922.jpg?imgeng=/w_960/f_webp/cmpr_20/s_7
160,https://imgcdn1.gempundit.com/media/catalog/product/g/p/gp104186-1-170922.jpg?imgeng=/w_960/f_webp/cmpr_20/s_7
161,https://imgcdn1.gempundit.com/media/catalog/product/g/p/gp104186-hand-170922.jpg?imgeng=/w_960/f_webp/cmpr_20/s_7
162,https://imgcdn1.gempundit.com/media/catalog/product/g/p/gp104186-2-170922.jpg?imgeng=/w_960/f_webp/cmpr_20/s_7
163,https://imgcdn1.gempundit.com/media/catalog/product/g/p/gp104186-3-170922.jpg?imgeng=/w_960/f_webp/cmpr_20/s_7
164,https://imgcdn1.gempundit.com/media/catalog/product/g/p/gp95136-1-170222.jpg?imgeng=/w_960/f_webp/cmpr_20/s_7
165,https://imgcdn1.gempundit.com/media/catalog/product/g/p/gp95136-hand-170222.jpg?imgeng=/w_960/f_webp/cmpr_20/s_7
166,https://imgcdn1.gempundit.com/media/catalog/product/g/p/gp95136-2-170222.jpg?imgeng=/w_960/f_webp/cmpr_20/s_7
167,https://imgcdn1.gempundit.com/media/catalog/product/g/p/gp95136-3-170222.jpg?imgeng=/w_960/f_webp/cmpr_20/s_7
168,https://imgcdn1.gempundit.com/media/catalog/product/g/p1/gp53159-1-180521.jpg?imgeng=/w_960/f_webp/cmpr_20/s_7
169,https://imgcdn1.gempundit.com/media/catalog/product/g/p1/gp53159-hand-180521.jpg?imgeng=/w_960/f_webp/cmpr_20/s_7
170,https://imgcdn1.gempundit.com/media/catalog/product/g/p1/gp53159-2-180521.jpg?imgeng=/w_960/f_webp/cmpr_20/s_7
171,https://imgcdn1.gempundit.com/media/catalog/product/g/p1/gp53159-3-180521.jpg?imgeng=/w_960/f_webp/cmpr_20/s_7
172,https://imgcdn1.gempundit.com/media/catalog/product/g/p/gp104185-1-170922.jpg?imgeng=/w_960/f_webp/cmpr_20/s_7
173,https://imgcdn1.gempundit.com/media/catalog/product/g/p/gp104185-hand-170922.jpg?imgeng=/w_960/f_webp/cmpr_20/s_7
174,https://imgcdn1.gempundit.com/media/catalog/product/g/p/gp104185-2-170922.jpg?imgeng=/w_960/f_webp/cmpr_20/s_7
175,https://imgcdn1.gempundit.com/media/catalog/product/g/p/gp104185-3-170922.jpg?imgeng=/w_960/f_webp/cmpr_20/s_7
176,https://imgcdn1.gempundit.com/media/catalog/product/g/p1/gp53164-1-180521.jpg?imgeng=/w_960/f_webp/cmpr_20/s_7
177,https://imgcdn1.gempundit.com/media/catalog/product/g/p1/gp53164-hand-180521.jpg?imgeng=/w_960/f_webp/cmpr_20/s_7
178,https://imgcdn1.gempundit.com/media/catalog/product/g/p1/gp53164-2-180521.jpg?imgeng=/w_960/f_webp/cmpr_20/s_7
179,https://imgcdn1.gempundit.com/media/catalog/product/g/p1/gp53164-3-180521.jpg?imgeng=/w_960/f_webp/cmpr_20/s_7
180,https://imgcdn1.gempundit.com/media/catalog/product/g/p/gp95137-1-170222.jpg?imgeng=/w_960/f_webp/cmpr_20/s_7
181,https://imgcdn1.gempundit.com/media/catalog/product/g/p/gp95137-hand-170222.jpg?imgeng=/w_960/f_webp/cmpr_20/s_7
182,https://imgcdn1.gempundit.com/media/catalog/product/g/p/gp95137-2-170222.jpg?imgeng=/w_960/f_webp/cmpr_20/s_7
183,https://imgcdn1.gempundit.com/media/catalog/product/g/p/gp95137-3-170222.jpg?imgeng=/w_960/f_webp/cmpr_20/s_7
184,https://imgcdn1.gempundit.com/media/catalog/product/g/p1/gp54092-1-180521.jpg?imgeng=/w_960/f_webp/cmpr_20/s_7
185,https://imgcdn1.gempundit.com/media/catalog/product/g/p1/gp54092-hand-180521.jpg?imgeng=/w_960/f_webp/cmpr_20/s_7
186,https://imgcdn1.gempundit.com/media/catalog/product/g/p1/gp54092-2-180521.jpg?imgeng=/w_960/f_webp/cmpr_20/s_7
187,https://imgcdn1.gempundit.com/media/catalog/product/g/p1/gp54092-3-180521.jpg?imgeng=/w_960/f_webp/cmpr_20/s_7
188,https://imgcdn1.gempundit.com/media/catalog/product/g/p1/gp54068-1-180521.jpg?imgeng=/w_960/f_webp/cmpr_20/s_7
189,https://imgcdn1.gempundit.com/media/catalog/product/g/p1/gp54068-hand-180521.jpg?imgeng=/w_960/f_webp/cmpr_20/s_7
190,https://imgcdn1.gempundit.com/media/catalog/product/g/p1/gp54068-2-180521.jpg?imgeng=/w_960/f_webp/cmpr_20/s_7
191,https://imgcdn1.gempundit.com/media/catalog/product/g/p1/gp54068-3-180521.jpg?imgeng=/w_960/f_webp/cmpr_20/s_7
192,https://imgcdn1.gempundit.com/media/catalog/product/g/p/gp95140-1-150222.jpg?imgeng=/w_960/f_webp/cmpr_20/s_7
193,https://imgcdn1.gempundit.com/media/catalog/product/g/p/gp95140-hand-150222.jpg?imgeng=/w_960/f_webp/cmpr_20/s_7
194,https://imgcdn1.gempundit.com/media/catalog/product/g/p/gp95140-2-150222.jpg?imgeng=/w_960/f_webp/cmpr_20/s_7
195,https://imgcdn1.gempundit.com/media/catalog/product/g/p/gp95140-3-150222.jpg?imgeng=/w_960/f_webp/cmpr_20/s_7
196,https://imgcdn1.gempundit.com/media/catalog/product/g/p1/gp53148-1-180521.jpg?imgeng=/w_960/f_webp/cmpr_20/s_7
197,https://imgcdn1.gempundit.com/media/catalog/product/g/p1/gp53148-hand-180521.jpg?imgeng=/w_960/f_webp/cmpr_20/s_7
198,https://imgcdn1.gempundit.com/media/catalog/product/g/p1/gp53148-2-180521.jpg?imgeng=/w_960/f_webp/cmpr_20/s_7
199,https://imgcdn1.gempundit.com/media/catalog/product/g/p1/gp53148-3-180521.jpg?imgeng=/w_960/f_webp/cmpr_20/s_7
200,https://imgcdn1.gempundit.com/media/catalog/product/g/p/gp95138-1-170222.jpg?imgeng=/w_960/f_webp/cmpr_20/s_7
201,https://imgcdn1.gempundit.com/media/catalog/product/g/p/gp95138-hand-170222.jpg?imgeng=/w_960/f_webp/cmpr_20/s_7
202,https://imgcdn1.gempundit.com/media/catalog/product/g/p/gp95138-2-170222.jpg?imgeng=/w_960/f_webp/cmpr_20/s_7
203,https://imgcdn1.gempundit.com/media/catalog/product/g/p/gp95138-3-170222.jpg?imgeng=/w_960/f_webp/cmpr_20/s_7
204,https://imgcdn1.gempundit.com/media/catalog/product/g/p1/gp54028-1-180521.jpg?imgeng=/w_960/f_webp/cmpr_20/s_7
205,https://imgcdn1.gempundit.com/media/catalog/product/g/p1/gp54028-hand-180521.jpg?imgeng=/w_960/f_webp/cmpr_20/s_7
206,https://imgcdn1.gempundit.com/media/catalog/product/g/p1/gp54028-2-180521.jpg?imgeng=/w_960/f_webp/cmpr_20/s_7
207,https://imgcdn1.gempundit.com/media/catalog/product/g/p1/gp54028-3-180521.jpg?imgeng=/w_960/f_webp/cmpr_20/s_7
208,https://imgcdn1.gempundit.com/media/catalog/product/g/p1/gp54039-1-180521.jpg?imgeng=/w_960/f_webp/cmpr_20/s_7
209,https://imgcdn1.gempundit.com/media/catalog/product/g/p1/gp54039-hand-180521.jpg?imgeng=/w_960/f_webp/cmpr_20/s_7
210,https://imgcdn1.gempundit.com/media/catalog/product/g/p1/gp54039-2-180521.jpg?imgeng=/w_960/f_webp/cmpr_20/s_7
211,https://imgcdn1.gempundit.com/media/catalog/product/g/p1/gp54039-3-180521.jpg?imgeng=/w_960/f_webp/cmpr_20/s_7
212,https://imgcdn1.gempundit.com/media/catalog/product/g/p/gp95135-1-170222.jpg?imgeng=/w_960/f_webp/cmpr_20/s_7
213,https://imgcdn1.gempundit.com/media/catalog/product/g/p/gp95135-hand-170222.jpg?imgeng=/w_960/f_webp/cmpr_20/s_7
214,https://imgcdn1.gempundit.com/media/catalog/product/g/p/gp95135-2-170222.jpg?imgeng=/w_960/f_webp/cmpr_20/s_7
215,https://imgcdn1.gempundit.com/media/catalog/product/g/p/gp95135-3-170222.jpg?imgeng=/w_960/f_webp/cmpr_20/s_7
216,https://imgcdn1.gempundit.com/media/catalog/product/g/p1/gp54066-1-180521.jpg?imgeng=/w_960/f_webp/cmpr_20/s_7
217,https://imgcdn1.gempundit.com/media/catalog/product/g/p1/gp54066-hand-180521.jpg?imgeng=/w_960/f_webp/cmpr_20/s_7
218,https://imgcdn1.gempundit.com/media/catalog/product/g/p1/gp54066-2-180521.jpg?imgeng=/w_960/f_webp/cmpr_20/s_7
219,https://imgcdn1.gempundit.com/media/catalog/product/g/p1/gp54066-3-180521.jpg?imgeng=/w_960/f_webp/cmpr_20/s_7
220,https://imgcdn1.gempundit.com/media/catalog/product/g/p1/gp53158-1-180521.jpg?imgeng=/w_960/f_webp/cmpr_20/s_7
221,https://imgcdn1.gempundit.com/media/catalog/product/g/p1/gp53158-hand-180521.jpg?imgeng=/w_960/f_webp/cmpr_20/s_7
222,https://imgcdn1.gempundit.com/media/catalog/product/g/p1/gp53158-2-180521.jpg?imgeng=/w_960/f_webp/cmpr_20/s_7
223,https://imgcdn1.gempundit.com/media/catalog/product/g/p1/gp53158-3-180521.jpg?imgeng=/w_960/f_webp/cmpr_20/s_7
224,https://imgcdn1.gempundit.com/media/catalog/product/g/p/gp100352-1-120722.jpg?imgeng=/w_960/f_webp/cmpr_20/s_7
225,https://imgcdn1.gempundit.com/media/catalog/product/g/p/gp100352-hand-120722.jpg?imgeng=/w_960/f_webp/cmpr_20/s_7
226,https://imgcdn1.gempundit.com/media/catalog/product/g/p/gp100352-2-120722.jpg?imgeng=/w_960/f_webp/cmpr_20/s_7
227,https://imgcdn1.gempundit.com/media/catalog/product/g/p/gp100352-3-120722.jpg?imgeng=/w_960/f_webp/cmpr_20/s_7
228,https://imgcdn1.gempundit.com/media/catalog/product/g/p1/gp53147-1-180521.jpg?imgeng=/w_960/f_webp/cmpr_20/s_7
229,https://imgcdn1.gempundit.com/media/catalog/product/g/p1/gp53147-hand-180521.jpg?imgeng=/w_960/f_webp/cmpr_20/s_7
230,https://imgcdn1.gempundit.com/media/catalog/product/g/p1/gp53147-2-180521.jpg?imgeng=/w_960/f_webp/cmpr_20/s_7
231,https://imgcdn1.gempundit.com/media/catalog/product/g/p1/gp53147-3-180521.jpg?imgeng=/w_960/f_webp/cmpr_20/s_7
232,https://imgcdn1.gempundit.com/media/catalog/product/g/p/gp100357-1-120722.jpg?imgeng=/w_960/f_webp/cmpr_20/s_7
233,https://imgcdn1.gempundit.com/media/catalog/product/g/p/gp100357-hand-120722.jpg?imgeng=/w_960/f_webp/cmpr_20/s_7
234,https://imgcdn1.gempundit.com/media/catalog/product/g/p/gp100357-2-120722.jpg?imgeng=/w_960/f_webp/cmpr_20/s_7
235,https://imgcdn1.gempundit.com/media/catalog/product/g/p/gp100357-3-120722.jpg?imgeng=/w_960/f_webp/cmpr_20/s_7
236,https://imgcdn1.gempundit.com/media/catalog/product/g/p1/gp53156-1-180521.jpg?imgeng=/w_960/f_webp/cmpr_20/s_7
237,https://imgcdn1.gempundit.com/media/catalog/product/g/p1/gp53156-hand-180521.jpg?imgeng=/w_960/f_webp/cmpr_20/s_7
238,https://imgcdn1.gempundit.com/media/catalog/product/g/p1/gp53156-2-180521.jpg?imgeng=/w_960/f_webp/cmpr_20/s_7
239,https://imgcdn1.gempundit.com/media/catalog/product/g/p1/gp53156-3-180521.jpg?imgeng=/w_960/f_webp/cmpr_20/s_7
240,https://imgcdn1.gempundit.com/media/catalog/product/g/p/gp100358-1-120722.jpg?imgeng=/w_960/f_webp/cmpr_20/s_7
241,https://imgcdn1.gempundit.com/media/catalog/product/g/p/gp100358-hand-120722.jpg?imgeng=/w_960/f_webp/cmpr_20/s_7
242,https://imgcdn1.gempundit.com/media/catalog/product/g/p/gp100358-2-120722.jpg?imgeng=/w_960/f_webp/cmpr_20/s_7
243,https://imgcdn1.gempundit.com/media/catalog/product/g/p/gp100358-3-120722.jpg?imgeng=/w_960/f_webp/cmpr_20/s_7
244,https://imgcdn1.gempundit.com/media/catalog/product/g/p1/gp54088-1-180521.jpg?imgeng=/w_960/f_webp/cmpr_20/s_7
245,https://imgcdn1.gempundit.com/media/catalog/product/g/p1/gp54088-hand-180521.jpg?imgeng=/w_960/f_webp/cmpr_20/s_7
246,https://imgcdn1.gempundit.com/media/catalog/product/g/p1/gp54088-2-180521.jpg?imgeng=/w_960/f_webp/cmpr_20/s_7
247,https://imgcdn1.gempundit.com/media/catalog/product/g/p1/gp54088-3-180521.jpg?imgeng=/w_960/f_webp/cmpr_20/s_7
248,https://imgcdn1.gempundit.com/media/catalog/product/g/p1/gp54031-1-180521.jpg?imgeng=/w_960/f_webp/cmpr_20/s_7
249,https://imgcdn1.gempundit.com/media/catalog/product/g/p1/gp54031-hand-180521.jpg?imgeng=/w_960/f_webp/cmpr_20/s_7
250,https://imgcdn1.gempundit.com/media/catalog/product/g/p1/gp54031-2-180521.jpg?imgeng=/w_960/f_webp/cmpr_20/s_7
251,https://imgcdn1.gempundit.com/media/catalog/product/g/p1/gp54031-3-180521.jpg?imgeng=/w_960/f_webp/cmpr_20/s_7
252,https://imgcdn1.gempundit.com/media/catalog/product/g/p1/gp53154-1-180521.jpg?imgeng=/w_960/f_webp/cmpr_20/s_7
253,https://imgcdn1.gempundit.com/media/catalog/product/g/p1/gp53154-hand-180521.jpg?imgeng=/w_960/f_webp/cmpr_20/s_7
254,https://imgcdn1.gempundit.com/media/catalog/product/g/p1/gp53154-2-180521.jpg?imgeng=/w_960/f_webp/cmpr_20/s_7
255,https://imgcdn1.gempundit.com/media/catalog/product/g/p1/gp53154-3-180521.jpg?imgeng=/w_960/f_webp/cmpr_20/s_7
256,https://imgcdn1.gempundit.com/media/catalog/product/g/p1/gp54087-1-180521.jpg?imgeng=/w_960/f_webp/cmpr_20/s_7
257,https://imgcdn1.gempundit.com/media/catalog/product/g/p1/gp54087-hand-180521.jpg?imgeng=/w_960/f_webp/cmpr_20/s_7
258,https://imgcdn1.gempundit.com/media/catalog/product/g/p1/gp54087-2-180521.jpg?imgeng=/w_960/f_webp/cmpr_20/s_7
259,https://imgcdn1.gempundit.com/media/catalog/product/g/p1/gp54087-3-180521.jpg?imgeng=/w_960/f_webp/cmpr_20/s_7
260,https://imgcdn1.gempundit.com/media/catalog/product/g/p1/gp54060-1-180521.jpg?imgeng=/w_960/f_webp/cmpr_20/s_7
261,https://imgcdn1.gempundit.com/media/catalog/product/g/p1/gp54060-hand-180521.jpg?imgeng=/w_960/f_webp/cmpr_20/s_7
262,https://imgcdn1.gempundit.com/media/catalog/product/g/p1/gp54060-2-180521.jpg?imgeng=/w_960/f_webp/cmpr_20/s_7
263,https://imgcdn1.gempundit.com/media/catalog/product/g/p1/gp54060-3-180521.jpg?imgeng=/w_960/f_webp/cmpr_20/s_7
264,https://imgcdn1.gempundit.com/media/catalog/product/g/p1/gp54033-1-180521.jpg?imgeng=/w_960/f_webp/cmpr_20/s_7
265,https://imgcdn1.gempundit.com/media/catalog/product/g/p1/gp54033-hand-180521.jpg?imgeng=/w_960/f_webp/cmpr_20/s_7
266,https://imgcdn1.gempundit.com/media/catalog/product/g/p1/gp54033-2-180521.jpg?imgeng=/w_960/f_webp/cmpr_20/s_7
267,https://imgcdn1.gempundit.com/media/catalog/product/g/p1/gp54033-3-180521.jpg?imgeng=/w_960/f_webp/cmpr_20/s_7
268,https://imgcdn1.gempundit.com/media/catalog/product/g/p1/gp53161-1-180521.jpg?imgeng=/w_960/f_webp/cmpr_20/s_7
269,https://imgcdn1.gempundit.com/media/catalog/product/g/p1/gp53161-hand-180521.jpg?imgeng=/w_960/f_webp/cmpr_20/s_7
270,https://imgcdn1.gempundit.com/media/catalog/product/g/p1/gp53161-2-180521.jpg?imgeng=/w_960/f_webp/cmpr_20/s_7
271,https://imgcdn1.gempundit.com/media/catalog/product/g/p1/gp53161-3-180521.jpg?imgeng=/w_960/f_webp/cmpr_20/s_7
272,https://imgcdn1.gempundit.com/media/catalog/product/g/p1/gp53157-1-180521.jpg?imgeng=/w_960/f_webp/cmpr_20/s_7
273,https://imgcdn1.gempundit.com/media/catalog/product/g/p1/gp53157-hand-180521.jpg?imgeng=/w_960/f_webp/cmpr_20/s_7
274,https://imgcdn1.gempundit.com/media/catalog/product/g/p1/gp53157-2-180521.jpg?imgeng=/w_960/f_webp/cmpr_20/s_7
275,https://imgcdn1.gempundit.com/media/catalog/product/g/p1/gp53157-3-180521.jpg?imgeng=/w_960/f_webp/cmpr_20/s_7
276,https://imgcdn1.gempundit.com/media/catalog/product/g/p1/gp54037-1-180521.jpg?imgeng=/w_960/f_webp/cmpr_20/s_7
277,https://imgcdn1.gempundit.com/media/catalog/product/g/p1/gp54037-hand-180521.jpg?imgeng=/w_960/f_webp/cmpr_20/s_7
278,https://imgcdn1.gempundit.com/media/catalog/product/g/p1/gp54037-2-180521.jpg?imgeng=/w_960/f_webp/cmpr_20/s_7
279,https://imgcdn1.gempundit.com/media/catalog/product/g/p1/gp54037-3-180521.jpg?imgeng=/w_960/f_webp/cmpr_20/s_7
280,https://imgcdn1.gempundit.com/media/catalog/product/g/p1/gp53162-1-180521.jpg?imgeng=/w_960/f_webp/cmpr_20/s_7
281,https://imgcdn1.gempundit.com/media/catalog/product/g/p1/gp53162-hand-180521.jpg?imgeng=/w_960/f_webp/cmpr_20/s_7
282,https://imgcdn1.gempundit.com/media/catalog/product/g/p1/gp53162-2-180521.jpg?imgeng=/w_960/f_webp/cmpr_20/s_7
283,https://imgcdn1.gempundit.com/media/catalog/product/g/p1/gp53162-3-180521.jpg?imgeng=/w_960/f_webp/cmpr_20/s_7
284,https://imgcdn1.gempundit.com/media/catalog/product/g/p1/gp53160-1-180521.jpg?imgeng=/w_960/f_webp/cmpr_20/s_7
285,https://imgcdn1.gempundit.com/media/catalog/product/g/p1/gp53160-hand-180521.jpg?imgeng=/w_960/f_webp/cmpr_20/s_7
286,https://imgcdn1.gempundit.com/media/catalog/product/g/p1/gp53160-2-180521.jpg?imgeng=/w_960/f_webp/cmpr_20/s_7
287,https://imgcdn1.gempundit.com/media/catalog/product/g/p1/gp53160-3-180521.jpg?imgeng=/w_960/f_webp/cmpr_20/s_7
288,https://imgcdn1.gempundit.com/media/catalog/product/g/p1/gp53153-1-180521.jpg?imgeng=/w_960/f_webp/cmpr_20/s_7
289,https://imgcdn1.gempundit.com/media/catalog/product/g/p1/gp53153-hand-180521.jpg?imgeng=/w_960/f_webp/cmpr_20/s_7
290,https://imgcdn1.gempundit.com/media/catalog/product/g/p1/gp53153-2-180521.jpg?imgeng=/w_960/f_webp/cmpr_20/s_7
291,https://imgcdn1.gempundit.com/media/catalog/product/g/p1/gp53153-3-180521.jpg?imgeng=/w_960/f_webp/cmpr_20/s_7
292,https://imgcdn1.gempundit.com/media/catalog/product/g/p1/gp54034-1-180521.jpg?imgeng=/w_960/f_webp/cmpr_20/s_7
293,https://imgcdn1.gempundit.com/media/catalog/product/g/p1/gp54034-hand-180521.jpg?imgeng=/w_960/f_webp/cmpr_20/s_7
294,https://imgcdn1.gempundit.com/media/catalog/product/g/p1/gp54034-2-180521.jpg?imgeng=/w_960/f_webp/cmpr_20/s_7
295,https://imgcdn1.gempundit.com/media/catalog/product/g/p1/gp54034-3-180521.jpg?imgeng=/w_960/f_webp/cmpr_20/s_7
296,https://imgcdn1.gempundit.com/media/catalog/product/g/p1/gp54067-1-180521.jpg?imgeng=/w_960/f_webp/cmpr_20/s_7
297,https://imgcdn1.gempundit.com/media/catalog/product/g/p1/gp54067-hand-180521.jpg?imgeng=/w_960/f_webp/cmpr_20/s_7
298,https://imgcdn1.gempundit.com/media/catalog/product/g/p1/gp54067-2-180521.jpg?imgeng=/w_960/f_webp/cmpr_20/s_7
299,https://imgcdn1.gempundit.com/media/catalog/product/g/p1/gp54067-3-180521.jpg?imgeng=/w_960/f_webp/cmpr_20/s_7
300,https://imgcdn1.gempundit.com/media/catalog/product/g/p1/gp53144-1-180521.jpg?imgeng=/w_960/f_webp/cmpr_20/s_7
301,https://imgcdn1.gempundit.com/media/catalog/product/g/p1/gp53144-hand-180521.jpg?imgeng=/w_960/f_webp/cmpr_20/s_7
302,https://imgcdn1.gempundit.com/media/catalog/product/g/p1/gp53144-2-180521.jpg?imgeng=/w_960/f_webp/cmpr_20/s_7
303,https://imgcdn1.gempundit.com/media/catalog/product/g/p1/gp53144-3-180521.jpg?imgeng=/w_960/f_webp/cmpr_20/s_7
304,https://imgcdn1.gempundit.com/media/catalog/product/g/p1/gp54080-1-180521.jpg?imgeng=/w_960/f_webp/cmpr_20/s_7
305,https://imgcdn1.gempundit.com/media/catalog/product/g/p1/gp54080-hand-180521.jpg?imgeng=/w_960/f_webp/cmpr_20/s_7
306,https://imgcdn1.gempundit.com/media/catalog/product/g/p1/gp54080-2-180521.jpg?imgeng=/w_960/f_webp/cmpr_20/s_7
307,https://imgcdn1.gempundit.com/media/catalog/product/g/p1/gp54080-3-180521.jpg?imgeng=/w_960/f_webp/cmpr_20/s_7
308,https://imgcdn1.gempundit.com/media/catalog/product/g/p/gp100350-1-120722.jpg?imgeng=/w_960/f_webp/cmpr_20/s_7
309,https://imgcdn1.gempundit.com/media/catalog/product/g/p/gp100350-hand-120722.jpg?imgeng=/w_960/f_webp/cmpr_20/s_7
310,https://imgcdn1.gempundit.com/media/catalog/product/g/p/gp100350-2-120722.jpg?imgeng=/w_960/f_webp/cmpr_20/s_7
311,https://imgcdn1.gempundit.com/media/catalog/product/g/p/gp100350-3-120722.jpg?imgeng=/w_960/f_webp/cmpr_20/s_7
312,https://imgcdn1.gempundit.com/media/catalog/product/g/p/gp100354-1-120722.jpg?imgeng=/w_960/f_webp/cmpr_20/s_7
313,https://imgcdn1.gempundit.com/media/catalog/product/g/p/gp100354-hand-120722.jpg?imgeng=/w_960/f_webp/cmpr_20/s_7
314,https://imgcdn1.gempundit.com/media/catalog/product/g/p/gp100354-2-120722.jpg?imgeng=/w_960/f_webp/cmpr_20/s_7
315,https://imgcdn1.gempundit.com/media/catalog/product/g/p/gp100354-3-120722.jpg?imgeng=/w_960/f_webp/cmpr_20/s_7
316,https://imgcdn1.gempundit.com/media/catalog/product/g/p/gp95134-1-170222.jpg?imgeng=/w_960/f_webp/cmpr_20/s_7
317,https://imgcdn1.gempundit.com/media/catalog/product/g/p/gp95134-2-170222.jpg?imgeng=/w_960/f_webp/cmpr_20/s_7
318,https://imgcdn1.gempundit.com/media/catalog/product/g/p/gp95134-3-170222.jpg?imgeng=/w_960/f_webp/cmpr_20/s_7
319,https://imgcdn1.gempundit.com/media/catalog/product/g/p1/gp54030-1-180521.jpg?imgeng=/w_960/f_webp/cmpr_20/s_7
320,https://imgcdn1.gempundit.com/media/catalog/product/g/p1/gp54030-hand-180521.jpg?imgeng=/w_960/f_webp/cmpr_20/s_7
321,https://imgcdn1.gempundit.com/media/catalog/product/g/p1/gp54030-2-180521.jpg?imgeng=/w_960/f_webp/cmpr_20/s_7
322,https://imgcdn1.gempundit.com/media/catalog/product/g/p1/gp54030-3-180521.jpg?imgeng=/w_960/f_webp/cmpr_20/s_7
323,https://imgcdn1.gempundit.com/media/catalog/product/g/p/gp95165-1-150222.jpg?imgeng=/w_960/f_webp/cmpr_20/s_7
324,https://imgcdn1.gempundit.com/media/catalog/product/g/p/gp95165-2-150222.jpg?imgeng=/w_960/f_webp/cmpr_20/s_7
325,https://imgcdn1.gempundit.com/media/catalog/product/g/p/gp95165-3-150222.jpg?imgeng=/w_960/f_webp/cmpr_20/s_7
326,https://imgcdn1.gempundit.com/media/catalog/product/g/p/gp100355-1-120722.jpg?imgeng=/w_960/f_webp/cmpr_20/s_7
327,https://imgcdn1.gempundit.com/media/catalog/product/g/p/gp100355-hand-120722.jpg?imgeng=/w_960/f_webp/cmpr_20/s_7
328,https://imgcdn1.gempundit.com/media/catalog/product/g/p/gp100355-2-120722.jpg?imgeng=/w_960/f_webp/cmpr_20/s_7
329,https://imgcdn1.gempundit.com/media/catalog/product/g/p/gp100355-3-120722.jpg?imgeng=/w_960/f_webp/cmpr_20/s_7
330,https://imgcdn1.gempundit.com/media/catalog/product/g/p/gp95166-1-150222.jpg?imgeng=/w_960/f_webp/cmpr_20/s_7
331,https://imgcdn1.gempundit.com/media/catalog/product/g/p/gp95166-2-150222.jpg?imgeng=/w_960/f_webp/cmpr_20/s_7
332,https://imgcdn1.gempundit.com/media/catalog/product/g/p/gp95166-3-150222.jpg?imgeng=/w_960/f_webp/cmpr_20/s_7
333,https://imgcdn1.gempundit.com/media/catalog/product/g/p1/gp54070-1-180521.jpg?imgeng=/w_960/f_webp/cmpr_20/s_7
334,https://imgcdn1.gempundit.com/media/catalog/product/g/p1/gp54070-hand-180521.jpg?imgeng=/w_960/f_webp/cmpr_20/s_7
335,https://imgcdn1.gempundit.com/media/catalog/product/g/p1/gp54070-2-180521.jpg?imgeng=/w_960/f_webp/cmpr_20/s_7
336,https://imgcdn1.gempundit.com/media/catalog/product/g/p1/gp54070-3-180521.jpg?imgeng=/w_960/f_webp/cmpr_20/s_7
337,https://imgcdn1.gempundit.com/media/catalog/product/g/p1/gp54072-1-180521.jpg?imgeng=/w_960/f_webp/cmpr_20/s_7
338,https://imgcdn1.gempundit.com/media/catalog/product/g/p1/gp54072-hand-180521.jpg?imgeng=/w_960/f_webp/cmpr_20/s_7
339,https://imgcdn1.gempundit.com/media/catalog/product/g/p1/gp54072-2-180521.jpg?imgeng=/w_960/f_webp/cmpr_20/s_7
340,https://imgcdn1.gempundit.com/media/catalog/product/g/p1/gp54072-3-180521.jpg?imgeng=/w_960/f_webp/cmpr_20/s_7
341,https://imgcdn1.gempundit.com/media/catalog/product/g/p1/gp53142-1-180521.jpg?imgeng=/w_960/f_webp/cmpr_20/s_7
342,https://imgcdn1.gempundit.com/media/catalog/product/g/p1/gp53142-hand-180521.jpg?imgeng=/w_960/f_webp/cmpr_20/s_7
343,https://imgcdn1.gempundit.com/media/catalog/product/g/p1/gp53142-2-180521.jpg?imgeng=/w_960/f_webp/cmpr_20/s_7
344,https://imgcdn1.gempundit.com/media/catalog/product/g/p1/gp53142-3-180521.jpg?imgeng=/w_960/f_webp/cmpr_20/s_7
345,https://imgcdn1.gempundit.com/media/catalog/product/g/p/gp95133-1-170222.jpg?imgeng=/w_960/f_webp/cmpr_20/s_7
346,https://imgcdn1.gempundit.com/media/catalog/product/g/p/gp95133-2-170222.jpg?imgeng=/w_960/f_webp/cmpr_20/s_7
347,https://imgcdn1.gempundit.com/media/catalog/product/g/p/gp95133-3-170222.jpg?imgeng=/w_960/f_webp/cmpr_20/s_7
348,https://imgcdn1.gempundit.com/media/catalog/product/g/p/gp95179-1-150222.jpg?imgeng=/w_960/f_webp/cmpr_20/s_7
349,https://imgcdn1.gempundit.com/media/catalog/product/g/p/gp95179-2-150222.jpg?imgeng=/w_960/f_webp/cmpr_20/s_7
350,https://imgcdn1.gempundit.com/media/catalog/product/g/p/gp95179-3-150222.jpg?imgeng=/w_960/f_webp/cmpr_20/s_7
351,https://imgcdn1.gempundit.com/media/catalog/product/g/p1/gp54022-1-180521.jpg?imgeng=/w_960/f_webp/cmpr_20/s_7
352,https://imgcdn1.gempundit.com/media/catalog/product/g/p1/gp54022-hand-180521.jpg?imgeng=/w_960/f_webp/cmpr_20/s_7
353,https://imgcdn1.gempundit.com/media/catalog/product/g/p1/gp54022-2-180521.jpg?imgeng=/w_960/f_webp/cmpr_20/s_7
354,https://imgcdn1.gempundit.com/media/catalog/product/g/p1/gp54022-3-180521.jpg?imgeng=/w_960/f_webp/cmpr_20/s_7
355,https://imgcdn1.gempundit.com/media/catalog/product/g/p1/gp53168-1-180521.jpg?imgeng=/w_960/f_webp/cmpr_20/s_7
356,https://imgcdn1.gempundit.com/media/catalog/product/g/p1/gp53168-hand-180521.jpg?imgeng=/w_960/f_webp/cmpr_20/s_7
357,https://imgcdn1.gempundit.com/media/catalog/product/g/p1/gp53168-2-180521.jpg?imgeng=/w_960/f_webp/cmpr_20/s_7
358,https://imgcdn1.gempundit.com/media/catalog/product/g/p1/gp53168-3-180521.jpg?imgeng=/w_960/f_webp/cmpr_20/s_7
359,https://imgcdn1.gempundit.com/media/catalog/product/g/p/gp95176-1-150222.jpg?imgeng=/w_960/f_webp/cmpr_20/s_7
360,https://imgcdn1.gempundit.com/media/catalog/product/g/p/gp95176-2-150222.jpg?imgeng=/w_960/f_webp/cmpr_20/s_7
361,https://imgcdn1.gempundit.com/media/catalog/product/g/p/gp95176-3-150222.jpg?imgeng=/w_960/f_webp/cmpr_20/s_7
362,https://imgcdn1.gempundit.com/media/catalog/product/g/p1/gp53178-1-180521.jpg?imgeng=/w_960/f_webp/cmpr_20/s_7
363,https://imgcdn1.gempundit.com/media/catalog/product/g/p1/gp53178-hand-180521.jpg?imgeng=/w_960/f_webp/cmpr_20/s_7
364,https://imgcdn1.gempundit.com/media/catalog/product/g/p1/gp53178-2-180521.jpg?imgeng=/w_960/f_webp/cmpr_20/s_7
365,https://imgcdn1.gempundit.com/media/catalog/product/g/p1/gp53178-3-180521.jpg?imgeng=/w_960/f_webp/cmpr_20/s_7
366,https://imgcdn1.gempundit.com/media/catalog/product/g/p1/gp53176-1-180521.jpg?imgeng=/w_960/f_webp/cmpr_20/s_7
367,https://imgcdn1.gempundit.com/media/catalog/product/g/p1/gp53176-hand-180521.jpg?imgeng=/w_960/f_webp/cmpr_20/s_7
368,https://imgcdn1.gempundit.com/media/catalog/product/g/p1/gp53176-2-180521.jpg?imgeng=/w_960/f_webp/cmpr_20/s_7
369,https://imgcdn1.gempundit.com/media/catalog/product/g/p1/gp53176-3-180521.jpg?imgeng=/w_960/f_webp/cmpr_20/s_7
370,https://imgcdn1.gempundit.com/media/catalog/product/g/p/gp95156-1-150222.jpg?imgeng=/w_960/f_webp/cmpr_20/s_7
371,https://imgcdn1.gempundit.com/media/catalog/product/g/p/gp95156-2-150222.jpg?imgeng=/w_960/f_webp/cmpr_20/s_7
372,https://imgcdn1.gempundit.com/media/catalog/product/g/p/gp95156-3-150222.jpg?imgeng=/w_960/f_webp/cmpr_20/s_7
373,https://imgcdn1.gempundit.com/media/catalog/product/g/p1/gp53184-1-180521.jpg?imgeng=/w_960/f_webp/cmpr_20/s_7
374,https://imgcdn1.gempundit.com/media/catalog/product/g/p1/gp53184-hand-180521.jpg?imgeng=/w_960/f_webp/cmpr_20/s_7
375,https://imgcdn1.gempundit.com/media/catalog/product/g/p1/gp53184-2-180521.jpg?imgeng=/w_960/f_webp/cmpr_20/s_7
376,https://imgcdn1.gempundit.com/media/catalog/product/g/p1/gp53184-3-180521.jpg?imgeng=/w_960/f_webp/cmpr_20/s_7
377,https://imgcdn1.gempundit.com/media/catalog/product/g/p1/gp53181-1-180521.jpg?imgeng=/w_960/f_webp/cmpr_20/s_7
378,https://imgcdn1.gempundit.com/media/catalog/product/g/p1/gp53181-hand-180521.jpg?imgeng=/w_960/f_webp/cmpr_20/s_7
379,https://imgcdn1.gempundit.com/media/catalog/product/g/p1/gp53181-2-180521.jpg?imgeng=/w_960/f_webp/cmpr_20/s_7
380,https://imgcdn1.gempundit.com/media/catalog/product/g/p1/gp53181-3-180521.jpg?imgeng=/w_960/f_webp/cmpr_20/s_7
381,https://imgcdn1.gempundit.com/media/catalog/product/g/p1/gp53169-1-180521.jpg?imgeng=/w_960/f_webp/cmpr_20/s_7
382,https://imgcdn1.gempundit.com/media/catalog/product/g/p1/gp53169-hand-180521.jpg?imgeng=/w_960/f_webp/cmpr_20/s_7
383,https://imgcdn1.gempundit.com/media/catalog/product/g/p1/gp53169-2-180521.jpg?imgeng=/w_960/f_webp/cmpr_20/s_7
384,https://imgcdn1.gempundit.com/media/catalog/product/g/p1/gp53169-3-180521.jpg?imgeng=/w_960/f_webp/cmpr_20/s_7
385,https://imgcdn1.gempundit.com/media/catalog/product/g/p1/gp53172-1-180521.jpg?imgeng=/w_960/f_webp/cmpr_20/s_7
386,https://imgcdn1.gempundit.com/media/catalog/product/g/p1/gp53172-hand-180521.jpg?imgeng=/w_960/f_webp/cmpr_20/s_7
387,https://imgcdn1.gempundit.com/media/catalog/product/g/p1/gp53172-2-180521.jpg?imgeng=/w_960/f_webp/cmpr_20/s_7
388,https://imgcdn1.gempundit.com/media/catalog/product/g/p1/gp53172-3-180521.jpg?imgeng=/w_960/f_webp/cmpr_20/s_7
389,https://imgcdn1.gempundit.com/media/catalog/product/g/p1/gp54061-1-180521.jpg?imgeng=/w_960/f_webp/cmpr_20/s_7
390,https://imgcdn1.gempundit.com/media/catalog/product/g/p1/gp54061-hand-180521.jpg?imgeng=/w_960/f_webp/cmpr_20/s_7
391,https://imgcdn1.gempundit.com/media/catalog/product/g/p1/gp54061-2-180521.jpg?imgeng=/w_960/f_webp/cmpr_20/s_7
392,https://imgcdn1.gempundit.com/media/catalog/product/g/p1/gp54061-3-180521.jpg?imgeng=/w_960/f_webp/cmpr_20/s_7
393,https://imgcdn1.gempundit.com/media/catalog/product/g/p/gp95202-1-150222.jpg?imgeng=/w_960/f_webp/cmpr_20/s_7
394,https://imgcdn1.gempundit.com/media/catalog/product/g/p/gp95202-2-150222.jpg?imgeng=/w_960/f_webp/cmpr_20/s_7
395,https://imgcdn1.gempundit.com/media/catalog/product/g/p/gp95202-3-150222.jpg?imgeng=/w_960/f_webp/cmpr_20/s_7
396,https://imgcdn1.gempundit.com/media/catalog/product/g/p1/gp66044-1-180521.jpg?imgeng=/w_960/f_webp/cmpr_20/s_7
397,https://imgcdn1.gempundit.com/media/catalog/product/g/p1/gp66044-hand-180521.jpg?imgeng=/w_960/f_webp/cmpr_20/s_7
398,https://imgcdn1.gempundit.com/media/catalog/product/g/p1/gp66044-2-180521.jpg?imgeng=/w_960/f_webp/cmpr_20/s_7
399,https://imgcdn1.gempundit.com/media/catalog/product/g/p1/gp66044-3-180521.jpg?imgeng=/w_960/f_webp/cmpr_20/s_7
400,https://imgcdn1.gempundit.com/media/catalog/product/g/p1/gp53179-1-180521.jpg?imgeng=/w_960/f_webp/cmpr_20/s_7
401,https://imgcdn1.gempundit.com/media/catalog/product/g/p1/gp53179-hand-180521.jpg?imgeng=/w_960/f_webp/cmpr_20/s_7
402,https://imgcdn1.gempundit.com/media/catalog/product/g/p1/gp53179-2-180521.jpg?imgeng=/w_960/f_webp/cmpr_20/s_7
403,https://imgcdn1.gempundit.com/media/catalog/product/g/p1/gp53179-3-180521.jpg?imgeng=/w_960/f_webp/cmpr_20/s_7
404,https://imgcdn1.gempundit.com/media/catalog/product/g/p/gp95178-1-150222.jpg?imgeng=/w_960/f_webp/cmpr_20/s_7
405,https://imgcdn1.gempundit.com/media/catalog/product/g/p/gp95178-2-150222.jpg?imgeng=/w_960/f_webp/cmpr_20/s_7
406,https://imgcdn1.gempundit.com/media/catalog/product/g/p/gp95178-3-150222.jpg?imgeng=/w_960/f_webp/cmpr_20/s_7
407,https://imgcdn1.gempundit.com/media/catalog/product/g/p1/gp66039-1-180521.jpg?imgeng=/w_960/f_webp/cmpr_20/s_7
408,https://imgcdn1.gempundit.com/media/catalog/product/g/p1/gp66039-hand-180521.jpg?imgeng=/w_960/f_webp/cmpr_20/s_7
409,https://imgcdn1.gempundit.com/media/catalog/product/g/p1/gp66039-2-180521.jpg?imgeng=/w_960/f_webp/cmpr_20/s_7
410,https://imgcdn1.gempundit.com/media/catalog/product/g/p1/gp66039-3-180521.jpg?imgeng=/w_960/f_webp/cmpr_20/s_7
411,https://imgcdn1.gempundit.com/media/catalog/product/g/p1/gp53175-1-180521.jpg?imgeng=/w_960/f_webp/cmpr_20/s_7
412,https://imgcdn1.gempundit.com/media/catalog/product/g/p1/gp53175-hand-180521.jpg?imgeng=/w_960/f_webp/cmpr_20/s_7
413,https://imgcdn1.gempundit.com/media/catalog/product/g/p1/gp53175-2-180521.jpg?imgeng=/w_960/f_webp/cmpr_20/s_7
414,https://imgcdn1.gempundit.com/media/catalog/product/g/p1/gp53175-3-180521.jpg?imgeng=/w_960/f_webp/cmpr_20/s_7
415,https://imgcdn1.gempundit.com/media/catalog/product/g/p1/gp53173-1-180521.jpg?imgeng=/w_960/f_webp/cmpr_20/s_7
416,https://imgcdn1.gempundit.com/media/catalog/product/g/p1/gp53173-hand-180521.jpg?imgeng=/w_960/f_webp/cmpr_20/s_7
417,https://imgcdn1.gempundit.com/media/catalog/product/g/p1/gp53173-2-180521.jpg?imgeng=/w_960/f_webp/cmpr_20/s_7
418,https://imgcdn1.gempundit.com/media/catalog/product/g/p1/gp53173-3-180521.jpg?imgeng=/w_960/f_webp/cmpr_20/s_7
419,https://imgcdn1.gempundit.com/media/catalog/product/g/p1/gp54082-1-180521.jpg?imgeng=/w_960/f_webp/cmpr_20/s_7
420,https://imgcdn1.gempundit.com/media/catalog/product/g/p1/gp54082-hand-180521.jpg?imgeng=/w_960/f_webp/cmpr_20/s_7
421,https://imgcdn1.gempundit.com/media/catalog/product/g/p1/gp54082-2-180521.jpg?imgeng=/w_960/f_webp/cmpr_20/s_7
422,https://imgcdn1.gempundit.com/media/catalog/product/g/p1/gp54082-3-180521.jpg?imgeng=/w_960/f_webp/cmpr_20/s_7
423,https://imgcdn1.gempundit.com/media/catalog/product/g/p1/gp53182-1-180521.jpg?imgeng=/w_960/f_webp/cmpr_20/s_7
424,https://imgcdn1.gempundit.com/media/catalog/product/g/p1/gp53182-hand-180521.jpg?imgeng=/w_960/f_webp/cmpr_20/s_7
425,https://imgcdn1.gempundit.com/media/catalog/product/g/p1/gp53182-2-180521.jpg?imgeng=/w_960/f_webp/cmpr_20/s_7
426,https://imgcdn1.gempundit.com/media/catalog/product/g/p1/gp53182-3-180521.jpg?imgeng=/w_960/f_webp/cmpr_20/s_7
427,https://imgcdn1.gempundit.com/media/catalog/product/g/p1/gp54062-1-180521.jpg?imgeng=/w_960/f_webp/cmpr_20/s_7
428,https://imgcdn1.gempundit.com/media/catalog/product/g/p1/gp54062-hand-180521.jpg?imgeng=/w_960/f_webp/cmpr_20/s_7
429,https://imgcdn1.gempundit.com/media/catalog/product/g/p1/gp54062-2-180521.jpg?imgeng=/w_960/f_webp/cmpr_20/s_7
430,https://imgcdn1.gempundit.com/media/catalog/product/g/p1/gp54062-3-180521.jpg?imgeng=/w_960/f_webp/cmpr_20/s_7
431,https://imgcdn1.gempundit.com/media/catalog/product/g/p/gp95186-1-150222.jpg?imgeng=/w_960/f_webp/cmpr_20/s_7
432,https://imgcdn1.gempundit.com/media/catalog/product/g/p/gp95186-2-150222.jpg?imgeng=/w_960/f_webp/cmpr_20/s_7
433,https://imgcdn1.gempundit.com/media/catalog/product/g/p/gp95186-3-150222.jpg?imgeng=/w_960/f_webp/cmpr_20/s_7
434,https://imgcdn1.gempundit.com/media/catalog/product/g/p1/gp66046-1-180521.jpg?imgeng=/w_960/f_webp/cmpr_20/s_7
435,https://imgcdn1.gempundit.com/media/catalog/product/g/p1/gp66046-hand-180521.jpg?imgeng=/w_960/f_webp/cmpr_20/s_7
436,https://imgcdn1.gempundit.com/media/catalog/product/g/p1/gp66046-2-180521.jpg?imgeng=/w_960/f_webp/cmpr_20/s_7
437,https://imgcdn1.gempundit.com/media/catalog/product/g/p1/gp66046-3-180521.jpg?imgeng=/w_960/f_webp/cmpr_20/s_7
438,https://imgcdn1.gempundit.com/media/catalog/product/g/p1/gp54077-1-180521.jpg?imgeng=/w_960/f_webp/cmpr_20/s_7
439,https://imgcdn1.gempundit.com/media/catalog/product/g/p1/gp54077-hand-180521.jpg?imgeng=/w_960/f_webp/cmpr_20/s_7
440,https://imgcdn1.gempundit.com/media/catalog/product/g/p1/gp54077-2-180521.jpg?imgeng=/w_960/f_webp/cmpr_20/s_7
441,https://imgcdn1.gempundit.com/media/catalog/product/g/p1/gp54077-3-180521.jpg?imgeng=/w_960/f_webp/cmpr_20/s_7
442,https://imgcdn1.gempundit.com/media/catalog/product/g/p1/gp54074-1-180521.jpg?imgeng=/w_960/f_webp/cmpr_20/s_7
443,https://imgcdn1.gempundit.com/media/catalog/product/g/p1/gp54074-hand-180521.jpg?imgeng=/w_960/f_webp/cmpr_20/s_7
444,https://imgcdn1.gempundit.com/media/catalog/product/g/p1/gp54074-2-180521.jpg?imgeng=/w_960/f_webp/cmpr_20/s_7
445,https://imgcdn1.gempundit.com/media/catalog/product/g/p1/gp54074-3-180521.jpg?imgeng=/w_960/f_webp/cmpr_20/s_7
446,https://imgcdn1.gempundit.com/media/catalog/product/g/p1/gp54029-1-180521.jpg?imgeng=/w_960/f_webp/cmpr_20/s_7
447,https://imgcdn1.gempundit.com/media/catalog/product/g/p1/gp54029-hand-180521.jpg?imgeng=/w_960/f_webp/cmpr_20/s_7
448,https://imgcdn1.gempundit.com/media/catalog/product/g/p1/gp54029-2-180521.jpg?imgeng=/w_960/f_webp/cmpr_20/s_7
449,https://imgcdn1.gempundit.com/media/catalog/product/g/p1/gp54029-3-180521.jpg?imgeng=/w_960/f_webp/cmpr_20/s_7
450,https://imgcdn1.gempundit.com/media/catalog/product/g/p1/gp53183-1-180521.jpg?imgeng=/w_960/f_webp/cmpr_20/s_7
451,https://imgcdn1.gempundit.com/media/catalog/product/g/p1/gp53183-hand-180521.jpg?imgeng=/w_960/f_webp/cmpr_20/s_7
452,https://imgcdn1.gempundit.com/media/catalog/product/g/p1/gp53183-2-180521.jpg?imgeng=/w_960/f_webp/cmpr_20/s_7
453,https://imgcdn1.gempundit.com/media/catalog/product/g/p1/gp53183-3-180521.jpg?imgeng=/w_960/f_webp/cmpr_20/s_7
454,https://imgcdn1.gempundit.com/media/catalog/product/g/p1/gp54083-1-180521.jpg?imgeng=/w_960/f_webp/cmpr_20/s_7
455,https://imgcdn1.gempundit.com/media/catalog/product/g/p1/gp54083-hand-180521.jpg?imgeng=/w_960/f_webp/cmpr_20/s_7
456,https://imgcdn1.gempundit.com/media/catalog/product/g/p1/gp54083-2-180521.jpg?imgeng=/w_960/f_webp/cmpr_20/s_7
457,https://imgcdn1.gempundit.com/media/catalog/product/g/p1/gp54083-3-180521.jpg?imgeng=/w_960/f_webp/cmpr_20/s_7
458,https://imgcdn1.gempundit.com/media/catalog/product/g/p/gp95190-1-150222.jpg?imgeng=/w_960/f_webp/cmpr_20/s_7
459,https://imgcdn1.gempundit.com/media/catalog/product/g/p/gp95190-2-150222.jpg?imgeng=/w_960/f_webp/cmpr_20/s_7
460,https://imgcdn1.gempundit.com/media/catalog/product/g/p/gp95190-3-150222.jpg?imgeng=/w_960/f_webp/cmpr_20/s_7
461,https://imgcdn1.gempundit.com/media/catalog/product/g/p/gp95183-1-150222.jpg?imgeng=/w_960/f_webp/cmpr_20/s_7
462,https://imgcdn1.gempundit.com/media/catalog/product/g/p/gp95183-2-150222.jpg?imgeng=/w_960/f_webp/cmpr_20/s_7
463,https://imgcdn1.gempundit.com/media/catalog/product/g/p/gp95183-3-150222.jpg?imgeng=/w_960/f_webp/cmpr_20/s_7
464,https://imgcdn1.gempundit.com/media/catalog/product/g/p1/gp66043-1-180521.jpg?imgeng=/w_960/f_webp/cmpr_20/s_7
465,https://imgcdn1.gempundit.com/media/catalog/product/g/p1/gp66043-hand-180521.jpg?imgeng=/w_960/f_webp/cmpr_20/s_7
466,https://imgcdn1.gempundit.com/media/catalog/product/g/p1/gp66043-2-180521.jpg?imgeng=/w_960/f_webp/cmpr_20/s_7
467,https://imgcdn1.gempundit.com/media/catalog/product/g/p1/gp66043-3-180521.jpg?imgeng=/w_960/f_webp/cmpr_20/s_7
468,https://imgcdn1.gempundit.com/media/catalog/product/g/p1/gp54085-1-180521.jpg?imgeng=/w_960/f_webp/cmpr_20/s_7
469,https://imgcdn1.gempundit.com/media/catalog/product/g/p1/gp54085-hand-180521.jpg?imgeng=/w_960/f_webp/cmpr_20/s_7
470,https://imgcdn1.gempundit.com/media/catalog/product/g/p1/gp54085-2-180521.jpg?imgeng=/w_960/f_webp/cmpr_20/s_7
471,https://imgcdn1.gempundit.com/media/catalog/product/g/p1/gp54085-3-180521.jpg?imgeng=/w_960/f_webp/cmpr_20/s_7
472,https://imgcdn1.gempundit.com/media/catalog/product/g/p/gp95157-1-150222.jpg?imgeng=/w_960/f_webp/cmpr_20/s_7
473,https://imgcdn1.gempundit.com/media/catalog/product/g/p/gp95157-2-150222.jpg?imgeng=/w_960/f_webp/cmpr_20/s_7
474,https://imgcdn1.gempundit.com/media/catalog/product/g/p/gp95157-3-150222.jpg?imgeng=/w_960/f_webp/cmpr_20/s_7
475,https://imgcdn1.gempundit.com/media/catalog/product/g/p/gp95174-1-150222.jpg?imgeng=/w_960/f_webp/cmpr_20/s_7
476,https://imgcdn1.gempundit.com/media/catalog/product/g/p/gp95174-2-150222.jpg?imgeng=/w_960/f_webp/cmpr_20/s_7
477,https://imgcdn1.gempundit.com/media/catalog/product/g/p/gp95174-3-150222.jpg?imgeng=/w_960/f_webp/cmpr_20/s_7
478,https://imgcdn1.gempundit.com/media/catalog/product/g/p/gp95181-1-150222.jpg?imgeng=/w_960/f_webp/cmpr_20/s_7
479,https://imgcdn1.gempundit.com/media/catalog/product/g/p/gp95181-2-150222.jpg?imgeng=/w_960/f_webp/cmpr_20/s_7
480,https://imgcdn1.gempundit.com/media/catalog/product/g/p/gp95181-3-150222.jpg?imgeng=/w_960/f_webp/cmpr_20/s_7
481,https://imgcdn1.gempundit.com/media/catalog/product/g/p/gp95197-1-150222.jpg?imgeng=/w_960/f_webp/cmpr_20/s_7
482,https://imgcdn1.gempundit.com/media/catalog/product/g/p/gp95197-2-150222.jpg?imgeng=/w_960/f_webp/cmpr_20/s_7
483,https://imgcdn1.gempundit.com/media/catalog/product/g/p/gp95197-3-150222.jpg?imgeng=/w_960/f_webp/cmpr_20/s_7
484,https://imgcdn1.gempundit.com/media/catalog/product/g/p/gp100353-1-120722.jpg?imgeng=/w_960/f_webp/cmpr_20/s_7
485,https://imgcdn1.gempundit.com/media/catalog/product/g/p/gp100353-hand-120722.jpg?imgeng=/w_960/f_webp/cmpr_20/s_7
486,https://imgcdn1.gempundit.com/media/catalog/product/g/p/gp100353-2-120722.jpg?imgeng=/w_960/f_webp/cmpr_20/s_7
487,https://imgcdn1.gempundit.com/media/catalog/product/g/p/gp100353-3-120722.jpg?imgeng=/w_960/f_webp/cmpr_20/s_7
488,https://imgcdn1.gempundit.com/media/catalog/product/g/p/gp95180-1-150222.jpg?imgeng=/w_960/f_webp/cmpr_20/s_7
489,https://imgcdn1.gempundit.com/media/catalog/product/g/p/gp95180-2-150222.jpg?imgeng=/w_960/f_webp/cmpr_20/s_7
490,https://imgcdn1.gempundit.com/media/catalog/product/g/p/gp95180-3-150222.jpg?imgeng=/w_960/f_webp/cmpr_20/s_7
491,https://imgcdn1.gempundit.com/media/catalog/product/g/p/gp95167-1-150222.jpg?imgeng=/w_960/f_webp/cmpr_20/s_7
492,https://imgcdn1.gempundit.com/media/catalog/product/g/p/gp95167-2-150222.jpg?imgeng=/w_960/f_webp/cmpr_20/s_7
493,https://imgcdn1.gempundit.com/media/catalog/product/g/p/gp95167-3-150222.jpg?imgeng=/w_960/f_webp/cmpr_20/s_7
494,https://imgcdn1.gempundit.com/media/catalog/product/g/p/gp95175-1-150222.jpg?imgeng=/w_960/f_webp/cmpr_20/s_7
495,https://imgcdn1.gempundit.com/media/catalog/product/g/p/gp95175-2-150222.jpg?imgeng=/w_960/f_webp/cmpr_20/s_7
496,https://imgcdn1.gempundit.com/media/catalog/product/g/p/gp95175-3-150222.jpg?imgeng=/w_960/f_webp/cmpr_20/s_7
497,https://imgcdn1.gempundit.com/media/catalog/product/g/p/gp95194-1-150222.jpg?imgeng=/w_960/f_webp/cmpr_20/s_7
498,https://imgcdn1.gempundit.com/media/catalog/product/g/p/gp95194-2-150222.jpg?imgeng=/w_960/f_webp/cmpr_20/s_7
499,https://imgcdn1.gempundit.com/media/catalog/product/g/p/gp95194-3-150222.jpg?imgeng=/w_960/f_webp/cmpr_20/s_7
500,https://imgcdn1.gempundit.com/media/catalog/product/g/p/gp95191-1-150222.jpg?imgeng=/w_960/f_webp/cmpr_20/s_7
501,https://imgcdn1.gempundit.com/media/catalog/product/g/p/gp95191-2-150222.jpg?imgeng=/w_960/f_webp/cmpr_20/s_7
502,https://imgcdn1.gempundit.com/media/catalog/product/g/p/gp95191-3-150222.jpg?imgeng=/w_960/f_webp/cmpr_20/s_7
503,https://imgcdn1.gempundit.com/media/catalog/product/g/p/gp95168-1-150222.jpg?imgeng=/w_960/f_webp/cmpr_20/s_7
504,https://imgcdn1.gempundit.com/media/catalog/product/g/p/gp95168-2-150222.jpg?imgeng=/w_960/f_webp/cmpr_20/s_7
505,https://imgcdn1.gempundit.com/media/catalog/product/g/p/gp95168-3-150222.jpg?imgeng=/w_960/f_webp/cmpr_20/s_7
506,https://imgcdn1.gempundit.com/media/catalog/product/g/p/gp95162-1-150222.jpg?imgeng=/w_960/f_webp/cmpr_20/s_7
507,https://imgcdn1.gempundit.com/media/catalog/product/g/p/gp95162-2-150222.jpg?imgeng=/w_960/f_webp/cmpr_20/s_7
508,https://imgcdn1.gempundit.com/media/catalog/product/g/p/gp95162-3-150222.jpg?imgeng=/w_960/f_webp/cmpr_20/s_7
509,https://imgcdn1.gempundit.com/media/catalog/product/g/p/gp100345-1-130722.jpg?imgeng=/w_960/f_webp/cmpr_20/s_7
510,https://imgcdn1.gempundit.com/media/catalog/product/g/p/gp100345-hand-130722.jpg?imgeng=/w_960/f_webp/cmpr_20/s_7
511,https://imgcdn1.gempundit.com/media/catalog/product/g/p/gp100345-2-130722.jpg?imgeng=/w_960/f_webp/cmpr_20/s_7
512,https://imgcdn1.gempundit.com/media/catalog/product/g/p/gp100345-3-130722.jpg?imgeng=/w_960/f_webp/cmpr_20/s_7
513,https://imgcdn1.gempundit.com/media/catalog/product/g/p/gp95182-1-150222.jpg?imgeng=/w_960/f_webp/cmpr_20/s_7
514,https://imgcdn1.gempundit.com/media/catalog/product/g/p/gp95182-2-150222.jpg?imgeng=/w_960/f_webp/cmpr_20/s_7
515,https://imgcdn1.gempundit.com/media/catalog/product/g/p/gp95182-3-150222.jpg?imgeng=/w_960/f_webp/cmpr_20/s_7
516,https://imgcdn1.gempundit.com/media/catalog/product/g/p/gp95192-1-150222.jpg?imgeng=/w_960/f_webp/cmpr_20/s_7
517,https://imgcdn1.gempundit.com/media/catalog/product/g/p/gp95192-2-150222.jpg?imgeng=/w_960/f_webp/cmpr_20/s_7
518,https://imgcdn1.gempundit.com/media/catalog/product/g/p/gp95192-3-150222.jpg?imgeng=/w_960/f_webp/cmpr_20/s_7
519,https://imgcdn1.gempundit.com/media/catalog/product/g/p/gp95171-1-150222.jpg?imgeng=/w_960/f_webp/cmpr_20/s_7
520,https://imgcdn1.gempundit.com/media/catalog/product/g/p/gp95171-2-150222.jpg?imgeng=/w_960/f_webp/cmpr_20/s_7
521,https://imgcdn1.gempundit.com/media/catalog/product/g/p/gp95171-3-150222.jpg?imgeng=/w_960/f_webp/cmpr_20/s_7
522,https://imgcdn1.gempundit.com/media/catalog/product/g/p/gp104184-1-170922.jpg?imgeng=/w_960/f_webp/cmpr_20/s_7
523,https://imgcdn1.gempundit.com/media/catalog/product/g/p/gp104184-hand-170922.jpg?imgeng=/w_960/f_webp/cmpr_20/s_7
524,https://imgcdn1.gempundit.com/media/catalog/product/g/p/gp104184-2-170922.jpg?imgeng=/w_960/f_webp/cmpr_20/s_7
525,https://imgcdn1.gempundit.com/media/catalog/product/g/p/gp104184-3-170922.jpg?imgeng=/w_960/f_webp/cmpr_20/s_7
526,https://imgcdn1.gempundit.com/media/catalog/product/g/p/gp104181-1-170922.jpg?imgeng=/w_960/f_webp/cmpr_20/s_7
527,https://imgcdn1.gempundit.com/media/catalog/product/g/p/gp104181-hand-170922.jpg?imgeng=/w_960/f_webp/cmpr_20/s_7
528,https://imgcdn1.gempundit.com/media/catalog/product/g/p/gp104181-2-170922.jpg?imgeng=/w_960/f_webp/cmpr_20/s_7
529,https://imgcdn1.gempundit.com/media/catalog/product/g/p/gp104181-3-170922.jpg?imgeng=/w_960/f_webp/cmpr_20/s_7
530,https://imgcdn1.gempundit.com/media/catalog/product/g/p/gp95160-1-150222.jpg?imgeng=/w_960/f_webp/cmpr_20/s_7
531,https://imgcdn1.gempundit.com/media/catalog/product/g/p/gp95160-2-150222.jpg?imgeng=/w_960/f_webp/cmpr_20/s_7
532,https://imgcdn1.gempundit.com/media/catalog/product/g/p/gp95160-3-150222.jpg?imgeng=/w_960/f_webp/cmpr_20/s_7
533,https://imgcdn1.gempundit.com/media/catalog/product/g/p/gp100344-1-130722.jpg?imgeng=/w_960/f_webp/cmpr_20/s_7
534,https://imgcdn1.gempundit.com/media/catalog/product/g/p/gp100344-hand-130722.jpg?imgeng=/w_960/f_webp/cmpr_20/s_7
535,https://imgcdn1.gempundit.com/media/catalog/product/g/p/gp100344-2-130722.jpg?imgeng=/w_960/f_webp/cmpr_20/s_7
536,https://imgcdn1.gempundit.com/media/catalog/product/g/p/gp100344-3-130722.jpg?imgeng=/w_960/f_webp/cmpr_20/s_7
537,https://imgcdn1.gempundit.com/media/catalog/product/g/p/gp100338-1-130722.jpg?imgeng=/w_960/f_webp/cmpr_20/s_7
538,https://imgcdn1.gempundit.com/media/catalog/product/g/p/gp100338-hand-130722.jpg?imgeng=/w_960/f_webp/cmpr_20/s_7
539,https://imgcdn1.gempundit.com/media/catalog/product/g/p/gp100338-2-130722.jpg?imgeng=/w_960/f_webp/cmpr_20/s_7
540,https://imgcdn1.gempundit.com/media/catalog/product/g/p/gp100338-3-130722.jpg?imgeng=/w_960/f_webp/cmpr_20/s_7
541,https://imgcdn1.gempundit.com/media/catalog/product/g/p/gp95196-1-150222.jpg?imgeng=/w_960/f_webp/cmpr_20/s_7
542,https://imgcdn1.gempundit.com/media/catalog/product/g/p/gp95196-2-150222.jpg?imgeng=/w_960/f_webp/cmpr_20/s_7
543,https://imgcdn1.gempundit.com/media/catalog/product/g/p/gp95196-3-150222.jpg?imgeng=/w_960/f_webp/cmpr_20/s_7
544,https://imgcdn1.gempundit.com/media/catalog/product/g/p/gp100339-1-130722.jpg?imgeng=/w_960/f_webp/cmpr_20/s_7
545,https://imgcdn1.gempundit.com/media/catalog/product/g/p/gp100339-hand-130722.jpg?imgeng=/w_960/f_webp/cmpr_20/s_7
546,https://imgcdn1.gempundit.com/media/catalog/product/g/p/gp100339-2-130722.jpg?imgeng=/w_960/f_webp/cmpr_20/s_7
547,https://imgcdn1.gempundit.com/media/catalog/product/g/p/gp100339-3-130722.jpg?imgeng=/w_960/f_webp/cmpr_20/s_7
548,https://imgcdn1.gempundit.com/media/catalog/product/g/p/gp100343-1-130722.jpg?imgeng=/w_960/f_webp/cmpr_20/s_7
549,https://imgcdn1.gempundit.com/media/catalog/product/g/p/gp100343-hand-130722.jpg?imgeng=/w_960/f_webp/cmpr_20/s_7
550,https://imgcdn1.gempundit.com/media/catalog/product/g/p/gp100343-2-130722.jpg?imgeng=/w_960/f_webp/cmpr_20/s_7
551,https://imgcdn1.gempundit.com/media/catalog/product/g/p/gp100343-3-130722.jpg?imgeng=/w_960/f_webp/cmpr_20/s_7
552,https://imgcdn1.gempundit.com/media/catalog/product/g/p/gp100341-1-130722.jpg?imgeng=/w_960/f_webp/cmpr_20/s_7
553,https://imgcdn1.gempundit.com/media/catalog/product/g/p/gp100341-hand-130722.jpg?imgeng=/w_960/f_webp/cmpr_20/s_7
554,https://imgcdn1.gempundit.com/media/catalog/product/g/p/gp100341-2-130722.jpg?imgeng=/w_960/f_webp/cmpr_20/s_7
555,https://imgcdn1.gempundit.com/media/catalog/product/g/p/gp100341-3-130722.jpg?imgeng=/w_960/f_webp/cmpr_20/s_7
556,https://imgcdn1.gempundit.com/media/catalog/product/g/p/gp104183-1-170922.jpg?imgeng=/w_960/f_webp/cmpr_20/s_7
557,https://imgcdn1.gempundit.com/media/catalog/product/g/p/gp104183-hand-170922.jpg?imgeng=/w_960/f_webp/cmpr_20/s_7
558,https://imgcdn1.gempundit.com/media/catalog/product/g/p/gp104183-2-170922.jpg?imgeng=/w_960/f_webp/cmpr_20/s_7
559,https://imgcdn1.gempundit.com/media/catalog/product/g/p/gp104183-3-170922.jpg?imgeng=/w_960/f_webp/cmpr_20/s_7
560,https://imgcdn1.gempundit.com/media/catalog/product/g/p/gp100342-1-130722.jpg?imgeng=/w_960/f_webp/cmpr_20/s_7
561,https://imgcdn1.gempundit.com/media/catalog/product/g/p/gp100342-hand-130722.jpg?imgeng=/w_960/f_webp/cmpr_20/s_7
562,https://imgcdn1.gempundit.com/media/catalog/product/g/p/gp100342-2-130722.jpg?imgeng=/w_960/f_webp/cmpr_20/s_7
563,https://imgcdn1.gempundit.com/media/catalog/product/g/p/gp100342-3-130722.jpg?imgeng=/w_960/f_webp/cmpr_20/s_7
564,https://imgcdn1.gempundit.com/media/catalog/product/g/p/gp104180-1-170922.jpg?imgeng=/w_960/f_webp/cmpr_20/s_7
565,https://imgcdn1.gempundit.com/media/catalog/product/g/p/gp104180-hand-170922.jpg?imgeng=/w_960/f_webp/cmpr_20/s_7
566,https://imgcdn1.gempundit.com/media/catalog/product/g/p/gp104180-2-170922.jpg?imgeng=/w_960/f_webp/cmpr_20/s_7
567,https://imgcdn1.gempundit.com/media/catalog/product/g/p/gp104180-3-170922.jpg?imgeng=/w_960/f_webp/cmpr_20/s_7
568,https://imgcdn1.gempundit.com/media/catalog/product/g/p/gp100347-1-130722.jpg?imgeng=/w_960/f_webp/cmpr_20/s_7
569,https://imgcdn1.gempundit.com/media/catalog/product/g/p/gp100347-hand-130722.jpg?imgeng=/w_960/f_webp/cmpr_20/s_7
570,https://imgcdn1.gempundit.com/media/catalog/product/g/p/gp100347-2-130722.jpg?imgeng=/w_960/f_webp/cmpr_20/s_7
571,https://imgcdn1.gempundit.com/media/catalog/product/g/p/gp100347-3-130722.jpg?imgeng=/w_960/f_webp/cmpr_20/s_7
