,Kunzite
0,https://imgcdn1.gempundit.com/media/catalog/product/g/p/gp104859-1-220922.jpg?imgeng=/w_960/f_webp/cmpr_20/s_7
1,https://imgcdn1.gempundit.com/media/catalog/product/g/p/gp104859-hand-220922.jpg?imgeng=/w_960/f_webp/cmpr_20/s_7
2,https://imgcdn1.gempundit.com/media/catalog/product/g/p/gp104859-2-220922.jpg?imgeng=/w_960/f_webp/cmpr_20/s_7
3,https://imgcdn1.gempundit.com/media/catalog/product/g/p/gp104859-3-220922.jpg?imgeng=/w_960/f_webp/cmpr_20/s_7
4,https://imgcdn1.gempundit.com/media/catalog/product/g/p/gp104841-1-230922.jpg?imgeng=/w_960/f_webp/cmpr_20/s_7
5,https://imgcdn1.gempundit.com/media/catalog/product/g/p/gp104841-hand-230922.jpg?imgeng=/w_960/f_webp/cmpr_20/s_7
6,https://imgcdn1.gempundit.com/media/catalog/product/g/p/gp104841-2-230922.jpg?imgeng=/w_960/f_webp/cmpr_20/s_7
7,https://imgcdn1.gempundit.com/media/catalog/product/g/p/gp104841-3-230922.jpg?imgeng=/w_960/f_webp/cmpr_20/s_7
8,https://imgcdn1.gempundit.com/media/catalog/product/g/p/gp104855-1-230922.jpg?imgeng=/w_960/f_webp/cmpr_20/s_7
9,https://imgcdn1.gempundit.com/media/catalog/product/g/p/gp104855-hand-230922.jpg?imgeng=/w_960/f_webp/cmpr_20/s_7
10,https://imgcdn1.gempundit.com/media/catalog/product/g/p/gp104855-2-230922.jpg?imgeng=/w_960/f_webp/cmpr_20/s_7
11,https://imgcdn1.gempundit.com/media/catalog/product/g/p/gp104855-3-230922.jpg?imgeng=/w_960/f_webp/cmpr_20/s_7
12,https://imgcdn1.gempundit.com/media/catalog/product/g/p/gp104853-1-230922.jpg?imgeng=/w_960/f_webp/cmpr_20/s_7
13,https://imgcdn1.gempundit.com/media/catalog/product/g/p/gp104853-hand-230922.jpg?imgeng=/w_960/f_webp/cmpr_20/s_7
14,https://imgcdn1.gempundit.com/media/catalog/product/g/p/gp104853-2-230922.jpg?imgeng=/w_960/f_webp/cmpr_20/s_7
15,https://imgcdn1.gempundit.com/media/catalog/product/g/p/gp104853-3-230922.jpg?imgeng=/w_960/f_webp/cmpr_20/s_7
16,https://imgcdn1.gempundit.com/media/catalog/product/g/p/gp104857-1-230922.jpg?imgeng=/w_960/f_webp/cmpr_20/s_7
17,https://imgcdn1.gempundit.com/media/catalog/product/g/p/gp104857-hand-230922.jpg?imgeng=/w_960/f_webp/cmpr_20/s_7
18,https://imgcdn1.gempundit.com/media/catalog/product/g/p/gp104857-2-230922.jpg?imgeng=/w_960/f_webp/cmpr_20/s_7
19,https://imgcdn1.gempundit.com/media/catalog/product/g/p/gp104857-3-230922.jpg?imgeng=/w_960/f_webp/cmpr_20/s_7
20,https://imgcdn1.gempundit.com/media/catalog/product/g/p/gp104848-1-260922.jpg?imgeng=/w_960/f_webp/cmpr_20/s_7
21,https://imgcdn1.gempundit.com/media/catalog/product/g/p/gp104848-hand-260922.jpg?imgeng=/w_960/f_webp/cmpr_20/s_7
22,https://imgcdn1.gempundit.com/media/catalog/product/g/p/gp104848-2-260922.jpg?imgeng=/w_960/f_webp/cmpr_20/s_7
23,https://imgcdn1.gempundit.com/media/catalog/product/g/p/gp104848-3-260922.jpg?imgeng=/w_960/f_webp/cmpr_20/s_7
24,https://imgcdn1.gempundit.com/media/catalog/product/g/p/gp104846-1-260922.jpg?imgeng=/w_960/f_webp/cmpr_20/s_7
25,https://imgcdn1.gempundit.com/media/catalog/product/g/p/gp104846-hand-260922.jpg?imgeng=/w_960/f_webp/cmpr_20/s_7
26,https://imgcdn1.gempundit.com/media/catalog/product/g/p/gp104846-2-260922.jpg?imgeng=/w_960/f_webp/cmpr_20/s_7
27,https://imgcdn1.gempundit.com/media/catalog/product/g/p/gp104846-3-260922.jpg?imgeng=/w_960/f_webp/cmpr_20/s_7
28,https://imgcdn1.gempundit.com/media/catalog/product/g/p/gp104842-1-230922.jpg?imgeng=/w_960/f_webp/cmpr_20/s_7
29,https://imgcdn1.gempundit.com/media/catalog/product/g/p/gp104842-hand-230922.jpg?imgeng=/w_960/f_webp/cmpr_20/s_7
30,https://imgcdn1.gempundit.com/media/catalog/product/g/p/gp104842-2-230922.jpg?imgeng=/w_960/f_webp/cmpr_20/s_7
31,https://imgcdn1.gempundit.com/media/catalog/product/g/p/gp104842-3-230922.jpg?imgeng=/w_960/f_webp/cmpr_20/s_7
32,https://imgcdn1.gempundit.com/media/catalog/product/g/p/gp104850-1-200922.jpg?imgeng=/w_960/f_webp/cmpr_20/s_7
33,https://imgcdn1.gempundit.com/media/catalog/product/g/p/gp104850-2-200922.jpg?imgeng=/w_960/f_webp/cmpr_20/s_7
34,https://imgcdn1.gempundit.com/media/catalog/product/g/p/gp104850-3-200922.jpg?imgeng=/w_960/f_webp/cmpr_20/s_7
35,https://imgcdn1.gempundit.com/media/catalog/product/g/p/gp104838-1-230922.jpg?imgeng=/w_960/f_webp/cmpr_20/s_7
36,https://imgcdn1.gempundit.com/media/catalog/product/g/p/gp104838-hand-230922.jpg?imgeng=/w_960/f_webp/cmpr_20/s_7
37,https://imgcdn1.gempundit.com/media/catalog/product/g/p/gp104838-2-230922.jpg?imgeng=/w_960/f_webp/cmpr_20/s_7
38,https://imgcdn1.gempundit.com/media/catalog/product/g/p/gp104838-3-230922.jpg?imgeng=/w_960/f_webp/cmpr_20/s_7
39,https://imgcdn1.gempundit.com/media/catalog/product/g/p/gp104847-1-230922.jpg?imgeng=/w_960/f_webp/cmpr_20/s_7
40,https://imgcdn1.gempundit.com/media/catalog/product/g/p/gp104847-hand-230922.jpg?imgeng=/w_960/f_webp/cmpr_20/s_7
41,https://imgcdn1.gempundit.com/media/catalog/product/g/p/gp104847-2-230922.jpg?imgeng=/w_960/f_webp/cmpr_20/s_7
42,https://imgcdn1.gempundit.com/media/catalog/product/g/p/gp104847-3-230922.jpg?imgeng=/w_960/f_webp/cmpr_20/s_7
43,https://imgcdn1.gempundit.com/media/catalog/product/g/p/gp104851-1-230922.jpg?imgeng=/w_960/f_webp/cmpr_20/s_7
44,https://imgcdn1.gempundit.com/media/catalog/product/g/p/gp104851-hand-230922.jpg?imgeng=/w_960/f_webp/cmpr_20/s_7
45,https://imgcdn1.gempundit.com/media/catalog/product/g/p/gp104851-2-230922.jpg?imgeng=/w_960/f_webp/cmpr_20/s_7
46,https://imgcdn1.gempundit.com/media/catalog/product/g/p/gp104851-3-230922.jpg?imgeng=/w_960/f_webp/cmpr_20/s_7
47,https://imgcdn1.gempundit.com/media/catalog/product/g/p/gp104844-1-230922.jpg?imgeng=/w_960/f_webp/cmpr_20/s_7
48,https://imgcdn1.gempundit.com/media/catalog/product/g/p/gp104844-hand-230922.jpg?imgeng=/w_960/f_webp/cmpr_20/s_7
49,https://imgcdn1.gempundit.com/media/catalog/product/g/p/gp104844-2-230922.jpg?imgeng=/w_960/f_webp/cmpr_20/s_7
50,https://imgcdn1.gempundit.com/media/catalog/product/g/p/gp104844-3-230922.jpg?imgeng=/w_960/f_webp/cmpr_20/s_7
51,https://imgcdn1.gempundit.com/media/catalog/product/g/p/gp104849-1-230922.jpg?imgeng=/w_960/f_webp/cmpr_20/s_7
52,https://imgcdn1.gempundit.com/media/catalog/product/g/p/gp104849-hand-230922.jpg?imgeng=/w_960/f_webp/cmpr_20/s_7
53,https://imgcdn1.gempundit.com/media/catalog/product/g/p/gp104849-2-230922.jpg?imgeng=/w_960/f_webp/cmpr_20/s_7
54,https://imgcdn1.gempundit.com/media/catalog/product/g/p/gp104849-3-230922.jpg?imgeng=/w_960/f_webp/cmpr_20/s_7
55,https://imgcdn1.gempundit.com/media/catalog/product/g/p/gp104833-1-230922.jpg?imgeng=/w_960/f_webp/cmpr_20/s_7
56,https://imgcdn1.gempundit.com/media/catalog/product/g/p/gp104833-hand-230922.jpg?imgeng=/w_960/f_webp/cmpr_20/s_7
57,https://imgcdn1.gempundit.com/media/catalog/product/g/p/gp104833-2-230922.jpg?imgeng=/w_960/f_webp/cmpr_20/s_7
58,https://imgcdn1.gempundit.com/media/catalog/product/g/p/gp104833-3-230922.jpg?imgeng=/w_960/f_webp/cmpr_20/s_7
59,https://imgcdn1.gempundit.com/media/catalog/product/g/p/gp104839-1-260922.jpg?imgeng=/w_960/f_webp/cmpr_20/s_7
60,https://imgcdn1.gempundit.com/media/catalog/product/g/p/gp104839-hand-260922.jpg?imgeng=/w_960/f_webp/cmpr_20/s_7
61,https://imgcdn1.gempundit.com/media/catalog/product/g/p/gp104839-2-260922.jpg?imgeng=/w_960/f_webp/cmpr_20/s_7
62,https://imgcdn1.gempundit.com/media/catalog/product/g/p/gp104839-3-260922.jpg?imgeng=/w_960/f_webp/cmpr_20/s_7
63,https://imgcdn1.gempundit.com/media/catalog/product/g/p/gp104826-1-230922.jpg?imgeng=/w_960/f_webp/cmpr_20/s_7
64,https://imgcdn1.gempundit.com/media/catalog/product/g/p/gp104826-2-230922.jpg?imgeng=/w_960/f_webp/cmpr_20/s_7
65,https://imgcdn1.gempundit.com/media/catalog/product/g/p/gp104826-3-230922.jpg?imgeng=/w_960/f_webp/cmpr_20/s_7
66,https://imgcdn1.gempundit.com/media/catalog/product/g/p/gp104860-1-230922.jpg?imgeng=/w_960/f_webp/cmpr_20/s_7
67,https://imgcdn1.gempundit.com/media/catalog/product/g/p/gp104860-2-230922.jpg?imgeng=/w_960/f_webp/cmpr_20/s_7
68,https://imgcdn1.gempundit.com/media/catalog/product/g/p/gp104860-3-230922.jpg?imgeng=/w_960/f_webp/cmpr_20/s_7
69,https://imgcdn1.gempundit.com/media/catalog/product/g/p/gp104858-1-220922.jpg?imgeng=/w_960/f_webp/cmpr_20/s_7
70,https://imgcdn1.gempundit.com/media/catalog/product/g/p/gp104858-hand-220922.jpg?imgeng=/w_960/f_webp/cmpr_20/s_7
71,https://imgcdn1.gempundit.com/media/catalog/product/g/p/gp104858-2-220922.jpg?imgeng=/w_960/f_webp/cmpr_20/s_7
72,https://imgcdn1.gempundit.com/media/catalog/product/g/p/gp104858-3-220922.jpg?imgeng=/w_960/f_webp/cmpr_20/s_7
73,https://imgcdn1.gempundit.com/media/catalog/product/g/p/gp104840-1-121022.jpg?imgeng=/w_960/f_webp/cmpr_20/s_7
74,https://imgcdn1.gempundit.com/media/catalog/product/g/p/gp104840-hand-121022.jpg?imgeng=/w_960/f_webp/cmpr_20/s_7
75,https://imgcdn1.gempundit.com/media/catalog/product/g/p/gp104840-2-121022.jpg?imgeng=/w_960/f_webp/cmpr_20/s_7
76,https://imgcdn1.gempundit.com/media/catalog/product/g/p/gp104840-3-121022.jpg?imgeng=/w_960/f_webp/cmpr_20/s_7
77,https://imgcdn1.gempundit.com/media/catalog/product/g/p/gp104856-1-200922.jpg?imgeng=/w_960/f_webp/cmpr_20/s_7
78,https://imgcdn1.gempundit.com/media/catalog/product/g/p/gp104856-2-200922.jpg?imgeng=/w_960/f_webp/cmpr_20/s_7
79,https://imgcdn1.gempundit.com/media/catalog/product/g/p/gp104856-3-200922.jpg?imgeng=/w_960/f_webp/cmpr_20/s_7
80,https://imgcdn1.gempundit.com/media/catalog/product/g/p/gp104869-1-200922.jpg?imgeng=/w_960/f_webp/cmpr_20/s_7
81,https://imgcdn1.gempundit.com/media/catalog/product/g/p/gp104869-2-200922.jpg?imgeng=/w_960/f_webp/cmpr_20/s_7
82,https://imgcdn1.gempundit.com/media/catalog/product/g/p/gp104869-3-200922.jpg?imgeng=/w_960/f_webp/cmpr_20/s_7
83,https://imgcdn1.gempundit.com/media/catalog/product/g/p/gp104822-1-230922.jpg?imgeng=/w_960/f_webp/cmpr_20/s_7
84,https://imgcdn1.gempundit.com/media/catalog/product/g/p/gp104822-2-230922.jpg?imgeng=/w_960/f_webp/cmpr_20/s_7
85,https://imgcdn1.gempundit.com/media/catalog/product/g/p/gp104822-3-230922.jpg?imgeng=/w_960/f_webp/cmpr_20/s_7
86,https://imgcdn1.gempundit.com/media/catalog/product/g/p/gp104836-1-200922.jpg?imgeng=/w_960/f_webp/cmpr_20/s_7
87,https://imgcdn1.gempundit.com/media/catalog/product/g/p/gp104836-2-200922.jpg?imgeng=/w_960/f_webp/cmpr_20/s_7
88,https://imgcdn1.gempundit.com/media/catalog/product/g/p/gp104836-3-200922.jpg?imgeng=/w_960/f_webp/cmpr_20/s_7
89,https://imgcdn1.gempundit.com/media/catalog/product/g/p/gp104823-1-260922.jpg?imgeng=/w_960/f_webp/cmpr_20/s_7
90,https://imgcdn1.gempundit.com/media/catalog/product/g/p/gp104823-2-260922.jpg?imgeng=/w_960/f_webp/cmpr_20/s_7
91,https://imgcdn1.gempundit.com/media/catalog/product/g/p/gp104823-3-260922.jpg?imgeng=/w_960/f_webp/cmpr_20/s_7
92,https://imgcdn1.gempundit.com/media/catalog/product/g/p/gp104837-1-200922.jpg?imgeng=/w_960/f_webp/cmpr_20/s_7
93,https://imgcdn1.gempundit.com/media/catalog/product/g/p/gp104837-2-200922.jpg?imgeng=/w_960/f_webp/cmpr_20/s_7
94,https://imgcdn1.gempundit.com/media/catalog/product/g/p/gp104837-3-200922.jpg?imgeng=/w_960/f_webp/cmpr_20/s_7
95,https://imgcdn1.gempundit.com/media/catalog/product/g/p/gp104827-1-200922.jpg?imgeng=/w_960/f_webp/cmpr_20/s_7
96,https://imgcdn1.gempundit.com/media/catalog/product/g/p/gp104827-2-200922.jpg?imgeng=/w_960/f_webp/cmpr_20/s_7
97,https://imgcdn1.gempundit.com/media/catalog/product/g/p/gp104827-3-200922.jpg?imgeng=/w_960/f_webp/cmpr_20/s_7
98,https://imgcdn1.gempundit.com/media/catalog/product/g/p/gp104865-1-200922.jpg?imgeng=/w_960/f_webp/cmpr_20/s_7
99,https://imgcdn1.gempundit.com/media/catalog/product/g/p/gp104865-2-200922.jpg?imgeng=/w_960/f_webp/cmpr_20/s_7
100,https://imgcdn1.gempundit.com/media/catalog/product/g/p/gp104865-3-200922.jpg?imgeng=/w_960/f_webp/cmpr_20/s_7
101,https://imgcdn1.gempundit.com/media/catalog/product/g/p/gp104825-1-230922.jpg?imgeng=/w_960/f_webp/cmpr_20/s_7
102,https://imgcdn1.gempundit.com/media/catalog/product/g/p/gp104825-2-230922.jpg?imgeng=/w_960/f_webp/cmpr_20/s_7
103,https://imgcdn1.gempundit.com/media/catalog/product/g/p/gp104825-3-230922.jpg?imgeng=/w_960/f_webp/cmpr_20/s_7
104,https://imgcdn1.gempundit.com/media/catalog/product/g/p/gp104701-1-230922.jpg?imgeng=/w_960/f_webp/cmpr_20/s_7
105,https://imgcdn1.gempundit.com/media/catalog/product/g/p/gp104701-hand-230922.jpg?imgeng=/w_960/f_webp/cmpr_20/s_7
106,https://imgcdn1.gempundit.com/media/catalog/product/g/p/gp104701-2-230922.jpg?imgeng=/w_960/f_webp/cmpr_20/s_7
107,https://imgcdn1.gempundit.com/media/catalog/product/g/p/gp104701-3-230922.jpg?imgeng=/w_960/f_webp/cmpr_20/s_7
108,https://imgcdn1.gempundit.com/media/catalog/product/g/p/gp104852-1-200922.jpg?imgeng=/w_960/f_webp/cmpr_20/s_7
109,https://imgcdn1.gempundit.com/media/catalog/product/g/p/gp104852-2-200922.jpg?imgeng=/w_960/f_webp/cmpr_20/s_7
110,https://imgcdn1.gempundit.com/media/catalog/product/g/p/gp104852-3-200922.jpg?imgeng=/w_960/f_webp/cmpr_20/s_7
111,https://imgcdn1.gempundit.com/media/catalog/product/g/p/gp104834-1-200922.jpg?imgeng=/w_960/f_webp/cmpr_20/s_7
112,https://imgcdn1.gempundit.com/media/catalog/product/g/p/gp104834-2-200922.jpg?imgeng=/w_960/f_webp/cmpr_20/s_7
113,https://imgcdn1.gempundit.com/media/catalog/product/g/p/gp104834-3-200922.jpg?imgeng=/w_960/f_webp/cmpr_20/s_7
114,https://imgcdn1.gempundit.com/media/catalog/product/g/p/gp104821-1-230922.jpg?imgeng=/w_960/f_webp/cmpr_20/s_7
115,https://imgcdn1.gempundit.com/media/catalog/product/g/p/gp104821-2-230922.jpg?imgeng=/w_960/f_webp/cmpr_20/s_7
116,https://imgcdn1.gempundit.com/media/catalog/product/g/p/gp104821-3-230922.jpg?imgeng=/w_960/f_webp/cmpr_20/s_7
117,https://imgcdn1.gempundit.com/media/catalog/product/g/p/gp104876-1-200922.jpg?imgeng=/w_960/f_webp/cmpr_20/s_7
118,https://imgcdn1.gempundit.com/media/catalog/product/g/p/gp104876-2-200922.jpg?imgeng=/w_960/f_webp/cmpr_20/s_7
119,https://imgcdn1.gempundit.com/media/catalog/product/g/p/gp104876-3-200922.jpg?imgeng=/w_960/f_webp/cmpr_20/s_7
120,https://imgcdn1.gempundit.com/media/catalog/product/g/p/gp104875-1-200922.jpg?imgeng=/w_960/f_webp/cmpr_20/s_7
121,https://imgcdn1.gempundit.com/media/catalog/product/g/p/gp104875-2-200922.jpg?imgeng=/w_960/f_webp/cmpr_20/s_7
122,https://imgcdn1.gempundit.com/media/catalog/product/g/p/gp104875-3-200922.jpg?imgeng=/w_960/f_webp/cmpr_20/s_7
123,https://imgcdn1.gempundit.com/media/catalog/product/g/p/gp104829-1-200922.jpg?imgeng=/w_960/f_webp/cmpr_20/s_7
124,https://imgcdn1.gempundit.com/media/catalog/product/g/p/gp104829-2-200922.jpg?imgeng=/w_960/f_webp/cmpr_20/s_7
125,https://imgcdn1.gempundit.com/media/catalog/product/g/p/gp104829-3-200922.jpg?imgeng=/w_960/f_webp/cmpr_20/s_7
126,https://imgcdn1.gempundit.com/media/catalog/product/g/p/gp104889-1-230922.jpg?imgeng=/w_960/f_webp/cmpr_20/s_7
127,https://imgcdn1.gempundit.com/media/catalog/product/g/p/gp104889-hand-230922.jpg?imgeng=/w_960/f_webp/cmpr_20/s_7
128,https://imgcdn1.gempundit.com/media/catalog/product/g/p/gp104889-2-230922.jpg?imgeng=/w_960/f_webp/cmpr_20/s_7
129,https://imgcdn1.gempundit.com/media/catalog/product/g/p/gp104889-3-230922.jpg?imgeng=/w_960/f_webp/cmpr_20/s_7
130,https://imgcdn1.gempundit.com/media/catalog/product/g/p/gp104861-1-230922.jpg?imgeng=/w_960/f_webp/cmpr_20/s_7
131,https://imgcdn1.gempundit.com/media/catalog/product/g/p/gp104861-hand-230922.jpg?imgeng=/w_960/f_webp/cmpr_20/s_7
132,https://imgcdn1.gempundit.com/media/catalog/product/g/p/gp104861-2-230922.jpg?imgeng=/w_960/f_webp/cmpr_20/s_7
133,https://imgcdn1.gempundit.com/media/catalog/product/g/p/gp104861-3-230922.jpg?imgeng=/w_960/f_webp/cmpr_20/s_7
134,https://imgcdn1.gempundit.com/media/catalog/product/g/p/gp104872-1-200922.jpg?imgeng=/w_960/f_webp/cmpr_20/s_7
135,https://imgcdn1.gempundit.com/media/catalog/product/g/p/gp104872-2-200922.jpg?imgeng=/w_960/f_webp/cmpr_20/s_7
136,https://imgcdn1.gempundit.com/media/catalog/product/g/p/gp104872-3-200922.jpg?imgeng=/w_960/f_webp/cmpr_20/s_7
137,https://imgcdn1.gempundit.com/media/catalog/product/g/p/gp104854-1-230922.jpg?imgeng=/w_960/f_webp/cmpr_20/s_7
138,https://imgcdn1.gempundit.com/media/catalog/product/g/p/gp104854-2-230922.jpg?imgeng=/w_960/f_webp/cmpr_20/s_7
139,https://imgcdn1.gempundit.com/media/catalog/product/g/p/gp104854-3-230922.jpg?imgeng=/w_960/f_webp/cmpr_20/s_7
140,https://imgcdn1.gempundit.com/media/catalog/product/g/p/gp104835-1-200922.jpg?imgeng=/w_960/f_webp/cmpr_20/s_7
141,https://imgcdn1.gempundit.com/media/catalog/product/g/p/gp104835-2-200922.jpg?imgeng=/w_960/f_webp/cmpr_20/s_7
142,https://imgcdn1.gempundit.com/media/catalog/product/g/p/gp104835-3-200922.jpg?imgeng=/w_960/f_webp/cmpr_20/s_7
143,https://imgcdn1.gempundit.com/media/catalog/product/g/p/gp104828-1-200922.jpg?imgeng=/w_960/f_webp/cmpr_20/s_7
144,https://imgcdn1.gempundit.com/media/catalog/product/g/p/gp104828-2-200922.jpg?imgeng=/w_960/f_webp/cmpr_20/s_7
145,https://imgcdn1.gempundit.com/media/catalog/product/g/p/gp104828-3-200922.jpg?imgeng=/w_960/f_webp/cmpr_20/s_7
146,https://imgcdn1.gempundit.com/media/catalog/product/g/p/gp104824-1-230922.jpg?imgeng=/w_960/f_webp/cmpr_20/s_7
147,https://imgcdn1.gempundit.com/media/catalog/product/g/p/gp104824-2-230922.jpg?imgeng=/w_960/f_webp/cmpr_20/s_7
148,https://imgcdn1.gempundit.com/media/catalog/product/g/p/gp104824-3-230922.jpg?imgeng=/w_960/f_webp/cmpr_20/s_7
149,https://imgcdn1.gempundit.com/media/catalog/product/g/p/gp104866-1-200922.jpg?imgeng=/w_960/f_webp/cmpr_20/s_7
150,https://imgcdn1.gempundit.com/media/catalog/product/g/p/gp104866-2-200922.jpg?imgeng=/w_960/f_webp/cmpr_20/s_7
151,https://imgcdn1.gempundit.com/media/catalog/product/g/p/gp104866-3-200922.jpg?imgeng=/w_960/f_webp/cmpr_20/s_7
152,https://imgcdn1.gempundit.com/media/catalog/product/g/p/gp104868-1-200922.jpg?imgeng=/w_960/f_webp/cmpr_20/s_7
153,https://imgcdn1.gempundit.com/media/catalog/product/g/p/gp104868-2-200922.jpg?imgeng=/w_960/f_webp/cmpr_20/s_7
154,https://imgcdn1.gempundit.com/media/catalog/product/g/p/gp104868-3-200922.jpg?imgeng=/w_960/f_webp/cmpr_20/s_7
155,https://imgcdn1.gempundit.com/media/catalog/product/g/p/gp104862-1-200922.jpg?imgeng=/w_960/f_webp/cmpr_20/s_7
156,https://imgcdn1.gempundit.com/media/catalog/product/g/p/gp104862-2-200922.jpg?imgeng=/w_960/f_webp/cmpr_20/s_7
157,https://imgcdn1.gempundit.com/media/catalog/product/g/p/gp104862-3-200922.jpg?imgeng=/w_960/f_webp/cmpr_20/s_7
158,https://imgcdn1.gempundit.com/media/catalog/product/g/p/gp104887-1-220922.jpg?imgeng=/w_960/f_webp/cmpr_20/s_7
159,https://imgcdn1.gempundit.com/media/catalog/product/g/p/gp104887-hand-220922.jpg?imgeng=/w_960/f_webp/cmpr_20/s_7
160,https://imgcdn1.gempundit.com/media/catalog/product/g/p/gp104887-2-220922.jpg?imgeng=/w_960/f_webp/cmpr_20/s_7
161,https://imgcdn1.gempundit.com/media/catalog/product/g/p/gp104887-3-220922.jpg?imgeng=/w_960/f_webp/cmpr_20/s_7
162,https://imgcdn1.gempundit.com/media/catalog/product/g/p/gp104873-1-200922.jpg?imgeng=/w_960/f_webp/cmpr_20/s_7
163,https://imgcdn1.gempundit.com/media/catalog/product/g/p/gp104873-2-200922.jpg?imgeng=/w_960/f_webp/cmpr_20/s_7
164,https://imgcdn1.gempundit.com/media/catalog/product/g/p/gp104873-3-200922.jpg?imgeng=/w_960/f_webp/cmpr_20/s_7
165,https://imgcdn1.gempundit.com/media/catalog/product/g/p/gp104870-1-200922.jpg?imgeng=/w_960/f_webp/cmpr_20/s_7
166,https://imgcdn1.gempundit.com/media/catalog/product/g/p/gp104870-2-200922.jpg?imgeng=/w_960/f_webp/cmpr_20/s_7
167,https://imgcdn1.gempundit.com/media/catalog/product/g/p/gp104870-3-200922.jpg?imgeng=/w_960/f_webp/cmpr_20/s_7
168,https://imgcdn1.gempundit.com/media/catalog/product/g/p/gp104893-1-220922.jpg?imgeng=/w_960/f_webp/cmpr_20/s_7
169,https://imgcdn1.gempundit.com/media/catalog/product/g/p/gp104893-hand-220922.jpg?imgeng=/w_960/f_webp/cmpr_20/s_7
170,https://imgcdn1.gempundit.com/media/catalog/product/g/p/gp104893-2-220922.jpg?imgeng=/w_960/f_webp/cmpr_20/s_7
171,https://imgcdn1.gempundit.com/media/catalog/product/g/p/gp104893-3-220922.jpg?imgeng=/w_960/f_webp/cmpr_20/s_7
172,https://imgcdn1.gempundit.com/media/catalog/product/g/p/gp104886-1-220922.jpg?imgeng=/w_960/f_webp/cmpr_20/s_7
173,https://imgcdn1.gempundit.com/media/catalog/product/g/p/gp104886-hand-220922.jpg?imgeng=/w_960/f_webp/cmpr_20/s_7
174,https://imgcdn1.gempundit.com/media/catalog/product/g/p/gp104886-2-220922.jpg?imgeng=/w_960/f_webp/cmpr_20/s_7
175,https://imgcdn1.gempundit.com/media/catalog/product/g/p/gp104886-3-220922.jpg?imgeng=/w_960/f_webp/cmpr_20/s_7
176,https://imgcdn1.gempundit.com/media/catalog/product/g/p/gp104892-1-230922.jpg?imgeng=/w_960/f_webp/cmpr_20/s_7
177,https://imgcdn1.gempundit.com/media/catalog/product/g/p/gp104892-hand-230922.jpg?imgeng=/w_960/f_webp/cmpr_20/s_7
178,https://imgcdn1.gempundit.com/media/catalog/product/g/p/gp104892-2-230922.jpg?imgeng=/w_960/f_webp/cmpr_20/s_7
179,https://imgcdn1.gempundit.com/media/catalog/product/g/p/gp104892-3-230922.jpg?imgeng=/w_960/f_webp/cmpr_20/s_7
180,https://imgcdn1.gempundit.com/media/catalog/product/g/p/gp104831-1-200922.jpg?imgeng=/w_960/f_webp/cmpr_20/s_7
181,https://imgcdn1.gempundit.com/media/catalog/product/g/p/gp104831-2-200922.jpg?imgeng=/w_960/f_webp/cmpr_20/s_7
182,https://imgcdn1.gempundit.com/media/catalog/product/g/p/gp104831-3-200922.jpg?imgeng=/w_960/f_webp/cmpr_20/s_7
183,https://imgcdn1.gempundit.com/media/catalog/product/g/p/gp104867-1-200922.jpg?imgeng=/w_960/f_webp/cmpr_20/s_7
184,https://imgcdn1.gempundit.com/media/catalog/product/g/p/gp104867-2-200922.jpg?imgeng=/w_960/f_webp/cmpr_20/s_7
185,https://imgcdn1.gempundit.com/media/catalog/product/g/p/gp104867-3-200922.jpg?imgeng=/w_960/f_webp/cmpr_20/s_7
186,https://imgcdn1.gempundit.com/media/catalog/product/g/p/gp104864-1-200922.jpg?imgeng=/w_960/f_webp/cmpr_20/s_7
187,https://imgcdn1.gempundit.com/media/catalog/product/g/p/gp104864-2-200922.jpg?imgeng=/w_960/f_webp/cmpr_20/s_7
188,https://imgcdn1.gempundit.com/media/catalog/product/g/p/gp104864-3-200922.jpg?imgeng=/w_960/f_webp/cmpr_20/s_7
189,https://imgcdn1.gempundit.com/media/catalog/product/g/p/gp104871-1-200922.jpg?imgeng=/w_960/f_webp/cmpr_20/s_7
190,https://imgcdn1.gempundit.com/media/catalog/product/g/p/gp104871-2-200922.jpg?imgeng=/w_960/f_webp/cmpr_20/s_7
191,https://imgcdn1.gempundit.com/media/catalog/product/g/p/gp104871-3-200922.jpg?imgeng=/w_960/f_webp/cmpr_20/s_7
192,https://imgcdn1.gempundit.com/media/catalog/product/g/p/gp104891-1-230922.jpg?imgeng=/w_960/f_webp/cmpr_20/s_7
193,https://imgcdn1.gempundit.com/media/catalog/product/g/p/gp104891-hand-230922.jpg?imgeng=/w_960/f_webp/cmpr_20/s_7
194,https://imgcdn1.gempundit.com/media/catalog/product/g/p/gp104891-2-230922.jpg?imgeng=/w_960/f_webp/cmpr_20/s_7
195,https://imgcdn1.gempundit.com/media/catalog/product/g/p/gp104891-3-230922.jpg?imgeng=/w_960/f_webp/cmpr_20/s_7
196,https://imgcdn1.gempundit.com/media/catalog/product/g/p/gp104874-1-230922.jpg?imgeng=/w_960/f_webp/cmpr_20/s_7
197,https://imgcdn1.gempundit.com/media/catalog/product/g/p/gp104874-2-230922.jpg?imgeng=/w_960/f_webp/cmpr_20/s_7
198,https://imgcdn1.gempundit.com/media/catalog/product/g/p/gp104874-3-230922.jpg?imgeng=/w_960/f_webp/cmpr_20/s_7
199,https://imgcdn1.gempundit.com/media/catalog/product/g/p/gp104863-1-200922.jpg?imgeng=/w_960/f_webp/cmpr_20/s_7
200,https://imgcdn1.gempundit.com/media/catalog/product/g/p/gp104863-2-200922.jpg?imgeng=/w_960/f_webp/cmpr_20/s_7
201,https://imgcdn1.gempundit.com/media/catalog/product/g/p/gp104863-3-200922.jpg?imgeng=/w_960/f_webp/cmpr_20/s_7
202,https://imgcdn1.gempundit.com/media/catalog/product/g/p/gp104894-1-220922.jpg?imgeng=/w_960/f_webp/cmpr_20/s_7
203,https://imgcdn1.gempundit.com/media/catalog/product/g/p/gp104894-hand-220922.jpg?imgeng=/w_960/f_webp/cmpr_20/s_7
204,https://imgcdn1.gempundit.com/media/catalog/product/g/p/gp104894-2-220922.jpg?imgeng=/w_960/f_webp/cmpr_20/s_7
205,https://imgcdn1.gempundit.com/media/catalog/product/g/p/gp104894-3-220922.jpg?imgeng=/w_960/f_webp/cmpr_20/s_7
206,https://imgcdn1.gempundit.com/media/catalog/product/g/p/gp104830-1-230922.jpg?imgeng=/w_960/f_webp/cmpr_20/s_7
207,https://imgcdn1.gempundit.com/media/catalog/product/g/p/gp104830-2-230922.jpg?imgeng=/w_960/f_webp/cmpr_20/s_7
208,https://imgcdn1.gempundit.com/media/catalog/product/g/p/gp104830-3-230922.jpg?imgeng=/w_960/f_webp/cmpr_20/s_7
209,https://imgcdn1.gempundit.com/media/catalog/product/g/p/gp104877-1-200922.jpg?imgeng=/w_960/f_webp/cmpr_20/s_7
210,https://imgcdn1.gempundit.com/media/catalog/product/g/p/gp104877-2-200922.jpg?imgeng=/w_960/f_webp/cmpr_20/s_7
211,https://imgcdn1.gempundit.com/media/catalog/product/g/p/gp104877-3-200922.jpg?imgeng=/w_960/f_webp/cmpr_20/s_7
212,https://imgcdn1.gempundit.com/media/catalog/product/g/p/gp104890-1-220922.jpg?imgeng=/w_960/f_webp/cmpr_20/s_7
213,https://imgcdn1.gempundit.com/media/catalog/product/g/p/gp104890-hand-220922.jpg?imgeng=/w_960/f_webp/cmpr_20/s_7
214,https://imgcdn1.gempundit.com/media/catalog/product/g/p/gp104890-2-220922.jpg?imgeng=/w_960/f_webp/cmpr_20/s_7
215,https://imgcdn1.gempundit.com/media/catalog/product/g/p/gp104890-3-220922.jpg?imgeng=/w_960/f_webp/cmpr_20/s_7
216,https://imgcdn1.gempundit.com/media/catalog/product/g/p/gp104888-1-230922.jpg?imgeng=/w_960/f_webp/cmpr_20/s_7
217,https://imgcdn1.gempundit.com/media/catalog/product/g/p/gp104888-hand-230922.jpg?imgeng=/w_960/f_webp/cmpr_20/s_7
218,https://imgcdn1.gempundit.com/media/catalog/product/g/p/gp104888-2-230922.jpg?imgeng=/w_960/f_webp/cmpr_20/s_7
219,https://imgcdn1.gempundit.com/media/catalog/product/g/p/gp104888-3-230922.jpg?imgeng=/w_960/f_webp/cmpr_20/s_7
220,https://imgcdn1.gempundit.com/media/catalog/product/g/p/gp104878-1-200922.jpg?imgeng=/w_960/f_webp/cmpr_20/s_7
221,https://imgcdn1.gempundit.com/media/catalog/product/g/p/gp104878-2-200922.jpg?imgeng=/w_960/f_webp/cmpr_20/s_7
222,https://imgcdn1.gempundit.com/media/catalog/product/g/p/gp104878-3-200922.jpg?imgeng=/w_960/f_webp/cmpr_20/s_7
223,https://imgcdn1.gempundit.com/media/catalog/product/g/p/gp105819-1-121022.jpg?imgeng=/w_960/f_webp/cmpr_20/s_7
224,https://imgcdn1.gempundit.com/media/catalog/product/g/p/gp105819-hand-121022.jpg?imgeng=/w_960/f_webp/cmpr_20/s_7
225,https://imgcdn1.gempundit.com/media/catalog/product/g/p/gp105819-2-121022.jpg?imgeng=/w_960/f_webp/cmpr_20/s_7
226,https://imgcdn1.gempundit.com/media/catalog/product/g/p/gp105819-3-121022.jpg?imgeng=/w_960/f_webp/cmpr_20/s_7
227,https://imgcdn1.gempundit.com/media/catalog/product/g/p/gp104879-1-260922.jpg?imgeng=/w_960/f_webp/cmpr_20/s_7
228,https://imgcdn1.gempundit.com/media/catalog/product/g/p/gp104879-2-260922.jpg?imgeng=/w_960/f_webp/cmpr_20/s_7
229,https://imgcdn1.gempundit.com/media/catalog/product/g/p/gp104879-3-260922.jpg?imgeng=/w_960/f_webp/cmpr_20/s_7
230,https://imgcdn1.gempundit.com/media/catalog/product/g/p/gp104832-1-230922.jpg?imgeng=/w_960/f_webp/cmpr_20/s_7
231,https://imgcdn1.gempundit.com/media/catalog/product/g/p/gp104832-2-230922.jpg?imgeng=/w_960/f_webp/cmpr_20/s_7
232,https://imgcdn1.gempundit.com/media/catalog/product/g/p/gp104832-3-230922.jpg?imgeng=/w_960/f_webp/cmpr_20/s_7
233,https://imgcdn1.gempundit.com/media/catalog/product/g/p/gp104885-1-141022.jpg?imgeng=/w_960/f_webp/cmpr_20/s_7
234,https://imgcdn1.gempundit.com/media/catalog/product/g/p/gp104885-hand-141022.jpg?imgeng=/w_960/f_webp/cmpr_20/s_7
235,https://imgcdn1.gempundit.com/media/catalog/product/g/p/gp104885-2-141022.jpg?imgeng=/w_960/f_webp/cmpr_20/s_7
236,https://imgcdn1.gempundit.com/media/catalog/product/g/p/gp104885-3-141022.jpg?imgeng=/w_960/f_webp/cmpr_20/s_7
237,https://imgcdn1.gempundit.com/media/catalog/product/g/p/gp104881-1-270922.jpg?imgeng=/w_960/f_webp/cmpr_20/s_7
238,https://imgcdn1.gempundit.com/media/catalog/product/g/p/gp104881-2-270922.jpg?imgeng=/w_960/f_webp/cmpr_20/s_7
239,https://imgcdn1.gempundit.com/media/catalog/product/g/p/gp104881-3-270922.jpg?imgeng=/w_960/f_webp/cmpr_20/s_7
240,https://imgcdn1.gempundit.com/media/catalog/product/g/p/gp104883-1-260922.jpg?imgeng=/w_960/f_webp/cmpr_20/s_7
241,https://imgcdn1.gempundit.com/media/catalog/product/g/p/gp104883-hand-260922.jpg?imgeng=/w_960/f_webp/cmpr_20/s_7
242,https://imgcdn1.gempundit.com/media/catalog/product/g/p/gp104883-2-260922.jpg?imgeng=/w_960/f_webp/cmpr_20/s_7
243,https://imgcdn1.gempundit.com/media/catalog/product/g/p/gp104883-3-260922.jpg?imgeng=/w_960/f_webp/cmpr_20/s_7
244,https://imgcdn1.gempundit.com/media/catalog/product/g/p/gp104884-1-300922.jpg?imgeng=/w_960/f_webp/cmpr_20/s_7
245,https://imgcdn1.gempundit.com/media/catalog/product/g/p/gp104884-hand-300922.jpg?imgeng=/w_960/f_webp/cmpr_20/s_7
246,https://imgcdn1.gempundit.com/media/catalog/product/g/p/gp104884-2-300922.jpg?imgeng=/w_960/f_webp/cmpr_20/s_7
247,https://imgcdn1.gempundit.com/media/catalog/product/g/p/gp104884-3-300922.jpg?imgeng=/w_960/f_webp/cmpr_20/s_7
248,https://imgcdn1.gempundit.com/media/catalog/product/g/p/gp104882-1-260922.jpg?imgeng=/w_960/f_webp/cmpr_20/s_7
249,https://imgcdn1.gempundit.com/media/catalog/product/g/p/gp104882-hand-260922.jpg?imgeng=/w_960/f_webp/cmpr_20/s_7
250,https://imgcdn1.gempundit.com/media/catalog/product/g/p/gp104882-2-260922.jpg?imgeng=/w_960/f_webp/cmpr_20/s_7
251,https://imgcdn1.gempundit.com/media/catalog/product/g/p/gp104882-3-260922.jpg?imgeng=/w_960/f_webp/cmpr_20/s_7
252,https://imgcdn1.gempundit.com/media/catalog/product/g/p/gp104700-1-270922.jpg?imgeng=/w_960/f_webp/cmpr_20/s_7
253,https://imgcdn1.gempundit.com/media/catalog/product/g/p/gp104700-hand-270922.jpg?imgeng=/w_960/f_webp/cmpr_20/s_7
254,https://imgcdn1.gempundit.com/media/catalog/product/g/p/gp104700-2-270922.jpg?imgeng=/w_960/f_webp/cmpr_20/s_7
255,https://imgcdn1.gempundit.com/media/catalog/product/g/p/gp104700-3-270922.jpg?imgeng=/w_960/f_webp/cmpr_20/s_7
