,Mexican Fire Opal
0,https://imgcdn1.gempundit.com/media/catalog/product/g/p/gp63584-1-121120.jpg?imgeng=/w_960/f_webp/cmpr_20/s_7
1,https://imgcdn1.gempundit.com/media/catalog/product/g/p/gp63584-hand-121120.jpg?imgeng=/w_960/f_webp/cmpr_20/s_7
2,https://imgcdn1.gempundit.com/media/catalog/product/g/p/gp63584-2-090920.jpg?imgeng=/w_960/f_webp/cmpr_20/s_7
3,https://imgcdn1.gempundit.com/media/catalog/product/g/p/gp63584-3-090920.jpg?imgeng=/w_960/f_webp/cmpr_20/s_7
4,https://imgcdn1.gempundit.com/media/catalog/product/g/p/gp63594-1-121120.jpg?imgeng=/w_960/f_webp/cmpr_20/s_7
5,https://imgcdn1.gempundit.com/media/catalog/product/g/p/gp63594-hand-121120.jpg?imgeng=/w_960/f_webp/cmpr_20/s_7
6,https://imgcdn1.gempundit.com/media/catalog/product/g/p/gp63594-2-090920.jpg?imgeng=/w_960/f_webp/cmpr_20/s_7
7,https://imgcdn1.gempundit.com/media/catalog/product/g/p/gp63594-3-090920.jpg?imgeng=/w_960/f_webp/cmpr_20/s_7
8,https://imgcdn1.gempundit.com/media/catalog/product/g/p/gp100387-1-190722.jpg?imgeng=/w_960/f_webp/cmpr_20/s_7
9,https://imgcdn1.gempundit.com/media/catalog/product/g/p/gp100387-hand-190722.jpg?imgeng=/w_960/f_webp/cmpr_20/s_7
10,https://imgcdn1.gempundit.com/media/catalog/product/g/p/gp100387-2-190722.jpg?imgeng=/w_960/f_webp/cmpr_20/s_7
11,https://imgcdn1.gempundit.com/media/catalog/product/g/p/gp104198-1-200922.jpg?imgeng=/w_960/f_webp/cmpr_20/s_7
12,https://imgcdn1.gempundit.com/media/catalog/product/g/p/gp104198-hand-200922.jpg?imgeng=/w_960/f_webp/cmpr_20/s_7
13,https://imgcdn1.gempundit.com/media/catalog/product/g/p/gp104198-2-200922.jpg?imgeng=/w_960/f_webp/cmpr_20/s_7
14,https://imgcdn1.gempundit.com/media/catalog/product/g/p/gp104198-3-200922.jpg?imgeng=/w_960/f_webp/cmpr_20/s_7
15,https://imgcdn1.gempundit.com/media/catalog/product/g/p/gp63605-1-121120.jpg?imgeng=/w_960/f_webp/cmpr_20/s_7
16,https://imgcdn1.gempundit.com/media/catalog/product/g/p/gp63605-hand-121120.jpg?imgeng=/w_960/f_webp/cmpr_20/s_7
17,https://imgcdn1.gempundit.com/media/catalog/product/g/p/gp63605-2-090920.jpg?imgeng=/w_960/f_webp/cmpr_20/s_7
18,https://imgcdn1.gempundit.com/media/catalog/product/g/p/gp63605-3-090920.jpg?imgeng=/w_960/f_webp/cmpr_20/s_7
19,https://imgcdn1.gempundit.com/media/catalog/product/g/p/gp63563-1-121120.jpg?imgeng=/w_960/f_webp/cmpr_20/s_7
20,https://imgcdn1.gempundit.com/media/catalog/product/g/p/gp63563-hand-121120.jpg?imgeng=/w_960/f_webp/cmpr_20/s_7
21,https://imgcdn1.gempundit.com/media/catalog/product/g/p/gp63563-2-090920.jpg?imgeng=/w_960/f_webp/cmpr_20/s_7
22,https://imgcdn1.gempundit.com/media/catalog/product/g/p/gp63563-3-090920.jpg?imgeng=/w_960/f_webp/cmpr_20/s_7
23,https://imgcdn1.gempundit.com/media/catalog/product/g/p/gp63570-1-121120.jpg?imgeng=/w_960/f_webp/cmpr_20/s_7
24,https://imgcdn1.gempundit.com/media/catalog/product/g/p/gp63570-hand-121120.jpg?imgeng=/w_960/f_webp/cmpr_20/s_7
25,https://imgcdn1.gempundit.com/media/catalog/product/g/p/gp63570-2-090920.jpg?imgeng=/w_960/f_webp/cmpr_20/s_7
26,https://imgcdn1.gempundit.com/media/catalog/product/g/p/gp63570-3-090920.jpg?imgeng=/w_960/f_webp/cmpr_20/s_7
27,https://imgcdn1.gempundit.com/media/catalog/product/g/p/gp63550-1-121120.jpg?imgeng=/w_960/f_webp/cmpr_20/s_7
28,https://imgcdn1.gempundit.com/media/catalog/product/g/p/gp63550-hand-121120.jpg?imgeng=/w_960/f_webp/cmpr_20/s_7
29,https://imgcdn1.gempundit.com/media/catalog/product/g/p/gp63550-2-090920.jpg?imgeng=/w_960/f_webp/cmpr_20/s_7
30,https://imgcdn1.gempundit.com/media/catalog/product/g/p/gp63550-3-090920.jpg?imgeng=/w_960/f_webp/cmpr_20/s_7
31,https://imgcdn1.gempundit.com/media/catalog/product/g/p/gp103255-1-310822.jpg?imgeng=/w_960/f_webp/cmpr_20/s_7
32,https://imgcdn1.gempundit.com/media/catalog/product/g/p/gp103255-hand-310822.jpg?imgeng=/w_960/f_webp/cmpr_20/s_7
33,https://imgcdn1.gempundit.com/media/catalog/product/g/p/gp103255-2-310822.jpg?imgeng=/w_960/f_webp/cmpr_20/s_7
34,https://imgcdn1.gempundit.com/media/catalog/product/g/p/gp103255-3-310822.jpg?imgeng=/w_960/f_webp/cmpr_20/s_7
35,https://imgcdn1.gempundit.com/media/catalog/product/g/p/gp63644-1-121120.jpg?imgeng=/w_960/f_webp/cmpr_20/s_7
36,https://imgcdn1.gempundit.com/media/catalog/product/g/p/gp63644-hand-121120.jpg?imgeng=/w_960/f_webp/cmpr_20/s_7
37,https://imgcdn1.gempundit.com/media/catalog/product/g/p/gp63644-2-090920.jpg?imgeng=/w_960/f_webp/cmpr_20/s_7
38,https://imgcdn1.gempundit.com/media/catalog/product/g/p/gp63644-3-090920.jpg?imgeng=/w_960/f_webp/cmpr_20/s_7
39,https://imgcdn1.gempundit.com/media/catalog/product/g/p/gp63569-1-121120.jpg?imgeng=/w_960/f_webp/cmpr_20/s_7
40,https://imgcdn1.gempundit.com/media/catalog/product/g/p/gp63569-hand-121120.jpg?imgeng=/w_960/f_webp/cmpr_20/s_7
41,https://imgcdn1.gempundit.com/media/catalog/product/g/p/gp63569-2-090920.jpg?imgeng=/w_960/f_webp/cmpr_20/s_7
42,https://imgcdn1.gempundit.com/media/catalog/product/g/p/gp63569-3-090920.jpg?imgeng=/w_960/f_webp/cmpr_20/s_7
43,https://imgcdn1.gempundit.com/media/catalog/product/g/p/gp63645-1-121120.jpg?imgeng=/w_960/f_webp/cmpr_20/s_7
44,https://imgcdn1.gempundit.com/media/catalog/product/g/p/gp63645-hand-121120.jpg?imgeng=/w_960/f_webp/cmpr_20/s_7
45,https://imgcdn1.gempundit.com/media/catalog/product/g/p/gp63645-2-090920.jpg?imgeng=/w_960/f_webp/cmpr_20/s_7
46,https://imgcdn1.gempundit.com/media/catalog/product/g/p/gp63645-3-090920.jpg?imgeng=/w_960/f_webp/cmpr_20/s_7
47,https://imgcdn1.gempundit.com/media/catalog/product/g/p/gp63572-1-121120.jpg?imgeng=/w_960/f_webp/cmpr_20/s_7
48,https://imgcdn1.gempundit.com/media/catalog/product/g/p/gp63572-hand-121120.jpg?imgeng=/w_960/f_webp/cmpr_20/s_7
49,https://imgcdn1.gempundit.com/media/catalog/product/g/p/gp63572-2-090920.jpg?imgeng=/w_960/f_webp/cmpr_20/s_7
50,https://imgcdn1.gempundit.com/media/catalog/product/g/p/gp63572-3-090920.jpg?imgeng=/w_960/f_webp/cmpr_20/s_7
51,https://imgcdn1.gempundit.com/media/catalog/product/g/p/gp63561-1-121120.jpg?imgeng=/w_960/f_webp/cmpr_20/s_7
52,https://imgcdn1.gempundit.com/media/catalog/product/g/p/gp63561-hand-121120.jpg?imgeng=/w_960/f_webp/cmpr_20/s_7
53,https://imgcdn1.gempundit.com/media/catalog/product/g/p/gp63561-2-090920.jpg?imgeng=/w_960/f_webp/cmpr_20/s_7
54,https://imgcdn1.gempundit.com/media/catalog/product/g/p/gp63561-3-090920.jpg?imgeng=/w_960/f_webp/cmpr_20/s_7
55,https://imgcdn1.gempundit.com/media/catalog/product/g/p/gp63640-1-121120.jpg?imgeng=/w_960/f_webp/cmpr_20/s_7
56,https://imgcdn1.gempundit.com/media/catalog/product/g/p/gp63640-hand-121120.jpg?imgeng=/w_960/f_webp/cmpr_20/s_7
57,https://imgcdn1.gempundit.com/media/catalog/product/g/p/gp63640-2-090920.jpg?imgeng=/w_960/f_webp/cmpr_20/s_7
58,https://imgcdn1.gempundit.com/media/catalog/product/g/p/gp63640-3-090920.jpg?imgeng=/w_960/f_webp/cmpr_20/s_7
59,https://imgcdn1.gempundit.com/media/catalog/product/g/p/gp63628-1-121120.jpg?imgeng=/w_960/f_webp/cmpr_20/s_7
60,https://imgcdn1.gempundit.com/media/catalog/product/g/p/gp63628-hand-121120.jpg?imgeng=/w_960/f_webp/cmpr_20/s_7
61,https://imgcdn1.gempundit.com/media/catalog/product/g/p/gp63628-2-090920.jpg?imgeng=/w_960/f_webp/cmpr_20/s_7
62,https://imgcdn1.gempundit.com/media/catalog/product/g/p/gp63628-3-090920.jpg?imgeng=/w_960/f_webp/cmpr_20/s_7
63,https://imgcdn1.gempundit.com/media/catalog/product/g/p/gp63638-1-121120.jpg?imgeng=/w_960/f_webp/cmpr_20/s_7
64,https://imgcdn1.gempundit.com/media/catalog/product/g/p/gp63638-hand-121120.jpg?imgeng=/w_960/f_webp/cmpr_20/s_7
65,https://imgcdn1.gempundit.com/media/catalog/product/g/p/gp63638-2-090920.jpg?imgeng=/w_960/f_webp/cmpr_20/s_7
66,https://imgcdn1.gempundit.com/media/catalog/product/g/p/gp63638-3-090920.jpg?imgeng=/w_960/f_webp/cmpr_20/s_7
67,https://imgcdn1.gempundit.com/media/catalog/product/g/p/gp63573-1-121120.jpg?imgeng=/w_960/f_webp/cmpr_20/s_7
68,https://imgcdn1.gempundit.com/media/catalog/product/g/p/gp63573-hand-121120.jpg?imgeng=/w_960/f_webp/cmpr_20/s_7
69,https://imgcdn1.gempundit.com/media/catalog/product/g/p/gp63573-2-090920.jpg?imgeng=/w_960/f_webp/cmpr_20/s_7
70,https://imgcdn1.gempundit.com/media/catalog/product/g/p/gp63573-3-090920.jpg?imgeng=/w_960/f_webp/cmpr_20/s_7
71,https://imgcdn1.gempundit.com/media/catalog/product/g/p/gp63562-1-121120.jpg?imgeng=/w_960/f_webp/cmpr_20/s_7
72,https://imgcdn1.gempundit.com/media/catalog/product/g/p/gp63562-hand-121120.jpg?imgeng=/w_960/f_webp/cmpr_20/s_7
73,https://imgcdn1.gempundit.com/media/catalog/product/g/p/gp63562-2-090920.jpg?imgeng=/w_960/f_webp/cmpr_20/s_7
74,https://imgcdn1.gempundit.com/media/catalog/product/g/p/gp63562-3-090920.jpg?imgeng=/w_960/f_webp/cmpr_20/s_7
75,https://imgcdn1.gempundit.com/media/catalog/product/g/p/gp63554-1-121120.jpg?imgeng=/w_960/f_webp/cmpr_20/s_7
76,https://imgcdn1.gempundit.com/media/catalog/product/g/p/gp63554-hand-121120.jpg?imgeng=/w_960/f_webp/cmpr_20/s_7
77,https://imgcdn1.gempundit.com/media/catalog/product/g/p/gp63554-2-090920.jpg?imgeng=/w_960/f_webp/cmpr_20/s_7
78,https://imgcdn1.gempundit.com/media/catalog/product/g/p/gp63554-3-090920.jpg?imgeng=/w_960/f_webp/cmpr_20/s_7
79,https://imgcdn1.gempundit.com/media/catalog/product/g/p/gp103254-1-310822.jpg?imgeng=/w_960/f_webp/cmpr_20/s_7
80,https://imgcdn1.gempundit.com/media/catalog/product/g/p/gp103254-hand-310822.jpg?imgeng=/w_960/f_webp/cmpr_20/s_7
81,https://imgcdn1.gempundit.com/media/catalog/product/g/p/gp103254-2-310822.jpg?imgeng=/w_960/f_webp/cmpr_20/s_7
82,https://imgcdn1.gempundit.com/media/catalog/product/g/p/gp103254-3-310822.jpg?imgeng=/w_960/f_webp/cmpr_20/s_7
83,https://imgcdn1.gempundit.com/media/catalog/product/g/p/gp63633-1-121120.jpg?imgeng=/w_960/f_webp/cmpr_20/s_7
84,https://imgcdn1.gempundit.com/media/catalog/product/g/p/gp63633-hand-121120.jpg?imgeng=/w_960/f_webp/cmpr_20/s_7
85,https://imgcdn1.gempundit.com/media/catalog/product/g/p/gp63633-2-090920.jpg?imgeng=/w_960/f_webp/cmpr_20/s_7
86,https://imgcdn1.gempundit.com/media/catalog/product/g/p/gp63633-3-090920.jpg?imgeng=/w_960/f_webp/cmpr_20/s_7
87,https://imgcdn1.gempundit.com/media/catalog/product/g/p/gp63624-1-121120.jpg?imgeng=/w_960/f_webp/cmpr_20/s_7
88,https://imgcdn1.gempundit.com/media/catalog/product/g/p/gp63624-hand-121120.jpg?imgeng=/w_960/f_webp/cmpr_20/s_7
89,https://imgcdn1.gempundit.com/media/catalog/product/g/p/gp63624-2-090920.jpg?imgeng=/w_960/f_webp/cmpr_20/s_7
90,https://imgcdn1.gempundit.com/media/catalog/product/g/p/gp63624-3-090920.jpg?imgeng=/w_960/f_webp/cmpr_20/s_7
91,https://imgcdn1.gempundit.com/media/catalog/product/g/p/gp63552-1-121120.jpg?imgeng=/w_960/f_webp/cmpr_20/s_7
92,https://imgcdn1.gempundit.com/media/catalog/product/g/p/gp63552-hand-121120.jpg?imgeng=/w_960/f_webp/cmpr_20/s_7
93,https://imgcdn1.gempundit.com/media/catalog/product/g/p/gp63552-2-090920.jpg?imgeng=/w_960/f_webp/cmpr_20/s_7
94,https://imgcdn1.gempundit.com/media/catalog/product/g/p/gp63552-3-090920.jpg?imgeng=/w_960/f_webp/cmpr_20/s_7
95,https://imgcdn1.gempundit.com/media/catalog/product/g/p/gp63548-1-121120.jpg?imgeng=/w_960/f_webp/cmpr_20/s_7
96,https://imgcdn1.gempundit.com/media/catalog/product/g/p/gp63548-hand-121120.jpg?imgeng=/w_960/f_webp/cmpr_20/s_7
97,https://imgcdn1.gempundit.com/media/catalog/product/g/p/gp63548-2-090920.jpg?imgeng=/w_960/f_webp/cmpr_20/s_7
98,https://imgcdn1.gempundit.com/media/catalog/product/g/p/gp63548-3-090920.jpg?imgeng=/w_960/f_webp/cmpr_20/s_7
99,https://imgcdn1.gempundit.com/media/catalog/product/g/p/gp63643-1-121120.jpg?imgeng=/w_960/f_webp/cmpr_20/s_7
100,https://imgcdn1.gempundit.com/media/catalog/product/g/p/gp63643-hand-121120.jpg?imgeng=/w_960/f_webp/cmpr_20/s_7
101,https://imgcdn1.gempundit.com/media/catalog/product/g/p/gp63643-2-090920.jpg?imgeng=/w_960/f_webp/cmpr_20/s_7
102,https://imgcdn1.gempundit.com/media/catalog/product/g/p/gp63643-3-090920.jpg?imgeng=/w_960/f_webp/cmpr_20/s_7
103,https://imgcdn1.gempundit.com/media/catalog/product/g/p/gp103263-1-120922.jpg?imgeng=/w_960/f_webp/cmpr_20/s_7
104,https://imgcdn1.gempundit.com/media/catalog/product/g/p/gp103263-hand-120922.jpg?imgeng=/w_960/f_webp/cmpr_20/s_7
105,https://imgcdn1.gempundit.com/media/catalog/product/g/p/gp103263-2-120922.jpg?imgeng=/w_960/f_webp/cmpr_20/s_7
106,https://imgcdn1.gempundit.com/media/catalog/product/g/p/gp103263-3-120922.jpg?imgeng=/w_960/f_webp/cmpr_20/s_7
107,https://imgcdn1.gempundit.com/media/catalog/product/g/p/gp104199-1-170922.jpg?imgeng=/w_960/f_webp/cmpr_20/s_7
108,https://imgcdn1.gempundit.com/media/catalog/product/g/p/gp104199-hand-170922.jpg?imgeng=/w_960/f_webp/cmpr_20/s_7
109,https://imgcdn1.gempundit.com/media/catalog/product/g/p/gp104199-2-170922.jpg?imgeng=/w_960/f_webp/cmpr_20/s_7
110,https://imgcdn1.gempundit.com/media/catalog/product/g/p/gp104199-3-170922.jpg?imgeng=/w_960/f_webp/cmpr_20/s_7
111,https://imgcdn1.gempundit.com/media/catalog/product/g/p/gp103261-1-310822.jpg?imgeng=/w_960/f_webp/cmpr_20/s_7
112,https://imgcdn1.gempundit.com/media/catalog/product/g/p/gp103261-hand-310822.jpg?imgeng=/w_960/f_webp/cmpr_20/s_7
113,https://imgcdn1.gempundit.com/media/catalog/product/g/p/gp103261-2-310822.jpg?imgeng=/w_960/f_webp/cmpr_20/s_7
114,https://imgcdn1.gempundit.com/media/catalog/product/g/p/gp103261-3-310822.jpg?imgeng=/w_960/f_webp/cmpr_20/s_7
115,https://imgcdn1.gempundit.com/media/catalog/product/g/p/gp63620-1-121120.jpg?imgeng=/w_960/f_webp/cmpr_20/s_7
116,https://imgcdn1.gempundit.com/media/catalog/product/g/p/gp63620-hand-121120.jpg?imgeng=/w_960/f_webp/cmpr_20/s_7
117,https://imgcdn1.gempundit.com/media/catalog/product/g/p/gp63620-2-090920.jpg?imgeng=/w_960/f_webp/cmpr_20/s_7
118,https://imgcdn1.gempundit.com/media/catalog/product/g/p/gp63620-3-090920.jpg?imgeng=/w_960/f_webp/cmpr_20/s_7
119,https://imgcdn1.gempundit.com/media/catalog/product/g/p/gp63655-1-121120.jpg?imgeng=/w_960/f_webp/cmpr_20/s_7
120,https://imgcdn1.gempundit.com/media/catalog/product/g/p/gp63655-hand-121120.jpg?imgeng=/w_960/f_webp/cmpr_20/s_7
121,https://imgcdn1.gempundit.com/media/catalog/product/g/p/gp63655-2-090920.jpg?imgeng=/w_960/f_webp/cmpr_20/s_7
122,https://imgcdn1.gempundit.com/media/catalog/product/g/p/gp63655-3-090920.jpg?imgeng=/w_960/f_webp/cmpr_20/s_7
123,https://imgcdn1.gempundit.com/media/catalog/product/g/p/gp63560-1-121120.jpg?imgeng=/w_960/f_webp/cmpr_20/s_7
124,https://imgcdn1.gempundit.com/media/catalog/product/g/p/gp63560-hand-121120.jpg?imgeng=/w_960/f_webp/cmpr_20/s_7
125,https://imgcdn1.gempundit.com/media/catalog/product/g/p/gp63560-2-090920.jpg?imgeng=/w_960/f_webp/cmpr_20/s_7
126,https://imgcdn1.gempundit.com/media/catalog/product/g/p/gp63560-3-090920.jpg?imgeng=/w_960/f_webp/cmpr_20/s_7
127,https://imgcdn1.gempundit.com/media/catalog/product/g/p/gp63650-1-121120.jpg?imgeng=/w_960/f_webp/cmpr_20/s_7
128,https://imgcdn1.gempundit.com/media/catalog/product/g/p/gp63650-hand-121120.jpg?imgeng=/w_960/f_webp/cmpr_20/s_7
129,https://imgcdn1.gempundit.com/media/catalog/product/g/p/gp63650-2-090920.jpg?imgeng=/w_960/f_webp/cmpr_20/s_7
130,https://imgcdn1.gempundit.com/media/catalog/product/g/p/gp63650-3-090920.jpg?imgeng=/w_960/f_webp/cmpr_20/s_7
131,https://imgcdn1.gempundit.com/media/catalog/product/g/p/gp63597-1-121120.jpg?imgeng=/w_960/f_webp/cmpr_20/s_7
132,https://imgcdn1.gempundit.com/media/catalog/product/g/p/gp63597-hand-121120.jpg?imgeng=/w_960/f_webp/cmpr_20/s_7
133,https://imgcdn1.gempundit.com/media/catalog/product/g/p/gp63597-2-090920.jpg?imgeng=/w_960/f_webp/cmpr_20/s_7
134,https://imgcdn1.gempundit.com/media/catalog/product/g/p/gp63597-3-090920.jpg?imgeng=/w_960/f_webp/cmpr_20/s_7
135,https://imgcdn1.gempundit.com/media/catalog/product/g/p/gp63661-1-121120.jpg?imgeng=/w_960/f_webp/cmpr_20/s_7
136,https://imgcdn1.gempundit.com/media/catalog/product/g/p/gp63661-hand-121120.jpg?imgeng=/w_960/f_webp/cmpr_20/s_7
137,https://imgcdn1.gempundit.com/media/catalog/product/g/p/gp63661-2-090920.jpg?imgeng=/w_960/f_webp/cmpr_20/s_7
138,https://imgcdn1.gempundit.com/media/catalog/product/g/p/gp63661-3-090920.jpg?imgeng=/w_960/f_webp/cmpr_20/s_7
139,https://imgcdn1.gempundit.com/media/catalog/product/g/p/gp63575-1-121120.jpg?imgeng=/w_960/f_webp/cmpr_20/s_7
140,https://imgcdn1.gempundit.com/media/catalog/product/g/p/gp63575-hand-121120.jpg?imgeng=/w_960/f_webp/cmpr_20/s_7
141,https://imgcdn1.gempundit.com/media/catalog/product/g/p/gp63575-2-090920.jpg?imgeng=/w_960/f_webp/cmpr_20/s_7
142,https://imgcdn1.gempundit.com/media/catalog/product/g/p/gp63575-3-090920.jpg?imgeng=/w_960/f_webp/cmpr_20/s_7
143,https://imgcdn1.gempundit.com/media/catalog/product/g/p/gp63581-1-121120.jpg?imgeng=/w_960/f_webp/cmpr_20/s_7
144,https://imgcdn1.gempundit.com/media/catalog/product/g/p/gp63581-hand-121120.jpg?imgeng=/w_960/f_webp/cmpr_20/s_7
145,https://imgcdn1.gempundit.com/media/catalog/product/g/p/gp63581-2-090920.jpg?imgeng=/w_960/f_webp/cmpr_20/s_7
146,https://imgcdn1.gempundit.com/media/catalog/product/g/p/gp63581-3-090920.jpg?imgeng=/w_960/f_webp/cmpr_20/s_7
147,https://imgcdn1.gempundit.com/media/catalog/product/g/p/gp63662-1-121120.jpg?imgeng=/w_960/f_webp/cmpr_20/s_7
148,https://imgcdn1.gempundit.com/media/catalog/product/g/p/gp63662-hand-121120.jpg?imgeng=/w_960/f_webp/cmpr_20/s_7
149,https://imgcdn1.gempundit.com/media/catalog/product/g/p/gp63662-2-090920.jpg?imgeng=/w_960/f_webp/cmpr_20/s_7
150,https://imgcdn1.gempundit.com/media/catalog/product/g/p/gp63662-3-090920.jpg?imgeng=/w_960/f_webp/cmpr_20/s_7
151,https://imgcdn1.gempundit.com/media/catalog/product/g/p/gp63583-1-121120.jpg?imgeng=/w_960/f_webp/cmpr_20/s_7
152,https://imgcdn1.gempundit.com/media/catalog/product/g/p/gp63583-hand-121120.jpg?imgeng=/w_960/f_webp/cmpr_20/s_7
153,https://imgcdn1.gempundit.com/media/catalog/product/g/p/gp63583-2-090920.jpg?imgeng=/w_960/f_webp/cmpr_20/s_7
154,https://imgcdn1.gempundit.com/media/catalog/product/g/p/gp63583-3-090920.jpg?imgeng=/w_960/f_webp/cmpr_20/s_7
155,https://imgcdn1.gempundit.com/media/catalog/product/g/p/gp63598-1-121120.jpg?imgeng=/w_960/f_webp/cmpr_20/s_7
156,https://imgcdn1.gempundit.com/media/catalog/product/g/p/gp63598-hand-121120.jpg?imgeng=/w_960/f_webp/cmpr_20/s_7
157,https://imgcdn1.gempundit.com/media/catalog/product/g/p/gp63598-2-090920.jpg?imgeng=/w_960/f_webp/cmpr_20/s_7
158,https://imgcdn1.gempundit.com/media/catalog/product/g/p/gp63598-3-090920.jpg?imgeng=/w_960/f_webp/cmpr_20/s_7
159,https://imgcdn1.gempundit.com/media/catalog/product/g/p/gp63549-1-121120.jpg?imgeng=/w_960/f_webp/cmpr_20/s_7
160,https://imgcdn1.gempundit.com/media/catalog/product/g/p/gp63549-hand-121120.jpg?imgeng=/w_960/f_webp/cmpr_20/s_7
161,https://imgcdn1.gempundit.com/media/catalog/product/g/p/gp63549-2-090920.jpg?imgeng=/w_960/f_webp/cmpr_20/s_7
162,https://imgcdn1.gempundit.com/media/catalog/product/g/p/gp63549-3-090920.jpg?imgeng=/w_960/f_webp/cmpr_20/s_7
163,https://imgcdn1.gempundit.com/media/catalog/product/g/p/gp63587-1-121120.jpg?imgeng=/w_960/f_webp/cmpr_20/s_7
164,https://imgcdn1.gempundit.com/media/catalog/product/g/p/gp63587-hand-121120.jpg?imgeng=/w_960/f_webp/cmpr_20/s_7
165,https://imgcdn1.gempundit.com/media/catalog/product/g/p/gp63587-2-090920.jpg?imgeng=/w_960/f_webp/cmpr_20/s_7
166,https://imgcdn1.gempundit.com/media/catalog/product/g/p/gp63587-3-090920.jpg?imgeng=/w_960/f_webp/cmpr_20/s_7
167,https://imgcdn1.gempundit.com/media/catalog/product/g/p/gp63585-1-121120.jpg?imgeng=/w_960/f_webp/cmpr_20/s_7
168,https://imgcdn1.gempundit.com/media/catalog/product/g/p/gp63585-hand-121120.jpg?imgeng=/w_960/f_webp/cmpr_20/s_7
169,https://imgcdn1.gempundit.com/media/catalog/product/g/p/gp63585-2-090920.jpg?imgeng=/w_960/f_webp/cmpr_20/s_7
170,https://imgcdn1.gempundit.com/media/catalog/product/g/p/gp63585-3-090920.jpg?imgeng=/w_960/f_webp/cmpr_20/s_7
171,https://imgcdn1.gempundit.com/media/catalog/product/g/p/gp63669-1-121120.jpg?imgeng=/w_960/f_webp/cmpr_20/s_7
172,https://imgcdn1.gempundit.com/media/catalog/product/g/p/gp63669-hand-121120.jpg?imgeng=/w_960/f_webp/cmpr_20/s_7
173,https://imgcdn1.gempundit.com/media/catalog/product/g/p/gp63669-2-090920.jpg?imgeng=/w_960/f_webp/cmpr_20/s_7
174,https://imgcdn1.gempundit.com/media/catalog/product/g/p/gp63669-3-090920.jpg?imgeng=/w_960/f_webp/cmpr_20/s_7
175,https://imgcdn1.gempundit.com/media/catalog/product/g/p/gp103259-1-310822.jpg?imgeng=/w_960/f_webp/cmpr_20/s_7
176,https://imgcdn1.gempundit.com/media/catalog/product/g/p/gp103259-hand-310822.jpg?imgeng=/w_960/f_webp/cmpr_20/s_7
177,https://imgcdn1.gempundit.com/media/catalog/product/g/p/gp103259-2-310822.jpg?imgeng=/w_960/f_webp/cmpr_20/s_7
178,https://imgcdn1.gempundit.com/media/catalog/product/g/p/gp103259-3-310822.jpg?imgeng=/w_960/f_webp/cmpr_20/s_7
179,https://imgcdn1.gempundit.com/media/catalog/product/g/p/gp63672-1-121120.jpg?imgeng=/w_960/f_webp/cmpr_20/s_7
180,https://imgcdn1.gempundit.com/media/catalog/product/g/p/gp63672-hand-121120.jpg?imgeng=/w_960/f_webp/cmpr_20/s_7
181,https://imgcdn1.gempundit.com/media/catalog/product/g/p/gp63672-2-090920.jpg?imgeng=/w_960/f_webp/cmpr_20/s_7
182,https://imgcdn1.gempundit.com/media/catalog/product/g/p/gp63672-3-090920.jpg?imgeng=/w_960/f_webp/cmpr_20/s_7
183,https://imgcdn1.gempundit.com/media/catalog/product/g/p/gp63657-1-121120.jpg?imgeng=/w_960/f_webp/cmpr_20/s_7
184,https://imgcdn1.gempundit.com/media/catalog/product/g/p/gp63657-hand-121120.jpg?imgeng=/w_960/f_webp/cmpr_20/s_7
185,https://imgcdn1.gempundit.com/media/catalog/product/g/p/gp63657-2-090920.jpg?imgeng=/w_960/f_webp/cmpr_20/s_7
186,https://imgcdn1.gempundit.com/media/catalog/product/g/p/gp63657-3-090920.jpg?imgeng=/w_960/f_webp/cmpr_20/s_7
187,https://imgcdn1.gempundit.com/media/catalog/product/g/p/gp63579-1-121120.jpg?imgeng=/w_960/f_webp/cmpr_20/s_7
188,https://imgcdn1.gempundit.com/media/catalog/product/g/p/gp63579-hand-121120.jpg?imgeng=/w_960/f_webp/cmpr_20/s_7
189,https://imgcdn1.gempundit.com/media/catalog/product/g/p/gp63579-2-090920.jpg?imgeng=/w_960/f_webp/cmpr_20/s_7
190,https://imgcdn1.gempundit.com/media/catalog/product/g/p/gp63579-3-090920.jpg?imgeng=/w_960/f_webp/cmpr_20/s_7
191,https://imgcdn1.gempundit.com/media/catalog/product/g/p/gp63617-1-121120.jpg?imgeng=/w_960/f_webp/cmpr_20/s_7
192,https://imgcdn1.gempundit.com/media/catalog/product/g/p/gp63617-hand-121120.jpg?imgeng=/w_960/f_webp/cmpr_20/s_7
193,https://imgcdn1.gempundit.com/media/catalog/product/g/p/gp63617-2-090920.jpg?imgeng=/w_960/f_webp/cmpr_20/s_7
194,https://imgcdn1.gempundit.com/media/catalog/product/g/p/gp63617-3-090920.jpg?imgeng=/w_960/f_webp/cmpr_20/s_7
195,https://imgcdn1.gempundit.com/media/catalog/product/g/p/gp63615-1-121120.jpg?imgeng=/w_960/f_webp/cmpr_20/s_7
196,https://imgcdn1.gempundit.com/media/catalog/product/g/p/gp63615-hand-121120.jpg?imgeng=/w_960/f_webp/cmpr_20/s_7
197,https://imgcdn1.gempundit.com/media/catalog/product/g/p/gp63615-2-090920.jpg?imgeng=/w_960/f_webp/cmpr_20/s_7
198,https://imgcdn1.gempundit.com/media/catalog/product/g/p/gp63615-3-090920.jpg?imgeng=/w_960/f_webp/cmpr_20/s_7
199,https://imgcdn1.gempundit.com/media/catalog/product/g/p/gp63593-1-121120.jpg?imgeng=/w_960/f_webp/cmpr_20/s_7
200,https://imgcdn1.gempundit.com/media/catalog/product/g/p/gp63593-hand-121120.jpg?imgeng=/w_960/f_webp/cmpr_20/s_7
201,https://imgcdn1.gempundit.com/media/catalog/product/g/p/gp63593-2-090920.jpg?imgeng=/w_960/f_webp/cmpr_20/s_7
202,https://imgcdn1.gempundit.com/media/catalog/product/g/p/gp63593-3-090920.jpg?imgeng=/w_960/f_webp/cmpr_20/s_7
203,https://imgcdn1.gempundit.com/media/catalog/product/g/p/gp63610-1-121120.jpg?imgeng=/w_960/f_webp/cmpr_20/s_7
204,https://imgcdn1.gempundit.com/media/catalog/product/g/p/gp63610-hand-121120.jpg?imgeng=/w_960/f_webp/cmpr_20/s_7
205,https://imgcdn1.gempundit.com/media/catalog/product/g/p/gp63610-2-090920.jpg?imgeng=/w_960/f_webp/cmpr_20/s_7
206,https://imgcdn1.gempundit.com/media/catalog/product/g/p/gp63610-3-090920.jpg?imgeng=/w_960/f_webp/cmpr_20/s_7
207,https://imgcdn1.gempundit.com/media/catalog/product/g/p/gp63544-1-121120.jpg?imgeng=/w_960/f_webp/cmpr_20/s_7
208,https://imgcdn1.gempundit.com/media/catalog/product/g/p/gp63544-hand-121120.jpg?imgeng=/w_960/f_webp/cmpr_20/s_7
209,https://imgcdn1.gempundit.com/media/catalog/product/g/p/gp63544-2-090920.jpg?imgeng=/w_960/f_webp/cmpr_20/s_7
210,https://imgcdn1.gempundit.com/media/catalog/product/g/p/gp63544-3-090920.jpg?imgeng=/w_960/f_webp/cmpr_20/s_7
211,https://imgcdn1.gempundit.com/media/catalog/product/g/p/gp104553-1-121022.jpg?imgeng=/w_960/f_webp/cmpr_20/s_7
212,https://imgcdn1.gempundit.com/media/catalog/product/g/p/gp104553-hand-121022.jpg?imgeng=/w_960/f_webp/cmpr_20/s_7
213,https://imgcdn1.gempundit.com/media/catalog/product/g/p/gp104553-2-121022.jpg?imgeng=/w_960/f_webp/cmpr_20/s_7
214,https://imgcdn1.gempundit.com/media/catalog/product/g/p/gp63567-1-121120.jpg?imgeng=/w_960/f_webp/cmpr_20/s_7
215,https://imgcdn1.gempundit.com/media/catalog/product/g/p/gp63567-hand-121120.jpg?imgeng=/w_960/f_webp/cmpr_20/s_7
216,https://imgcdn1.gempundit.com/media/catalog/product/g/p/gp63567-2-090920.jpg?imgeng=/w_960/f_webp/cmpr_20/s_7
217,https://imgcdn1.gempundit.com/media/catalog/product/g/p/gp63567-3-090920.jpg?imgeng=/w_960/f_webp/cmpr_20/s_7
218,https://imgcdn1.gempundit.com/media/catalog/product/g/p/gp63565-1-121120.jpg?imgeng=/w_960/f_webp/cmpr_20/s_7
219,https://imgcdn1.gempundit.com/media/catalog/product/g/p/gp63565-hand-121120.jpg?imgeng=/w_960/f_webp/cmpr_20/s_7
220,https://imgcdn1.gempundit.com/media/catalog/product/g/p/gp63565-2-090920.jpg?imgeng=/w_960/f_webp/cmpr_20/s_7
221,https://imgcdn1.gempundit.com/media/catalog/product/g/p/gp63565-3-090920.jpg?imgeng=/w_960/f_webp/cmpr_20/s_7
222,https://imgcdn1.gempundit.com/media/catalog/product/g/p/gp63660-1-121120.jpg?imgeng=/w_960/f_webp/cmpr_20/s_7
223,https://imgcdn1.gempundit.com/media/catalog/product/g/p/gp63660-hand-121120.jpg?imgeng=/w_960/f_webp/cmpr_20/s_7
224,https://imgcdn1.gempundit.com/media/catalog/product/g/p/gp63660-2-090920.jpg?imgeng=/w_960/f_webp/cmpr_20/s_7
225,https://imgcdn1.gempundit.com/media/catalog/product/g/p/gp63660-3-090920.jpg?imgeng=/w_960/f_webp/cmpr_20/s_7
226,https://imgcdn1.gempundit.com/media/catalog/product/g/p/gp63590-1-121120.jpg?imgeng=/w_960/f_webp/cmpr_20/s_7
227,https://imgcdn1.gempundit.com/media/catalog/product/g/p/gp63590-hand-121120.jpg?imgeng=/w_960/f_webp/cmpr_20/s_7
228,https://imgcdn1.gempundit.com/media/catalog/product/g/p/gp63590-2-090920.jpg?imgeng=/w_960/f_webp/cmpr_20/s_7
229,https://imgcdn1.gempundit.com/media/catalog/product/g/p/gp63590-3-090920.jpg?imgeng=/w_960/f_webp/cmpr_20/s_7
230,https://imgcdn1.gempundit.com/media/catalog/product/g/p/gp63578-1-121120.jpg?imgeng=/w_960/f_webp/cmpr_20/s_7
231,https://imgcdn1.gempundit.com/media/catalog/product/g/p/gp63578-hand-121120.jpg?imgeng=/w_960/f_webp/cmpr_20/s_7
232,https://imgcdn1.gempundit.com/media/catalog/product/g/p/gp63578-2-090920.jpg?imgeng=/w_960/f_webp/cmpr_20/s_7
233,https://imgcdn1.gempundit.com/media/catalog/product/g/p/gp63578-3-090920.jpg?imgeng=/w_960/f_webp/cmpr_20/s_7
234,https://imgcdn1.gempundit.com/media/catalog/product/g/p/gp63602-1-121120.jpg?imgeng=/w_960/f_webp/cmpr_20/s_7
235,https://imgcdn1.gempundit.com/media/catalog/product/g/p/gp63602-hand-121120.jpg?imgeng=/w_960/f_webp/cmpr_20/s_7
236,https://imgcdn1.gempundit.com/media/catalog/product/g/p/gp63602-2-090920.jpg?imgeng=/w_960/f_webp/cmpr_20/s_7
237,https://imgcdn1.gempundit.com/media/catalog/product/g/p/gp63602-3-090920.jpg?imgeng=/w_960/f_webp/cmpr_20/s_7
238,https://imgcdn1.gempundit.com/media/catalog/product/g/p/gp63551-1-121120.jpg?imgeng=/w_960/f_webp/cmpr_20/s_7
239,https://imgcdn1.gempundit.com/media/catalog/product/g/p/gp63551-hand-121120.jpg?imgeng=/w_960/f_webp/cmpr_20/s_7
240,https://imgcdn1.gempundit.com/media/catalog/product/g/p/gp63551-2-090920.jpg?imgeng=/w_960/f_webp/cmpr_20/s_7
241,https://imgcdn1.gempundit.com/media/catalog/product/g/p/gp63551-3-090920.jpg?imgeng=/w_960/f_webp/cmpr_20/s_7
242,https://imgcdn1.gempundit.com/media/catalog/product/g/p/gp63568-1-121120.jpg?imgeng=/w_960/f_webp/cmpr_20/s_7
243,https://imgcdn1.gempundit.com/media/catalog/product/g/p/gp63568-hand-121120.jpg?imgeng=/w_960/f_webp/cmpr_20/s_7
244,https://imgcdn1.gempundit.com/media/catalog/product/g/p/gp63568-2-090920.jpg?imgeng=/w_960/f_webp/cmpr_20/s_7
245,https://imgcdn1.gempundit.com/media/catalog/product/g/p/gp63568-3-090920.jpg?imgeng=/w_960/f_webp/cmpr_20/s_7
246,https://imgcdn1.gempundit.com/media/catalog/product/g/p/gp63663-1-121120.jpg?imgeng=/w_960/f_webp/cmpr_20/s_7
247,https://imgcdn1.gempundit.com/media/catalog/product/g/p/gp63663-hand-121120.jpg?imgeng=/w_960/f_webp/cmpr_20/s_7
248,https://imgcdn1.gempundit.com/media/catalog/product/g/p/gp63663-2-090920.jpg?imgeng=/w_960/f_webp/cmpr_20/s_7
249,https://imgcdn1.gempundit.com/media/catalog/product/g/p/gp63663-3-090920.jpg?imgeng=/w_960/f_webp/cmpr_20/s_7
250,https://imgcdn1.gempundit.com/media/catalog/product/g/p/gp63646-1-121120.jpg?imgeng=/w_960/f_webp/cmpr_20/s_7
251,https://imgcdn1.gempundit.com/media/catalog/product/g/p/gp63646-hand-121120.jpg?imgeng=/w_960/f_webp/cmpr_20/s_7
252,https://imgcdn1.gempundit.com/media/catalog/product/g/p/gp63646-2-090920.jpg?imgeng=/w_960/f_webp/cmpr_20/s_7
253,https://imgcdn1.gempundit.com/media/catalog/product/g/p/gp63646-3-090920.jpg?imgeng=/w_960/f_webp/cmpr_20/s_7
254,https://imgcdn1.gempundit.com/media/catalog/product/g/p/gp63586-1-121120.jpg?imgeng=/w_960/f_webp/cmpr_20/s_7
255,https://imgcdn1.gempundit.com/media/catalog/product/g/p/gp63586-hand-121120.jpg?imgeng=/w_960/f_webp/cmpr_20/s_7
256,https://imgcdn1.gempundit.com/media/catalog/product/g/p/gp63586-2-090920.jpg?imgeng=/w_960/f_webp/cmpr_20/s_7
257,https://imgcdn1.gempundit.com/media/catalog/product/g/p/gp63586-3-090920.jpg?imgeng=/w_960/f_webp/cmpr_20/s_7
258,https://imgcdn1.gempundit.com/media/catalog/product/g/p/gp63649-1-121120.jpg?imgeng=/w_960/f_webp/cmpr_20/s_7
259,https://imgcdn1.gempundit.com/media/catalog/product/g/p/gp63649-hand-121120.jpg?imgeng=/w_960/f_webp/cmpr_20/s_7
260,https://imgcdn1.gempundit.com/media/catalog/product/g/p/gp63649-2-090920.jpg?imgeng=/w_960/f_webp/cmpr_20/s_7
261,https://imgcdn1.gempundit.com/media/catalog/product/g/p/gp63649-3-090920.jpg?imgeng=/w_960/f_webp/cmpr_20/s_7
262,https://imgcdn1.gempundit.com/media/catalog/product/g/p/gp63667-1-121120.jpg?imgeng=/w_960/f_webp/cmpr_20/s_7
263,https://imgcdn1.gempundit.com/media/catalog/product/g/p/gp63667-hand-121120.jpg?imgeng=/w_960/f_webp/cmpr_20/s_7
264,https://imgcdn1.gempundit.com/media/catalog/product/g/p/gp63667-2-090920.jpg?imgeng=/w_960/f_webp/cmpr_20/s_7
265,https://imgcdn1.gempundit.com/media/catalog/product/g/p/gp63667-3-090920.jpg?imgeng=/w_960/f_webp/cmpr_20/s_7
266,https://imgcdn1.gempundit.com/media/catalog/product/g/p/gp63553-1-121120.jpg?imgeng=/w_960/f_webp/cmpr_20/s_7
267,https://imgcdn1.gempundit.com/media/catalog/product/g/p/gp63553-hand-121120.jpg?imgeng=/w_960/f_webp/cmpr_20/s_7
268,https://imgcdn1.gempundit.com/media/catalog/product/g/p/gp63553-2-090920.jpg?imgeng=/w_960/f_webp/cmpr_20/s_7
269,https://imgcdn1.gempundit.com/media/catalog/product/g/p/gp63553-3-090920.jpg?imgeng=/w_960/f_webp/cmpr_20/s_7
270,https://imgcdn1.gempundit.com/media/catalog/product/g/p/gp63547-1-121120.jpg?imgeng=/w_960/f_webp/cmpr_20/s_7
271,https://imgcdn1.gempundit.com/media/catalog/product/g/p/gp63547-hand-121120.jpg?imgeng=/w_960/f_webp/cmpr_20/s_7
272,https://imgcdn1.gempundit.com/media/catalog/product/g/p/gp63547-2-090920.jpg?imgeng=/w_960/f_webp/cmpr_20/s_7
273,https://imgcdn1.gempundit.com/media/catalog/product/g/p/gp63547-3-090920.jpg?imgeng=/w_960/f_webp/cmpr_20/s_7
274,https://imgcdn1.gempundit.com/media/catalog/product/g/p/gp63637-1-121120.jpg?imgeng=/w_960/f_webp/cmpr_20/s_7
275,https://imgcdn1.gempundit.com/media/catalog/product/g/p/gp63637-hand-121120.jpg?imgeng=/w_960/f_webp/cmpr_20/s_7
276,https://imgcdn1.gempundit.com/media/catalog/product/g/p/gp63637-2-090920.jpg?imgeng=/w_960/f_webp/cmpr_20/s_7
277,https://imgcdn1.gempundit.com/media/catalog/product/g/p/gp63637-3-090920.jpg?imgeng=/w_960/f_webp/cmpr_20/s_7
278,https://imgcdn1.gempundit.com/media/catalog/product/g/p/gp63599-1-121120.jpg?imgeng=/w_960/f_webp/cmpr_20/s_7
279,https://imgcdn1.gempundit.com/media/catalog/product/g/p/gp63599-hand-121120.jpg?imgeng=/w_960/f_webp/cmpr_20/s_7
280,https://imgcdn1.gempundit.com/media/catalog/product/g/p/gp63599-2-090920.jpg?imgeng=/w_960/f_webp/cmpr_20/s_7
281,https://imgcdn1.gempundit.com/media/catalog/product/g/p/gp63599-3-090920.jpg?imgeng=/w_960/f_webp/cmpr_20/s_7
282,https://imgcdn1.gempundit.com/media/catalog/product/g/p/gp63576-1-121120.jpg?imgeng=/w_960/f_webp/cmpr_20/s_7
283,https://imgcdn1.gempundit.com/media/catalog/product/g/p/gp63576-hand-121120.jpg?imgeng=/w_960/f_webp/cmpr_20/s_7
284,https://imgcdn1.gempundit.com/media/catalog/product/g/p/gp63576-2-090920.jpg?imgeng=/w_960/f_webp/cmpr_20/s_7
285,https://imgcdn1.gempundit.com/media/catalog/product/g/p/gp63576-3-090920.jpg?imgeng=/w_960/f_webp/cmpr_20/s_7
286,https://imgcdn1.gempundit.com/media/catalog/product/g/p/gp103260-1-310822.jpg?imgeng=/w_960/f_webp/cmpr_20/s_7
287,https://imgcdn1.gempundit.com/media/catalog/product/g/p/gp103260-hand-310822.jpg?imgeng=/w_960/f_webp/cmpr_20/s_7
288,https://imgcdn1.gempundit.com/media/catalog/product/g/p/gp103260-2-310822.jpg?imgeng=/w_960/f_webp/cmpr_20/s_7
289,https://imgcdn1.gempundit.com/media/catalog/product/g/p/gp103260-3-310822.jpg?imgeng=/w_960/f_webp/cmpr_20/s_7
290,https://imgcdn1.gempundit.com/media/catalog/product/g/p/gp63616-1-121120.jpg?imgeng=/w_960/f_webp/cmpr_20/s_7
291,https://imgcdn1.gempundit.com/media/catalog/product/g/p/gp63616-hand-121120.jpg?imgeng=/w_960/f_webp/cmpr_20/s_7
292,https://imgcdn1.gempundit.com/media/catalog/product/g/p/gp63616-2-090920.jpg?imgeng=/w_960/f_webp/cmpr_20/s_7
293,https://imgcdn1.gempundit.com/media/catalog/product/g/p/gp63616-3-090920.jpg?imgeng=/w_960/f_webp/cmpr_20/s_7
294,https://imgcdn1.gempundit.com/media/catalog/product/g/p/gp63577-1-121120.jpg?imgeng=/w_960/f_webp/cmpr_20/s_7
295,https://imgcdn1.gempundit.com/media/catalog/product/g/p/gp63577-hand-121120.jpg?imgeng=/w_960/f_webp/cmpr_20/s_7
296,https://imgcdn1.gempundit.com/media/catalog/product/g/p/gp63577-2-090920.jpg?imgeng=/w_960/f_webp/cmpr_20/s_7
297,https://imgcdn1.gempundit.com/media/catalog/product/g/p/gp63577-3-090920.jpg?imgeng=/w_960/f_webp/cmpr_20/s_7
298,https://imgcdn1.gempundit.com/media/catalog/product/g/p/gp63684-1-121120.jpg?imgeng=/w_960/f_webp/cmpr_20/s_7
299,https://imgcdn1.gempundit.com/media/catalog/product/g/p/gp63684-hand-121120.jpg?imgeng=/w_960/f_webp/cmpr_20/s_7
300,https://imgcdn1.gempundit.com/media/catalog/product/g/p/gp63684-2-090920.jpg?imgeng=/w_960/f_webp/cmpr_20/s_7
301,https://imgcdn1.gempundit.com/media/catalog/product/g/p/gp63684-3-090920.jpg?imgeng=/w_960/f_webp/cmpr_20/s_7
302,https://imgcdn1.gempundit.com/media/catalog/product/g/p/gp63631-1-121120.jpg?imgeng=/w_960/f_webp/cmpr_20/s_7
303,https://imgcdn1.gempundit.com/media/catalog/product/g/p/gp63631-hand-121120.jpg?imgeng=/w_960/f_webp/cmpr_20/s_7
304,https://imgcdn1.gempundit.com/media/catalog/product/g/p/gp63631-2-090920.jpg?imgeng=/w_960/f_webp/cmpr_20/s_7
305,https://imgcdn1.gempundit.com/media/catalog/product/g/p/gp63631-3-090920.jpg?imgeng=/w_960/f_webp/cmpr_20/s_7
306,https://imgcdn1.gempundit.com/media/catalog/product/g/p/gp63647-1-121120.jpg?imgeng=/w_960/f_webp/cmpr_20/s_7
307,https://imgcdn1.gempundit.com/media/catalog/product/g/p/gp63647-hand-121120.jpg?imgeng=/w_960/f_webp/cmpr_20/s_7
308,https://imgcdn1.gempundit.com/media/catalog/product/g/p/gp63647-2-090920.jpg?imgeng=/w_960/f_webp/cmpr_20/s_7
309,https://imgcdn1.gempundit.com/media/catalog/product/g/p/gp63647-3-090920.jpg?imgeng=/w_960/f_webp/cmpr_20/s_7
310,https://imgcdn1.gempundit.com/media/catalog/product/g/p/gp63626-1-121120.jpg?imgeng=/w_960/f_webp/cmpr_20/s_7
311,https://imgcdn1.gempundit.com/media/catalog/product/g/p/gp63626-hand-121120.jpg?imgeng=/w_960/f_webp/cmpr_20/s_7
312,https://imgcdn1.gempundit.com/media/catalog/product/g/p/gp63626-2-090920.jpg?imgeng=/w_960/f_webp/cmpr_20/s_7
313,https://imgcdn1.gempundit.com/media/catalog/product/g/p/gp63626-3-090920.jpg?imgeng=/w_960/f_webp/cmpr_20/s_7
314,https://imgcdn1.gempundit.com/media/catalog/product/g/p/gp63557-1-121120.jpg?imgeng=/w_960/f_webp/cmpr_20/s_7
315,https://imgcdn1.gempundit.com/media/catalog/product/g/p/gp63557-hand-121120.jpg?imgeng=/w_960/f_webp/cmpr_20/s_7
316,https://imgcdn1.gempundit.com/media/catalog/product/g/p/gp63557-2-090920.jpg?imgeng=/w_960/f_webp/cmpr_20/s_7
317,https://imgcdn1.gempundit.com/media/catalog/product/g/p/gp63557-3-090920.jpg?imgeng=/w_960/f_webp/cmpr_20/s_7
318,https://imgcdn1.gempundit.com/media/catalog/product/g/p/gp63673-1-121120.jpg?imgeng=/w_960/f_webp/cmpr_20/s_7
319,https://imgcdn1.gempundit.com/media/catalog/product/g/p/gp63673-hand-121120.jpg?imgeng=/w_960/f_webp/cmpr_20/s_7
320,https://imgcdn1.gempundit.com/media/catalog/product/g/p/gp63673-2-090920.jpg?imgeng=/w_960/f_webp/cmpr_20/s_7
321,https://imgcdn1.gempundit.com/media/catalog/product/g/p/gp63673-3-090920.jpg?imgeng=/w_960/f_webp/cmpr_20/s_7
322,https://imgcdn1.gempundit.com/media/catalog/product/g/p/gp63632-1-121120.jpg?imgeng=/w_960/f_webp/cmpr_20/s_7
323,https://imgcdn1.gempundit.com/media/catalog/product/g/p/gp63632-hand-121120.jpg?imgeng=/w_960/f_webp/cmpr_20/s_7
324,https://imgcdn1.gempundit.com/media/catalog/product/g/p/gp63632-2-090920.jpg?imgeng=/w_960/f_webp/cmpr_20/s_7
325,https://imgcdn1.gempundit.com/media/catalog/product/g/p/gp63632-3-090920.jpg?imgeng=/w_960/f_webp/cmpr_20/s_7
326,https://imgcdn1.gempundit.com/media/catalog/product/g/p/gp63652-1-121120.jpg?imgeng=/w_960/f_webp/cmpr_20/s_7
327,https://imgcdn1.gempundit.com/media/catalog/product/g/p/gp63652-hand-121120.jpg?imgeng=/w_960/f_webp/cmpr_20/s_7
328,https://imgcdn1.gempundit.com/media/catalog/product/g/p/gp63652-2-090920.jpg?imgeng=/w_960/f_webp/cmpr_20/s_7
329,https://imgcdn1.gempundit.com/media/catalog/product/g/p/gp63652-3-090920.jpg?imgeng=/w_960/f_webp/cmpr_20/s_7
330,https://imgcdn1.gempundit.com/media/catalog/product/g/p/gp63601-1-121120.jpg?imgeng=/w_960/f_webp/cmpr_20/s_7
331,https://imgcdn1.gempundit.com/media/catalog/product/g/p/gp63601-hand-121120.jpg?imgeng=/w_960/f_webp/cmpr_20/s_7
332,https://imgcdn1.gempundit.com/media/catalog/product/g/p/gp63601-2-090920.jpg?imgeng=/w_960/f_webp/cmpr_20/s_7
333,https://imgcdn1.gempundit.com/media/catalog/product/g/p/gp63601-3-090920.jpg?imgeng=/w_960/f_webp/cmpr_20/s_7
334,https://imgcdn1.gempundit.com/media/catalog/product/g/p/gp63619-1-121120.jpg?imgeng=/w_960/f_webp/cmpr_20/s_7
335,https://imgcdn1.gempundit.com/media/catalog/product/g/p/gp63619-hand-121120.jpg?imgeng=/w_960/f_webp/cmpr_20/s_7
336,https://imgcdn1.gempundit.com/media/catalog/product/g/p/gp63619-2-090920.jpg?imgeng=/w_960/f_webp/cmpr_20/s_7
337,https://imgcdn1.gempundit.com/media/catalog/product/g/p/gp63619-3-090920.jpg?imgeng=/w_960/f_webp/cmpr_20/s_7
338,https://imgcdn1.gempundit.com/media/catalog/product/g/p/gp63555-1-121120.jpg?imgeng=/w_960/f_webp/cmpr_20/s_7
339,https://imgcdn1.gempundit.com/media/catalog/product/g/p/gp63555-hand-121120.jpg?imgeng=/w_960/f_webp/cmpr_20/s_7
340,https://imgcdn1.gempundit.com/media/catalog/product/g/p/gp63555-2-090920.jpg?imgeng=/w_960/f_webp/cmpr_20/s_7
341,https://imgcdn1.gempundit.com/media/catalog/product/g/p/gp63555-3-090920.jpg?imgeng=/w_960/f_webp/cmpr_20/s_7
342,https://imgcdn1.gempundit.com/media/catalog/product/g/p/gp103262-1-310822.jpg?imgeng=/w_960/f_webp/cmpr_20/s_7
343,https://imgcdn1.gempundit.com/media/catalog/product/g/p/gp103262-hand-310822.jpg?imgeng=/w_960/f_webp/cmpr_20/s_7
344,https://imgcdn1.gempundit.com/media/catalog/product/g/p/gp103262-2-310822.jpg?imgeng=/w_960/f_webp/cmpr_20/s_7
345,https://imgcdn1.gempundit.com/media/catalog/product/g/p/gp103262-3-310822.jpg?imgeng=/w_960/f_webp/cmpr_20/s_7
346,https://imgcdn1.gempundit.com/media/catalog/product/g/p/gp63546-1-121120.jpg?imgeng=/w_960/f_webp/cmpr_20/s_7
347,https://imgcdn1.gempundit.com/media/catalog/product/g/p/gp63546-hand-121120.jpg?imgeng=/w_960/f_webp/cmpr_20/s_7
348,https://imgcdn1.gempundit.com/media/catalog/product/g/p/gp63546-2-090920.jpg?imgeng=/w_960/f_webp/cmpr_20/s_7
349,https://imgcdn1.gempundit.com/media/catalog/product/g/p/gp63546-3-090920.jpg?imgeng=/w_960/f_webp/cmpr_20/s_7
350,https://imgcdn1.gempundit.com/media/catalog/product/g/p/gp103256-1-310822.jpg?imgeng=/w_960/f_webp/cmpr_20/s_7
351,https://imgcdn1.gempundit.com/media/catalog/product/g/p/gp103256-hand-310822.jpg?imgeng=/w_960/f_webp/cmpr_20/s_7
352,https://imgcdn1.gempundit.com/media/catalog/product/g/p/gp103256-2-310822.jpg?imgeng=/w_960/f_webp/cmpr_20/s_7
353,https://imgcdn1.gempundit.com/media/catalog/product/g/p/gp103256-3-310822.jpg?imgeng=/w_960/f_webp/cmpr_20/s_7
354,https://imgcdn1.gempundit.com/media/catalog/product/g/p/gp63623-1-121120.jpg?imgeng=/w_960/f_webp/cmpr_20/s_7
355,https://imgcdn1.gempundit.com/media/catalog/product/g/p/gp63623-hand-121120.jpg?imgeng=/w_960/f_webp/cmpr_20/s_7
356,https://imgcdn1.gempundit.com/media/catalog/product/g/p/gp63623-2-090920.jpg?imgeng=/w_960/f_webp/cmpr_20/s_7
357,https://imgcdn1.gempundit.com/media/catalog/product/g/p/gp63623-3-090920.jpg?imgeng=/w_960/f_webp/cmpr_20/s_7
358,https://imgcdn1.gempundit.com/media/catalog/product/g/p/gp103258-1-310822.jpg?imgeng=/w_960/f_webp/cmpr_20/s_7
359,https://imgcdn1.gempundit.com/media/catalog/product/g/p/gp103258-hand-310822.jpg?imgeng=/w_960/f_webp/cmpr_20/s_7
360,https://imgcdn1.gempundit.com/media/catalog/product/g/p/gp103258-2-310822.jpg?imgeng=/w_960/f_webp/cmpr_20/s_7
361,https://imgcdn1.gempundit.com/media/catalog/product/g/p/gp103258-3-310822.jpg?imgeng=/w_960/f_webp/cmpr_20/s_7
362,https://imgcdn1.gempundit.com/media/catalog/product/g/p/gp63622-1-121120.jpg?imgeng=/w_960/f_webp/cmpr_20/s_7
363,https://imgcdn1.gempundit.com/media/catalog/product/g/p/gp63622-hand-121120.jpg?imgeng=/w_960/f_webp/cmpr_20/s_7
364,https://imgcdn1.gempundit.com/media/catalog/product/g/p/gp63622-2-090920.jpg?imgeng=/w_960/f_webp/cmpr_20/s_7
365,https://imgcdn1.gempundit.com/media/catalog/product/g/p/gp63622-3-090920.jpg?imgeng=/w_960/f_webp/cmpr_20/s_7
366,https://imgcdn1.gempundit.com/media/catalog/product/g/p/gp63612-1-121120.jpg?imgeng=/w_960/f_webp/cmpr_20/s_7
367,https://imgcdn1.gempundit.com/media/catalog/product/g/p/gp63612-hand-121120.jpg?imgeng=/w_960/f_webp/cmpr_20/s_7
368,https://imgcdn1.gempundit.com/media/catalog/product/g/p/gp63612-2-090920.jpg?imgeng=/w_960/f_webp/cmpr_20/s_7
369,https://imgcdn1.gempundit.com/media/catalog/product/g/p/gp63612-3-090920.jpg?imgeng=/w_960/f_webp/cmpr_20/s_7
370,https://imgcdn1.gempundit.com/media/catalog/product/g/p/gp63639-1-121120.jpg?imgeng=/w_960/f_webp/cmpr_20/s_7
371,https://imgcdn1.gempundit.com/media/catalog/product/g/p/gp63639-hand-121120.jpg?imgeng=/w_960/f_webp/cmpr_20/s_7
372,https://imgcdn1.gempundit.com/media/catalog/product/g/p/gp63639-2-090920.jpg?imgeng=/w_960/f_webp/cmpr_20/s_7
373,https://imgcdn1.gempundit.com/media/catalog/product/g/p/gp63639-3-090920.jpg?imgeng=/w_960/f_webp/cmpr_20/s_7
374,https://imgcdn1.gempundit.com/media/catalog/product/g/p/gp63630-1-121120.jpg?imgeng=/w_960/f_webp/cmpr_20/s_7
375,https://imgcdn1.gempundit.com/media/catalog/product/g/p/gp63630-hand-121120.jpg?imgeng=/w_960/f_webp/cmpr_20/s_7
376,https://imgcdn1.gempundit.com/media/catalog/product/g/p/gp63630-2-090920.jpg?imgeng=/w_960/f_webp/cmpr_20/s_7
377,https://imgcdn1.gempundit.com/media/catalog/product/g/p/gp63630-3-090920.jpg?imgeng=/w_960/f_webp/cmpr_20/s_7
378,https://imgcdn1.gempundit.com/media/catalog/product/g/p/gp103257-1-310822.jpg?imgeng=/w_960/f_webp/cmpr_20/s_7
379,https://imgcdn1.gempundit.com/media/catalog/product/g/p/gp103257-hand-310822.jpg?imgeng=/w_960/f_webp/cmpr_20/s_7
380,https://imgcdn1.gempundit.com/media/catalog/product/g/p/gp103257-2-310822.jpg?imgeng=/w_960/f_webp/cmpr_20/s_7
381,https://imgcdn1.gempundit.com/media/catalog/product/g/p/gp103257-3-310822.jpg?imgeng=/w_960/f_webp/cmpr_20/s_7
382,https://imgcdn1.gempundit.com/media/catalog/product/g/p/gp63659-1-121120.jpg?imgeng=/w_960/f_webp/cmpr_20/s_7
383,https://imgcdn1.gempundit.com/media/catalog/product/g/p/gp63659-hand-121120.jpg?imgeng=/w_960/f_webp/cmpr_20/s_7
384,https://imgcdn1.gempundit.com/media/catalog/product/g/p/gp63659-2-090920.jpg?imgeng=/w_960/f_webp/cmpr_20/s_7
385,https://imgcdn1.gempundit.com/media/catalog/product/g/p/gp63659-3-090920.jpg?imgeng=/w_960/f_webp/cmpr_20/s_7
386,https://imgcdn1.gempundit.com/media/catalog/product/g/p/gp103246-1-310822.jpg?imgeng=/w_960/f_webp/cmpr_20/s_7
387,https://imgcdn1.gempundit.com/media/catalog/product/g/p/gp103246-hand-310822.jpg?imgeng=/w_960/f_webp/cmpr_20/s_7
388,https://imgcdn1.gempundit.com/media/catalog/product/g/p/gp103246-2-310822.jpg?imgeng=/w_960/f_webp/cmpr_20/s_7
389,https://imgcdn1.gempundit.com/media/catalog/product/g/p/gp103246-3-310822.jpg?imgeng=/w_960/f_webp/cmpr_20/s_7
390,https://imgcdn1.gempundit.com/media/catalog/product/g/p/gp63600-1-121120.jpg?imgeng=/w_960/f_webp/cmpr_20/s_7
391,https://imgcdn1.gempundit.com/media/catalog/product/g/p/gp63600-hand-121120.jpg?imgeng=/w_960/f_webp/cmpr_20/s_7
392,https://imgcdn1.gempundit.com/media/catalog/product/g/p/gp63600-2-090920.jpg?imgeng=/w_960/f_webp/cmpr_20/s_7
393,https://imgcdn1.gempundit.com/media/catalog/product/g/p/gp63600-3-090920.jpg?imgeng=/w_960/f_webp/cmpr_20/s_7
394,https://imgcdn1.gempundit.com/media/catalog/product/g/p/gp63666-1-121120.jpg?imgeng=/w_960/f_webp/cmpr_20/s_7
395,https://imgcdn1.gempundit.com/media/catalog/product/g/p/gp63666-hand-121120.jpg?imgeng=/w_960/f_webp/cmpr_20/s_7
396,https://imgcdn1.gempundit.com/media/catalog/product/g/p/gp63666-2-090920.jpg?imgeng=/w_960/f_webp/cmpr_20/s_7
397,https://imgcdn1.gempundit.com/media/catalog/product/g/p/gp63666-3-090920.jpg?imgeng=/w_960/f_webp/cmpr_20/s_7
398,https://imgcdn1.gempundit.com/media/catalog/product/g/p/gp63591-1-121120.jpg?imgeng=/w_960/f_webp/cmpr_20/s_7
399,https://imgcdn1.gempundit.com/media/catalog/product/g/p/gp63591-hand-121120.jpg?imgeng=/w_960/f_webp/cmpr_20/s_7
400,https://imgcdn1.gempundit.com/media/catalog/product/g/p/gp63591-2-090920.jpg?imgeng=/w_960/f_webp/cmpr_20/s_7
401,https://imgcdn1.gempundit.com/media/catalog/product/g/p/gp63591-3-090920.jpg?imgeng=/w_960/f_webp/cmpr_20/s_7
402,https://imgcdn1.gempundit.com/media/catalog/product/g/p/gp103430-1-090922.jpg?imgeng=/w_960/f_webp/cmpr_20/s_7
403,https://imgcdn1.gempundit.com/media/catalog/product/g/p/gp103430-hand-090922.jpg?imgeng=/w_960/f_webp/cmpr_20/s_7
404,https://imgcdn1.gempundit.com/media/catalog/product/g/p/gp103430-2-090922.jpg?imgeng=/w_960/f_webp/cmpr_20/s_7
405,https://imgcdn1.gempundit.com/media/catalog/product/g/p/gp103430-3-090922.jpg?imgeng=/w_960/f_webp/cmpr_20/s_7
406,https://imgcdn1.gempundit.com/media/catalog/product/g/p/gp103248-1-300822.jpg?imgeng=/w_960/f_webp/cmpr_20/s_7
407,https://imgcdn1.gempundit.com/media/catalog/product/g/p/gp103248-hand-300822.jpg?imgeng=/w_960/f_webp/cmpr_20/s_7
408,https://imgcdn1.gempundit.com/media/catalog/product/g/p/gp103248-2-300822.jpg?imgeng=/w_960/f_webp/cmpr_20/s_7
409,https://imgcdn1.gempundit.com/media/catalog/product/g/p/gp103248-3-300822.jpg?imgeng=/w_960/f_webp/cmpr_20/s_7
410,https://imgcdn1.gempundit.com/media/catalog/product/g/p/gp63629-1-121120.jpg?imgeng=/w_960/f_webp/cmpr_20/s_7
411,https://imgcdn1.gempundit.com/media/catalog/product/g/p/gp63629-hand-121120.jpg?imgeng=/w_960/f_webp/cmpr_20/s_7
412,https://imgcdn1.gempundit.com/media/catalog/product/g/p/gp63629-2-090920.jpg?imgeng=/w_960/f_webp/cmpr_20/s_7
413,https://imgcdn1.gempundit.com/media/catalog/product/g/p/gp63629-3-090920.jpg?imgeng=/w_960/f_webp/cmpr_20/s_7
414,https://imgcdn1.gempundit.com/media/catalog/product/g/p/gp63636-1-121120.jpg?imgeng=/w_960/f_webp/cmpr_20/s_7
415,https://imgcdn1.gempundit.com/media/catalog/product/g/p/gp63636-hand-121120.jpg?imgeng=/w_960/f_webp/cmpr_20/s_7
416,https://imgcdn1.gempundit.com/media/catalog/product/g/p/gp63636-2-090920.jpg?imgeng=/w_960/f_webp/cmpr_20/s_7
417,https://imgcdn1.gempundit.com/media/catalog/product/g/p/gp63636-3-090920.jpg?imgeng=/w_960/f_webp/cmpr_20/s_7
418,https://imgcdn1.gempundit.com/media/catalog/product/g/p/gp63608-1-121120.jpg?imgeng=/w_960/f_webp/cmpr_20/s_7
419,https://imgcdn1.gempundit.com/media/catalog/product/g/p/gp63608-hand-121120.jpg?imgeng=/w_960/f_webp/cmpr_20/s_7
420,https://imgcdn1.gempundit.com/media/catalog/product/g/p/gp63608-2-090920.jpg?imgeng=/w_960/f_webp/cmpr_20/s_7
421,https://imgcdn1.gempundit.com/media/catalog/product/g/p/gp63608-3-090920.jpg?imgeng=/w_960/f_webp/cmpr_20/s_7
422,https://imgcdn1.gempundit.com/media/catalog/product/g/p/gp103250-1-310822.jpg?imgeng=/w_960/f_webp/cmpr_20/s_7
423,https://imgcdn1.gempundit.com/media/catalog/product/g/p/gp103250-hand-310822.jpg?imgeng=/w_960/f_webp/cmpr_20/s_7
424,https://imgcdn1.gempundit.com/media/catalog/product/g/p/gp103250-2-310822.jpg?imgeng=/w_960/f_webp/cmpr_20/s_7
425,https://imgcdn1.gempundit.com/media/catalog/product/g/p/gp103250-3-310822.jpg?imgeng=/w_960/f_webp/cmpr_20/s_7
426,https://imgcdn1.gempundit.com/media/catalog/product/g/p/gp63611-1-121120.jpg?imgeng=/w_960/f_webp/cmpr_20/s_7
427,https://imgcdn1.gempundit.com/media/catalog/product/g/p/gp63611-hand-121120.jpg?imgeng=/w_960/f_webp/cmpr_20/s_7
428,https://imgcdn1.gempundit.com/media/catalog/product/g/p/gp63611-2-090920.jpg?imgeng=/w_960/f_webp/cmpr_20/s_7
429,https://imgcdn1.gempundit.com/media/catalog/product/g/p/gp63611-3-090920.jpg?imgeng=/w_960/f_webp/cmpr_20/s_7
430,https://imgcdn1.gempundit.com/media/catalog/product/g/p/gp103253-1-310822.jpg?imgeng=/w_960/f_webp/cmpr_20/s_7
431,https://imgcdn1.gempundit.com/media/catalog/product/g/p/gp103253-hand-310822.jpg?imgeng=/w_960/f_webp/cmpr_20/s_7
432,https://imgcdn1.gempundit.com/media/catalog/product/g/p/gp103253-2-310822.jpg?imgeng=/w_960/f_webp/cmpr_20/s_7
433,https://imgcdn1.gempundit.com/media/catalog/product/g/p/gp103253-3-310822.jpg?imgeng=/w_960/f_webp/cmpr_20/s_7
434,https://imgcdn1.gempundit.com/media/catalog/product/g/p/gp103252-1-310822.jpg?imgeng=/w_960/f_webp/cmpr_20/s_7
435,https://imgcdn1.gempundit.com/media/catalog/product/g/p/gp103252-hand-310822.jpg?imgeng=/w_960/f_webp/cmpr_20/s_7
436,https://imgcdn1.gempundit.com/media/catalog/product/g/p/gp103252-2-310822.jpg?imgeng=/w_960/f_webp/cmpr_20/s_7
437,https://imgcdn1.gempundit.com/media/catalog/product/g/p/gp103252-3-310822.jpg?imgeng=/w_960/f_webp/cmpr_20/s_7
438,https://imgcdn1.gempundit.com/media/catalog/product/g/p/gp103247-1-310822.jpg?imgeng=/w_960/f_webp/cmpr_20/s_7
439,https://imgcdn1.gempundit.com/media/catalog/product/g/p/gp103247-hand-310822.jpg?imgeng=/w_960/f_webp/cmpr_20/s_7
440,https://imgcdn1.gempundit.com/media/catalog/product/g/p/gp103247-2-310822.jpg?imgeng=/w_960/f_webp/cmpr_20/s_7
441,https://imgcdn1.gempundit.com/media/catalog/product/g/p/gp103247-3-310822.jpg?imgeng=/w_960/f_webp/cmpr_20/s_7
442,https://imgcdn1.gempundit.com/media/catalog/product/g/p/gp103251-1-300822.jpg?imgeng=/w_960/f_webp/cmpr_20/s_7
443,https://imgcdn1.gempundit.com/media/catalog/product/g/p/gp103251-hand-300822.jpg?imgeng=/w_960/f_webp/cmpr_20/s_7
444,https://imgcdn1.gempundit.com/media/catalog/product/g/p/gp103251-2-300822.jpg?imgeng=/w_960/f_webp/cmpr_20/s_7
445,https://imgcdn1.gempundit.com/media/catalog/product/g/p/gp103251-3-300822.jpg?imgeng=/w_960/f_webp/cmpr_20/s_7
446,https://imgcdn1.gempundit.com/media/catalog/product/g/p/gp103245-1-310822.jpg?imgeng=/w_960/f_webp/cmpr_20/s_7
447,https://imgcdn1.gempundit.com/media/catalog/product/g/p/gp103245-hand-310822.jpg?imgeng=/w_960/f_webp/cmpr_20/s_7
448,https://imgcdn1.gempundit.com/media/catalog/product/g/p/gp103245-2-310822.jpg?imgeng=/w_960/f_webp/cmpr_20/s_7
449,https://imgcdn1.gempundit.com/media/catalog/product/g/p/gp104197-1-220922.jpg?imgeng=/w_960/f_webp/cmpr_20/s_7
450,https://imgcdn1.gempundit.com/media/catalog/product/g/p/gp104197-hand-220922.jpg?imgeng=/w_960/f_webp/cmpr_20/s_7
451,https://imgcdn1.gempundit.com/media/catalog/product/g/p/gp104197-2-220922.jpg?imgeng=/w_960/f_webp/cmpr_20/s_7
452,https://imgcdn1.gempundit.com/media/catalog/product/g/p/gp104197-3-220922.jpg?imgeng=/w_960/f_webp/cmpr_20/s_7
453,https://imgcdn1.gempundit.com/media/catalog/product/g/p/gp103249-1-300822.jpg?imgeng=/w_960/f_webp/cmpr_20/s_7
454,https://imgcdn1.gempundit.com/media/catalog/product/g/p/gp103249-hand-300822.jpg?imgeng=/w_960/f_webp/cmpr_20/s_7
455,https://imgcdn1.gempundit.com/media/catalog/product/g/p/gp103249-2-300822.jpg?imgeng=/w_960/f_webp/cmpr_20/s_7
456,https://imgcdn1.gempundit.com/media/catalog/product/g/p/gp103249-3-300822.jpg?imgeng=/w_960/f_webp/cmpr_20/s_7
457,https://imgcdn1.gempundit.com/media/catalog/product/g/p/gp104557-1-220922.jpg?imgeng=/w_960/f_webp/cmpr_20/s_7
458,https://imgcdn1.gempundit.com/media/catalog/product/g/p/gp104557-hand-220922.jpg?imgeng=/w_960/f_webp/cmpr_20/s_7
459,https://imgcdn1.gempundit.com/media/catalog/product/g/p/gp104557-2-220922.jpg?imgeng=/w_960/f_webp/cmpr_20/s_7
460,https://imgcdn1.gempundit.com/media/catalog/product/g/p/gp104557-3-220922.jpg?imgeng=/w_960/f_webp/cmpr_20/s_7
461,https://imgcdn1.gempundit.com/media/catalog/product/g/p/gp104555-1-220922.jpg?imgeng=/w_960/f_webp/cmpr_20/s_7
462,https://imgcdn1.gempundit.com/media/catalog/product/g/p/gp104555-hand-220922.jpg?imgeng=/w_960/f_webp/cmpr_20/s_7
463,https://imgcdn1.gempundit.com/media/catalog/product/g/p/gp104555-2-220922.jpg?imgeng=/w_960/f_webp/cmpr_20/s_7
464,https://imgcdn1.gempundit.com/media/catalog/product/g/p/gp104555-3-220922.jpg?imgeng=/w_960/f_webp/cmpr_20/s_7
465,https://imgcdn1.gempundit.com/media/catalog/product/g/p/gp104556-1-220922.jpg?imgeng=/w_960/f_webp/cmpr_20/s_7
466,https://imgcdn1.gempundit.com/media/catalog/product/g/p/gp104556-hand-220922.jpg?imgeng=/w_960/f_webp/cmpr_20/s_7
467,https://imgcdn1.gempundit.com/media/catalog/product/g/p/gp104556-2-220922.jpg?imgeng=/w_960/f_webp/cmpr_20/s_7
468,https://imgcdn1.gempundit.com/media/catalog/product/g/p/gp104556-3-220922.jpg?imgeng=/w_960/f_webp/cmpr_20/s_7
469,https://imgcdn1.gempundit.com/media/catalog/product/g/p/gp104554-1-220922.jpg?imgeng=/w_960/f_webp/cmpr_20/s_7
470,https://imgcdn1.gempundit.com/media/catalog/product/g/p/gp104554-hand-220922.jpg?imgeng=/w_960/f_webp/cmpr_20/s_7
471,https://imgcdn1.gempundit.com/media/catalog/product/g/p/gp104554-2-220922.jpg?imgeng=/w_960/f_webp/cmpr_20/s_7
472,https://imgcdn1.gempundit.com/media/catalog/product/g/p/gp104554-3-220922.jpg?imgeng=/w_960/f_webp/cmpr_20/s_7
473,https://imgcdn1.gempundit.com/media/catalog/product/g/p/gp104558-1-220922.jpg?imgeng=/w_960/f_webp/cmpr_20/s_7
474,https://imgcdn1.gempundit.com/media/catalog/product/g/p/gp104558-hand-220922.jpg?imgeng=/w_960/f_webp/cmpr_20/s_7
475,https://imgcdn1.gempundit.com/media/catalog/product/g/p/gp104558-2-220922.jpg?imgeng=/w_960/f_webp/cmpr_20/s_7
476,https://imgcdn1.gempundit.com/media/catalog/product/g/p/gp104558-3-220922.jpg?imgeng=/w_960/f_webp/cmpr_20/s_7
477,https://imgcdn1.gempundit.com/media/catalog/product/g/p/gp104559-1-220922.jpg?imgeng=/w_960/f_webp/cmpr_20/s_7
478,https://imgcdn1.gempundit.com/media/catalog/product/g/p/gp104559-hand-220922.jpg?imgeng=/w_960/f_webp/cmpr_20/s_7
479,https://imgcdn1.gempundit.com/media/catalog/product/g/p/gp104559-2-220922.jpg?imgeng=/w_960/f_webp/cmpr_20/s_7
480,https://imgcdn1.gempundit.com/media/catalog/product/g/p/gp104559-3-220922.jpg?imgeng=/w_960/f_webp/cmpr_20/s_7
481,https://imgcdn1.gempundit.com/media/catalog/product/g/p/gp103244-1-300822.jpg?imgeng=/w_960/f_webp/cmpr_20/s_7
482,https://imgcdn1.gempundit.com/media/catalog/product/g/p/gp103244-hand-300822.jpg?imgeng=/w_960/f_webp/cmpr_20/s_7
483,https://imgcdn1.gempundit.com/media/catalog/product/g/p/gp103244-2-300822.jpg?imgeng=/w_960/f_webp/cmpr_20/s_7
484,https://imgcdn1.gempundit.com/media/catalog/product/g/p/gp103244-3-300822.jpg?imgeng=/w_960/f_webp/cmpr_20/s_7
485,https://imgcdn1.gempundit.com/media/catalog/product/g/p/gp104201-1-220922.jpg?imgeng=/w_960/f_webp/cmpr_20/s_7
486,https://imgcdn1.gempundit.com/media/catalog/product/g/p/gp104201-hand-220922.jpg?imgeng=/w_960/f_webp/cmpr_20/s_7
487,https://imgcdn1.gempundit.com/media/catalog/product/g/p/gp104201-2-220922.jpg?imgeng=/w_960/f_webp/cmpr_20/s_7
488,https://imgcdn1.gempundit.com/media/catalog/product/g/p/gp104201-3-220922.jpg?imgeng=/w_960/f_webp/cmpr_20/s_7
489,https://imgcdn1.gempundit.com/media/catalog/product/g/p/gp104573-1-220922.jpg?imgeng=/w_960/f_webp/cmpr_20/s_7
490,https://imgcdn1.gempundit.com/media/catalog/product/g/p/gp104573-hand-220922.jpg?imgeng=/w_960/f_webp/cmpr_20/s_7
491,https://imgcdn1.gempundit.com/media/catalog/product/g/p/gp104573-2-220922.jpg?imgeng=/w_960/f_webp/cmpr_20/s_7
492,https://imgcdn1.gempundit.com/media/catalog/product/g/p/gp104573-3-220922.jpg?imgeng=/w_960/f_webp/cmpr_20/s_7
493,https://imgcdn1.gempundit.com/media/catalog/product/g/p/gp104568-1-220922.jpg?imgeng=/w_960/f_webp/cmpr_20/s_7
494,https://imgcdn1.gempundit.com/media/catalog/product/g/p/gp104568-hand-220922.jpg?imgeng=/w_960/f_webp/cmpr_20/s_7
495,https://imgcdn1.gempundit.com/media/catalog/product/g/p/gp104568-2-220922.jpg?imgeng=/w_960/f_webp/cmpr_20/s_7
496,https://imgcdn1.gempundit.com/media/catalog/product/g/p/gp104568-3-220922.jpg?imgeng=/w_960/f_webp/cmpr_20/s_7
497,https://imgcdn1.gempundit.com/media/catalog/product/g/p/gp104561-1-220922.jpg?imgeng=/w_960/f_webp/cmpr_20/s_7
498,https://imgcdn1.gempundit.com/media/catalog/product/g/p/gp104561-hand-220922.jpg?imgeng=/w_960/f_webp/cmpr_20/s_7
499,https://imgcdn1.gempundit.com/media/catalog/product/g/p/gp104561-2-220922.jpg?imgeng=/w_960/f_webp/cmpr_20/s_7
500,https://imgcdn1.gempundit.com/media/catalog/product/g/p/gp104561-3-220922.jpg?imgeng=/w_960/f_webp/cmpr_20/s_7
501,https://imgcdn1.gempundit.com/media/catalog/product/g/p/gp104560-1-220922.jpg?imgeng=/w_960/f_webp/cmpr_20/s_7
502,https://imgcdn1.gempundit.com/media/catalog/product/g/p/gp104560-hand-220922.jpg?imgeng=/w_960/f_webp/cmpr_20/s_7
503,https://imgcdn1.gempundit.com/media/catalog/product/g/p/gp104560-2-220922.jpg?imgeng=/w_960/f_webp/cmpr_20/s_7
504,https://imgcdn1.gempundit.com/media/catalog/product/g/p/gp104560-3-220922.jpg?imgeng=/w_960/f_webp/cmpr_20/s_7
505,https://imgcdn1.gempundit.com/media/catalog/product/g/p/gp104562-1-220922.jpg?imgeng=/w_960/f_webp/cmpr_20/s_7
506,https://imgcdn1.gempundit.com/media/catalog/product/g/p/gp104562-hand-220922.jpg?imgeng=/w_960/f_webp/cmpr_20/s_7
507,https://imgcdn1.gempundit.com/media/catalog/product/g/p/gp104562-2-220922.jpg?imgeng=/w_960/f_webp/cmpr_20/s_7
508,https://imgcdn1.gempundit.com/media/catalog/product/g/p/gp104562-3-220922.jpg?imgeng=/w_960/f_webp/cmpr_20/s_7
509,https://imgcdn1.gempundit.com/media/catalog/product/g/p/gp104574-1-220922.jpg?imgeng=/w_960/f_webp/cmpr_20/s_7
510,https://imgcdn1.gempundit.com/media/catalog/product/g/p/gp104574-hand-220922.jpg?imgeng=/w_960/f_webp/cmpr_20/s_7
511,https://imgcdn1.gempundit.com/media/catalog/product/g/p/gp104574-2-220922.jpg?imgeng=/w_960/f_webp/cmpr_20/s_7
512,https://imgcdn1.gempundit.com/media/catalog/product/g/p/gp104574-3-220922.jpg?imgeng=/w_960/f_webp/cmpr_20/s_7
513,https://imgcdn1.gempundit.com/media/catalog/product/g/p/gp104567-1-220922.jpg?imgeng=/w_960/f_webp/cmpr_20/s_7
514,https://imgcdn1.gempundit.com/media/catalog/product/g/p/gp104567-hand-220922.jpg?imgeng=/w_960/f_webp/cmpr_20/s_7
515,https://imgcdn1.gempundit.com/media/catalog/product/g/p/gp104567-2-220922.jpg?imgeng=/w_960/f_webp/cmpr_20/s_7
516,https://imgcdn1.gempundit.com/media/catalog/product/g/p/gp104567-3-220922.jpg?imgeng=/w_960/f_webp/cmpr_20/s_7
517,https://imgcdn1.gempundit.com/media/catalog/product/g/p/gp104571-1-220922.jpg?imgeng=/w_960/f_webp/cmpr_20/s_7
518,https://imgcdn1.gempundit.com/media/catalog/product/g/p/gp104571-hand-220922.jpg?imgeng=/w_960/f_webp/cmpr_20/s_7
519,https://imgcdn1.gempundit.com/media/catalog/product/g/p/gp104571-2-220922.jpg?imgeng=/w_960/f_webp/cmpr_20/s_7
520,https://imgcdn1.gempundit.com/media/catalog/product/g/p/gp104571-3-220922.jpg?imgeng=/w_960/f_webp/cmpr_20/s_7
521,https://imgcdn1.gempundit.com/media/catalog/product/g/p/gp104564-1-220922.jpg?imgeng=/w_960/f_webp/cmpr_20/s_7
522,https://imgcdn1.gempundit.com/media/catalog/product/g/p/gp104564-hand-220922.jpg?imgeng=/w_960/f_webp/cmpr_20/s_7
523,https://imgcdn1.gempundit.com/media/catalog/product/g/p/gp104564-2-220922.jpg?imgeng=/w_960/f_webp/cmpr_20/s_7
524,https://imgcdn1.gempundit.com/media/catalog/product/g/p/gp104564-3-220922.jpg?imgeng=/w_960/f_webp/cmpr_20/s_7
525,https://imgcdn1.gempundit.com/media/catalog/product/g/p/gp104575-1-220922.jpg?imgeng=/w_960/f_webp/cmpr_20/s_7
526,https://imgcdn1.gempundit.com/media/catalog/product/g/p/gp104575-hand-220922.jpg?imgeng=/w_960/f_webp/cmpr_20/s_7
527,https://imgcdn1.gempundit.com/media/catalog/product/g/p/gp104575-2-220922.jpg?imgeng=/w_960/f_webp/cmpr_20/s_7
528,https://imgcdn1.gempundit.com/media/catalog/product/g/p/gp104575-3-220922.jpg?imgeng=/w_960/f_webp/cmpr_20/s_7
529,https://imgcdn1.gempundit.com/media/catalog/product/g/p/gp104569-1-220922.jpg?imgeng=/w_960/f_webp/cmpr_20/s_7
530,https://imgcdn1.gempundit.com/media/catalog/product/g/p/gp104569-hand-220922.jpg?imgeng=/w_960/f_webp/cmpr_20/s_7
531,https://imgcdn1.gempundit.com/media/catalog/product/g/p/gp104569-2-220922.jpg?imgeng=/w_960/f_webp/cmpr_20/s_7
532,https://imgcdn1.gempundit.com/media/catalog/product/g/p/gp104569-3-220922.jpg?imgeng=/w_960/f_webp/cmpr_20/s_7
533,https://imgcdn1.gempundit.com/media/catalog/product/g/p/gp104563-1-220922.jpg?imgeng=/w_960/f_webp/cmpr_20/s_7
534,https://imgcdn1.gempundit.com/media/catalog/product/g/p/gp104563-hand-220922.jpg?imgeng=/w_960/f_webp/cmpr_20/s_7
535,https://imgcdn1.gempundit.com/media/catalog/product/g/p/gp104563-2-220922.jpg?imgeng=/w_960/f_webp/cmpr_20/s_7
536,https://imgcdn1.gempundit.com/media/catalog/product/g/p/gp104563-3-220922.jpg?imgeng=/w_960/f_webp/cmpr_20/s_7
537,https://imgcdn1.gempundit.com/media/catalog/product/g/p/gp104570-1-220922.jpg?imgeng=/w_960/f_webp/cmpr_20/s_7
538,https://imgcdn1.gempundit.com/media/catalog/product/g/p/gp104570-hand-220922.jpg?imgeng=/w_960/f_webp/cmpr_20/s_7
539,https://imgcdn1.gempundit.com/media/catalog/product/g/p/gp104570-2-220922.jpg?imgeng=/w_960/f_webp/cmpr_20/s_7
540,https://imgcdn1.gempundit.com/media/catalog/product/g/p/gp104570-3-220922.jpg?imgeng=/w_960/f_webp/cmpr_20/s_7
541,https://imgcdn1.gempundit.com/media/catalog/product/g/p/gp104572-1-220922.jpg?imgeng=/w_960/f_webp/cmpr_20/s_7
542,https://imgcdn1.gempundit.com/media/catalog/product/g/p/gp104572-hand-220922.jpg?imgeng=/w_960/f_webp/cmpr_20/s_7
543,https://imgcdn1.gempundit.com/media/catalog/product/g/p/gp104572-2-220922.jpg?imgeng=/w_960/f_webp/cmpr_20/s_7
544,https://imgcdn1.gempundit.com/media/catalog/product/g/p/gp104572-3-220922.jpg?imgeng=/w_960/f_webp/cmpr_20/s_7
545,https://imgcdn1.gempundit.com/media/catalog/product/g/p/gp104576-1-220922.jpg?imgeng=/w_960/f_webp/cmpr_20/s_7
546,https://imgcdn1.gempundit.com/media/catalog/product/g/p/gp104576-hand-220922.jpg?imgeng=/w_960/f_webp/cmpr_20/s_7
547,https://imgcdn1.gempundit.com/media/catalog/product/g/p/gp104576-2-220922.jpg?imgeng=/w_960/f_webp/cmpr_20/s_7
548,https://imgcdn1.gempundit.com/media/catalog/product/g/p/gp104576-3-220922.jpg?imgeng=/w_960/f_webp/cmpr_20/s_7
549,https://imgcdn1.gempundit.com/media/catalog/product/g/p/gp104566-1-220922.jpg?imgeng=/w_960/f_webp/cmpr_20/s_7
550,https://imgcdn1.gempundit.com/media/catalog/product/g/p/gp104566-hand-220922.jpg?imgeng=/w_960/f_webp/cmpr_20/s_7
551,https://imgcdn1.gempundit.com/media/catalog/product/g/p/gp104566-2-220922.jpg?imgeng=/w_960/f_webp/cmpr_20/s_7
552,https://imgcdn1.gempundit.com/media/catalog/product/g/p/gp104566-3-220922.jpg?imgeng=/w_960/f_webp/cmpr_20/s_7
553,https://imgcdn1.gempundit.com/media/catalog/product/g/p/gp104565-1-220922.jpg?imgeng=/w_960/f_webp/cmpr_20/s_7
554,https://imgcdn1.gempundit.com/media/catalog/product/g/p/gp104565-hand-220922.jpg?imgeng=/w_960/f_webp/cmpr_20/s_7
555,https://imgcdn1.gempundit.com/media/catalog/product/g/p/gp104565-2-220922.jpg?imgeng=/w_960/f_webp/cmpr_20/s_7
556,https://imgcdn1.gempundit.com/media/catalog/product/g/p/gp104565-3-220922.jpg?imgeng=/w_960/f_webp/cmpr_20/s_7
557,https://imgcdn1.gempundit.com/media/catalog/product/g/p/gp103422-1-090922.jpg?imgeng=/w_960/f_webp/cmpr_20/s_7
558,https://imgcdn1.gempundit.com/media/catalog/product/g/p/gp103422-hand-090922.jpg?imgeng=/w_960/f_webp/cmpr_20/s_7
559,https://imgcdn1.gempundit.com/media/catalog/product/g/p/gp103422-2-090922.jpg?imgeng=/w_960/f_webp/cmpr_20/s_7
560,https://imgcdn1.gempundit.com/media/catalog/product/g/p/gp103422-3-090922.jpg?imgeng=/w_960/f_webp/cmpr_20/s_7
