,Natural Pearls
0,https://imgcdn1.gempundit.com/media/catalog/product/g/e/gem-pearl-luxury-nat-1-191019.jpg?imgeng=/w_960/f_webp/cmpr_20/s_7
1,https://imgcdn1.gempundit.com/media/catalog/product/g/e/gem-pearl-luxury-nat-2-191019.jpg?imgeng=/w_960/f_webp/cmpr_20/s_7
2,https://imgcdn1.gempundit.com/media/catalog/product/g/e/gem-pearl-luxury-nat-3-191019.jpg?imgeng=/w_960/f_webp/cmpr_20/s_7
3,https://imgcdn1.gempundit.com/media/catalog/product/g/e/gem-pearl-luxury-nat-4-191019.jpg?imgeng=/w_960/f_webp/cmpr_20/s_7
4,https://imgcdn1.gempundit.com/media/catalog/product/g/e/gem-pearl-luxury-nat-5-191019.jpg?imgeng=/w_960/f_webp/cmpr_20/s_7
5,https://imgcdn1.gempundit.com/media/catalog/product/g/e/gem-pearl-luxury-nat-6-191019.jpg?imgeng=/w_960/f_webp/cmpr_20/s_7
6,https://imgcdn1.gempundit.com/media/catalog/product/g/e/gem-pearl-luxury-nat-hand-191019.jpg?imgeng=/w_960/f_webp/cmpr_20/s_7
7,https://imgcdn1.gempundit.com/media/catalog/product/g/e/gem-pearl-prem-nat-1-191019.jpg?imgeng=/w_960/f_webp/cmpr_20/s_7
8,https://imgcdn1.gempundit.com/media/catalog/product/g/e/gem-pearl-prem-nat-3-191019.jpg?imgeng=/w_960/f_webp/cmpr_20/s_7
9,https://imgcdn1.gempundit.com/media/catalog/product/g/e/gem-pearl-prem-nat-2-191019.jpg?imgeng=/w_960/f_webp/cmpr_20/s_7
10,https://imgcdn1.gempundit.com/media/catalog/product/g/e/gem-pearl-prem-nat-4-191019.jpg?imgeng=/w_960/f_webp/cmpr_20/s_7
11,https://imgcdn1.gempundit.com/media/catalog/product/g/e/gem-pearl-prem-nat-5-191019.jpg?imgeng=/w_960/f_webp/cmpr_20/s_7
12,https://imgcdn1.gempundit.com/media/catalog/product/g/e/gem-pearl-prem-nat-6-191019.jpg?imgeng=/w_960/f_webp/cmpr_20/s_7
13,https://imgcdn1.gempundit.com/media/catalog/product/g/e/gem-pearl-prem-nat-hand-191019.jpg?imgeng=/w_960/f_webp/cmpr_20/s_7
14,https://imgcdn1.gempundit.com/media/catalog/product/g/e/gem-pearl-eco-nat-1-191019.jpg?imgeng=/w_960/f_webp/cmpr_20/s_7
15,https://imgcdn1.gempundit.com/media/catalog/product/g/e/gem-pearl-eco-nat-2-191019.jpg?imgeng=/w_960/f_webp/cmpr_20/s_7
16,https://imgcdn1.gempundit.com/media/catalog/product/g/e/gem-pearl-eco-nat-3-191019.jpg?imgeng=/w_960/f_webp/cmpr_20/s_7
17,https://imgcdn1.gempundit.com/media/catalog/product/g/e/gem-pearl-eco-nat-4-191019.jpg?imgeng=/w_960/f_webp/cmpr_20/s_7
18,https://imgcdn1.gempundit.com/media/catalog/product/g/e/gem-pearl-eco-nat-5-191019.jpg?imgeng=/w_960/f_webp/cmpr_20/s_7
19,https://imgcdn1.gempundit.com/media/catalog/product/g/e/gem-pearl-eco-nat-6-191019.jpg?imgeng=/w_960/f_webp/cmpr_20/s_7
20,https://imgcdn1.gempundit.com/media/catalog/product/g/e/gem-pearl-eco-nat-hand-191019.jpg?imgeng=/w_960/f_webp/cmpr_20/s_7
21,https://imgcdn1.gempundit.com/media/catalog/product/g/p/gp91905-1-101221.jpg?imgeng=/w_960/f_webp/cmpr_20/s_7
22,https://imgcdn1.gempundit.com/media/catalog/product/g/p/gp91905-hand-101221.jpg?imgeng=/w_960/f_webp/cmpr_20/s_7
23,https://imgcdn1.gempundit.com/media/catalog/product/g/p/gp91905-2-101221.jpg?imgeng=/w_960/f_webp/cmpr_20/s_7
24,https://imgcdn1.gempundit.com/media/catalog/product/g/p/gp91905-3-101221.jpg?imgeng=/w_960/f_webp/cmpr_20/s_7
25,https://imgcdn1.gempundit.com/media/catalog/product/g/p1/gp36018-1-180521.jpg?imgeng=/w_960/f_webp/cmpr_20/s_7
26,https://imgcdn1.gempundit.com/media/catalog/product/g/p1/gp36018-hand-180521.jpg?imgeng=/w_960/f_webp/cmpr_20/s_7
27,https://imgcdn1.gempundit.com/media/catalog/product/g/p1/gp36018-2-180521.jpg?imgeng=/w_960/f_webp/cmpr_20/s_7
28,https://imgcdn1.gempundit.com/media/catalog/product/g/p1/gp36018-3-180521.jpg?imgeng=/w_960/f_webp/cmpr_20/s_7
29,https://imgcdn1.gempundit.com/media/catalog/product/g/p/gp91904-1-101221.jpg?imgeng=/w_960/f_webp/cmpr_20/s_7
30,https://imgcdn1.gempundit.com/media/catalog/product/g/p/gp91904-hand-101221.jpg?imgeng=/w_960/f_webp/cmpr_20/s_7
31,https://imgcdn1.gempundit.com/media/catalog/product/g/p/gp91904-2-101221.jpg?imgeng=/w_960/f_webp/cmpr_20/s_7
32,https://imgcdn1.gempundit.com/media/catalog/product/g/p/gp91904-3-101221.jpg?imgeng=/w_960/f_webp/cmpr_20/s_7
33,https://imgcdn1.gempundit.com/media/catalog/product/g/p/gp91901-1-101221.jpg?imgeng=/w_960/f_webp/cmpr_20/s_7
34,https://imgcdn1.gempundit.com/media/catalog/product/g/p/gp91901-hand-101221.jpg?imgeng=/w_960/f_webp/cmpr_20/s_7
35,https://imgcdn1.gempundit.com/media/catalog/product/g/p/gp91901-2-101221.jpg?imgeng=/w_960/f_webp/cmpr_20/s_7
36,https://imgcdn1.gempundit.com/media/catalog/product/g/p/gp91901-3-101221.jpg?imgeng=/w_960/f_webp/cmpr_20/s_7
37,https://imgcdn1.gempundit.com/media/catalog/product/g/p1/gp48228-1-180521.jpg?imgeng=/w_960/f_webp/cmpr_20/s_7
38,https://imgcdn1.gempundit.com/media/catalog/product/g/p1/gp48228-hand-180521.jpg?imgeng=/w_960/f_webp/cmpr_20/s_7
39,https://imgcdn1.gempundit.com/media/catalog/product/g/p1/gp48228-2-180521.jpg?imgeng=/w_960/f_webp/cmpr_20/s_7
40,https://imgcdn1.gempundit.com/media/catalog/product/g/p1/gp48228-3-180521.jpg?imgeng=/w_960/f_webp/cmpr_20/s_7
41,https://imgcdn1.gempundit.com/media/catalog/product/g/p/gp91900-1-101221.jpg?imgeng=/w_960/f_webp/cmpr_20/s_7
42,https://imgcdn1.gempundit.com/media/catalog/product/g/p/gp91900-hand-101221.jpg?imgeng=/w_960/f_webp/cmpr_20/s_7
43,https://imgcdn1.gempundit.com/media/catalog/product/g/p/gp91900-2-101221.jpg?imgeng=/w_960/f_webp/cmpr_20/s_7
44,https://imgcdn1.gempundit.com/media/catalog/product/g/p/gp91900-3-101221.jpg?imgeng=/w_960/f_webp/cmpr_20/s_7
45,https://imgcdn1.gempundit.com/media/catalog/product/g/p/gp85589-1-161021.jpg?imgeng=/w_960/f_webp/cmpr_20/s_7
46,https://imgcdn1.gempundit.com/media/catalog/product/g/p/gp85589-hand-161021.jpg?imgeng=/w_960/f_webp/cmpr_20/s_7
47,https://imgcdn1.gempundit.com/media/catalog/product/g/p/gp85589-2-161021.jpg?imgeng=/w_960/f_webp/cmpr_20/s_7
48,https://imgcdn1.gempundit.com/media/catalog/product/g/p/gp85589-3-161021.jpg?imgeng=/w_960/f_webp/cmpr_20/s_7
49,https://imgcdn1.gempundit.com/media/catalog/product/g/p/gp85591-1-161021.jpg?imgeng=/w_960/f_webp/cmpr_20/s_7
50,https://imgcdn1.gempundit.com/media/catalog/product/g/p/gp85591-hand-161021.jpg?imgeng=/w_960/f_webp/cmpr_20/s_7
51,https://imgcdn1.gempundit.com/media/catalog/product/g/p/gp85591-2-161021.jpg?imgeng=/w_960/f_webp/cmpr_20/s_7
52,https://imgcdn1.gempundit.com/media/catalog/product/g/p/gp85591-3-161021.jpg?imgeng=/w_960/f_webp/cmpr_20/s_7
53,https://imgcdn1.gempundit.com/media/catalog/product/g/p/gp91895-1-101221.jpg?imgeng=/w_960/f_webp/cmpr_20/s_7
54,https://imgcdn1.gempundit.com/media/catalog/product/g/p/gp91895-hand-101221.jpg?imgeng=/w_960/f_webp/cmpr_20/s_7
55,https://imgcdn1.gempundit.com/media/catalog/product/g/p/gp91895-2-101221.jpg?imgeng=/w_960/f_webp/cmpr_20/s_7
56,https://imgcdn1.gempundit.com/media/catalog/product/g/p/gp91895-3-101221.jpg?imgeng=/w_960/f_webp/cmpr_20/s_7
57,https://imgcdn1.gempundit.com/media/catalog/product/g/p1/gp48223-1-180521.jpg?imgeng=/w_960/f_webp/cmpr_20/s_7
58,https://imgcdn1.gempundit.com/media/catalog/product/g/p1/gp48223-hand-180521.jpg?imgeng=/w_960/f_webp/cmpr_20/s_7
59,https://imgcdn1.gempundit.com/media/catalog/product/g/p1/gp48223-2-180521.jpg?imgeng=/w_960/f_webp/cmpr_20/s_7
60,https://imgcdn1.gempundit.com/media/catalog/product/g/p1/gp48223-3-180521.jpg?imgeng=/w_960/f_webp/cmpr_20/s_7
61,https://imgcdn1.gempundit.com/media/catalog/product/g/p/gp85590-1-161021.jpg?imgeng=/w_960/f_webp/cmpr_20/s_7
62,https://imgcdn1.gempundit.com/media/catalog/product/g/p/gp85590-hand-161021.jpg?imgeng=/w_960/f_webp/cmpr_20/s_7
63,https://imgcdn1.gempundit.com/media/catalog/product/g/p/gp85590-2-161021.jpg?imgeng=/w_960/f_webp/cmpr_20/s_7
64,https://imgcdn1.gempundit.com/media/catalog/product/g/p/gp85590-3-161021.jpg?imgeng=/w_960/f_webp/cmpr_20/s_7
65,https://imgcdn1.gempundit.com/media/catalog/product/g/p/gp91893-1-101221.jpg?imgeng=/w_960/f_webp/cmpr_20/s_7
66,https://imgcdn1.gempundit.com/media/catalog/product/g/p/gp91893-hand-101221.jpg?imgeng=/w_960/f_webp/cmpr_20/s_7
67,https://imgcdn1.gempundit.com/media/catalog/product/g/p/gp91893-2-101221.jpg?imgeng=/w_960/f_webp/cmpr_20/s_7
68,https://imgcdn1.gempundit.com/media/catalog/product/g/p/gp91893-3-101221.jpg?imgeng=/w_960/f_webp/cmpr_20/s_7
69,https://imgcdn1.gempundit.com/media/catalog/product/g/p1/gp48222-1-180521.jpg?imgeng=/w_960/f_webp/cmpr_20/s_7
70,https://imgcdn1.gempundit.com/media/catalog/product/g/p1/gp48222-hand-180521.jpg?imgeng=/w_960/f_webp/cmpr_20/s_7
71,https://imgcdn1.gempundit.com/media/catalog/product/g/p1/gp48222-2-180521.jpg?imgeng=/w_960/f_webp/cmpr_20/s_7
72,https://imgcdn1.gempundit.com/media/catalog/product/g/p1/gp48222-3-180521.jpg?imgeng=/w_960/f_webp/cmpr_20/s_7
73,https://imgcdn1.gempundit.com/media/catalog/product/g/p1/gp47190-1-180521.jpg?imgeng=/w_960/f_webp/cmpr_20/s_7
74,https://imgcdn1.gempundit.com/media/catalog/product/g/p1/gp47190-hand-180521.jpg?imgeng=/w_960/f_webp/cmpr_20/s_7
75,https://imgcdn1.gempundit.com/media/catalog/product/g/p1/gp47190-2-180521.jpg?imgeng=/w_960/f_webp/cmpr_20/s_7
76,https://imgcdn1.gempundit.com/media/catalog/product/g/p1/gp47190-3-180521.jpg?imgeng=/w_960/f_webp/cmpr_20/s_7
77,https://imgcdn1.gempundit.com/media/catalog/product/g/p1/gp55593-1-180521.jpg?imgeng=/w_960/f_webp/cmpr_20/s_7
78,https://imgcdn1.gempundit.com/media/catalog/product/g/p1/gp55593-hand-180521.jpg?imgeng=/w_960/f_webp/cmpr_20/s_7
79,https://imgcdn1.gempundit.com/media/catalog/product/g/p1/gp55593-2-180521.jpg?imgeng=/w_960/f_webp/cmpr_20/s_7
80,https://imgcdn1.gempundit.com/media/catalog/product/g/p1/gp55593-3-180521.jpg?imgeng=/w_960/f_webp/cmpr_20/s_7
81,https://imgcdn1.gempundit.com/media/catalog/product/g/p1/gp36572-1-180521.jpg?imgeng=/w_960/f_webp/cmpr_20/s_7
82,https://imgcdn1.gempundit.com/media/catalog/product/g/p1/gp36572-hand-180521.jpg?imgeng=/w_960/f_webp/cmpr_20/s_7
83,https://imgcdn1.gempundit.com/media/catalog/product/g/p1/gp36572-2-180521.jpg?imgeng=/w_960/f_webp/cmpr_20/s_7
84,https://imgcdn1.gempundit.com/media/catalog/product/g/p1/gp36572-3-180521.jpg?imgeng=/w_960/f_webp/cmpr_20/s_7
85,https://imgcdn1.gempundit.com/media/catalog/product/g/p1/gp54012-1-180521.jpg?imgeng=/w_960/f_webp/cmpr_20/s_7
86,https://imgcdn1.gempundit.com/media/catalog/product/g/p1/gp54012-hand-180521.jpg?imgeng=/w_960/f_webp/cmpr_20/s_7
87,https://imgcdn1.gempundit.com/media/catalog/product/g/p1/gp54012-2-180521.jpg?imgeng=/w_960/f_webp/cmpr_20/s_7
88,https://imgcdn1.gempundit.com/media/catalog/product/g/p1/gp54012-3-180521.jpg?imgeng=/w_960/f_webp/cmpr_20/s_7
89,https://imgcdn1.gempundit.com/media/catalog/product/g/p1/gp47183-1-180521.jpg?imgeng=/w_960/f_webp/cmpr_20/s_7
90,https://imgcdn1.gempundit.com/media/catalog/product/g/p1/gp47183-hand-180521.jpg?imgeng=/w_960/f_webp/cmpr_20/s_7
91,https://imgcdn1.gempundit.com/media/catalog/product/g/p1/gp47183-2-180521.jpg?imgeng=/w_960/f_webp/cmpr_20/s_7
92,https://imgcdn1.gempundit.com/media/catalog/product/g/p1/gp47183-3-180521.jpg?imgeng=/w_960/f_webp/cmpr_20/s_7
93,https://imgcdn1.gempundit.com/media/catalog/product/g/p1/gp47180-1-180521.jpg?imgeng=/w_960/f_webp/cmpr_20/s_7
94,https://imgcdn1.gempundit.com/media/catalog/product/g/p1/gp47180-hand-180521.jpg?imgeng=/w_960/f_webp/cmpr_20/s_7
95,https://imgcdn1.gempundit.com/media/catalog/product/g/p1/gp47180-2-180521.jpg?imgeng=/w_960/f_webp/cmpr_20/s_7
96,https://imgcdn1.gempundit.com/media/catalog/product/g/p1/gp47180-3-180521.jpg?imgeng=/w_960/f_webp/cmpr_20/s_7
97,https://imgcdn1.gempundit.com/media/catalog/product/g/p1/gp47191-1-180521.jpg?imgeng=/w_960/f_webp/cmpr_20/s_7
98,https://imgcdn1.gempundit.com/media/catalog/product/g/p1/gp47191-hand-180521.jpg?imgeng=/w_960/f_webp/cmpr_20/s_7
99,https://imgcdn1.gempundit.com/media/catalog/product/g/p1/gp47191-2-180521.jpg?imgeng=/w_960/f_webp/cmpr_20/s_7
100,https://imgcdn1.gempundit.com/media/catalog/product/g/p1/gp47191-3-180521.jpg?imgeng=/w_960/f_webp/cmpr_20/s_7
101,https://imgcdn1.gempundit.com/media/catalog/product/g/p1/gp47186-1-180521.jpg?imgeng=/w_960/f_webp/cmpr_20/s_7
102,https://imgcdn1.gempundit.com/media/catalog/product/g/p1/gp47186-hand-180521.jpg?imgeng=/w_960/f_webp/cmpr_20/s_7
103,https://imgcdn1.gempundit.com/media/catalog/product/g/p1/gp47186-2-180521.jpg?imgeng=/w_960/f_webp/cmpr_20/s_7
104,https://imgcdn1.gempundit.com/media/catalog/product/g/p1/gp47186-3-180521.jpg?imgeng=/w_960/f_webp/cmpr_20/s_7
105,https://imgcdn1.gempundit.com/media/catalog/product/g/p1/gp48231-1-180521.jpg?imgeng=/w_960/f_webp/cmpr_20/s_7
106,https://imgcdn1.gempundit.com/media/catalog/product/g/p1/gp48231-hand-180521.jpg?imgeng=/w_960/f_webp/cmpr_20/s_7
107,https://imgcdn1.gempundit.com/media/catalog/product/g/p1/gp48231-2-180521.jpg?imgeng=/w_960/f_webp/cmpr_20/s_7
108,https://imgcdn1.gempundit.com/media/catalog/product/g/p1/gp48231-3-180521.jpg?imgeng=/w_960/f_webp/cmpr_20/s_7
109,https://imgcdn1.gempundit.com/media/catalog/product/g/p1/gp47194-1-180521.jpg?imgeng=/w_960/f_webp/cmpr_20/s_7
110,https://imgcdn1.gempundit.com/media/catalog/product/g/p1/gp47194-hand-180521.jpg?imgeng=/w_960/f_webp/cmpr_20/s_7
111,https://imgcdn1.gempundit.com/media/catalog/product/g/p1/gp47194-2-180521.jpg?imgeng=/w_960/f_webp/cmpr_20/s_7
112,https://imgcdn1.gempundit.com/media/catalog/product/g/p1/gp47194-3-180521.jpg?imgeng=/w_960/f_webp/cmpr_20/s_7
113,https://imgcdn1.gempundit.com/media/catalog/product/g/p1/gp47181-1-180521.jpg?imgeng=/w_960/f_webp/cmpr_20/s_7
114,https://imgcdn1.gempundit.com/media/catalog/product/g/p1/gp47181-hand-180521.jpg?imgeng=/w_960/f_webp/cmpr_20/s_7
115,https://imgcdn1.gempundit.com/media/catalog/product/g/p1/gp47181-2-180521.jpg?imgeng=/w_960/f_webp/cmpr_20/s_7
116,https://imgcdn1.gempundit.com/media/catalog/product/g/p1/gp47181-3-180521.jpg?imgeng=/w_960/f_webp/cmpr_20/s_7
117,https://imgcdn1.gempundit.com/media/catalog/product/g/e/gem-pearl-luxury-nat-1-191019.jpg?imgeng=/w_960/f_webp/cmpr_20/s_7
118,https://imgcdn1.gempundit.com/media/catalog/product/g/e/gem-pearl-luxury-nat-2-191019.jpg?imgeng=/w_960/f_webp/cmpr_20/s_7
119,https://imgcdn1.gempundit.com/media/catalog/product/g/e/gem-pearl-luxury-nat-3-191019.jpg?imgeng=/w_960/f_webp/cmpr_20/s_7
120,https://imgcdn1.gempundit.com/media/catalog/product/g/e/gem-pearl-luxury-nat-4-191019.jpg?imgeng=/w_960/f_webp/cmpr_20/s_7
121,https://imgcdn1.gempundit.com/media/catalog/product/g/e/gem-pearl-luxury-nat-5-191019.jpg?imgeng=/w_960/f_webp/cmpr_20/s_7
122,https://imgcdn1.gempundit.com/media/catalog/product/g/e/gem-pearl-luxury-nat-6-191019.jpg?imgeng=/w_960/f_webp/cmpr_20/s_7
123,https://imgcdn1.gempundit.com/media/catalog/product/g/e/gem-pearl-luxury-nat-hand-191019.jpg?imgeng=/w_960/f_webp/cmpr_20/s_7
124,https://imgcdn1.gempundit.com/media/catalog/product/g/e/gem-pearl-prem-nat-1-191019.jpg?imgeng=/w_960/f_webp/cmpr_20/s_7
125,https://imgcdn1.gempundit.com/media/catalog/product/g/e/gem-pearl-prem-nat-3-191019.jpg?imgeng=/w_960/f_webp/cmpr_20/s_7
126,https://imgcdn1.gempundit.com/media/catalog/product/g/e/gem-pearl-prem-nat-2-191019.jpg?imgeng=/w_960/f_webp/cmpr_20/s_7
127,https://imgcdn1.gempundit.com/media/catalog/product/g/e/gem-pearl-prem-nat-4-191019.jpg?imgeng=/w_960/f_webp/cmpr_20/s_7
128,https://imgcdn1.gempundit.com/media/catalog/product/g/e/gem-pearl-prem-nat-5-191019.jpg?imgeng=/w_960/f_webp/cmpr_20/s_7
129,https://imgcdn1.gempundit.com/media/catalog/product/g/e/gem-pearl-prem-nat-6-191019.jpg?imgeng=/w_960/f_webp/cmpr_20/s_7
130,https://imgcdn1.gempundit.com/media/catalog/product/g/e/gem-pearl-prem-nat-hand-191019.jpg?imgeng=/w_960/f_webp/cmpr_20/s_7
131,https://imgcdn1.gempundit.com/media/catalog/product/g/e/gem-pearl-eco-nat-1-191019.jpg?imgeng=/w_960/f_webp/cmpr_20/s_7
132,https://imgcdn1.gempundit.com/media/catalog/product/g/e/gem-pearl-eco-nat-2-191019.jpg?imgeng=/w_960/f_webp/cmpr_20/s_7
133,https://imgcdn1.gempundit.com/media/catalog/product/g/e/gem-pearl-eco-nat-3-191019.jpg?imgeng=/w_960/f_webp/cmpr_20/s_7
134,https://imgcdn1.gempundit.com/media/catalog/product/g/e/gem-pearl-eco-nat-4-191019.jpg?imgeng=/w_960/f_webp/cmpr_20/s_7
135,https://imgcdn1.gempundit.com/media/catalog/product/g/e/gem-pearl-eco-nat-5-191019.jpg?imgeng=/w_960/f_webp/cmpr_20/s_7
136,https://imgcdn1.gempundit.com/media/catalog/product/g/e/gem-pearl-eco-nat-6-191019.jpg?imgeng=/w_960/f_webp/cmpr_20/s_7
137,https://imgcdn1.gempundit.com/media/catalog/product/g/e/gem-pearl-eco-nat-hand-191019.jpg?imgeng=/w_960/f_webp/cmpr_20/s_7
138,https://imgcdn1.gempundit.com/media/catalog/product/g/p1/gp55595-1-180521.jpg?imgeng=/w_960/f_webp/cmpr_20/s_7
139,https://imgcdn1.gempundit.com/media/catalog/product/g/p1/gp55595-hand-180521.jpg?imgeng=/w_960/f_webp/cmpr_20/s_7
140,https://imgcdn1.gempundit.com/media/catalog/product/g/p1/gp55595-2-180521.jpg?imgeng=/w_960/f_webp/cmpr_20/s_7
141,https://imgcdn1.gempundit.com/media/catalog/product/g/p1/gp55595-3-180521.jpg?imgeng=/w_960/f_webp/cmpr_20/s_7
142,https://imgcdn1.gempundit.com/media/catalog/product/g/p1/gp47175-1-180521.jpg?imgeng=/w_960/f_webp/cmpr_20/s_7
143,https://imgcdn1.gempundit.com/media/catalog/product/g/p1/gp47175-hand-180521.jpg?imgeng=/w_960/f_webp/cmpr_20/s_7
144,https://imgcdn1.gempundit.com/media/catalog/product/g/p1/gp47175-2-180521.jpg?imgeng=/w_960/f_webp/cmpr_20/s_7
145,https://imgcdn1.gempundit.com/media/catalog/product/g/p1/gp47175-3-180521.jpg?imgeng=/w_960/f_webp/cmpr_20/s_7
146,https://imgcdn1.gempundit.com/media/catalog/product/g/p1/gp47177-1-180521.jpg?imgeng=/w_960/f_webp/cmpr_20/s_7
147,https://imgcdn1.gempundit.com/media/catalog/product/g/p1/gp47177-hand-180521.jpg?imgeng=/w_960/f_webp/cmpr_20/s_7
148,https://imgcdn1.gempundit.com/media/catalog/product/g/p1/gp47177-2-180521.jpg?imgeng=/w_960/f_webp/cmpr_20/s_7
149,https://imgcdn1.gempundit.com/media/catalog/product/g/p1/gp47177-3-180521.jpg?imgeng=/w_960/f_webp/cmpr_20/s_7
150,https://imgcdn1.gempundit.com/media/catalog/product/g/p1/gp55596-1-180521.jpg?imgeng=/w_960/f_webp/cmpr_20/s_7
151,https://imgcdn1.gempundit.com/media/catalog/product/g/p1/gp55596-hand-180521.jpg?imgeng=/w_960/f_webp/cmpr_20/s_7
152,https://imgcdn1.gempundit.com/media/catalog/product/g/p1/gp55596-2-180521.jpg?imgeng=/w_960/f_webp/cmpr_20/s_7
153,https://imgcdn1.gempundit.com/media/catalog/product/g/p1/gp55596-3-180521.jpg?imgeng=/w_960/f_webp/cmpr_20/s_7
154,https://imgcdn1.gempundit.com/media/catalog/product/g/p1/gp54010-1-180521.jpg?imgeng=/w_960/f_webp/cmpr_20/s_7
155,https://imgcdn1.gempundit.com/media/catalog/product/g/p1/gp54010-hand-180521.jpg?imgeng=/w_960/f_webp/cmpr_20/s_7
156,https://imgcdn1.gempundit.com/media/catalog/product/g/p1/gp54010-2-180521.jpg?imgeng=/w_960/f_webp/cmpr_20/s_7
157,https://imgcdn1.gempundit.com/media/catalog/product/g/p1/gp54010-3-180521.jpg?imgeng=/w_960/f_webp/cmpr_20/s_7
158,https://imgcdn1.gempundit.com/media/catalog/product/g/p1/gp55597-1-180521.jpg?imgeng=/w_960/f_webp/cmpr_20/s_7
159,https://imgcdn1.gempundit.com/media/catalog/product/g/p1/gp55597-hand-180521.jpg?imgeng=/w_960/f_webp/cmpr_20/s_7
160,https://imgcdn1.gempundit.com/media/catalog/product/g/p1/gp55597-2-180521.jpg?imgeng=/w_960/f_webp/cmpr_20/s_7
161,https://imgcdn1.gempundit.com/media/catalog/product/g/p1/gp55597-3-180521.jpg?imgeng=/w_960/f_webp/cmpr_20/s_7
162,https://imgcdn1.gempundit.com/media/catalog/product/g/p1/gp47973-1-180521.jpg?imgeng=/w_960/f_webp/cmpr_20/s_7
163,https://imgcdn1.gempundit.com/media/catalog/product/g/p1/gp47973-hand-180521.jpg?imgeng=/w_960/f_webp/cmpr_20/s_7
164,https://imgcdn1.gempundit.com/media/catalog/product/g/p1/gp47973-2-180521.jpg?imgeng=/w_960/f_webp/cmpr_20/s_7
165,https://imgcdn1.gempundit.com/media/catalog/product/g/p1/gp47973-3-180521.jpg?imgeng=/w_960/f_webp/cmpr_20/s_7
166,https://imgcdn1.gempundit.com/media/catalog/product/g/p1/gp54009-1-180521.jpg?imgeng=/w_960/f_webp/cmpr_20/s_7
167,https://imgcdn1.gempundit.com/media/catalog/product/g/p1/gp54009-hand-180521.jpg?imgeng=/w_960/f_webp/cmpr_20/s_7
168,https://imgcdn1.gempundit.com/media/catalog/product/g/p1/gp54009-2-180521.jpg?imgeng=/w_960/f_webp/cmpr_20/s_7
169,https://imgcdn1.gempundit.com/media/catalog/product/g/p1/gp54009-3-180521.jpg?imgeng=/w_960/f_webp/cmpr_20/s_7
170,https://imgcdn1.gempundit.com/media/catalog/product/g/p1/gp54008-1-180521.jpg?imgeng=/w_960/f_webp/cmpr_20/s_7
171,https://imgcdn1.gempundit.com/media/catalog/product/g/p1/gp54008-hand-180521.jpg?imgeng=/w_960/f_webp/cmpr_20/s_7
172,https://imgcdn1.gempundit.com/media/catalog/product/g/p1/gp54008-2-180521.jpg?imgeng=/w_960/f_webp/cmpr_20/s_7
173,https://imgcdn1.gempundit.com/media/catalog/product/g/p1/gp54008-3-180521.jpg?imgeng=/w_960/f_webp/cmpr_20/s_7
174,https://imgcdn1.gempundit.com/media/catalog/product/g/p1/gp54007-1-180521.jpg?imgeng=/w_960/f_webp/cmpr_20/s_7
175,https://imgcdn1.gempundit.com/media/catalog/product/g/p1/gp54007-hand-180521.jpg?imgeng=/w_960/f_webp/cmpr_20/s_7
176,https://imgcdn1.gempundit.com/media/catalog/product/g/p1/gp54007-2-180521.jpg?imgeng=/w_960/f_webp/cmpr_20/s_7
177,https://imgcdn1.gempundit.com/media/catalog/product/g/p1/gp54007-3-180521.jpg?imgeng=/w_960/f_webp/cmpr_20/s_7
178,https://imgcdn1.gempundit.com/media/catalog/product/g/p1/gp47974-1-180521.jpg?imgeng=/w_960/f_webp/cmpr_20/s_7
179,https://imgcdn1.gempundit.com/media/catalog/product/g/p1/gp47974-hand-180521.jpg?imgeng=/w_960/f_webp/cmpr_20/s_7
180,https://imgcdn1.gempundit.com/media/catalog/product/g/p1/gp47974-2-180521.jpg?imgeng=/w_960/f_webp/cmpr_20/s_7
181,https://imgcdn1.gempundit.com/media/catalog/product/g/p1/gp47974-3-180521.jpg?imgeng=/w_960/f_webp/cmpr_20/s_7
182,https://imgcdn1.gempundit.com/media/catalog/product/g/p1/gp54006-1-180521.jpg?imgeng=/w_960/f_webp/cmpr_20/s_7
183,https://imgcdn1.gempundit.com/media/catalog/product/g/p1/gp54006-hand-180521.jpg?imgeng=/w_960/f_webp/cmpr_20/s_7
184,https://imgcdn1.gempundit.com/media/catalog/product/g/p1/gp54006-2-180521.jpg?imgeng=/w_960/f_webp/cmpr_20/s_7
185,https://imgcdn1.gempundit.com/media/catalog/product/g/p1/gp54006-3-180521.jpg?imgeng=/w_960/f_webp/cmpr_20/s_7
186,https://imgcdn1.gempundit.com/media/catalog/product/g/p1/gp47182-1-180521.jpg?imgeng=/w_960/f_webp/cmpr_20/s_7
187,https://imgcdn1.gempundit.com/media/catalog/product/g/p1/gp47182-hand-180521.jpg?imgeng=/w_960/f_webp/cmpr_20/s_7
188,https://imgcdn1.gempundit.com/media/catalog/product/g/p1/gp47182-2-180521.jpg?imgeng=/w_960/f_webp/cmpr_20/s_7
189,https://imgcdn1.gempundit.com/media/catalog/product/g/p1/gp47182-3-180521.jpg?imgeng=/w_960/f_webp/cmpr_20/s_7
190,https://imgcdn1.gempundit.com/media/catalog/product/g/p1/gp47976-1-180521.jpg?imgeng=/w_960/f_webp/cmpr_20/s_7
191,https://imgcdn1.gempundit.com/media/catalog/product/g/p1/gp47976-hand-180521.jpg?imgeng=/w_960/f_webp/cmpr_20/s_7
192,https://imgcdn1.gempundit.com/media/catalog/product/g/p1/gp47976-2-180521.jpg?imgeng=/w_960/f_webp/cmpr_20/s_7
193,https://imgcdn1.gempundit.com/media/catalog/product/g/p1/gp47976-3-180521.jpg?imgeng=/w_960/f_webp/cmpr_20/s_7
194,https://imgcdn1.gempundit.com/media/catalog/product/g/p1/gp62635-1-180521.jpg?imgeng=/w_960/f_webp/cmpr_20/s_7
195,https://imgcdn1.gempundit.com/media/catalog/product/g/p1/gp62635-hand-180521.jpg?imgeng=/w_960/f_webp/cmpr_20/s_7
196,https://imgcdn1.gempundit.com/media/catalog/product/g/p1/gp62635-2-180521.jpg?imgeng=/w_960/f_webp/cmpr_20/s_7
197,https://imgcdn1.gempundit.com/media/catalog/product/g/p1/gp62635-3-180521.jpg?imgeng=/w_960/f_webp/cmpr_20/s_7
198,https://imgcdn1.gempundit.com/media/catalog/product/g/p1/gp47188-1-180521.jpg?imgeng=/w_960/f_webp/cmpr_20/s_7
199,https://imgcdn1.gempundit.com/media/catalog/product/g/p1/gp47188-hand-180521.jpg?imgeng=/w_960/f_webp/cmpr_20/s_7
200,https://imgcdn1.gempundit.com/media/catalog/product/g/p1/gp47188-2-180521.jpg?imgeng=/w_960/f_webp/cmpr_20/s_7
201,https://imgcdn1.gempundit.com/media/catalog/product/g/p1/gp47188-3-180521.jpg?imgeng=/w_960/f_webp/cmpr_20/s_7
202,https://imgcdn1.gempundit.com/media/catalog/product/g/p1/gp47978-1-180521.jpg?imgeng=/w_960/f_webp/cmpr_20/s_7
203,https://imgcdn1.gempundit.com/media/catalog/product/g/p1/gp47978-hand-180521.jpg?imgeng=/w_960/f_webp/cmpr_20/s_7
204,https://imgcdn1.gempundit.com/media/catalog/product/g/p1/gp47978-2-180521.jpg?imgeng=/w_960/f_webp/cmpr_20/s_7
205,https://imgcdn1.gempundit.com/media/catalog/product/g/p1/gp47978-3-180521.jpg?imgeng=/w_960/f_webp/cmpr_20/s_7
206,https://imgcdn1.gempundit.com/media/catalog/product/g/p1/gp62636-1-180521.jpg?imgeng=/w_960/f_webp/cmpr_20/s_7
207,https://imgcdn1.gempundit.com/media/catalog/product/g/p1/gp62636-hand-180521.jpg?imgeng=/w_960/f_webp/cmpr_20/s_7
208,https://imgcdn1.gempundit.com/media/catalog/product/g/p1/gp62636-2-180521.jpg?imgeng=/w_960/f_webp/cmpr_20/s_7
209,https://imgcdn1.gempundit.com/media/catalog/product/g/p1/gp62636-3-180521.jpg?imgeng=/w_960/f_webp/cmpr_20/s_7
210,https://imgcdn1.gempundit.com/media/catalog/product/g/p1/gp62637-1-180521.jpg?imgeng=/w_960/f_webp/cmpr_20/s_7
211,https://imgcdn1.gempundit.com/media/catalog/product/g/p1/gp62637-hand-180521.jpg?imgeng=/w_960/f_webp/cmpr_20/s_7
212,https://imgcdn1.gempundit.com/media/catalog/product/g/p1/gp62637-2-180521.jpg?imgeng=/w_960/f_webp/cmpr_20/s_7
213,https://imgcdn1.gempundit.com/media/catalog/product/g/p1/gp62637-3-180521.jpg?imgeng=/w_960/f_webp/cmpr_20/s_7
214,https://imgcdn1.gempundit.com/media/catalog/product/g/p1/gp47176-1-180521.jpg?imgeng=/w_960/f_webp/cmpr_20/s_7
215,https://imgcdn1.gempundit.com/media/catalog/product/g/p1/gp47176-hand-180521.jpg?imgeng=/w_960/f_webp/cmpr_20/s_7
216,https://imgcdn1.gempundit.com/media/catalog/product/g/p1/gp47176-2-180521.jpg?imgeng=/w_960/f_webp/cmpr_20/s_7
217,https://imgcdn1.gempundit.com/media/catalog/product/g/p1/gp47176-3-180521.jpg?imgeng=/w_960/f_webp/cmpr_20/s_7
218,https://imgcdn1.gempundit.com/media/catalog/product/g/p1/gp62638-1-180521.jpg?imgeng=/w_960/f_webp/cmpr_20/s_7
219,https://imgcdn1.gempundit.com/media/catalog/product/g/p1/gp62638-hand-180521.jpg?imgeng=/w_960/f_webp/cmpr_20/s_7
220,https://imgcdn1.gempundit.com/media/catalog/product/g/p1/gp62638-2-180521.jpg?imgeng=/w_960/f_webp/cmpr_20/s_7
221,https://imgcdn1.gempundit.com/media/catalog/product/g/p1/gp62638-3-180521.jpg?imgeng=/w_960/f_webp/cmpr_20/s_7
222,https://imgcdn1.gempundit.com/media/catalog/product/g/p1/gp62634-1-180521.jpg?imgeng=/w_960/f_webp/cmpr_20/s_7
223,https://imgcdn1.gempundit.com/media/catalog/product/g/p1/gp62634-hand-180521.jpg?imgeng=/w_960/f_webp/cmpr_20/s_7
224,https://imgcdn1.gempundit.com/media/catalog/product/g/p1/gp62634-2-180521.jpg?imgeng=/w_960/f_webp/cmpr_20/s_7
225,https://imgcdn1.gempundit.com/media/catalog/product/g/p1/gp62634-3-180521.jpg?imgeng=/w_960/f_webp/cmpr_20/s_7
226,https://imgcdn1.gempundit.com/media/catalog/product/g/p/gp91174-1-191021.jpg?imgeng=/w_960/f_webp/cmpr_20/s_7
227,https://imgcdn1.gempundit.com/media/catalog/product/g/p/gp91174-hand-191021.jpg?imgeng=/w_960/f_webp/cmpr_20/s_7
228,https://imgcdn1.gempundit.com/media/catalog/product/g/p/gp91174-2-191021.jpg?imgeng=/w_960/f_webp/cmpr_20/s_7
229,https://imgcdn1.gempundit.com/media/catalog/product/g/p/gp91174-3-191021.jpg?imgeng=/w_960/f_webp/cmpr_20/s_7
230,https://imgcdn1.gempundit.com/media/catalog/product/g/p1/gp47195-1-180521.jpg?imgeng=/w_960/f_webp/cmpr_20/s_7
231,https://imgcdn1.gempundit.com/media/catalog/product/g/p1/gp47195-hand-180521.jpg?imgeng=/w_960/f_webp/cmpr_20/s_7
232,https://imgcdn1.gempundit.com/media/catalog/product/g/p1/gp47195-2-180521.jpg?imgeng=/w_960/f_webp/cmpr_20/s_7
233,https://imgcdn1.gempundit.com/media/catalog/product/g/p1/gp47195-3-180521.jpg?imgeng=/w_960/f_webp/cmpr_20/s_7
234,https://imgcdn1.gempundit.com/media/catalog/product/g/e/gem-pearl-luxury-nat-1-191019.jpg?imgeng=/w_960/f_webp/cmpr_20/s_7
235,https://imgcdn1.gempundit.com/media/catalog/product/g/e/gem-pearl-luxury-nat-2-191019.jpg?imgeng=/w_960/f_webp/cmpr_20/s_7
236,https://imgcdn1.gempundit.com/media/catalog/product/g/e/gem-pearl-luxury-nat-3-191019.jpg?imgeng=/w_960/f_webp/cmpr_20/s_7
237,https://imgcdn1.gempundit.com/media/catalog/product/g/e/gem-pearl-luxury-nat-4-191019.jpg?imgeng=/w_960/f_webp/cmpr_20/s_7
238,https://imgcdn1.gempundit.com/media/catalog/product/g/e/gem-pearl-luxury-nat-5-191019.jpg?imgeng=/w_960/f_webp/cmpr_20/s_7
239,https://imgcdn1.gempundit.com/media/catalog/product/g/e/gem-pearl-luxury-nat-6-191019.jpg?imgeng=/w_960/f_webp/cmpr_20/s_7
240,https://imgcdn1.gempundit.com/media/catalog/product/g/e/gem-pearl-luxury-nat-hand-191019.jpg?imgeng=/w_960/f_webp/cmpr_20/s_7
241,https://imgcdn1.gempundit.com/media/catalog/product/g/e/gem-pearl-prem-nat-1-191019.jpg?imgeng=/w_960/f_webp/cmpr_20/s_7
242,https://imgcdn1.gempundit.com/media/catalog/product/g/e/gem-pearl-prem-nat-3-191019.jpg?imgeng=/w_960/f_webp/cmpr_20/s_7
243,https://imgcdn1.gempundit.com/media/catalog/product/g/e/gem-pearl-prem-nat-2-191019.jpg?imgeng=/w_960/f_webp/cmpr_20/s_7
244,https://imgcdn1.gempundit.com/media/catalog/product/g/e/gem-pearl-prem-nat-4-191019.jpg?imgeng=/w_960/f_webp/cmpr_20/s_7
245,https://imgcdn1.gempundit.com/media/catalog/product/g/e/gem-pearl-prem-nat-5-191019.jpg?imgeng=/w_960/f_webp/cmpr_20/s_7
246,https://imgcdn1.gempundit.com/media/catalog/product/g/e/gem-pearl-prem-nat-6-191019.jpg?imgeng=/w_960/f_webp/cmpr_20/s_7
247,https://imgcdn1.gempundit.com/media/catalog/product/g/e/gem-pearl-prem-nat-hand-191019.jpg?imgeng=/w_960/f_webp/cmpr_20/s_7
248,https://imgcdn1.gempundit.com/media/catalog/product/g/e/gem-pearl-eco-nat-1-191019.jpg?imgeng=/w_960/f_webp/cmpr_20/s_7
249,https://imgcdn1.gempundit.com/media/catalog/product/g/e/gem-pearl-eco-nat-2-191019.jpg?imgeng=/w_960/f_webp/cmpr_20/s_7
250,https://imgcdn1.gempundit.com/media/catalog/product/g/e/gem-pearl-eco-nat-3-191019.jpg?imgeng=/w_960/f_webp/cmpr_20/s_7
251,https://imgcdn1.gempundit.com/media/catalog/product/g/e/gem-pearl-eco-nat-4-191019.jpg?imgeng=/w_960/f_webp/cmpr_20/s_7
252,https://imgcdn1.gempundit.com/media/catalog/product/g/e/gem-pearl-eco-nat-5-191019.jpg?imgeng=/w_960/f_webp/cmpr_20/s_7
253,https://imgcdn1.gempundit.com/media/catalog/product/g/e/gem-pearl-eco-nat-6-191019.jpg?imgeng=/w_960/f_webp/cmpr_20/s_7
254,https://imgcdn1.gempundit.com/media/catalog/product/g/e/gem-pearl-eco-nat-hand-191019.jpg?imgeng=/w_960/f_webp/cmpr_20/s_7
255,https://imgcdn1.gempundit.com/media/catalog/product/g/p1/gp47979-1-180521.jpg?imgeng=/w_960/f_webp/cmpr_20/s_7
256,https://imgcdn1.gempundit.com/media/catalog/product/g/p1/gp47979-hand-180521.jpg?imgeng=/w_960/f_webp/cmpr_20/s_7
257,https://imgcdn1.gempundit.com/media/catalog/product/g/p1/gp47979-2-180521.jpg?imgeng=/w_960/f_webp/cmpr_20/s_7
258,https://imgcdn1.gempundit.com/media/catalog/product/g/p1/gp47979-3-180521.jpg?imgeng=/w_960/f_webp/cmpr_20/s_7
259,https://imgcdn1.gempundit.com/media/catalog/product/g/p/gp91179-1-191021.jpg?imgeng=/w_960/f_webp/cmpr_20/s_7
260,https://imgcdn1.gempundit.com/media/catalog/product/g/p/gp91179-hand-191021.jpg?imgeng=/w_960/f_webp/cmpr_20/s_7
261,https://imgcdn1.gempundit.com/media/catalog/product/g/p/gp91179-2-191021.jpg?imgeng=/w_960/f_webp/cmpr_20/s_7
262,https://imgcdn1.gempundit.com/media/catalog/product/g/p/gp91179-3-191021.jpg?imgeng=/w_960/f_webp/cmpr_20/s_7
263,https://imgcdn1.gempundit.com/media/catalog/product/g/p/gp91173-1-191021.jpg?imgeng=/w_960/f_webp/cmpr_20/s_7
264,https://imgcdn1.gempundit.com/media/catalog/product/g/p/gp91173-hand-191021.jpg?imgeng=/w_960/f_webp/cmpr_20/s_7
265,https://imgcdn1.gempundit.com/media/catalog/product/g/p/gp91173-2-191021.jpg?imgeng=/w_960/f_webp/cmpr_20/s_7
266,https://imgcdn1.gempundit.com/media/catalog/product/g/p/gp91173-3-191021.jpg?imgeng=/w_960/f_webp/cmpr_20/s_7
267,https://imgcdn1.gempundit.com/media/catalog/product/g/p1/gp47174-1-180521.jpg?imgeng=/w_960/f_webp/cmpr_20/s_7
268,https://imgcdn1.gempundit.com/media/catalog/product/g/p1/gp47174-hand-180521.jpg?imgeng=/w_960/f_webp/cmpr_20/s_7
269,https://imgcdn1.gempundit.com/media/catalog/product/g/p1/gp47174-2-180521.jpg?imgeng=/w_960/f_webp/cmpr_20/s_7
270,https://imgcdn1.gempundit.com/media/catalog/product/g/p1/gp47174-3-180521.jpg?imgeng=/w_960/f_webp/cmpr_20/s_7
271,https://imgcdn1.gempundit.com/media/catalog/product/g/p/gp88919-1-191020.jpg?imgeng=/w_960/f_webp/cmpr_20/s_7
272,https://imgcdn1.gempundit.com/media/catalog/product/g/p/gp88919-hand-191020.jpg?imgeng=/w_960/f_webp/cmpr_20/s_7
273,https://imgcdn1.gempundit.com/media/catalog/product/g/p/gp88919-2-191020.jpg?imgeng=/w_960/f_webp/cmpr_20/s_7
274,https://imgcdn1.gempundit.com/media/catalog/product/g/p/gp88919-3-191020.jpg?imgeng=/w_960/f_webp/cmpr_20/s_7
275,https://imgcdn1.gempundit.com/media/catalog/product/g/p/gp85539-1-021121.jpg?imgeng=/w_960/f_webp/cmpr_20/s_7
276,https://imgcdn1.gempundit.com/media/catalog/product/g/p/gp85539-hand-021121.jpg?imgeng=/w_960/f_webp/cmpr_20/s_7
277,https://imgcdn1.gempundit.com/media/catalog/product/g/p/gp85539-2-021121.jpg?imgeng=/w_960/f_webp/cmpr_20/s_7
278,https://imgcdn1.gempundit.com/media/catalog/product/g/p/gp85539-3-021121.jpg?imgeng=/w_960/f_webp/cmpr_20/s_7
279,https://imgcdn1.gempundit.com/media/catalog/product/g/p1/gp47170-1-180521.jpg?imgeng=/w_960/f_webp/cmpr_20/s_7
280,https://imgcdn1.gempundit.com/media/catalog/product/g/p1/gp47170-hand-180521.jpg?imgeng=/w_960/f_webp/cmpr_20/s_7
281,https://imgcdn1.gempundit.com/media/catalog/product/g/p1/gp47170-2-180521.jpg?imgeng=/w_960/f_webp/cmpr_20/s_7
282,https://imgcdn1.gempundit.com/media/catalog/product/g/p1/gp47170-3-180521.jpg?imgeng=/w_960/f_webp/cmpr_20/s_7
283,https://imgcdn1.gempundit.com/media/catalog/product/g/p1/gp47163-1-180521.jpg?imgeng=/w_960/f_webp/cmpr_20/s_7
284,https://imgcdn1.gempundit.com/media/catalog/product/g/p1/gp47163-hand-180521.jpg?imgeng=/w_960/f_webp/cmpr_20/s_7
285,https://imgcdn1.gempundit.com/media/catalog/product/g/p1/gp47163-2-180521.jpg?imgeng=/w_960/f_webp/cmpr_20/s_7
286,https://imgcdn1.gempundit.com/media/catalog/product/g/p1/gp47163-3-180521.jpg?imgeng=/w_960/f_webp/cmpr_20/s_7
287,https://imgcdn1.gempundit.com/media/catalog/product/g/p/gp85538-1-101121.jpg?imgeng=/w_960/f_webp/cmpr_20/s_7
288,https://imgcdn1.gempundit.com/media/catalog/product/g/p/gp85538-hand-101121.jpg?imgeng=/w_960/f_webp/cmpr_20/s_7
289,https://imgcdn1.gempundit.com/media/catalog/product/g/p/gp85538-2-101121.jpg?imgeng=/w_960/f_webp/cmpr_20/s_7
290,https://imgcdn1.gempundit.com/media/catalog/product/g/p/gp85538-3-101121.jpg?imgeng=/w_960/f_webp/cmpr_20/s_7
291,https://imgcdn1.gempundit.com/media/catalog/product/g/p1/gp47164-1-180521.jpg?imgeng=/w_960/f_webp/cmpr_20/s_7
292,https://imgcdn1.gempundit.com/media/catalog/product/g/p1/gp47164-hand-180521.jpg?imgeng=/w_960/f_webp/cmpr_20/s_7
293,https://imgcdn1.gempundit.com/media/catalog/product/g/p1/gp47164-2-180521.jpg?imgeng=/w_960/f_webp/cmpr_20/s_7
294,https://imgcdn1.gempundit.com/media/catalog/product/g/p1/gp47164-3-180521.jpg?imgeng=/w_960/f_webp/cmpr_20/s_7
295,https://imgcdn1.gempundit.com/media/catalog/product/g/p1/gp47980-1-180521.jpg?imgeng=/w_960/f_webp/cmpr_20/s_7
296,https://imgcdn1.gempundit.com/media/catalog/product/g/p1/gp47980-hand-180521.jpg?imgeng=/w_960/f_webp/cmpr_20/s_7
297,https://imgcdn1.gempundit.com/media/catalog/product/g/p1/gp47980-2-180521.jpg?imgeng=/w_960/f_webp/cmpr_20/s_7
298,https://imgcdn1.gempundit.com/media/catalog/product/g/p1/gp47980-3-180521.jpg?imgeng=/w_960/f_webp/cmpr_20/s_7
299,https://imgcdn1.gempundit.com/media/catalog/product/g/p1/gp47157-1-180521.jpg?imgeng=/w_960/f_webp/cmpr_20/s_7
300,https://imgcdn1.gempundit.com/media/catalog/product/g/p1/gp47157-hand-180521.jpg?imgeng=/w_960/f_webp/cmpr_20/s_7
301,https://imgcdn1.gempundit.com/media/catalog/product/g/p1/gp47157-2-180521.jpg?imgeng=/w_960/f_webp/cmpr_20/s_7
302,https://imgcdn1.gempundit.com/media/catalog/product/g/p1/gp47157-3-180521.jpg?imgeng=/w_960/f_webp/cmpr_20/s_7
303,https://imgcdn1.gempundit.com/media/catalog/product/g/p1/gp33132-1-180521.jpg?imgeng=/w_960/f_webp/cmpr_20/s_7
304,https://imgcdn1.gempundit.com/media/catalog/product/g/p1/gp33132-hand-180521.jpg?imgeng=/w_960/f_webp/cmpr_20/s_7
305,https://imgcdn1.gempundit.com/media/catalog/product/g/p1/gp33132-2-180521.jpg?imgeng=/w_960/f_webp/cmpr_20/s_7
306,https://imgcdn1.gempundit.com/media/catalog/product/g/p1/gp33132-3-180521.jpg?imgeng=/w_960/f_webp/cmpr_20/s_7
307,https://imgcdn1.gempundit.com/media/catalog/product/g/p1/gp54000-1-180521.jpg?imgeng=/w_960/f_webp/cmpr_20/s_7
308,https://imgcdn1.gempundit.com/media/catalog/product/g/p1/gp54000-hand-180521.jpg?imgeng=/w_960/f_webp/cmpr_20/s_7
309,https://imgcdn1.gempundit.com/media/catalog/product/g/p1/gp54000-2-180521.jpg?imgeng=/w_960/f_webp/cmpr_20/s_7
310,https://imgcdn1.gempundit.com/media/catalog/product/g/p1/gp54000-3-180521.jpg?imgeng=/w_960/f_webp/cmpr_20/s_7
311,https://imgcdn1.gempundit.com/media/catalog/product/g/p1/gp47169-1-180521.jpg?imgeng=/w_960/f_webp/cmpr_20/s_7
312,https://imgcdn1.gempundit.com/media/catalog/product/g/p1/gp47169-hand-180521.jpg?imgeng=/w_960/f_webp/cmpr_20/s_7
313,https://imgcdn1.gempundit.com/media/catalog/product/g/p1/gp47169-2-180521.jpg?imgeng=/w_960/f_webp/cmpr_20/s_7
314,https://imgcdn1.gempundit.com/media/catalog/product/g/p1/gp47169-3-180521.jpg?imgeng=/w_960/f_webp/cmpr_20/s_7
315,https://imgcdn1.gempundit.com/media/catalog/product/g/p1/gp47985-1-180521.jpg?imgeng=/w_960/f_webp/cmpr_20/s_7
316,https://imgcdn1.gempundit.com/media/catalog/product/g/p1/gp47985-hand-180521.jpg?imgeng=/w_960/f_webp/cmpr_20/s_7
317,https://imgcdn1.gempundit.com/media/catalog/product/g/p1/gp47985-2-180521.jpg?imgeng=/w_960/f_webp/cmpr_20/s_7
318,https://imgcdn1.gempundit.com/media/catalog/product/g/p1/gp47985-3-180521.jpg?imgeng=/w_960/f_webp/cmpr_20/s_7
319,https://imgcdn1.gempundit.com/media/catalog/product/g/p1/gp31153-1-180521.jpg?imgeng=/w_960/f_webp/cmpr_20/s_7
320,https://imgcdn1.gempundit.com/media/catalog/product/g/p1/gp31153-2-180521.jpg?imgeng=/w_960/f_webp/cmpr_20/s_7
321,https://imgcdn1.gempundit.com/media/catalog/product/g/p1/gp31153-3-180521.jpg?imgeng=/w_960/f_webp/cmpr_20/s_7
322,https://imgcdn1.gempundit.com/media/catalog/product/g/p1/gp47159-1-180521.jpg?imgeng=/w_960/f_webp/cmpr_20/s_7
323,https://imgcdn1.gempundit.com/media/catalog/product/g/p1/gp47159-hand-180521.jpg?imgeng=/w_960/f_webp/cmpr_20/s_7
324,https://imgcdn1.gempundit.com/media/catalog/product/g/p1/gp47159-2-180521.jpg?imgeng=/w_960/f_webp/cmpr_20/s_7
325,https://imgcdn1.gempundit.com/media/catalog/product/g/p1/gp47159-3-180521.jpg?imgeng=/w_960/f_webp/cmpr_20/s_7
326,https://imgcdn1.gempundit.com/media/catalog/product/g/p1/gp47167-1-180521.jpg?imgeng=/w_960/f_webp/cmpr_20/s_7
327,https://imgcdn1.gempundit.com/media/catalog/product/g/p1/gp47167-hand-180521.jpg?imgeng=/w_960/f_webp/cmpr_20/s_7
328,https://imgcdn1.gempundit.com/media/catalog/product/g/p1/gp47167-2-180521.jpg?imgeng=/w_960/f_webp/cmpr_20/s_7
329,https://imgcdn1.gempundit.com/media/catalog/product/g/p1/gp47167-3-180521.jpg?imgeng=/w_960/f_webp/cmpr_20/s_7
330,https://imgcdn1.gempundit.com/media/catalog/product/g/p/gp88920-1-191020.jpg?imgeng=/w_960/f_webp/cmpr_20/s_7
331,https://imgcdn1.gempundit.com/media/catalog/product/g/p/gp88920-hand-191020.jpg?imgeng=/w_960/f_webp/cmpr_20/s_7
332,https://imgcdn1.gempundit.com/media/catalog/product/g/p/gp88920-2-191020.jpg?imgeng=/w_960/f_webp/cmpr_20/s_7
333,https://imgcdn1.gempundit.com/media/catalog/product/g/p/gp88920-3-191020.jpg?imgeng=/w_960/f_webp/cmpr_20/s_7
334,https://imgcdn1.gempundit.com/media/catalog/product/g/p1/gp62584-1-180521.jpg?imgeng=/w_960/f_webp/cmpr_20/s_7
335,https://imgcdn1.gempundit.com/media/catalog/product/g/p1/gp62584-hand-180521.jpg?imgeng=/w_960/f_webp/cmpr_20/s_7
336,https://imgcdn1.gempundit.com/media/catalog/product/g/p1/gp62584-2-180521.jpg?imgeng=/w_960/f_webp/cmpr_20/s_7
337,https://imgcdn1.gempundit.com/media/catalog/product/g/p1/gp62573-1-180521.jpg?imgeng=/w_960/f_webp/cmpr_20/s_7
338,https://imgcdn1.gempundit.com/media/catalog/product/g/p1/gp62573-hand-180521.jpg?imgeng=/w_960/f_webp/cmpr_20/s_7
339,https://imgcdn1.gempundit.com/media/catalog/product/g/p1/gp62573-2-180521.jpg?imgeng=/w_960/f_webp/cmpr_20/s_7
340,https://imgcdn1.gempundit.com/media/catalog/product/g/p1/gp62573-3-180521.jpg?imgeng=/w_960/f_webp/cmpr_20/s_7
341,https://imgcdn1.gempundit.com/media/catalog/product/g/p1/gp62583-1-180521.jpg?imgeng=/w_960/f_webp/cmpr_20/s_7
342,https://imgcdn1.gempundit.com/media/catalog/product/g/p1/gp62583-hand-180521.jpg?imgeng=/w_960/f_webp/cmpr_20/s_7
343,https://imgcdn1.gempundit.com/media/catalog/product/g/p1/gp62583-2-180521.jpg?imgeng=/w_960/f_webp/cmpr_20/s_7
344,https://imgcdn1.gempundit.com/media/catalog/product/g/p1/gp62583-3-180521.jpg?imgeng=/w_960/f_webp/cmpr_20/s_7
345,https://imgcdn1.gempundit.com/media/catalog/product/g/p1/gp62585-1-180521.jpg?imgeng=/w_960/f_webp/cmpr_20/s_7
346,https://imgcdn1.gempundit.com/media/catalog/product/g/p1/gp62585-hand-180521.jpg?imgeng=/w_960/f_webp/cmpr_20/s_7
347,https://imgcdn1.gempundit.com/media/catalog/product/g/p1/gp62585-2-180521.jpg?imgeng=/w_960/f_webp/cmpr_20/s_7
348,https://imgcdn1.gempundit.com/media/catalog/product/g/p1/gp62585-3-180521.jpg?imgeng=/w_960/f_webp/cmpr_20/s_7
349,https://imgcdn1.gempundit.com/media/catalog/product/g/e/gem-pearl-luxury-nat-1-191019.jpg?imgeng=/w_960/f_webp/cmpr_20/s_7
350,https://imgcdn1.gempundit.com/media/catalog/product/g/e/gem-pearl-luxury-nat-2-191019.jpg?imgeng=/w_960/f_webp/cmpr_20/s_7
351,https://imgcdn1.gempundit.com/media/catalog/product/g/e/gem-pearl-luxury-nat-3-191019.jpg?imgeng=/w_960/f_webp/cmpr_20/s_7
352,https://imgcdn1.gempundit.com/media/catalog/product/g/e/gem-pearl-luxury-nat-4-191019.jpg?imgeng=/w_960/f_webp/cmpr_20/s_7
353,https://imgcdn1.gempundit.com/media/catalog/product/g/e/gem-pearl-luxury-nat-5-191019.jpg?imgeng=/w_960/f_webp/cmpr_20/s_7
354,https://imgcdn1.gempundit.com/media/catalog/product/g/e/gem-pearl-luxury-nat-6-191019.jpg?imgeng=/w_960/f_webp/cmpr_20/s_7
355,https://imgcdn1.gempundit.com/media/catalog/product/g/e/gem-pearl-luxury-nat-hand-191019.jpg?imgeng=/w_960/f_webp/cmpr_20/s_7
356,https://imgcdn1.gempundit.com/media/catalog/product/g/e/gem-pearl-prem-nat-1-191019.jpg?imgeng=/w_960/f_webp/cmpr_20/s_7
357,https://imgcdn1.gempundit.com/media/catalog/product/g/e/gem-pearl-prem-nat-3-191019.jpg?imgeng=/w_960/f_webp/cmpr_20/s_7
358,https://imgcdn1.gempundit.com/media/catalog/product/g/e/gem-pearl-prem-nat-2-191019.jpg?imgeng=/w_960/f_webp/cmpr_20/s_7
359,https://imgcdn1.gempundit.com/media/catalog/product/g/e/gem-pearl-prem-nat-4-191019.jpg?imgeng=/w_960/f_webp/cmpr_20/s_7
360,https://imgcdn1.gempundit.com/media/catalog/product/g/e/gem-pearl-prem-nat-5-191019.jpg?imgeng=/w_960/f_webp/cmpr_20/s_7
361,https://imgcdn1.gempundit.com/media/catalog/product/g/e/gem-pearl-prem-nat-6-191019.jpg?imgeng=/w_960/f_webp/cmpr_20/s_7
362,https://imgcdn1.gempundit.com/media/catalog/product/g/e/gem-pearl-prem-nat-hand-191019.jpg?imgeng=/w_960/f_webp/cmpr_20/s_7
363,https://imgcdn1.gempundit.com/media/catalog/product/g/e/gem-pearl-eco-nat-1-191019.jpg?imgeng=/w_960/f_webp/cmpr_20/s_7
364,https://imgcdn1.gempundit.com/media/catalog/product/g/e/gem-pearl-eco-nat-2-191019.jpg?imgeng=/w_960/f_webp/cmpr_20/s_7
365,https://imgcdn1.gempundit.com/media/catalog/product/g/e/gem-pearl-eco-nat-3-191019.jpg?imgeng=/w_960/f_webp/cmpr_20/s_7
366,https://imgcdn1.gempundit.com/media/catalog/product/g/e/gem-pearl-eco-nat-4-191019.jpg?imgeng=/w_960/f_webp/cmpr_20/s_7
367,https://imgcdn1.gempundit.com/media/catalog/product/g/e/gem-pearl-eco-nat-5-191019.jpg?imgeng=/w_960/f_webp/cmpr_20/s_7
368,https://imgcdn1.gempundit.com/media/catalog/product/g/e/gem-pearl-eco-nat-6-191019.jpg?imgeng=/w_960/f_webp/cmpr_20/s_7
369,https://imgcdn1.gempundit.com/media/catalog/product/g/e/gem-pearl-eco-nat-hand-191019.jpg?imgeng=/w_960/f_webp/cmpr_20/s_7
370,https://imgcdn1.gempundit.com/media/catalog/product/g/p1/gp47161-1-180521.jpg?imgeng=/w_960/f_webp/cmpr_20/s_7
371,https://imgcdn1.gempundit.com/media/catalog/product/g/p1/gp47161-hand-180521.jpg?imgeng=/w_960/f_webp/cmpr_20/s_7
372,https://imgcdn1.gempundit.com/media/catalog/product/g/p1/gp47161-2-180521.jpg?imgeng=/w_960/f_webp/cmpr_20/s_7
373,https://imgcdn1.gempundit.com/media/catalog/product/g/p1/gp47161-3-180521.jpg?imgeng=/w_960/f_webp/cmpr_20/s_7
374,https://imgcdn1.gempundit.com/media/catalog/product/g/p1/gp47983-1-180521.jpg?imgeng=/w_960/f_webp/cmpr_20/s_7
375,https://imgcdn1.gempundit.com/media/catalog/product/g/p1/gp47983-hand-180521.jpg?imgeng=/w_960/f_webp/cmpr_20/s_7
376,https://imgcdn1.gempundit.com/media/catalog/product/g/p1/gp47983-2-180521.jpg?imgeng=/w_960/f_webp/cmpr_20/s_7
377,https://imgcdn1.gempundit.com/media/catalog/product/g/p1/gp47983-3-180521.jpg?imgeng=/w_960/f_webp/cmpr_20/s_7
378,https://imgcdn1.gempundit.com/media/catalog/product/g/p1/gp47166-1-180521.jpg?imgeng=/w_960/f_webp/cmpr_20/s_7
379,https://imgcdn1.gempundit.com/media/catalog/product/g/p1/gp47166-hand-180521.jpg?imgeng=/w_960/f_webp/cmpr_20/s_7
380,https://imgcdn1.gempundit.com/media/catalog/product/g/p1/gp47166-2-180521.jpg?imgeng=/w_960/f_webp/cmpr_20/s_7
381,https://imgcdn1.gempundit.com/media/catalog/product/g/p1/gp47166-3-180521.jpg?imgeng=/w_960/f_webp/cmpr_20/s_7
382,https://imgcdn1.gempundit.com/media/catalog/product/g/p1/gp62580-1-180521.jpg?imgeng=/w_960/f_webp/cmpr_20/s_7
383,https://imgcdn1.gempundit.com/media/catalog/product/g/p1/gp62580-hand-180521.jpg?imgeng=/w_960/f_webp/cmpr_20/s_7
384,https://imgcdn1.gempundit.com/media/catalog/product/g/p1/gp62580-2-180521.jpg?imgeng=/w_960/f_webp/cmpr_20/s_7
385,https://imgcdn1.gempundit.com/media/catalog/product/g/p1/gp62580-3-180521.jpg?imgeng=/w_960/f_webp/cmpr_20/s_7
386,https://imgcdn1.gempundit.com/media/catalog/product/g/p/gp91186-1-191021.jpg?imgeng=/w_960/f_webp/cmpr_20/s_7
387,https://imgcdn1.gempundit.com/media/catalog/product/g/p/gp91186-hand-191021.jpg?imgeng=/w_960/f_webp/cmpr_20/s_7
388,https://imgcdn1.gempundit.com/media/catalog/product/g/p/gp91186-2-191021.jpg?imgeng=/w_960/f_webp/cmpr_20/s_7
389,https://imgcdn1.gempundit.com/media/catalog/product/g/p/gp91186-3-191021.jpg?imgeng=/w_960/f_webp/cmpr_20/s_7
390,https://imgcdn1.gempundit.com/media/catalog/product/g/p1/gp62579-1-180521.jpg?imgeng=/w_960/f_webp/cmpr_20/s_7
391,https://imgcdn1.gempundit.com/media/catalog/product/g/p1/gp62579-hand-180521.jpg?imgeng=/w_960/f_webp/cmpr_20/s_7
392,https://imgcdn1.gempundit.com/media/catalog/product/g/p1/gp62579-2-180521.jpg?imgeng=/w_960/f_webp/cmpr_20/s_7
393,https://imgcdn1.gempundit.com/media/catalog/product/g/p1/gp62579-3-180521.jpg?imgeng=/w_960/f_webp/cmpr_20/s_7
394,https://imgcdn1.gempundit.com/media/catalog/product/g/p1/gp62578-1-180521.jpg?imgeng=/w_960/f_webp/cmpr_20/s_7
395,https://imgcdn1.gempundit.com/media/catalog/product/g/p1/gp62578-hand-180521.jpg?imgeng=/w_960/f_webp/cmpr_20/s_7
396,https://imgcdn1.gempundit.com/media/catalog/product/g/p1/gp62578-2-180521.jpg?imgeng=/w_960/f_webp/cmpr_20/s_7
397,https://imgcdn1.gempundit.com/media/catalog/product/g/p1/gp62578-3-180521.jpg?imgeng=/w_960/f_webp/cmpr_20/s_7
398,https://imgcdn1.gempundit.com/media/catalog/product/g/p1/gp62577-1-180521.jpg?imgeng=/w_960/f_webp/cmpr_20/s_7
399,https://imgcdn1.gempundit.com/media/catalog/product/g/p1/gp62577-hand-180521.jpg?imgeng=/w_960/f_webp/cmpr_20/s_7
400,https://imgcdn1.gempundit.com/media/catalog/product/g/p1/gp62577-2-180521.jpg?imgeng=/w_960/f_webp/cmpr_20/s_7
401,https://imgcdn1.gempundit.com/media/catalog/product/g/p1/gp62577-3-180521.jpg?imgeng=/w_960/f_webp/cmpr_20/s_7
402,https://imgcdn1.gempundit.com/media/catalog/product/g/p1/gp33377-1-180521.jpg?imgeng=/w_960/f_webp/cmpr_20/s_7
403,https://imgcdn1.gempundit.com/media/catalog/product/g/p1/gp33377-hand-180521.jpg?imgeng=/w_960/f_webp/cmpr_20/s_7
404,https://imgcdn1.gempundit.com/media/catalog/product/g/p1/gp33377-2-180521.jpg?imgeng=/w_960/f_webp/cmpr_20/s_7
405,https://imgcdn1.gempundit.com/media/catalog/product/g/p1/gp33377-3-180521.jpg?imgeng=/w_960/f_webp/cmpr_20/s_7
406,https://imgcdn1.gempundit.com/media/catalog/product/g/p/gp33377-1-240621.jpg?imgeng=/w_960/f_webp/cmpr_20/s_7
407,https://imgcdn1.gempundit.com/media/catalog/product/g/p/gp33377-hand-240621.jpg?imgeng=/w_960/f_webp/cmpr_20/s_7
408,https://imgcdn1.gempundit.com/media/catalog/product/g/p/gp33377-2-240621.jpg?imgeng=/w_960/f_webp/cmpr_20/s_7
409,https://imgcdn1.gempundit.com/media/catalog/product/g/p/gp33377-3-240621.jpg?imgeng=/w_960/f_webp/cmpr_20/s_7
410,https://imgcdn1.gempundit.com/media/catalog/product/g/p1/gp31340-1-180521.jpg?imgeng=/w_960/f_webp/cmpr_20/s_7
411,https://imgcdn1.gempundit.com/media/catalog/product/g/p1/gp31340-2-180521.jpg?imgeng=/w_960/f_webp/cmpr_20/s_7
412,https://imgcdn1.gempundit.com/media/catalog/product/g/p1/gp31340-3-180521.jpg?imgeng=/w_960/f_webp/cmpr_20/s_7
413,https://imgcdn1.gempundit.com/media/catalog/product/g/p1/gp31337-1-180521.jpg?imgeng=/w_960/f_webp/cmpr_20/s_7
414,https://imgcdn1.gempundit.com/media/catalog/product/g/p1/gp31337-2-180521.jpg?imgeng=/w_960/f_webp/cmpr_20/s_7
415,https://imgcdn1.gempundit.com/media/catalog/product/g/p1/gp31337-3-180521.jpg?imgeng=/w_960/f_webp/cmpr_20/s_7
416,https://imgcdn1.gempundit.com/media/catalog/product/g/p/gp33378-1-240621.jpg?imgeng=/w_960/f_webp/cmpr_20/s_7
417,https://imgcdn1.gempundit.com/media/catalog/product/g/p/gp33378-hand-240621.jpg?imgeng=/w_960/f_webp/cmpr_20/s_7
418,https://imgcdn1.gempundit.com/media/catalog/product/g/p/gp33378-2-240621.jpg?imgeng=/w_960/f_webp/cmpr_20/s_7
419,https://imgcdn1.gempundit.com/media/catalog/product/g/p/gp33378-3-240621.jpg?imgeng=/w_960/f_webp/cmpr_20/s_7
420,https://imgcdn1.gempundit.com/media/catalog/product/g/p/gp72951-1-170721.jpg?imgeng=/w_960/f_webp/cmpr_20/s_7
421,https://imgcdn1.gempundit.com/media/catalog/product/g/p/gp72951-hand-170721.jpg?imgeng=/w_960/f_webp/cmpr_20/s_7
422,https://imgcdn1.gempundit.com/media/catalog/product/g/p/gp72951-2-170721.jpg?imgeng=/w_960/f_webp/cmpr_20/s_7
423,https://imgcdn1.gempundit.com/media/catalog/product/g/p/gp72951-3-170721.jpg?imgeng=/w_960/f_webp/cmpr_20/s_7
424,https://imgcdn1.gempundit.com/media/catalog/product/g/p/gp91164-1-191021.jpg?imgeng=/w_960/f_webp/cmpr_20/s_7
425,https://imgcdn1.gempundit.com/media/catalog/product/g/p/gp91164-hand-191021.jpg?imgeng=/w_960/f_webp/cmpr_20/s_7
426,https://imgcdn1.gempundit.com/media/catalog/product/g/p/gp91164-2-191021.jpg?imgeng=/w_960/f_webp/cmpr_20/s_7
427,https://imgcdn1.gempundit.com/media/catalog/product/g/p/gp91164-3-191021.jpg?imgeng=/w_960/f_webp/cmpr_20/s_7
428,https://imgcdn1.gempundit.com/media/catalog/product/g/p/gp72956-1-170721.jpg?imgeng=/w_960/f_webp/cmpr_20/s_7
429,https://imgcdn1.gempundit.com/media/catalog/product/g/p/gp72956-hand-170721.jpg?imgeng=/w_960/f_webp/cmpr_20/s_7
430,https://imgcdn1.gempundit.com/media/catalog/product/g/p/gp72956-2-170721.jpg?imgeng=/w_960/f_webp/cmpr_20/s_7
431,https://imgcdn1.gempundit.com/media/catalog/product/g/p/gp72956-3-170721.jpg?imgeng=/w_960/f_webp/cmpr_20/s_7
432,https://imgcdn1.gempundit.com/media/catalog/product/g/p1/gp62939-1-180521.jpg?imgeng=/w_960/f_webp/cmpr_20/s_7
433,https://imgcdn1.gempundit.com/media/catalog/product/g/p1/gp62939-hand-180521.jpg?imgeng=/w_960/f_webp/cmpr_20/s_7
434,https://imgcdn1.gempundit.com/media/catalog/product/g/p1/gp62939-2-180521.jpg?imgeng=/w_960/f_webp/cmpr_20/s_7
435,https://imgcdn1.gempundit.com/media/catalog/product/g/p1/gp62939-3-180521.jpg?imgeng=/w_960/f_webp/cmpr_20/s_7
436,https://imgcdn1.gempundit.com/media/catalog/product/g/p/gp91185-1-191021.jpg?imgeng=/w_960/f_webp/cmpr_20/s_7
437,https://imgcdn1.gempundit.com/media/catalog/product/g/p/gp91185-hand-191021.jpg?imgeng=/w_960/f_webp/cmpr_20/s_7
438,https://imgcdn1.gempundit.com/media/catalog/product/g/p/gp91185-2-191021.jpg?imgeng=/w_960/f_webp/cmpr_20/s_7
439,https://imgcdn1.gempundit.com/media/catalog/product/g/p/gp91185-3-191021.jpg?imgeng=/w_960/f_webp/cmpr_20/s_7
440,https://imgcdn1.gempundit.com/media/catalog/product/g/p/gp72953-1-170721.jpg?imgeng=/w_960/f_webp/cmpr_20/s_7
441,https://imgcdn1.gempundit.com/media/catalog/product/g/p/gp72953-hand-170721.jpg?imgeng=/w_960/f_webp/cmpr_20/s_7
442,https://imgcdn1.gempundit.com/media/catalog/product/g/p/gp72953-2-170721.jpg?imgeng=/w_960/f_webp/cmpr_20/s_7
443,https://imgcdn1.gempundit.com/media/catalog/product/g/p/gp72953-3-170721.jpg?imgeng=/w_960/f_webp/cmpr_20/s_7
444,https://imgcdn1.gempundit.com/media/catalog/product/g/p/gp72797-1-220621.jpg?imgeng=/w_960/f_webp/cmpr_20/s_7
445,https://imgcdn1.gempundit.com/media/catalog/product/g/p/gp72797-hand-220621.jpg?imgeng=/w_960/f_webp/cmpr_20/s_7
446,https://imgcdn1.gempundit.com/media/catalog/product/g/p/gp72797-2-220621.jpg?imgeng=/w_960/f_webp/cmpr_20/s_7
447,https://imgcdn1.gempundit.com/media/catalog/product/g/p/gp72797-3-220621.jpg?imgeng=/w_960/f_webp/cmpr_20/s_7
448,https://imgcdn1.gempundit.com/media/catalog/product/g/p1/gp36333-1-180521.jpg?imgeng=/w_960/f_webp/cmpr_20/s_7
449,https://imgcdn1.gempundit.com/media/catalog/product/g/p1/gp36333-hand-180521.jpg?imgeng=/w_960/f_webp/cmpr_20/s_7
450,https://imgcdn1.gempundit.com/media/catalog/product/g/p1/gp36333-2-180521.jpg?imgeng=/w_960/f_webp/cmpr_20/s_7
451,https://imgcdn1.gempundit.com/media/catalog/product/g/p1/gp36333-3-180521.jpg?imgeng=/w_960/f_webp/cmpr_20/s_7
452,https://imgcdn1.gempundit.com/media/catalog/product/g/p/gp91166-1-191021.jpg?imgeng=/w_960/f_webp/cmpr_20/s_7
453,https://imgcdn1.gempundit.com/media/catalog/product/g/p/gp91166-hand-191021.jpg?imgeng=/w_960/f_webp/cmpr_20/s_7
454,https://imgcdn1.gempundit.com/media/catalog/product/g/p/gp91166-2-191021.jpg?imgeng=/w_960/f_webp/cmpr_20/s_7
455,https://imgcdn1.gempundit.com/media/catalog/product/g/p/gp91166-3-191021.jpg?imgeng=/w_960/f_webp/cmpr_20/s_7
456,https://imgcdn1.gempundit.com/media/catalog/product/g/p/gp91165-1-191021.jpg?imgeng=/w_960/f_webp/cmpr_20/s_7
457,https://imgcdn1.gempundit.com/media/catalog/product/g/p/gp91165-hand-191021.jpg?imgeng=/w_960/f_webp/cmpr_20/s_7
458,https://imgcdn1.gempundit.com/media/catalog/product/g/p/gp91165-2-191021.jpg?imgeng=/w_960/f_webp/cmpr_20/s_7
459,https://imgcdn1.gempundit.com/media/catalog/product/g/p/gp91165-3-191021.jpg?imgeng=/w_960/f_webp/cmpr_20/s_7
460,https://imgcdn1.gempundit.com/media/catalog/product/g/p/gp96336-1-260522.jpg?imgeng=/w_960/f_webp/cmpr_20/s_7
461,https://imgcdn1.gempundit.com/media/catalog/product/g/p/gp96336-hand-260522.jpg?imgeng=/w_960/f_webp/cmpr_20/s_7
462,https://imgcdn1.gempundit.com/media/catalog/product/g/p/gp96336-2-260522.jpg?imgeng=/w_960/f_webp/cmpr_20/s_7
463,https://imgcdn1.gempundit.com/media/catalog/product/g/p/gp96336-3-260522.jpg?imgeng=/w_960/f_webp/cmpr_20/s_7
464,https://imgcdn1.gempundit.com/media/catalog/product/2/1/21461-1-_1_.jpg?imgeng=/w_960/f_webp/cmpr_20/s_7
465,https://imgcdn1.gempundit.com/media/catalog/product/2/1/21461-1-h.jpg?imgeng=/w_960/f_webp/cmpr_20/s_7
466,https://imgcdn1.gempundit.com/media/catalog/product/2/1/21461-1-c.jpg?imgeng=/w_960/f_webp/cmpr_20/s_7
467,https://imgcdn1.gempundit.com/media/catalog/product/2/1/21461-1-_2_.jpg?imgeng=/w_960/f_webp/cmpr_20/s_7
468,https://imgcdn1.gempundit.com/media/catalog/product/2/1/21461-1-_3_.jpg?imgeng=/w_960/f_webp/cmpr_20/s_7
