,Navratna
0,https://imgcdn1.gempundit.com/media/catalog/product/g/e/gem-navratna-4.5mm-lux-1-190701.jpg?imgeng=/w_960/f_webp/cmpr_20/s_7
1,https://imgcdn1.gempundit.com/media/catalog/product/g/e/gem-navratna-4.5mm-lux-2-190701.jpg?imgeng=/w_960/f_webp/cmpr_20/s_7
2,https://imgcdn1.gempundit.com/media/catalog/product/g/e/gem-navratna-4mm-lux-1-190701.jpg?imgeng=/w_960/f_webp/cmpr_20/s_7
3,https://imgcdn1.gempundit.com/media/catalog/product/g/e/gem-navratna-4mm-lux-2-190701.jpg?imgeng=/w_960/f_webp/cmpr_20/s_7
4,https://imgcdn1.gempundit.com/media/catalog/product/g/e/gem-navratna-4mm-sprem-1-190701.jpg?imgeng=/w_960/f_webp/cmpr_20/s_7
5,https://imgcdn1.gempundit.com/media/catalog/product/g/e/gem-navratna-4mm-sprem-2-190701.jpg?imgeng=/w_960/f_webp/cmpr_20/s_7
6,https://imgcdn1.gempundit.com/media/catalog/product/g/e/gem-navratna-3.5mm-prem-1-190701.jpg?imgeng=/w_960/f_webp/cmpr_20/s_7
7,https://imgcdn1.gempundit.com/media/catalog/product/g/e/gem-navratna-3.5mm-prem-2-190701.jpg?imgeng=/w_960/f_webp/cmpr_20/s_7
8,https://imgcdn1.gempundit.com/media/catalog/product/g/e/gem-navratna-3mm-prem-1-190701.jpg?imgeng=/w_960/f_webp/cmpr_20/s_7
9,https://imgcdn1.gempundit.com/media/catalog/product/g/e/gem-navratna-3mm-prem-2-190701.jpg?imgeng=/w_960/f_webp/cmpr_20/s_7
10,https://imgcdn1.gempundit.com/media/catalog/product/g/e/gem-navratna-4x6mm-prem-1-190701.jpg?imgeng=/w_960/f_webp/cmpr_20/s_7
11,https://imgcdn1.gempundit.com/media/catalog/product/g/e/gem-navratna-4x6mm-prem-2-190701.jpg?imgeng=/w_960/f_webp/cmpr_20/s_7
12,https://imgcdn1.gempundit.com/media/catalog/product/g/e/gem-navratna-4x6mm-prem-3-190701.jpg?imgeng=/w_960/f_webp/cmpr_20/s_7
13,https://imgcdn1.gempundit.com/media/catalog/product/g/e/gem-navratna-6x8-mm-prem-1-190701.jpg?imgeng=/w_960/f_webp/cmpr_20/s_7
14,https://imgcdn1.gempundit.com/media/catalog/product/g/e/gem-navratna-6x8-mm-prem-2-190701.jpg?imgeng=/w_960/f_webp/cmpr_20/s_7
15,https://imgcdn1.gempundit.com/media/catalog/product/g/e/gem-navratna-6x8-mm-prem-3-190701.jpg?imgeng=/w_960/f_webp/cmpr_20/s_7
16,https://imgcdn1.gempundit.com/media/catalog/product/g/e/gem-navratna-6x8-mm-prem-hand-190701.jpg?imgeng=/w_960/f_webp/cmpr_20/s_7
17,https://imgcdn1.gempundit.com/media/catalog/product/g/e/gem-navratna-7x9mm-lux-1-190701.jpg?imgeng=/w_960/f_webp/cmpr_20/s_7
18,https://imgcdn1.gempundit.com/media/catalog/product/g/e/gem-navratna-7x9mm-lux-2-190701.jpg?imgeng=/w_960/f_webp/cmpr_20/s_7
19,https://imgcdn1.gempundit.com/media/catalog/product/g/e/gem-navratna-7x9mm-lux-3-190701.jpg?imgeng=/w_960/f_webp/cmpr_20/s_7
20,https://imgcdn1.gempundit.com/media/catalog/product/g/e/gem-navratna-8x10mm-lux-1-190701.jpg?imgeng=/w_960/f_webp/cmpr_20/s_7
21,https://imgcdn1.gempundit.com/media/catalog/product/g/e/gem-navratna-8x10mm-lux-2-190701.jpg?imgeng=/w_960/f_webp/cmpr_20/s_7
22,https://imgcdn1.gempundit.com/media/catalog/product/g/e/gem-navratna-8x10mm-lux-hand-190701.jpg?imgeng=/w_960/f_webp/cmpr_20/s_7
