,Smoky Quartz
0,https://imgcdn1.gempundit.com/media/catalog/product/g/p/gp78245-1-180321.jpg?imgeng=/w_960/f_webp/cmpr_20/s_7
1,https://imgcdn1.gempundit.com/media/catalog/product/g/p/gp78245-hand-180321.jpg?imgeng=/w_960/f_webp/cmpr_20/s_7
2,https://imgcdn1.gempundit.com/media/catalog/product/g/p/gp78245-2-180321.jpg?imgeng=/w_960/f_webp/cmpr_20/s_7
3,https://imgcdn1.gempundit.com/media/catalog/product/g/p/gp78154-1-170321.jpg?imgeng=/w_960/f_webp/cmpr_20/s_7
4,https://imgcdn1.gempundit.com/media/catalog/product/g/p/gp78154-hand-170321.jpg?imgeng=/w_960/f_webp/cmpr_20/s_7
5,https://imgcdn1.gempundit.com/media/catalog/product/g/p/gp78154-2-170321.jpg?imgeng=/w_960/f_webp/cmpr_20/s_7
6,https://imgcdn1.gempundit.com/media/catalog/product/g/p/gp78229-1-180321.jpg?imgeng=/w_960/f_webp/cmpr_20/s_7
7,https://imgcdn1.gempundit.com/media/catalog/product/g/p/gp78229-hand-180321.jpg?imgeng=/w_960/f_webp/cmpr_20/s_7
8,https://imgcdn1.gempundit.com/media/catalog/product/g/p/gp78229-2-180321.jpg?imgeng=/w_960/f_webp/cmpr_20/s_7
9,https://imgcdn1.gempundit.com/media/catalog/product/g/p/gp78235-1-180321.jpg?imgeng=/w_960/f_webp/cmpr_20/s_7
10,https://imgcdn1.gempundit.com/media/catalog/product/g/p/gp78235-2-180321.jpg?imgeng=/w_960/f_webp/cmpr_20/s_7
11,https://imgcdn1.gempundit.com/media/catalog/product/g/p/gp78147-1-170321.jpg?imgeng=/w_960/f_webp/cmpr_20/s_7
12,https://imgcdn1.gempundit.com/media/catalog/product/g/p/gp78147-hand-170321.jpg?imgeng=/w_960/f_webp/cmpr_20/s_7
13,https://imgcdn1.gempundit.com/media/catalog/product/g/p/gp78147-2-170321.jpg?imgeng=/w_960/f_webp/cmpr_20/s_7
14,https://imgcdn1.gempundit.com/media/catalog/product/g/p/gp78228-1-180321.jpg?imgeng=/w_960/f_webp/cmpr_20/s_7
15,https://imgcdn1.gempundit.com/media/catalog/product/g/p/gp78228-hand-180321.jpg?imgeng=/w_960/f_webp/cmpr_20/s_7
16,https://imgcdn1.gempundit.com/media/catalog/product/g/p/gp78228-2-180321.jpg?imgeng=/w_960/f_webp/cmpr_20/s_7
17,https://imgcdn1.gempundit.com/media/catalog/product/g/p/gp78149-1-170321.jpg?imgeng=/w_960/f_webp/cmpr_20/s_7
18,https://imgcdn1.gempundit.com/media/catalog/product/g/p/gp78149-hand-170321.jpg?imgeng=/w_960/f_webp/cmpr_20/s_7
19,https://imgcdn1.gempundit.com/media/catalog/product/g/p/gp78149-2-170321.jpg?imgeng=/w_960/f_webp/cmpr_20/s_7
20,https://imgcdn1.gempundit.com/media/catalog/product/g/p/gp78231-1-180321.jpg?imgeng=/w_960/f_webp/cmpr_20/s_7
21,https://imgcdn1.gempundit.com/media/catalog/product/g/p/gp78231-hand-180321.jpg?imgeng=/w_960/f_webp/cmpr_20/s_7
22,https://imgcdn1.gempundit.com/media/catalog/product/g/p/gp78231-2-180321.jpg?imgeng=/w_960/f_webp/cmpr_20/s_7
23,https://imgcdn1.gempundit.com/media/catalog/product/g/p/gp78241-1-180321.jpg?imgeng=/w_960/f_webp/cmpr_20/s_7
24,https://imgcdn1.gempundit.com/media/catalog/product/g/p/gp78241-hand-180321.jpg?imgeng=/w_960/f_webp/cmpr_20/s_7
25,https://imgcdn1.gempundit.com/media/catalog/product/g/p/gp78241-2-180321.jpg?imgeng=/w_960/f_webp/cmpr_20/s_7
26,https://imgcdn1.gempundit.com/media/catalog/product/g/p/gp78240-1-180321.jpg?imgeng=/w_960/f_webp/cmpr_20/s_7
27,https://imgcdn1.gempundit.com/media/catalog/product/g/p/gp78240-hand-180321.jpg?imgeng=/w_960/f_webp/cmpr_20/s_7
28,https://imgcdn1.gempundit.com/media/catalog/product/g/p/gp78240-2-180321.jpg?imgeng=/w_960/f_webp/cmpr_20/s_7
29,https://imgcdn1.gempundit.com/media/catalog/product/g/p/gp78152-1-170321.jpg?imgeng=/w_960/f_webp/cmpr_20/s_7
30,https://imgcdn1.gempundit.com/media/catalog/product/g/p/gp78152-hand-170321.jpg?imgeng=/w_960/f_webp/cmpr_20/s_7
31,https://imgcdn1.gempundit.com/media/catalog/product/g/p/gp78152-2-170321.jpg?imgeng=/w_960/f_webp/cmpr_20/s_7
32,https://imgcdn1.gempundit.com/media/catalog/product/g/p/gp78226-1-180321.jpg?imgeng=/w_960/f_webp/cmpr_20/s_7
33,https://imgcdn1.gempundit.com/media/catalog/product/g/p/gp78226-hand-180321.jpg?imgeng=/w_960/f_webp/cmpr_20/s_7
34,https://imgcdn1.gempundit.com/media/catalog/product/g/p/gp78226-2-180321.jpg?imgeng=/w_960/f_webp/cmpr_20/s_7
35,https://imgcdn1.gempundit.com/media/catalog/product/g/p/gp78234-1-180321.jpg?imgeng=/w_960/f_webp/cmpr_20/s_7
36,https://imgcdn1.gempundit.com/media/catalog/product/g/p/gp78234-hand-180321.jpg?imgeng=/w_960/f_webp/cmpr_20/s_7
37,https://imgcdn1.gempundit.com/media/catalog/product/g/p/gp78234-2-180321.jpg?imgeng=/w_960/f_webp/cmpr_20/s_7
38,https://imgcdn1.gempundit.com/media/catalog/product/g/p/gp78233-1-180321.jpg?imgeng=/w_960/f_webp/cmpr_20/s_7
39,https://imgcdn1.gempundit.com/media/catalog/product/g/p/gp78233-hand-180321.jpg?imgeng=/w_960/f_webp/cmpr_20/s_7
40,https://imgcdn1.gempundit.com/media/catalog/product/g/p/gp78233-2-180321.jpg?imgeng=/w_960/f_webp/cmpr_20/s_7
41,https://imgcdn1.gempundit.com/media/catalog/product/g/p/gp78243-1-180321.jpg?imgeng=/w_960/f_webp/cmpr_20/s_7
42,https://imgcdn1.gempundit.com/media/catalog/product/g/p/gp78243-hand-180321.jpg?imgeng=/w_960/f_webp/cmpr_20/s_7
43,https://imgcdn1.gempundit.com/media/catalog/product/g/p/gp78243-2-180321.jpg?imgeng=/w_960/f_webp/cmpr_20/s_7
44,https://imgcdn1.gempundit.com/media/catalog/product/g/p/gp78153-1-170321.jpg?imgeng=/w_960/f_webp/cmpr_20/s_7
45,https://imgcdn1.gempundit.com/media/catalog/product/g/p/gp78153-hand-170321.jpg?imgeng=/w_960/f_webp/cmpr_20/s_7
46,https://imgcdn1.gempundit.com/media/catalog/product/g/p/gp78153-2-170321.jpg?imgeng=/w_960/f_webp/cmpr_20/s_7
47,https://imgcdn1.gempundit.com/media/catalog/product/g/p/gp78227-1-180321.jpg?imgeng=/w_960/f_webp/cmpr_20/s_7
48,https://imgcdn1.gempundit.com/media/catalog/product/g/p/gp78227-hand-180321.jpg?imgeng=/w_960/f_webp/cmpr_20/s_7
49,https://imgcdn1.gempundit.com/media/catalog/product/g/p/gp78227-2-180321.jpg?imgeng=/w_960/f_webp/cmpr_20/s_7
50,https://imgcdn1.gempundit.com/media/catalog/product/g/p/gp78237-1-180321.jpg?imgeng=/w_960/f_webp/cmpr_20/s_7
51,https://imgcdn1.gempundit.com/media/catalog/product/g/p/gp78237-hand-180321.jpg?imgeng=/w_960/f_webp/cmpr_20/s_7
52,https://imgcdn1.gempundit.com/media/catalog/product/g/p/gp78237-2-180321.jpg?imgeng=/w_960/f_webp/cmpr_20/s_7
53,https://imgcdn1.gempundit.com/media/catalog/product/g/p/gp78239-1-180321.jpg?imgeng=/w_960/f_webp/cmpr_20/s_7
54,https://imgcdn1.gempundit.com/media/catalog/product/g/p/gp78239-hand-180321.jpg?imgeng=/w_960/f_webp/cmpr_20/s_7
55,https://imgcdn1.gempundit.com/media/catalog/product/g/p/gp78239-2-180321.jpg?imgeng=/w_960/f_webp/cmpr_20/s_7
56,https://imgcdn1.gempundit.com/media/catalog/product/g/p/gp78230-1-180321.jpg?imgeng=/w_960/f_webp/cmpr_20/s_7
57,https://imgcdn1.gempundit.com/media/catalog/product/g/p/gp78230-hand-180321.jpg?imgeng=/w_960/f_webp/cmpr_20/s_7
58,https://imgcdn1.gempundit.com/media/catalog/product/g/p/gp78230-2-180321.jpg?imgeng=/w_960/f_webp/cmpr_20/s_7
59,https://imgcdn1.gempundit.com/media/catalog/product/g/p/gp78150-1-170321.jpg?imgeng=/w_960/f_webp/cmpr_20/s_7
60,https://imgcdn1.gempundit.com/media/catalog/product/g/p/gp78150-hand-170321.jpg?imgeng=/w_960/f_webp/cmpr_20/s_7
61,https://imgcdn1.gempundit.com/media/catalog/product/g/p/gp78150-2-170321.jpg?imgeng=/w_960/f_webp/cmpr_20/s_7
62,https://imgcdn1.gempundit.com/media/catalog/product/g/p/gp78232-1-180321.jpg?imgeng=/w_960/f_webp/cmpr_20/s_7
63,https://imgcdn1.gempundit.com/media/catalog/product/g/p/gp78232-hand-180321.jpg?imgeng=/w_960/f_webp/cmpr_20/s_7
64,https://imgcdn1.gempundit.com/media/catalog/product/g/p/gp78232-2-180321.jpg?imgeng=/w_960/f_webp/cmpr_20/s_7
65,https://imgcdn1.gempundit.com/media/catalog/product/g/p/gp78146-1-170321.jpg?imgeng=/w_960/f_webp/cmpr_20/s_7
66,https://imgcdn1.gempundit.com/media/catalog/product/g/p/gp78146-hand-170321.jpg?imgeng=/w_960/f_webp/cmpr_20/s_7
67,https://imgcdn1.gempundit.com/media/catalog/product/g/p/gp78146-2-170321.jpg?imgeng=/w_960/f_webp/cmpr_20/s_7
68,https://imgcdn1.gempundit.com/media/catalog/product/g/p/gp78207-1-180321.jpg?imgeng=/w_960/f_webp/cmpr_20/s_7
69,https://imgcdn1.gempundit.com/media/catalog/product/g/p/gp78207-hand-180321.jpg?imgeng=/w_960/f_webp/cmpr_20/s_7
70,https://imgcdn1.gempundit.com/media/catalog/product/g/p/gp78207-2-180321.jpg?imgeng=/w_960/f_webp/cmpr_20/s_7
71,https://imgcdn1.gempundit.com/media/catalog/product/g/p/gp78209-1-170321.jpg?imgeng=/w_960/f_webp/cmpr_20/s_7
72,https://imgcdn1.gempundit.com/media/catalog/product/g/p/gp78209-hand-170321.jpg?imgeng=/w_960/f_webp/cmpr_20/s_7
73,https://imgcdn1.gempundit.com/media/catalog/product/g/p/gp78209-2-170321.jpg?imgeng=/w_960/f_webp/cmpr_20/s_7
74,https://imgcdn1.gempundit.com/media/catalog/product/g/p/gp78211-1-170321.jpg?imgeng=/w_960/f_webp/cmpr_20/s_7
75,https://imgcdn1.gempundit.com/media/catalog/product/g/p/gp78211-2-170321.jpg?imgeng=/w_960/f_webp/cmpr_20/s_7
76,https://imgcdn1.gempundit.com/media/catalog/product/g/p/gp78224-1-180321.jpg?imgeng=/w_960/f_webp/cmpr_20/s_7
77,https://imgcdn1.gempundit.com/media/catalog/product/g/p/gp78224-2-180321.jpg?imgeng=/w_960/f_webp/cmpr_20/s_7
78,https://imgcdn1.gempundit.com/media/catalog/product/g/p/gp78215-1-170321.jpg?imgeng=/w_960/f_webp/cmpr_20/s_7
79,https://imgcdn1.gempundit.com/media/catalog/product/g/p/gp78215-2-170321.jpg?imgeng=/w_960/f_webp/cmpr_20/s_7
80,https://imgcdn1.gempundit.com/media/catalog/product/g/p/gp78210-1-170321.jpg?imgeng=/w_960/f_webp/cmpr_20/s_7
81,https://imgcdn1.gempundit.com/media/catalog/product/g/p/gp78210-2-170321.jpg?imgeng=/w_960/f_webp/cmpr_20/s_7
82,https://imgcdn1.gempundit.com/media/catalog/product/g/p/gp78223-1-180321.jpg?imgeng=/w_960/f_webp/cmpr_20/s_7
83,https://imgcdn1.gempundit.com/media/catalog/product/g/p/gp78223-2-180321.jpg?imgeng=/w_960/f_webp/cmpr_20/s_7
84,https://imgcdn1.gempundit.com/media/catalog/product/g/p/gp78206-1-180321.jpg?imgeng=/w_960/f_webp/cmpr_20/s_7
85,https://imgcdn1.gempundit.com/media/catalog/product/g/p/gp78206-2-180321.jpg?imgeng=/w_960/f_webp/cmpr_20/s_7
86,https://imgcdn1.gempundit.com/media/catalog/product/g/p/gp78214-1-170321.jpg?imgeng=/w_960/f_webp/cmpr_20/s_7
87,https://imgcdn1.gempundit.com/media/catalog/product/g/p/gp78214-2-170321.jpg?imgeng=/w_960/f_webp/cmpr_20/s_7
88,https://imgcdn1.gempundit.com/media/catalog/product/g/p/gp78213-1-180321.jpg?imgeng=/w_960/f_webp/cmpr_20/s_7
89,https://imgcdn1.gempundit.com/media/catalog/product/g/p/gp78213-2-180321.jpg?imgeng=/w_960/f_webp/cmpr_20/s_7
90,https://imgcdn1.gempundit.com/media/catalog/product/g/p/gp78218-1-220321.jpg?imgeng=/w_960/f_webp/cmpr_20/s_7
91,https://imgcdn1.gempundit.com/media/catalog/product/g/p/gp78218-2-220321.jpg?imgeng=/w_960/f_webp/cmpr_20/s_7
92,https://imgcdn1.gempundit.com/media/catalog/product/g/p/gp78216-1-180321.jpg?imgeng=/w_960/f_webp/cmpr_20/s_7
93,https://imgcdn1.gempundit.com/media/catalog/product/g/p/gp78216-2-180321.jpg?imgeng=/w_960/f_webp/cmpr_20/s_7
94,https://imgcdn1.gempundit.com/media/catalog/product/g/p/gp78165-1-220321.jpg?imgeng=/w_960/f_webp/cmpr_20/s_7
95,https://imgcdn1.gempundit.com/media/catalog/product/g/p/gp78165-2-220321.jpg?imgeng=/w_960/f_webp/cmpr_20/s_7
96,https://imgcdn1.gempundit.com/media/catalog/product/g/p/gp78219-1-180321.jpg?imgeng=/w_960/f_webp/cmpr_20/s_7
97,https://imgcdn1.gempundit.com/media/catalog/product/g/p/gp78219-2-180321.jpg?imgeng=/w_960/f_webp/cmpr_20/s_7
98,https://imgcdn1.gempundit.com/media/catalog/product/g/p/gp78212-1-180321.jpg?imgeng=/w_960/f_webp/cmpr_20/s_7
99,https://imgcdn1.gempundit.com/media/catalog/product/g/p/gp78212-2-180321.jpg?imgeng=/w_960/f_webp/cmpr_20/s_7
100,https://imgcdn1.gempundit.com/media/catalog/product/g/p/gp78162-1-220321.jpg?imgeng=/w_960/f_webp/cmpr_20/s_7
101,https://imgcdn1.gempundit.com/media/catalog/product/g/p/gp78162-2-220321.jpg?imgeng=/w_960/f_webp/cmpr_20/s_7
102,https://imgcdn1.gempundit.com/media/catalog/product/g/p/gp78221-1-220321.jpg?imgeng=/w_960/f_webp/cmpr_20/s_7
103,https://imgcdn1.gempundit.com/media/catalog/product/g/p/gp78221-2-220321.jpg?imgeng=/w_960/f_webp/cmpr_20/s_7
104,https://imgcdn1.gempundit.com/media/catalog/product/g/p/gp78208-1-180321.jpg?imgeng=/w_960/f_webp/cmpr_20/s_7
105,https://imgcdn1.gempundit.com/media/catalog/product/g/p/gp78208-2-180321.jpg?imgeng=/w_960/f_webp/cmpr_20/s_7
106,https://imgcdn1.gempundit.com/media/catalog/product/g/p/gp78160-1-220321.jpg?imgeng=/w_960/f_webp/cmpr_20/s_7
107,https://imgcdn1.gempundit.com/media/catalog/product/g/p/gp78160-2-220321.jpg?imgeng=/w_960/f_webp/cmpr_20/s_7
108,https://imgcdn1.gempundit.com/media/catalog/product/g/p/gp78159-1-220321.jpg?imgeng=/w_960/f_webp/cmpr_20/s_7
109,https://imgcdn1.gempundit.com/media/catalog/product/g/p/gp78159-2-220321.jpg?imgeng=/w_960/f_webp/cmpr_20/s_7
110,https://imgcdn1.gempundit.com/media/catalog/product/g/p/gp78220-1-180321.jpg?imgeng=/w_960/f_webp/cmpr_20/s_7
111,https://imgcdn1.gempundit.com/media/catalog/product/g/p/gp78220-2-180321.jpg?imgeng=/w_960/f_webp/cmpr_20/s_7
112,https://imgcdn1.gempundit.com/media/catalog/product/g/p/gp78217-1-180321.jpg?imgeng=/w_960/f_webp/cmpr_20/s_7
113,https://imgcdn1.gempundit.com/media/catalog/product/g/p/gp78217-2-180321.jpg?imgeng=/w_960/f_webp/cmpr_20/s_7
114,https://imgcdn1.gempundit.com/media/catalog/product/g/p/gp78188-1-180321.jpg?imgeng=/w_960/f_webp/cmpr_20/s_7
115,https://imgcdn1.gempundit.com/media/catalog/product/g/p/gp78188-2-180321.jpg?imgeng=/w_960/f_webp/cmpr_20/s_7
116,https://imgcdn1.gempundit.com/media/catalog/product/g/p/gp78188-3-180321.jpg?imgeng=/w_960/f_webp/cmpr_20/s_7
117,https://imgcdn1.gempundit.com/media/catalog/product/g/p/gp78194-1-170321.jpg?imgeng=/w_960/f_webp/cmpr_20/s_7
118,https://imgcdn1.gempundit.com/media/catalog/product/g/p/gp78194-2-170321.jpg?imgeng=/w_960/f_webp/cmpr_20/s_7
119,https://imgcdn1.gempundit.com/media/catalog/product/g/p/gp78191-1-170321.jpg?imgeng=/w_960/f_webp/cmpr_20/s_7
120,https://imgcdn1.gempundit.com/media/catalog/product/g/p/gp78191-2-170321.jpg?imgeng=/w_960/f_webp/cmpr_20/s_7
121,https://imgcdn1.gempundit.com/media/catalog/product/g/p/gp78195-1-170321.jpg?imgeng=/w_960/f_webp/cmpr_20/s_7
122,https://imgcdn1.gempundit.com/media/catalog/product/g/p/gp78195-2-170321.jpg?imgeng=/w_960/f_webp/cmpr_20/s_7
123,https://imgcdn1.gempundit.com/media/catalog/product/g/p/gp78203-1-170321.jpg?imgeng=/w_960/f_webp/cmpr_20/s_7
124,https://imgcdn1.gempundit.com/media/catalog/product/g/p/gp78203-2-170321.jpg?imgeng=/w_960/f_webp/cmpr_20/s_7
125,https://imgcdn1.gempundit.com/media/catalog/product/g/p/gp78205-1-170321.jpg?imgeng=/w_960/f_webp/cmpr_20/s_7
126,https://imgcdn1.gempundit.com/media/catalog/product/g/p/gp78205-2-170321.jpg?imgeng=/w_960/f_webp/cmpr_20/s_7
127,https://imgcdn1.gempundit.com/media/catalog/product/g/p/gp78197-1-170321.jpg?imgeng=/w_960/f_webp/cmpr_20/s_7
128,https://imgcdn1.gempundit.com/media/catalog/product/g/p/gp78197-2-170321.jpg?imgeng=/w_960/f_webp/cmpr_20/s_7
129,https://imgcdn1.gempundit.com/media/catalog/product/g/p/gp78192-1-180321.jpg?imgeng=/w_960/f_webp/cmpr_20/s_7
130,https://imgcdn1.gempundit.com/media/catalog/product/g/p/gp78192-2-180321.jpg?imgeng=/w_960/f_webp/cmpr_20/s_7
131,https://imgcdn1.gempundit.com/media/catalog/product/g/p/gp78192-3-180321.jpg?imgeng=/w_960/f_webp/cmpr_20/s_7
132,https://imgcdn1.gempundit.com/media/catalog/product/g/p/gp78186-1-180321.jpg?imgeng=/w_960/f_webp/cmpr_20/s_7
133,https://imgcdn1.gempundit.com/media/catalog/product/g/p/gp78186-2-180321.jpg?imgeng=/w_960/f_webp/cmpr_20/s_7
134,https://imgcdn1.gempundit.com/media/catalog/product/g/p/gp78187-1-170321.jpg?imgeng=/w_960/f_webp/cmpr_20/s_7
135,https://imgcdn1.gempundit.com/media/catalog/product/g/p/gp78187-2-170321.jpg?imgeng=/w_960/f_webp/cmpr_20/s_7
136,https://imgcdn1.gempundit.com/media/catalog/product/g/p/gp78199-1-180321.jpg?imgeng=/w_960/f_webp/cmpr_20/s_7
137,https://imgcdn1.gempundit.com/media/catalog/product/g/p/gp78199-2-180321.jpg?imgeng=/w_960/f_webp/cmpr_20/s_7
138,https://imgcdn1.gempundit.com/media/catalog/product/g/p/gp78193-1-170321.jpg?imgeng=/w_960/f_webp/cmpr_20/s_7
139,https://imgcdn1.gempundit.com/media/catalog/product/g/p/gp78193-2-170321.jpg?imgeng=/w_960/f_webp/cmpr_20/s_7
140,https://imgcdn1.gempundit.com/media/catalog/product/g/p/gp78190-1-170321.jpg?imgeng=/w_960/f_webp/cmpr_20/s_7
141,https://imgcdn1.gempundit.com/media/catalog/product/g/p/gp78190-2-170321.jpg?imgeng=/w_960/f_webp/cmpr_20/s_7
142,https://imgcdn1.gempundit.com/media/catalog/product/g/p/gp78189-1-180321.jpg?imgeng=/w_960/f_webp/cmpr_20/s_7
143,https://imgcdn1.gempundit.com/media/catalog/product/g/p/gp78189-2-180321.jpg?imgeng=/w_960/f_webp/cmpr_20/s_7
144,https://imgcdn1.gempundit.com/media/catalog/product/g/p/gp78189-3-180321.jpg?imgeng=/w_960/f_webp/cmpr_20/s_7
145,https://imgcdn1.gempundit.com/media/catalog/product/g/p/gp78204-1-170321.jpg?imgeng=/w_960/f_webp/cmpr_20/s_7
146,https://imgcdn1.gempundit.com/media/catalog/product/g/p/gp78204-2-170321.jpg?imgeng=/w_960/f_webp/cmpr_20/s_7
147,https://imgcdn1.gempundit.com/media/catalog/product/g/p/gp78201-1-170321.jpg?imgeng=/w_960/f_webp/cmpr_20/s_7
148,https://imgcdn1.gempundit.com/media/catalog/product/g/p/gp78201-2-170321.jpg?imgeng=/w_960/f_webp/cmpr_20/s_7
149,https://imgcdn1.gempundit.com/media/catalog/product/g/p/gp78198-1-170321.jpg?imgeng=/w_960/f_webp/cmpr_20/s_7
150,https://imgcdn1.gempundit.com/media/catalog/product/g/p/gp78198-2-170321.jpg?imgeng=/w_960/f_webp/cmpr_20/s_7
151,https://imgcdn1.gempundit.com/media/catalog/product/g/p/gp78168-1-180321.jpg?imgeng=/w_960/f_webp/cmpr_20/s_7
152,https://imgcdn1.gempundit.com/media/catalog/product/g/p/gp78168-2-180321.jpg?imgeng=/w_960/f_webp/cmpr_20/s_7
153,https://imgcdn1.gempundit.com/media/catalog/product/g/p/gp78200-1-170321.jpg?imgeng=/w_960/f_webp/cmpr_20/s_7
154,https://imgcdn1.gempundit.com/media/catalog/product/g/p/gp78200-2-170321.jpg?imgeng=/w_960/f_webp/cmpr_20/s_7
155,https://imgcdn1.gempundit.com/media/catalog/product/g/p/gp78202-1-180321.jpg?imgeng=/w_960/f_webp/cmpr_20/s_7
156,https://imgcdn1.gempundit.com/media/catalog/product/g/p/gp78202-2-180321.jpg?imgeng=/w_960/f_webp/cmpr_20/s_7
157,https://imgcdn1.gempundit.com/media/catalog/product/g/p/gp78166-1-170321.jpg?imgeng=/w_960/f_webp/cmpr_20/s_7
158,https://imgcdn1.gempundit.com/media/catalog/product/g/p/gp78166-2-170321.jpg?imgeng=/w_960/f_webp/cmpr_20/s_7
159,https://imgcdn1.gempundit.com/media/catalog/product/g/p/gp78171-1-170321.jpg?imgeng=/w_960/f_webp/cmpr_20/s_7
160,https://imgcdn1.gempundit.com/media/catalog/product/g/p/gp78171-2-170321.jpg?imgeng=/w_960/f_webp/cmpr_20/s_7
161,https://imgcdn1.gempundit.com/media/catalog/product/g/p/gp78182-1-180321.jpg?imgeng=/w_960/f_webp/cmpr_20/s_7
162,https://imgcdn1.gempundit.com/media/catalog/product/g/p/gp78182-2-180321.jpg?imgeng=/w_960/f_webp/cmpr_20/s_7
163,https://imgcdn1.gempundit.com/media/catalog/product/g/p/gp78126-1-180321.jpg?imgeng=/w_960/f_webp/cmpr_20/s_7
164,https://imgcdn1.gempundit.com/media/catalog/product/g/p/gp78126-2-180321.jpg?imgeng=/w_960/f_webp/cmpr_20/s_7
165,https://imgcdn1.gempundit.com/media/catalog/product/g/p/gp78172-1-170321.jpg?imgeng=/w_960/f_webp/cmpr_20/s_7
166,https://imgcdn1.gempundit.com/media/catalog/product/g/p/gp78172-2-170321.jpg?imgeng=/w_960/f_webp/cmpr_20/s_7
167,https://imgcdn1.gempundit.com/media/catalog/product/g/p/gp78180-1-170321.jpg?imgeng=/w_960/f_webp/cmpr_20/s_7
168,https://imgcdn1.gempundit.com/media/catalog/product/g/p/gp78180-2-170321.jpg?imgeng=/w_960/f_webp/cmpr_20/s_7
169,https://imgcdn1.gempundit.com/media/catalog/product/g/p/gp78175-1-170321.jpg?imgeng=/w_960/f_webp/cmpr_20/s_7
170,https://imgcdn1.gempundit.com/media/catalog/product/g/p/gp78175-2-170321.jpg?imgeng=/w_960/f_webp/cmpr_20/s_7
171,https://imgcdn1.gempundit.com/media/catalog/product/g/p/gp78174-1-170321.jpg?imgeng=/w_960/f_webp/cmpr_20/s_7
172,https://imgcdn1.gempundit.com/media/catalog/product/g/p/gp78174-2-170321.jpg?imgeng=/w_960/f_webp/cmpr_20/s_7
173,https://imgcdn1.gempundit.com/media/catalog/product/g/p/gp78178-1-170321.jpg?imgeng=/w_960/f_webp/cmpr_20/s_7
174,https://imgcdn1.gempundit.com/media/catalog/product/g/p/gp78178-2-170321.jpg?imgeng=/w_960/f_webp/cmpr_20/s_7
175,https://imgcdn1.gempundit.com/media/catalog/product/g/p/gp78177-1-180321.jpg?imgeng=/w_960/f_webp/cmpr_20/s_7
176,https://imgcdn1.gempundit.com/media/catalog/product/g/p/gp78177-2-180321.jpg?imgeng=/w_960/f_webp/cmpr_20/s_7
177,https://imgcdn1.gempundit.com/media/catalog/product/g/p/gp78170-1-170321.jpg?imgeng=/w_960/f_webp/cmpr_20/s_7
178,https://imgcdn1.gempundit.com/media/catalog/product/g/p/gp78170-2-170321.jpg?imgeng=/w_960/f_webp/cmpr_20/s_7
179,https://imgcdn1.gempundit.com/media/catalog/product/g/p/gp78167-1-170321.jpg?imgeng=/w_960/f_webp/cmpr_20/s_7
180,https://imgcdn1.gempundit.com/media/catalog/product/g/p/gp78167-2-170321.jpg?imgeng=/w_960/f_webp/cmpr_20/s_7
181,https://imgcdn1.gempundit.com/media/catalog/product/g/p/gp78173-1-170321.jpg?imgeng=/w_960/f_webp/cmpr_20/s_7
182,https://imgcdn1.gempundit.com/media/catalog/product/g/p/gp78173-2-170321.jpg?imgeng=/w_960/f_webp/cmpr_20/s_7
183,https://imgcdn1.gempundit.com/media/catalog/product/g/p/gp78169-1-170321.jpg?imgeng=/w_960/f_webp/cmpr_20/s_7
184,https://imgcdn1.gempundit.com/media/catalog/product/g/p/gp78169-2-170321.jpg?imgeng=/w_960/f_webp/cmpr_20/s_7
185,https://imgcdn1.gempundit.com/media/catalog/product/g/p/gp78131-1-220321.jpg?imgeng=/w_960/f_webp/cmpr_20/s_7
186,https://imgcdn1.gempundit.com/media/catalog/product/g/p/gp78131-2-220321.jpg?imgeng=/w_960/f_webp/cmpr_20/s_7
187,https://imgcdn1.gempundit.com/media/catalog/product/g/p/gp78131-3-220321.jpg?imgeng=/w_960/f_webp/cmpr_20/s_7
188,https://imgcdn1.gempundit.com/media/catalog/product/g/p/gp78128-1-220321.jpg?imgeng=/w_960/f_webp/cmpr_20/s_7
189,https://imgcdn1.gempundit.com/media/catalog/product/g/p/gp78128-2-220321.jpg?imgeng=/w_960/f_webp/cmpr_20/s_7
190,https://imgcdn1.gempundit.com/media/catalog/product/g/p/gp78183-1-180321.jpg?imgeng=/w_960/f_webp/cmpr_20/s_7
191,https://imgcdn1.gempundit.com/media/catalog/product/g/p/gp78183-2-180321.jpg?imgeng=/w_960/f_webp/cmpr_20/s_7
192,https://imgcdn1.gempundit.com/media/catalog/product/g/p/gp78137-1-180321.jpg?imgeng=/w_960/f_webp/cmpr_20/s_7
193,https://imgcdn1.gempundit.com/media/catalog/product/g/p/gp78137-2-180321.jpg?imgeng=/w_960/f_webp/cmpr_20/s_7
194,https://imgcdn1.gempundit.com/media/catalog/product/g/p/gp78137-3-180321.jpg?imgeng=/w_960/f_webp/cmpr_20/s_7
195,https://imgcdn1.gempundit.com/media/catalog/product/g/p/gp78144-1-180321.jpg?imgeng=/w_960/f_webp/cmpr_20/s_7
196,https://imgcdn1.gempundit.com/media/catalog/product/g/p/gp78144-2-180321.jpg?imgeng=/w_960/f_webp/cmpr_20/s_7
197,https://imgcdn1.gempundit.com/media/catalog/product/g/p/gp78144-3-180321.jpg?imgeng=/w_960/f_webp/cmpr_20/s_7
198,https://imgcdn1.gempundit.com/media/catalog/product/g/p/gp78138-1-220321.jpg?imgeng=/w_960/f_webp/cmpr_20/s_7
199,https://imgcdn1.gempundit.com/media/catalog/product/g/p/gp78138-2-220321.jpg?imgeng=/w_960/f_webp/cmpr_20/s_7
200,https://imgcdn1.gempundit.com/media/catalog/product/g/p/gp78139-1-120421.jpg?imgeng=/w_960/f_webp/cmpr_20/s_7
201,https://imgcdn1.gempundit.com/media/catalog/product/g/p/gp78139-2-120421.jpg?imgeng=/w_960/f_webp/cmpr_20/s_7
202,https://imgcdn1.gempundit.com/media/catalog/product/g/p/gp78139-3-120421.jpg?imgeng=/w_960/f_webp/cmpr_20/s_7
203,https://imgcdn1.gempundit.com/media/catalog/product/g/p/gp78133-1-180321.jpg?imgeng=/w_960/f_webp/cmpr_20/s_7
204,https://imgcdn1.gempundit.com/media/catalog/product/g/p/gp78133-2-180321.jpg?imgeng=/w_960/f_webp/cmpr_20/s_7
205,https://imgcdn1.gempundit.com/media/catalog/product/g/p/gp78133-3-180321.jpg?imgeng=/w_960/f_webp/cmpr_20/s_7
206,https://imgcdn1.gempundit.com/media/catalog/product/g/p/gp78135-1-180321.jpg?imgeng=/w_960/f_webp/cmpr_20/s_7
207,https://imgcdn1.gempundit.com/media/catalog/product/g/p/gp78135-2-180321.jpg?imgeng=/w_960/f_webp/cmpr_20/s_7
208,https://imgcdn1.gempundit.com/media/catalog/product/g/p/gp78135-3-180321.jpg?imgeng=/w_960/f_webp/cmpr_20/s_7
209,https://imgcdn1.gempundit.com/media/catalog/product/g/p/gp78130-1-180321.jpg?imgeng=/w_960/f_webp/cmpr_20/s_7
210,https://imgcdn1.gempundit.com/media/catalog/product/g/p/gp78130-2-180321.jpg?imgeng=/w_960/f_webp/cmpr_20/s_7
211,https://imgcdn1.gempundit.com/media/catalog/product/g/p/gp78130-3-180321.jpg?imgeng=/w_960/f_webp/cmpr_20/s_7
212,https://imgcdn1.gempundit.com/media/catalog/product/g/p/gp78127-1-180321.jpg?imgeng=/w_960/f_webp/cmpr_20/s_7
213,https://imgcdn1.gempundit.com/media/catalog/product/g/p/gp78127-2-180321.jpg?imgeng=/w_960/f_webp/cmpr_20/s_7
214,https://imgcdn1.gempundit.com/media/catalog/product/g/p/gp78127-3-180321.jpg?imgeng=/w_960/f_webp/cmpr_20/s_7
215,https://imgcdn1.gempundit.com/media/catalog/product/g/p/gp78136-1-180321.jpg?imgeng=/w_960/f_webp/cmpr_20/s_7
216,https://imgcdn1.gempundit.com/media/catalog/product/g/p/gp78136-2-180321.jpg?imgeng=/w_960/f_webp/cmpr_20/s_7
217,https://imgcdn1.gempundit.com/media/catalog/product/g/p/gp78136-3-180321.jpg?imgeng=/w_960/f_webp/cmpr_20/s_7
218,https://imgcdn1.gempundit.com/media/catalog/product/g/p/gp78143-1-220321.jpg?imgeng=/w_960/f_webp/cmpr_20/s_7
219,https://imgcdn1.gempundit.com/media/catalog/product/g/p/gp78143-2-220321.jpg?imgeng=/w_960/f_webp/cmpr_20/s_7
220,https://imgcdn1.gempundit.com/media/catalog/product/g/p/gp78141-1-180321.jpg?imgeng=/w_960/f_webp/cmpr_20/s_7
221,https://imgcdn1.gempundit.com/media/catalog/product/g/p/gp78141-2-180321.jpg?imgeng=/w_960/f_webp/cmpr_20/s_7
222,https://imgcdn1.gempundit.com/media/catalog/product/g/p/gp78141-3-180321.jpg?imgeng=/w_960/f_webp/cmpr_20/s_7
223,https://imgcdn1.gempundit.com/media/catalog/product/g/p/gp78134-1-050321.jpg?imgeng=/w_960/f_webp/cmpr_20/s_7
224,https://imgcdn1.gempundit.com/media/catalog/product/g/p/gp78134-2-050321.jpg?imgeng=/w_960/f_webp/cmpr_20/s_7
225,https://imgcdn1.gempundit.com/media/catalog/product/g/p/gp78134-3-050321.jpg?imgeng=/w_960/f_webp/cmpr_20/s_7
226,https://imgcdn1.gempundit.com/media/catalog/product/g/p/gp78119-1-180321.jpg?imgeng=/w_960/f_webp/cmpr_20/s_7
227,https://imgcdn1.gempundit.com/media/catalog/product/g/p/gp78119-2-180321.jpg?imgeng=/w_960/f_webp/cmpr_20/s_7
228,https://imgcdn1.gempundit.com/media/catalog/product/g/p/gp78122-1-180321.jpg?imgeng=/w_960/f_webp/cmpr_20/s_7
229,https://imgcdn1.gempundit.com/media/catalog/product/g/p/gp78122-2-180321.jpg?imgeng=/w_960/f_webp/cmpr_20/s_7
230,https://imgcdn1.gempundit.com/media/catalog/product/g/p/gp78122-3-180321.jpg?imgeng=/w_960/f_webp/cmpr_20/s_7
231,https://imgcdn1.gempundit.com/media/catalog/product/g/p/gp78120-1-180321.jpg?imgeng=/w_960/f_webp/cmpr_20/s_7
232,https://imgcdn1.gempundit.com/media/catalog/product/g/p/gp78120-2-180321.jpg?imgeng=/w_960/f_webp/cmpr_20/s_7
233,https://imgcdn1.gempundit.com/media/catalog/product/g/p/gp78120-3-180321.jpg?imgeng=/w_960/f_webp/cmpr_20/s_7
234,https://imgcdn1.gempundit.com/media/catalog/product/g/p/gp78123-1-180321.jpg?imgeng=/w_960/f_webp/cmpr_20/s_7
235,https://imgcdn1.gempundit.com/media/catalog/product/g/p/gp78123-2-180321.jpg?imgeng=/w_960/f_webp/cmpr_20/s_7
