,Tanzania Ruby
0,https://imgcdn1.gempundit.com/media/catalog/product/g/p/gp96749-1-150922.jpg?imgeng=/w_960/f_webp/cmpr_20/s_7
1,https://imgcdn1.gempundit.com/media/catalog/product/g/p/gp96749-grs-150922.jpg?imgeng=/w_960/f_webp/cmpr_20/s_7
2,https://imgcdn1.gempundit.com/media/catalog/product/g/p1/gp47440-1-130521.jpg?imgeng=/w_960/f_webp/cmpr_20/s_7
3,https://imgcdn1.gempundit.com/media/catalog/product/g/p1/gp47440-hand-130521.jpg?imgeng=/w_960/f_webp/cmpr_20/s_7
4,https://imgcdn1.gempundit.com/media/catalog/product/g/p1/gp47440-2-130521.jpg?imgeng=/w_960/f_webp/cmpr_20/s_7
5,https://imgcdn1.gempundit.com/media/catalog/product/g/p1/gp47440-3-130521.jpg?imgeng=/w_960/f_webp/cmpr_20/s_7
