,Vivid Green Emerald
0,https://imgcdn1.gempundit.com/media/catalog/product/g/p/gp62266-1-031220.jpg?imgeng=/w_960/f_webp/cmpr_20/s_7
1,https://imgcdn1.gempundit.com/media/catalog/product/g/p/gp62266-hand-031220.jpg?imgeng=/w_960/f_webp/cmpr_20/s_7
2,https://imgcdn1.gempundit.com/media/catalog/product/g/p/gp62266-2-270820.jpg?imgeng=/w_960/f_webp/cmpr_20/s_7
3,https://imgcdn1.gempundit.com/media/catalog/product/g/p/gp62266-3-270820.jpg?imgeng=/w_960/f_webp/cmpr_20/s_7
4,https://imgcdn1.gempundit.com/media/catalog/product/g/p/gp62265-1-031220.jpg?imgeng=/w_960/f_webp/cmpr_20/s_7
5,https://imgcdn1.gempundit.com/media/catalog/product/g/p/gp62265-hand-031220.jpg?imgeng=/w_960/f_webp/cmpr_20/s_7
6,https://imgcdn1.gempundit.com/media/catalog/product/g/p/gp62265-2-270820.jpg?imgeng=/w_960/f_webp/cmpr_20/s_7
7,https://imgcdn1.gempundit.com/media/catalog/product/g/p/gp62265-3-270820.jpg?imgeng=/w_960/f_webp/cmpr_20/s_7
8,https://imgcdn1.gempundit.com/media/catalog/product/g/p1/gp55796-1-110521.jpg?imgeng=/w_960/f_webp/cmpr_20/s_7
9,https://imgcdn1.gempundit.com/media/catalog/product/g/p1/gp55796-hand-110521.jpg?imgeng=/w_960/f_webp/cmpr_20/s_7
10,https://imgcdn1.gempundit.com/media/catalog/product/g/p1/gp55796-2-110521.jpg?imgeng=/w_960/f_webp/cmpr_20/s_7
11,https://imgcdn1.gempundit.com/media/catalog/product/g/p1/gp55796-3-110521.jpg?imgeng=/w_960/f_webp/cmpr_20/s_7
12,https://imgcdn1.gempundit.com/media/catalog/product/g/p1/gp55699-1-110521.jpg?imgeng=/w_960/f_webp/cmpr_20/s_7
13,https://imgcdn1.gempundit.com/media/catalog/product/g/p1/gp55699-hand-110521.jpg?imgeng=/w_960/f_webp/cmpr_20/s_7
14,https://imgcdn1.gempundit.com/media/catalog/product/g/p1/gp55699-2-110521.jpg?imgeng=/w_960/f_webp/cmpr_20/s_7
15,https://imgcdn1.gempundit.com/media/catalog/product/g/p1/gp55699-3-110521.jpg?imgeng=/w_960/f_webp/cmpr_20/s_7
16,https://imgcdn1.gempundit.com/media/catalog/product/g/p1/gp36432-1-110521.jpg?imgeng=/w_960/f_webp/cmpr_20/s_7
17,https://imgcdn1.gempundit.com/media/catalog/product/g/p1/gp36432-hand-110521.jpg?imgeng=/w_960/f_webp/cmpr_20/s_7
18,https://imgcdn1.gempundit.com/media/catalog/product/g/p1/gp36432-2-110521.jpg?imgeng=/w_960/f_webp/cmpr_20/s_7
19,https://imgcdn1.gempundit.com/media/catalog/product/g/p1/gp36432-3-110521.jpg?imgeng=/w_960/f_webp/cmpr_20/s_7
20,https://imgcdn1.gempundit.com/media/catalog/product/g/p1/gp55555-1-110521.jpg?imgeng=/w_960/f_webp/cmpr_20/s_7
21,https://imgcdn1.gempundit.com/media/catalog/product/g/p1/gp55555-hand-110521.jpg?imgeng=/w_960/f_webp/cmpr_20/s_7
22,https://imgcdn1.gempundit.com/media/catalog/product/g/p1/gp55555-2-110521.jpg?imgeng=/w_960/f_webp/cmpr_20/s_7
23,https://imgcdn1.gempundit.com/media/catalog/product/g/p1/gp55555-3-110521.jpg?imgeng=/w_960/f_webp/cmpr_20/s_7
24,https://imgcdn1.gempundit.com/media/catalog/product/g/p/gp62604-1-031220.jpg?imgeng=/w_960/f_webp/cmpr_20/s_7
25,https://imgcdn1.gempundit.com/media/catalog/product/g/p/gp62604-2-151020.jpg?imgeng=/w_960/f_webp/cmpr_20/s_7
