,White Topaz
0,https://imgcdn1.gempundit.com/media/catalog/product/1/9/19316-1-190430.jpg?imgeng=/w_960/f_webp/cmpr_20/s_7
1,https://imgcdn1.gempundit.com/media/catalog/product/g/p/gp19316-hand.jpg?imgeng=/w_960/f_webp/cmpr_20/s_7
2,https://imgcdn1.gempundit.com/media/catalog/product/1/9/19316-2-190430.jpg?imgeng=/w_960/f_webp/cmpr_20/s_7
3,https://imgcdn1.gempundit.com/media/catalog/product/1/9/19316-3-190430.jpg?imgeng=/w_960/f_webp/cmpr_20/s_7
4,https://imgcdn1.gempundit.com/media/catalog/product/g/p/gp81072-1-290521.jpg?imgeng=/w_960/f_webp/cmpr_20/s_7
5,https://imgcdn1.gempundit.com/media/catalog/product/g/p/gp81072-hand-290521.jpg?imgeng=/w_960/f_webp/cmpr_20/s_7
6,https://imgcdn1.gempundit.com/media/catalog/product/g/p/gp81072-2-290521.jpg?imgeng=/w_960/f_webp/cmpr_20/s_7
7,https://imgcdn1.gempundit.com/media/catalog/product/g/p/gp81072-3-290521.jpg?imgeng=/w_960/f_webp/cmpr_20/s_7
8,https://imgcdn1.gempundit.com/media/catalog/product/1/9/19317-1-190430.jpg?imgeng=/w_960/f_webp/cmpr_20/s_7
9,https://imgcdn1.gempundit.com/media/catalog/product/g/p/gp19317-hand.jpg?imgeng=/w_960/f_webp/cmpr_20/s_7
10,https://imgcdn1.gempundit.com/media/catalog/product/1/9/19317-2-190430.jpg?imgeng=/w_960/f_webp/cmpr_20/s_7
11,https://imgcdn1.gempundit.com/media/catalog/product/1/9/19317-3-190430.jpg?imgeng=/w_960/f_webp/cmpr_20/s_7
12,https://imgcdn1.gempundit.com/media/catalog/product/1/9/19306-1-190430.jpg?imgeng=/w_960/f_webp/cmpr_20/s_7
13,https://imgcdn1.gempundit.com/media/catalog/product/g/p/gp19306-hand.jpg?imgeng=/w_960/f_webp/cmpr_20/s_7
14,https://imgcdn1.gempundit.com/media/catalog/product/1/9/19306-2-190430.jpg?imgeng=/w_960/f_webp/cmpr_20/s_7
15,https://imgcdn1.gempundit.com/media/catalog/product/1/9/19306-3-190430.jpg?imgeng=/w_960/f_webp/cmpr_20/s_7
16,https://imgcdn1.gempundit.com/media/catalog/product/1/9/19283-1-190430.jpg?imgeng=/w_960/f_webp/cmpr_20/s_7
17,https://imgcdn1.gempundit.com/media/catalog/product/1/9/19283-2-190430.jpg?imgeng=/w_960/f_webp/cmpr_20/s_7
18,https://imgcdn1.gempundit.com/media/catalog/product/1/9/19283-3-190430.jpg?imgeng=/w_960/f_webp/cmpr_20/s_7
19,https://imgcdn1.gempundit.com/media/catalog/product/g/p/gp83456-1-290721.jpg?imgeng=/w_960/f_webp/cmpr_20/s_7
20,https://imgcdn1.gempundit.com/media/catalog/product/g/p/gp83456-hand-290721.jpg?imgeng=/w_960/f_webp/cmpr_20/s_7
21,https://imgcdn1.gempundit.com/media/catalog/product/g/p/gp83456-2-290721.jpg?imgeng=/w_960/f_webp/cmpr_20/s_7
22,https://imgcdn1.gempundit.com/media/catalog/product/g/p/gp83421-1-290721.jpg?imgeng=/w_960/f_webp/cmpr_20/s_7
23,https://imgcdn1.gempundit.com/media/catalog/product/g/p/gp83421-hand-290721.jpg?imgeng=/w_960/f_webp/cmpr_20/s_7
24,https://imgcdn1.gempundit.com/media/catalog/product/g/p/gp83421-2-290721.jpg?imgeng=/w_960/f_webp/cmpr_20/s_7
25,https://imgcdn1.gempundit.com/media/catalog/product/g/p/gp83422-1-290721.jpg?imgeng=/w_960/f_webp/cmpr_20/s_7
26,https://imgcdn1.gempundit.com/media/catalog/product/g/p/gp83422-hand-290721.jpg?imgeng=/w_960/f_webp/cmpr_20/s_7
27,https://imgcdn1.gempundit.com/media/catalog/product/g/p/gp83422-2-290721.jpg?imgeng=/w_960/f_webp/cmpr_20/s_7
28,https://imgcdn1.gempundit.com/media/catalog/product/g/p/gp83457-1-290721.jpg?imgeng=/w_960/f_webp/cmpr_20/s_7
29,https://imgcdn1.gempundit.com/media/catalog/product/g/p/gp83457-hand-290721.jpg?imgeng=/w_960/f_webp/cmpr_20/s_7
30,https://imgcdn1.gempundit.com/media/catalog/product/g/p/gp83457-2-290721.jpg?imgeng=/w_960/f_webp/cmpr_20/s_7
31,https://imgcdn1.gempundit.com/media/catalog/product/g/p/gp83424-1-290721.jpg?imgeng=/w_960/f_webp/cmpr_20/s_7
32,https://imgcdn1.gempundit.com/media/catalog/product/g/p/gp83424-hand-290721.jpg?imgeng=/w_960/f_webp/cmpr_20/s_7
33,https://imgcdn1.gempundit.com/media/catalog/product/g/p/gp83424-2-290721.jpg?imgeng=/w_960/f_webp/cmpr_20/s_7
34,https://imgcdn1.gempundit.com/media/catalog/product/g/p/gp83427-1-290721.jpg?imgeng=/w_960/f_webp/cmpr_20/s_7
35,https://imgcdn1.gempundit.com/media/catalog/product/g/p/gp83427-hand-290721.jpg?imgeng=/w_960/f_webp/cmpr_20/s_7
36,https://imgcdn1.gempundit.com/media/catalog/product/g/p/gp83427-2-290721.jpg?imgeng=/w_960/f_webp/cmpr_20/s_7
37,https://imgcdn1.gempundit.com/media/catalog/product/g/p/gp83471-1-050821.jpg?imgeng=/w_960/f_webp/cmpr_20/s_7
38,https://imgcdn1.gempundit.com/media/catalog/product/g/p/gp83471-2-050821.jpg?imgeng=/w_960/f_webp/cmpr_20/s_7
39,https://imgcdn1.gempundit.com/media/catalog/product/g/p/gp83417-1-290721.jpg?imgeng=/w_960/f_webp/cmpr_20/s_7
40,https://imgcdn1.gempundit.com/media/catalog/product/g/p/gp83417-2-290721.jpg?imgeng=/w_960/f_webp/cmpr_20/s_7
41,https://imgcdn1.gempundit.com/media/catalog/product/g/p/gp83425-1-290721.jpg?imgeng=/w_960/f_webp/cmpr_20/s_7
42,https://imgcdn1.gempundit.com/media/catalog/product/g/p/gp83425-2-290721.jpg?imgeng=/w_960/f_webp/cmpr_20/s_7
43,https://imgcdn1.gempundit.com/media/catalog/product/6/0/60241-1-200810.jpg?imgeng=/w_960/f_webp/cmpr_20/s_7
44,https://imgcdn1.gempundit.com/media/catalog/product/6/0/60241-2-200810.jpg?imgeng=/w_960/f_webp/cmpr_20/s_7
45,https://imgcdn1.gempundit.com/media/catalog/product/6/0/60241-3-200810.jpg?imgeng=/w_960/f_webp/cmpr_20/s_7
46,https://imgcdn1.gempundit.com/media/catalog/product/g/p/gp83453-1-290721.jpg?imgeng=/w_960/f_webp/cmpr_20/s_7
47,https://imgcdn1.gempundit.com/media/catalog/product/g/p/gp83453-2-290721.jpg?imgeng=/w_960/f_webp/cmpr_20/s_7
48,https://imgcdn1.gempundit.com/media/catalog/product/1/9/19261-1-190430.jpg?imgeng=/w_960/f_webp/cmpr_20/s_7
49,https://imgcdn1.gempundit.com/media/catalog/product/1/9/19261-2-190430.jpg?imgeng=/w_960/f_webp/cmpr_20/s_7
50,https://imgcdn1.gempundit.com/media/catalog/product/1/9/19261-3-190430.jpg?imgeng=/w_960/f_webp/cmpr_20/s_7
51,https://imgcdn1.gempundit.com/media/catalog/product/g/p/gp83465-1-290721.jpg?imgeng=/w_960/f_webp/cmpr_20/s_7
52,https://imgcdn1.gempundit.com/media/catalog/product/g/p/gp83465-2-290721.jpg?imgeng=/w_960/f_webp/cmpr_20/s_7
53,https://imgcdn1.gempundit.com/media/catalog/product/g/p/gp83464-1-290721.jpg?imgeng=/w_960/f_webp/cmpr_20/s_7
54,https://imgcdn1.gempundit.com/media/catalog/product/g/p/gp83464-2-290721.jpg?imgeng=/w_960/f_webp/cmpr_20/s_7
55,https://imgcdn1.gempundit.com/media/catalog/product/g/p/gp83459-1-290721.jpg?imgeng=/w_960/f_webp/cmpr_20/s_7
56,https://imgcdn1.gempundit.com/media/catalog/product/g/p/gp83459-2-290721.jpg?imgeng=/w_960/f_webp/cmpr_20/s_7
57,https://imgcdn1.gempundit.com/media/catalog/product/g/p/gp83454-1-290721.jpg?imgeng=/w_960/f_webp/cmpr_20/s_7
58,https://imgcdn1.gempundit.com/media/catalog/product/g/p/gp83454-2-290721.jpg?imgeng=/w_960/f_webp/cmpr_20/s_7
59,https://imgcdn1.gempundit.com/media/catalog/product/g/p/gp46910-1.jpg?imgeng=/w_960/f_webp/cmpr_20/s_7
60,https://imgcdn1.gempundit.com/media/catalog/product/g/p/gp46910-hand_1.jpg?imgeng=/w_960/f_webp/cmpr_20/s_7
61,https://imgcdn1.gempundit.com/media/catalog/product/g/p/gp46910-2.jpg?imgeng=/w_960/f_webp/cmpr_20/s_7
62,https://imgcdn1.gempundit.com/media/catalog/product/g/p/gp46910-3.jpg?imgeng=/w_960/f_webp/cmpr_20/s_7
63,https://imgcdn1.gempundit.com/media/catalog/product/g/p/gp83428-1-290721.jpg?imgeng=/w_960/f_webp/cmpr_20/s_7
64,https://imgcdn1.gempundit.com/media/catalog/product/g/p/gp83428-2-290721.jpg?imgeng=/w_960/f_webp/cmpr_20/s_7
65,https://imgcdn1.gempundit.com/media/catalog/product/6/0/60231-1-200810.jpg?imgeng=/w_960/f_webp/cmpr_20/s_7
66,https://imgcdn1.gempundit.com/media/catalog/product/6/0/60231-2-200810.jpg?imgeng=/w_960/f_webp/cmpr_20/s_7
67,https://imgcdn1.gempundit.com/media/catalog/product/6/0/60231-3-200810.jpg?imgeng=/w_960/f_webp/cmpr_20/s_7
68,https://imgcdn1.gempundit.com/media/catalog/product/4/0/40708-1-190430.jpg?imgeng=/w_960/f_webp/cmpr_20/s_7
69,https://imgcdn1.gempundit.com/media/catalog/product/4/0/40708-JBN-Certified-190430.jpg?imgeng=/w_960/f_webp/cmpr_20/s_7
70,https://imgcdn1.gempundit.com/media/catalog/product/4/0/40708-2-190430.jpg?imgeng=/w_960/f_webp/cmpr_20/s_7
71,https://imgcdn1.gempundit.com/media/catalog/product/4/0/40768-1-190430.jpg?imgeng=/w_960/f_webp/cmpr_20/s_7
72,https://imgcdn1.gempundit.com/media/catalog/product/4/0/40768-JBN-Certified-190430.jpg?imgeng=/w_960/f_webp/cmpr_20/s_7
73,https://imgcdn1.gempundit.com/media/catalog/product/4/0/40768-2-190430.jpg?imgeng=/w_960/f_webp/cmpr_20/s_7
74,https://imgcdn1.gempundit.com/media/catalog/product/4/0/40785-1-190430.jpg?imgeng=/w_960/f_webp/cmpr_20/s_7
75,https://imgcdn1.gempundit.com/media/catalog/product/4/0/40785-JBN-Certified-190430.jpg?imgeng=/w_960/f_webp/cmpr_20/s_7
76,https://imgcdn1.gempundit.com/media/catalog/product/4/0/40785-2-190430.jpg?imgeng=/w_960/f_webp/cmpr_20/s_7
77,https://imgcdn1.gempundit.com/media/catalog/product/g/p/gp83458-1-290721.jpg?imgeng=/w_960/f_webp/cmpr_20/s_7
78,https://imgcdn1.gempundit.com/media/catalog/product/g/p/gp83458-2-290721.jpg?imgeng=/w_960/f_webp/cmpr_20/s_7
79,https://imgcdn1.gempundit.com/media/catalog/product/4/0/40724-1-190430.jpg?imgeng=/w_960/f_webp/cmpr_20/s_7
80,https://imgcdn1.gempundit.com/media/catalog/product/4/0/40724-JBN-Certified-190430.jpg?imgeng=/w_960/f_webp/cmpr_20/s_7
81,https://imgcdn1.gempundit.com/media/catalog/product/4/0/40724-2-190430.jpg?imgeng=/w_960/f_webp/cmpr_20/s_7
82,https://imgcdn1.gempundit.com/media/catalog/product/6/0/60238-1-200810.jpg?imgeng=/w_960/f_webp/cmpr_20/s_7
83,https://imgcdn1.gempundit.com/media/catalog/product/6/0/60238-2-200810.jpg?imgeng=/w_960/f_webp/cmpr_20/s_7
84,https://imgcdn1.gempundit.com/media/catalog/product/6/0/60238-3-200810.jpg?imgeng=/w_960/f_webp/cmpr_20/s_7
85,https://imgcdn1.gempundit.com/media/catalog/product/6/0/60239-1-200810.jpg?imgeng=/w_960/f_webp/cmpr_20/s_7
86,https://imgcdn1.gempundit.com/media/catalog/product/6/0/60239-2-200810.jpg?imgeng=/w_960/f_webp/cmpr_20/s_7
87,https://imgcdn1.gempundit.com/media/catalog/product/6/0/60239-3-200810.jpg?imgeng=/w_960/f_webp/cmpr_20/s_7
88,https://imgcdn1.gempundit.com/media/catalog/product/6/0/60233-1-200810.jpg?imgeng=/w_960/f_webp/cmpr_20/s_7
89,https://imgcdn1.gempundit.com/media/catalog/product/6/0/60233-2-200810.jpg?imgeng=/w_960/f_webp/cmpr_20/s_7
90,https://imgcdn1.gempundit.com/media/catalog/product/6/0/60233-3-200810.jpg?imgeng=/w_960/f_webp/cmpr_20/s_7
91,https://imgcdn1.gempundit.com/media/catalog/product/6/0/60234-1-200810.jpg?imgeng=/w_960/f_webp/cmpr_20/s_7
92,https://imgcdn1.gempundit.com/media/catalog/product/6/0/60234-2-200810.jpg?imgeng=/w_960/f_webp/cmpr_20/s_7
93,https://imgcdn1.gempundit.com/media/catalog/product/6/0/60234-3-200810.jpg?imgeng=/w_960/f_webp/cmpr_20/s_7
94,https://imgcdn1.gempundit.com/media/catalog/product/4/0/40716-1-190430.jpg?imgeng=/w_960/f_webp/cmpr_20/s_7
95,https://imgcdn1.gempundit.com/media/catalog/product/4/0/40716-JBN-Certified-190430.jpg?imgeng=/w_960/f_webp/cmpr_20/s_7
96,https://imgcdn1.gempundit.com/media/catalog/product/4/0/40716-2-190430.jpg?imgeng=/w_960/f_webp/cmpr_20/s_7
97,https://imgcdn1.gempundit.com/media/catalog/product/4/0/40805-1-190430.jpg?imgeng=/w_960/f_webp/cmpr_20/s_7
98,https://imgcdn1.gempundit.com/media/catalog/product/4/0/40805-JBN-Certified-190430.jpg?imgeng=/w_960/f_webp/cmpr_20/s_7
99,https://imgcdn1.gempundit.com/media/catalog/product/4/0/40805-2-190430.jpg?imgeng=/w_960/f_webp/cmpr_20/s_7
100,https://imgcdn1.gempundit.com/media/catalog/product/4/0/40837-1-190430.jpg?imgeng=/w_960/f_webp/cmpr_20/s_7
101,https://imgcdn1.gempundit.com/media/catalog/product/4/0/40837-JBN-Certified-190430.jpg?imgeng=/w_960/f_webp/cmpr_20/s_7
102,https://imgcdn1.gempundit.com/media/catalog/product/4/0/40837-2-190430.jpg?imgeng=/w_960/f_webp/cmpr_20/s_7
103,https://imgcdn1.gempundit.com/media/catalog/product/4/0/40756-1-190430.jpg?imgeng=/w_960/f_webp/cmpr_20/s_7
104,https://imgcdn1.gempundit.com/media/catalog/product/4/0/40756-JBN-Certified-190430.jpg?imgeng=/w_960/f_webp/cmpr_20/s_7
105,https://imgcdn1.gempundit.com/media/catalog/product/4/0/40756-2-190430.jpg?imgeng=/w_960/f_webp/cmpr_20/s_7
106,https://imgcdn1.gempundit.com/media/catalog/product/4/0/40793-1-190430.jpg?imgeng=/w_960/f_webp/cmpr_20/s_7
107,https://imgcdn1.gempundit.com/media/catalog/product/4/0/40793-JBN-Certified-190430.jpg?imgeng=/w_960/f_webp/cmpr_20/s_7
108,https://imgcdn1.gempundit.com/media/catalog/product/4/0/40793-2-190430.jpg?imgeng=/w_960/f_webp/cmpr_20/s_7
109,https://imgcdn1.gempundit.com/media/catalog/product/4/0/40784-1-190430.jpg?imgeng=/w_960/f_webp/cmpr_20/s_7
110,https://imgcdn1.gempundit.com/media/catalog/product/4/0/40784-JBN-Certified-190430.jpg?imgeng=/w_960/f_webp/cmpr_20/s_7
111,https://imgcdn1.gempundit.com/media/catalog/product/4/0/40784-2-190430.jpg?imgeng=/w_960/f_webp/cmpr_20/s_7
112,https://imgcdn1.gempundit.com/media/catalog/product/4/0/40730-1-190430.jpg?imgeng=/w_960/f_webp/cmpr_20/s_7
113,https://imgcdn1.gempundit.com/media/catalog/product/4/0/40730-JBN-Certified-190430.jpg?imgeng=/w_960/f_webp/cmpr_20/s_7
114,https://imgcdn1.gempundit.com/media/catalog/product/4/0/40730-2-190430.jpg?imgeng=/w_960/f_webp/cmpr_20/s_7
115,https://imgcdn1.gempundit.com/media/catalog/product/1/9/19257-1-190430.jpg?imgeng=/w_960/f_webp/cmpr_20/s_7
116,https://imgcdn1.gempundit.com/media/catalog/product/1/9/19257-2-190430.jpg?imgeng=/w_960/f_webp/cmpr_20/s_7
117,https://imgcdn1.gempundit.com/media/catalog/product/1/9/19257-3-190430.jpg?imgeng=/w_960/f_webp/cmpr_20/s_7
118,https://imgcdn1.gempundit.com/media/catalog/product/4/0/40831-1-190430.jpg?imgeng=/w_960/f_webp/cmpr_20/s_7
119,https://imgcdn1.gempundit.com/media/catalog/product/4/0/40831-JBN-Certified-190430.jpg?imgeng=/w_960/f_webp/cmpr_20/s_7
120,https://imgcdn1.gempundit.com/media/catalog/product/4/0/40831-2-190430.jpg?imgeng=/w_960/f_webp/cmpr_20/s_7
121,https://imgcdn1.gempundit.com/media/catalog/product/4/0/40706-1-190430.jpg?imgeng=/w_960/f_webp/cmpr_20/s_7
122,https://imgcdn1.gempundit.com/media/catalog/product/4/0/40706-JBN-Certified-190430.jpg?imgeng=/w_960/f_webp/cmpr_20/s_7
123,https://imgcdn1.gempundit.com/media/catalog/product/4/0/40706-2-190430.jpg?imgeng=/w_960/f_webp/cmpr_20/s_7
124,https://imgcdn1.gempundit.com/media/catalog/product/4/0/40812-1-190430.jpg?imgeng=/w_960/f_webp/cmpr_20/s_7
125,https://imgcdn1.gempundit.com/media/catalog/product/4/0/40812-JBN-Certified-190430.jpg?imgeng=/w_960/f_webp/cmpr_20/s_7
126,https://imgcdn1.gempundit.com/media/catalog/product/4/0/40812-2-190430.jpg?imgeng=/w_960/f_webp/cmpr_20/s_7
127,https://imgcdn1.gempundit.com/media/catalog/product/4/0/40712-1-190430.jpg?imgeng=/w_960/f_webp/cmpr_20/s_7
128,https://imgcdn1.gempundit.com/media/catalog/product/4/0/40712-JBN-Certified-190430.jpg?imgeng=/w_960/f_webp/cmpr_20/s_7
129,https://imgcdn1.gempundit.com/media/catalog/product/4/0/40712-2-190430.jpg?imgeng=/w_960/f_webp/cmpr_20/s_7
130,https://imgcdn1.gempundit.com/media/catalog/product/g/p/gp83447-1-290721.jpg?imgeng=/w_960/f_webp/cmpr_20/s_7
131,https://imgcdn1.gempundit.com/media/catalog/product/g/p/gp83447-2-290721.jpg?imgeng=/w_960/f_webp/cmpr_20/s_7
132,https://imgcdn1.gempundit.com/media/catalog/product/4/0/40711-1-190430.jpg?imgeng=/w_960/f_webp/cmpr_20/s_7
133,https://imgcdn1.gempundit.com/media/catalog/product/4/0/40711-JBN-Certified-190430.jpg?imgeng=/w_960/f_webp/cmpr_20/s_7
134,https://imgcdn1.gempundit.com/media/catalog/product/4/0/40711-2-190430.jpg?imgeng=/w_960/f_webp/cmpr_20/s_7
135,https://imgcdn1.gempundit.com/media/catalog/product/4/0/40738-1-190430.jpg?imgeng=/w_960/f_webp/cmpr_20/s_7
136,https://imgcdn1.gempundit.com/media/catalog/product/4/0/40738-2-190430.jpg?imgeng=/w_960/f_webp/cmpr_20/s_7
137,https://imgcdn1.gempundit.com/media/catalog/product/4/0/40736-1-190430.jpg?imgeng=/w_960/f_webp/cmpr_20/s_7
138,https://imgcdn1.gempundit.com/media/catalog/product/4/0/40736-JBN-Certified-190430.jpg?imgeng=/w_960/f_webp/cmpr_20/s_7
139,https://imgcdn1.gempundit.com/media/catalog/product/4/0/40736-2-190430.jpg?imgeng=/w_960/f_webp/cmpr_20/s_7
140,https://imgcdn1.gempundit.com/media/catalog/product/4/0/40745-1-190430.jpg?imgeng=/w_960/f_webp/cmpr_20/s_7
141,https://imgcdn1.gempundit.com/media/catalog/product/4/0/40745-2-190430.jpg?imgeng=/w_960/f_webp/cmpr_20/s_7
142,https://imgcdn1.gempundit.com/media/catalog/product/4/0/40757-1-190430.jpg?imgeng=/w_960/f_webp/cmpr_20/s_7
143,https://imgcdn1.gempundit.com/media/catalog/product/4/0/40757-JBN-Certified-190430.jpg?imgeng=/w_960/f_webp/cmpr_20/s_7
144,https://imgcdn1.gempundit.com/media/catalog/product/4/0/40757-2-190430.jpg?imgeng=/w_960/f_webp/cmpr_20/s_7
145,https://imgcdn1.gempundit.com/media/catalog/product/4/0/40829-1-190430.jpg?imgeng=/w_960/f_webp/cmpr_20/s_7
146,https://imgcdn1.gempundit.com/media/catalog/product/4/0/40829-JBN-Certified-190430.jpg?imgeng=/w_960/f_webp/cmpr_20/s_7
147,https://imgcdn1.gempundit.com/media/catalog/product/4/0/40829-2-190430.jpg?imgeng=/w_960/f_webp/cmpr_20/s_7
148,https://imgcdn1.gempundit.com/media/catalog/product/4/0/40767-1-190430.jpg?imgeng=/w_960/f_webp/cmpr_20/s_7
149,https://imgcdn1.gempundit.com/media/catalog/product/4/0/40767-JBN-Certified-190430.jpg?imgeng=/w_960/f_webp/cmpr_20/s_7
150,https://imgcdn1.gempundit.com/media/catalog/product/4/0/40767-2-190430.jpg?imgeng=/w_960/f_webp/cmpr_20/s_7
151,https://imgcdn1.gempundit.com/media/catalog/product/4/0/40715-1-190430.jpg?imgeng=/w_960/f_webp/cmpr_20/s_7
152,https://imgcdn1.gempundit.com/media/catalog/product/4/0/40715-JBN-Certified-190430.jpg?imgeng=/w_960/f_webp/cmpr_20/s_7
153,https://imgcdn1.gempundit.com/media/catalog/product/4/0/40715-2-190430.jpg?imgeng=/w_960/f_webp/cmpr_20/s_7
154,https://imgcdn1.gempundit.com/media/catalog/product/4/0/40830-1-190430.jpg?imgeng=/w_960/f_webp/cmpr_20/s_7
155,https://imgcdn1.gempundit.com/media/catalog/product/4/0/40830-JBN-Certified-190430.jpg?imgeng=/w_960/f_webp/cmpr_20/s_7
156,https://imgcdn1.gempundit.com/media/catalog/product/4/0/40830-2-190430.jpg?imgeng=/w_960/f_webp/cmpr_20/s_7
157,https://imgcdn1.gempundit.com/media/catalog/product/4/0/40814-1-190430.jpg?imgeng=/w_960/f_webp/cmpr_20/s_7
158,https://imgcdn1.gempundit.com/media/catalog/product/4/0/40814-JBN-Certified-190430.jpg?imgeng=/w_960/f_webp/cmpr_20/s_7
159,https://imgcdn1.gempundit.com/media/catalog/product/4/0/40814-2-190430.jpg?imgeng=/w_960/f_webp/cmpr_20/s_7
160,https://imgcdn1.gempundit.com/media/catalog/product/4/0/40778-1-190430.jpg?imgeng=/w_960/f_webp/cmpr_20/s_7
161,https://imgcdn1.gempundit.com/media/catalog/product/4/0/40778-JBN-Certified-190430.jpg?imgeng=/w_960/f_webp/cmpr_20/s_7
162,https://imgcdn1.gempundit.com/media/catalog/product/4/0/40778-2-190430.jpg?imgeng=/w_960/f_webp/cmpr_20/s_7
163,https://imgcdn1.gempundit.com/media/catalog/product/4/0/40790-1-190430.jpg?imgeng=/w_960/f_webp/cmpr_20/s_7
164,https://imgcdn1.gempundit.com/media/catalog/product/4/0/40790-JBN-Certified-190430.jpg?imgeng=/w_960/f_webp/cmpr_20/s_7
165,https://imgcdn1.gempundit.com/media/catalog/product/4/0/40790-2-190430.jpg?imgeng=/w_960/f_webp/cmpr_20/s_7
166,https://imgcdn1.gempundit.com/media/catalog/product/4/0/40718-1-190430.jpg?imgeng=/w_960/f_webp/cmpr_20/s_7
167,https://imgcdn1.gempundit.com/media/catalog/product/4/0/40718-JBN-Certified-190430.jpg?imgeng=/w_960/f_webp/cmpr_20/s_7
168,https://imgcdn1.gempundit.com/media/catalog/product/4/0/40718-2-190430.jpg?imgeng=/w_960/f_webp/cmpr_20/s_7
169,https://imgcdn1.gempundit.com/media/catalog/product/4/0/40750-1-190430.jpg?imgeng=/w_960/f_webp/cmpr_20/s_7
170,https://imgcdn1.gempundit.com/media/catalog/product/4/0/40750-2-190430.jpg?imgeng=/w_960/f_webp/cmpr_20/s_7
171,https://imgcdn1.gempundit.com/media/catalog/product/4/0/40823-1-190430.jpg?imgeng=/w_960/f_webp/cmpr_20/s_7
172,https://imgcdn1.gempundit.com/media/catalog/product/4/0/40823-JBN-Certified-190430.jpg?imgeng=/w_960/f_webp/cmpr_20/s_7
173,https://imgcdn1.gempundit.com/media/catalog/product/4/0/40823-2-190430.jpg?imgeng=/w_960/f_webp/cmpr_20/s_7
174,https://imgcdn1.gempundit.com/media/catalog/product/4/0/40735-1-190430.jpg?imgeng=/w_960/f_webp/cmpr_20/s_7
175,https://imgcdn1.gempundit.com/media/catalog/product/4/0/40735-JBN-Certified-190430.jpg?imgeng=/w_960/f_webp/cmpr_20/s_7
176,https://imgcdn1.gempundit.com/media/catalog/product/4/0/40735-2-190430.jpg?imgeng=/w_960/f_webp/cmpr_20/s_7
177,https://imgcdn1.gempundit.com/media/catalog/product/4/0/40742-1-190430.jpg?imgeng=/w_960/f_webp/cmpr_20/s_7
178,https://imgcdn1.gempundit.com/media/catalog/product/4/0/40742-JBN-Certified-190430.jpg?imgeng=/w_960/f_webp/cmpr_20/s_7
179,https://imgcdn1.gempundit.com/media/catalog/product/4/0/40742-2-190430.jpg?imgeng=/w_960/f_webp/cmpr_20/s_7
180,https://imgcdn1.gempundit.com/media/catalog/product/4/0/40792-1-190430.jpg?imgeng=/w_960/f_webp/cmpr_20/s_7
181,https://imgcdn1.gempundit.com/media/catalog/product/4/0/40792-JBN-Certified-190430.jpg?imgeng=/w_960/f_webp/cmpr_20/s_7
182,https://imgcdn1.gempundit.com/media/catalog/product/4/0/40792-2-190430.jpg?imgeng=/w_960/f_webp/cmpr_20/s_7
183,https://imgcdn1.gempundit.com/media/catalog/product/4/0/40796-1-190430.jpg?imgeng=/w_960/f_webp/cmpr_20/s_7
184,https://imgcdn1.gempundit.com/media/catalog/product/4/0/40796-JBN-Certified-190430.jpg?imgeng=/w_960/f_webp/cmpr_20/s_7
185,https://imgcdn1.gempundit.com/media/catalog/product/4/0/40796-2-190430.jpg?imgeng=/w_960/f_webp/cmpr_20/s_7
186,https://imgcdn1.gempundit.com/media/catalog/product/4/0/40821-1-190430.jpg?imgeng=/w_960/f_webp/cmpr_20/s_7
187,https://imgcdn1.gempundit.com/media/catalog/product/4/0/40821-JBN-Certified-190430.jpg?imgeng=/w_960/f_webp/cmpr_20/s_7
188,https://imgcdn1.gempundit.com/media/catalog/product/4/0/40821-2-190430.jpg?imgeng=/w_960/f_webp/cmpr_20/s_7
189,https://imgcdn1.gempundit.com/media/catalog/product/4/0/40787-1-190430.jpg?imgeng=/w_960/f_webp/cmpr_20/s_7
190,https://imgcdn1.gempundit.com/media/catalog/product/4/0/40787-JBN-Certified-190430.jpg?imgeng=/w_960/f_webp/cmpr_20/s_7
191,https://imgcdn1.gempundit.com/media/catalog/product/4/0/40787-2-190430.jpg?imgeng=/w_960/f_webp/cmpr_20/s_7
192,https://imgcdn1.gempundit.com/media/catalog/product/g/p/gp40758-1_2.jpg?imgeng=/w_960/f_webp/cmpr_20/s_7
193,https://imgcdn1.gempundit.com/media/catalog/product/g/p/gp40758-2_2.jpg?imgeng=/w_960/f_webp/cmpr_20/s_7
194,https://imgcdn1.gempundit.com/media/catalog/product/4/0/40752-1-190430.jpg?imgeng=/w_960/f_webp/cmpr_20/s_7
195,https://imgcdn1.gempundit.com/media/catalog/product/4/0/40752-JBN-Certified-190430.jpg?imgeng=/w_960/f_webp/cmpr_20/s_7
196,https://imgcdn1.gempundit.com/media/catalog/product/4/0/40752-2-190430.jpg?imgeng=/w_960/f_webp/cmpr_20/s_7
197,https://imgcdn1.gempundit.com/media/catalog/product/g/p/gp83451-1-290721.jpg?imgeng=/w_960/f_webp/cmpr_20/s_7
198,https://imgcdn1.gempundit.com/media/catalog/product/g/p/gp83451-2-290721.jpg?imgeng=/w_960/f_webp/cmpr_20/s_7
199,https://imgcdn1.gempundit.com/media/catalog/product/g/p/gp83419-1-290721.jpg?imgeng=/w_960/f_webp/cmpr_20/s_7
200,https://imgcdn1.gempundit.com/media/catalog/product/g/p/gp83419-2-290721.jpg?imgeng=/w_960/f_webp/cmpr_20/s_7
201,https://imgcdn1.gempundit.com/media/catalog/product/g/p/gp83452-1-290721.jpg?imgeng=/w_960/f_webp/cmpr_20/s_7
202,https://imgcdn1.gempundit.com/media/catalog/product/g/p/gp83452-2-290721.jpg?imgeng=/w_960/f_webp/cmpr_20/s_7
203,https://imgcdn1.gempundit.com/media/catalog/product/4/0/40839-1-190430.jpg?imgeng=/w_960/f_webp/cmpr_20/s_7
204,https://imgcdn1.gempundit.com/media/catalog/product/4/0/40839-2-190430.jpg?imgeng=/w_960/f_webp/cmpr_20/s_7
205,https://imgcdn1.gempundit.com/media/catalog/product/g/p/gp83429-1-290721.jpg?imgeng=/w_960/f_webp/cmpr_20/s_7
206,https://imgcdn1.gempundit.com/media/catalog/product/g/p/gp83429-2-290721.jpg?imgeng=/w_960/f_webp/cmpr_20/s_7
207,https://imgcdn1.gempundit.com/media/catalog/product/g/p/gp83449-1-290721.jpg?imgeng=/w_960/f_webp/cmpr_20/s_7
208,https://imgcdn1.gempundit.com/media/catalog/product/g/p/gp83449-2-290721.jpg?imgeng=/w_960/f_webp/cmpr_20/s_7
209,https://imgcdn1.gempundit.com/media/catalog/product/g/p/gp83446-1-290721.jpg?imgeng=/w_960/f_webp/cmpr_20/s_7
210,https://imgcdn1.gempundit.com/media/catalog/product/g/p/gp83446-2-290721.jpg?imgeng=/w_960/f_webp/cmpr_20/s_7
211,https://imgcdn1.gempundit.com/media/catalog/product/4/0/40762-1-190430.jpg?imgeng=/w_960/f_webp/cmpr_20/s_7
212,https://imgcdn1.gempundit.com/media/catalog/product/4/0/40762-2-190430.jpg?imgeng=/w_960/f_webp/cmpr_20/s_7
213,https://imgcdn1.gempundit.com/media/catalog/product/4/0/40740-1-190430.jpg?imgeng=/w_960/f_webp/cmpr_20/s_7
214,https://imgcdn1.gempundit.com/media/catalog/product/4/0/40740-JBN-Certified-190430.jpg?imgeng=/w_960/f_webp/cmpr_20/s_7
215,https://imgcdn1.gempundit.com/media/catalog/product/4/0/40740-2-190430.jpg?imgeng=/w_960/f_webp/cmpr_20/s_7
216,https://imgcdn1.gempundit.com/media/catalog/product/4/0/40720-1-190430.jpg?imgeng=/w_960/f_webp/cmpr_20/s_7
217,https://imgcdn1.gempundit.com/media/catalog/product/4/0/40720-JBN-Certified-190430.jpg?imgeng=/w_960/f_webp/cmpr_20/s_7
218,https://imgcdn1.gempundit.com/media/catalog/product/4/0/40720-2-190430.jpg?imgeng=/w_960/f_webp/cmpr_20/s_7
219,https://imgcdn1.gempundit.com/media/catalog/product/4/0/40754-1-190430.jpg?imgeng=/w_960/f_webp/cmpr_20/s_7
220,https://imgcdn1.gempundit.com/media/catalog/product/4/0/40754-2-190430.jpg?imgeng=/w_960/f_webp/cmpr_20/s_7
221,https://imgcdn1.gempundit.com/media/catalog/product/4/0/40808-1-190430.jpg?imgeng=/w_960/f_webp/cmpr_20/s_7
222,https://imgcdn1.gempundit.com/media/catalog/product/4/0/40808-JBN-Certified-190430.jpg?imgeng=/w_960/f_webp/cmpr_20/s_7
223,https://imgcdn1.gempundit.com/media/catalog/product/4/0/40808-2-190430.jpg?imgeng=/w_960/f_webp/cmpr_20/s_7
224,https://imgcdn1.gempundit.com/media/catalog/product/4/0/40759-1-190430.jpg?imgeng=/w_960/f_webp/cmpr_20/s_7
225,https://imgcdn1.gempundit.com/media/catalog/product/4/0/40759-2-190430.jpg?imgeng=/w_960/f_webp/cmpr_20/s_7
226,https://imgcdn1.gempundit.com/media/catalog/product/4/0/40734-1-190430.jpg?imgeng=/w_960/f_webp/cmpr_20/s_7
227,https://imgcdn1.gempundit.com/media/catalog/product/4/0/40734-2-190430.jpg?imgeng=/w_960/f_webp/cmpr_20/s_7
228,https://imgcdn1.gempundit.com/media/catalog/product/g/p/gp70231-1-291220.jpg?imgeng=/w_960/f_webp/cmpr_20/s_7
229,https://imgcdn1.gempundit.com/media/catalog/product/g/p/gp70231-2-291220.jpg?imgeng=/w_960/f_webp/cmpr_20/s_7
230,https://imgcdn1.gempundit.com/media/catalog/product/g/p/gp70231-3-291220.jpg?imgeng=/w_960/f_webp/cmpr_20/s_7
231,https://imgcdn1.gempundit.com/media/catalog/product/g/p/gp83463-1-290721.jpg?imgeng=/w_960/f_webp/cmpr_20/s_7
232,https://imgcdn1.gempundit.com/media/catalog/product/g/p/gp83463-2-290721.jpg?imgeng=/w_960/f_webp/cmpr_20/s_7
233,https://imgcdn1.gempundit.com/media/catalog/product/4/0/40709-1-190430.jpg?imgeng=/w_960/f_webp/cmpr_20/s_7
234,https://imgcdn1.gempundit.com/media/catalog/product/4/0/40709-JBN-Certified-190430.jpg?imgeng=/w_960/f_webp/cmpr_20/s_7
235,https://imgcdn1.gempundit.com/media/catalog/product/4/0/40709-2-190430.jpg?imgeng=/w_960/f_webp/cmpr_20/s_7
236,https://imgcdn1.gempundit.com/media/catalog/product/4/0/40764-1-190430.jpg?imgeng=/w_960/f_webp/cmpr_20/s_7
237,https://imgcdn1.gempundit.com/media/catalog/product/4/0/40764-JBN-Certified-190430.jpg?imgeng=/w_960/f_webp/cmpr_20/s_7
238,https://imgcdn1.gempundit.com/media/catalog/product/4/0/40764-2-190430.jpg?imgeng=/w_960/f_webp/cmpr_20/s_7
239,https://imgcdn1.gempundit.com/media/catalog/product/4/0/40789-1-190430.jpg?imgeng=/w_960/f_webp/cmpr_20/s_7
240,https://imgcdn1.gempundit.com/media/catalog/product/4/0/40789-JBN-Certified-190430.jpg?imgeng=/w_960/f_webp/cmpr_20/s_7
241,https://imgcdn1.gempundit.com/media/catalog/product/4/0/40789-2-190430.jpg?imgeng=/w_960/f_webp/cmpr_20/s_7
242,https://imgcdn1.gempundit.com/media/catalog/product/g/p/gp83413-1-290721.jpg?imgeng=/w_960/f_webp/cmpr_20/s_7
243,https://imgcdn1.gempundit.com/media/catalog/product/g/p/gp83413-2-290721.jpg?imgeng=/w_960/f_webp/cmpr_20/s_7
244,https://imgcdn1.gempundit.com/media/catalog/product/g/p/gp70222-1-291220.jpg?imgeng=/w_960/f_webp/cmpr_20/s_7
245,https://imgcdn1.gempundit.com/media/catalog/product/g/p/gp70222-2-291220.jpg?imgeng=/w_960/f_webp/cmpr_20/s_7
246,https://imgcdn1.gempundit.com/media/catalog/product/g/p/gp70222-3-291220.jpg?imgeng=/w_960/f_webp/cmpr_20/s_7
247,https://imgcdn1.gempundit.com/media/catalog/product/g/p/gp83438-1-290721.jpg?imgeng=/w_960/f_webp/cmpr_20/s_7
248,https://imgcdn1.gempundit.com/media/catalog/product/g/p/gp83438-2-290721.jpg?imgeng=/w_960/f_webp/cmpr_20/s_7
249,https://imgcdn1.gempundit.com/media/catalog/product/g/p/gp70223-1-291220.jpg?imgeng=/w_960/f_webp/cmpr_20/s_7
250,https://imgcdn1.gempundit.com/media/catalog/product/g/p/gp70223-2-291220.jpg?imgeng=/w_960/f_webp/cmpr_20/s_7
251,https://imgcdn1.gempundit.com/media/catalog/product/g/p/gp70223-3-291220.jpg?imgeng=/w_960/f_webp/cmpr_20/s_7
252,https://imgcdn1.gempundit.com/media/catalog/product/g/p/gp70212-1-291220.jpg?imgeng=/w_960/f_webp/cmpr_20/s_7
253,https://imgcdn1.gempundit.com/media/catalog/product/g/p/gp70212-2-291220.jpg?imgeng=/w_960/f_webp/cmpr_20/s_7
254,https://imgcdn1.gempundit.com/media/catalog/product/g/p/gp70212-3-291220.jpg?imgeng=/w_960/f_webp/cmpr_20/s_7
255,https://imgcdn1.gempundit.com/media/catalog/product/g/p/gp70220-1-291220.jpg?imgeng=/w_960/f_webp/cmpr_20/s_7
256,https://imgcdn1.gempundit.com/media/catalog/product/g/p/gp70220-2-291220.jpg?imgeng=/w_960/f_webp/cmpr_20/s_7
257,https://imgcdn1.gempundit.com/media/catalog/product/g/p/gp70220-3-291220.jpg?imgeng=/w_960/f_webp/cmpr_20/s_7
258,https://imgcdn1.gempundit.com/media/catalog/product/4/0/40809-1-190430.jpg?imgeng=/w_960/f_webp/cmpr_20/s_7
259,https://imgcdn1.gempundit.com/media/catalog/product/4/0/40809-JBN-Certified-190430.jpg?imgeng=/w_960/f_webp/cmpr_20/s_7
260,https://imgcdn1.gempundit.com/media/catalog/product/4/0/40809-2-190430.jpg?imgeng=/w_960/f_webp/cmpr_20/s_7
261,https://imgcdn1.gempundit.com/media/catalog/product/4/0/40832-1-190430.jpg?imgeng=/w_960/f_webp/cmpr_20/s_7
262,https://imgcdn1.gempundit.com/media/catalog/product/4/0/40832-JBN-Certified-190430.jpg?imgeng=/w_960/f_webp/cmpr_20/s_7
263,https://imgcdn1.gempundit.com/media/catalog/product/4/0/40832-2-190430.jpg?imgeng=/w_960/f_webp/cmpr_20/s_7
264,https://imgcdn1.gempundit.com/media/catalog/product/g/p/gp70219-1-291220.jpg?imgeng=/w_960/f_webp/cmpr_20/s_7
265,https://imgcdn1.gempundit.com/media/catalog/product/g/p/gp70219-2-291220.jpg?imgeng=/w_960/f_webp/cmpr_20/s_7
266,https://imgcdn1.gempundit.com/media/catalog/product/g/p/gp70219-3-291220.jpg?imgeng=/w_960/f_webp/cmpr_20/s_7
267,https://imgcdn1.gempundit.com/media/catalog/product/4/0/40773-1-190430.jpg?imgeng=/w_960/f_webp/cmpr_20/s_7
268,https://imgcdn1.gempundit.com/media/catalog/product/4/0/40773-JBN-Certified-190430.jpg?imgeng=/w_960/f_webp/cmpr_20/s_7
269,https://imgcdn1.gempundit.com/media/catalog/product/4/0/40773-2-190430.jpg?imgeng=/w_960/f_webp/cmpr_20/s_7
270,https://imgcdn1.gempundit.com/media/catalog/product/g/p/gp83431-1-290721.jpg?imgeng=/w_960/f_webp/cmpr_20/s_7
271,https://imgcdn1.gempundit.com/media/catalog/product/g/p/gp83431-2-290721.jpg?imgeng=/w_960/f_webp/cmpr_20/s_7
272,https://imgcdn1.gempundit.com/media/catalog/product/g/p/gp83432-1-290721.jpg?imgeng=/w_960/f_webp/cmpr_20/s_7
273,https://imgcdn1.gempundit.com/media/catalog/product/g/p/gp83432-2-290721.jpg?imgeng=/w_960/f_webp/cmpr_20/s_7
274,https://imgcdn1.gempundit.com/media/catalog/product/g/p/gp83442-1-290721.jpg?imgeng=/w_960/f_webp/cmpr_20/s_7
275,https://imgcdn1.gempundit.com/media/catalog/product/g/p/gp83442-2-290721.jpg?imgeng=/w_960/f_webp/cmpr_20/s_7
276,https://imgcdn1.gempundit.com/media/catalog/product/6/0/60222-1-200810.jpg?imgeng=/w_960/f_webp/cmpr_20/s_7
277,https://imgcdn1.gempundit.com/media/catalog/product/6/0/60222-2-200810.jpg?imgeng=/w_960/f_webp/cmpr_20/s_7
278,https://imgcdn1.gempundit.com/media/catalog/product/6/0/60222-3-200810.jpg?imgeng=/w_960/f_webp/cmpr_20/s_7
279,https://imgcdn1.gempundit.com/media/catalog/product/6/0/60213-1-200810.jpg?imgeng=/w_960/f_webp/cmpr_20/s_7
280,https://imgcdn1.gempundit.com/media/catalog/product/6/0/60213-2-200810.jpg?imgeng=/w_960/f_webp/cmpr_20/s_7
281,https://imgcdn1.gempundit.com/media/catalog/product/6/0/60213-3-200810.jpg?imgeng=/w_960/f_webp/cmpr_20/s_7
282,https://imgcdn1.gempundit.com/media/catalog/product/6/0/60224-1-200810.jpg?imgeng=/w_960/f_webp/cmpr_20/s_7
283,https://imgcdn1.gempundit.com/media/catalog/product/6/0/60224-2-200810.jpg?imgeng=/w_960/f_webp/cmpr_20/s_7
284,https://imgcdn1.gempundit.com/media/catalog/product/6/0/60224-3-200810.jpg?imgeng=/w_960/f_webp/cmpr_20/s_7
285,https://imgcdn1.gempundit.com/media/catalog/product/6/0/60216-1-200810.jpg?imgeng=/w_960/f_webp/cmpr_20/s_7
286,https://imgcdn1.gempundit.com/media/catalog/product/6/0/60216-2-200810.jpg?imgeng=/w_960/f_webp/cmpr_20/s_7
287,https://imgcdn1.gempundit.com/media/catalog/product/6/0/60216-3-200810.jpg?imgeng=/w_960/f_webp/cmpr_20/s_7
288,https://imgcdn1.gempundit.com/media/catalog/product/6/0/60220-1-200810.jpg?imgeng=/w_960/f_webp/cmpr_20/s_7
289,https://imgcdn1.gempundit.com/media/catalog/product/6/0/60220-2-200810.jpg?imgeng=/w_960/f_webp/cmpr_20/s_7
290,https://imgcdn1.gempundit.com/media/catalog/product/6/0/60220-3-200810.jpg?imgeng=/w_960/f_webp/cmpr_20/s_7
291,https://imgcdn1.gempundit.com/media/catalog/product/6/0/60218-1-200810.jpg?imgeng=/w_960/f_webp/cmpr_20/s_7
292,https://imgcdn1.gempundit.com/media/catalog/product/6/0/60218-2-200810.jpg?imgeng=/w_960/f_webp/cmpr_20/s_7
293,https://imgcdn1.gempundit.com/media/catalog/product/6/0/60218-3-200810.jpg?imgeng=/w_960/f_webp/cmpr_20/s_7
294,https://imgcdn1.gempundit.com/media/catalog/product/6/0/60211-1-200810.jpg?imgeng=/w_960/f_webp/cmpr_20/s_7
295,https://imgcdn1.gempundit.com/media/catalog/product/6/0/60211-2-200810.jpg?imgeng=/w_960/f_webp/cmpr_20/s_7
296,https://imgcdn1.gempundit.com/media/catalog/product/6/0/60211-3-200810.jpg?imgeng=/w_960/f_webp/cmpr_20/s_7
297,https://imgcdn1.gempundit.com/media/catalog/product/6/0/60221-1-200810.jpg?imgeng=/w_960/f_webp/cmpr_20/s_7
298,https://imgcdn1.gempundit.com/media/catalog/product/6/0/60221-2-200810.jpg?imgeng=/w_960/f_webp/cmpr_20/s_7
299,https://imgcdn1.gempundit.com/media/catalog/product/6/0/60221-3-200810.jpg?imgeng=/w_960/f_webp/cmpr_20/s_7
300,https://imgcdn1.gempundit.com/media/catalog/product/g/p/gp87600-1-180821.jpg?imgeng=/w_960/f_webp/cmpr_20/s_7
301,https://imgcdn1.gempundit.com/media/catalog/product/g/p/gp87600-2-180821.jpg?imgeng=/w_960/f_webp/cmpr_20/s_7
302,https://imgcdn1.gempundit.com/media/catalog/product/6/0/60210-1-200810.jpg?imgeng=/w_960/f_webp/cmpr_20/s_7
303,https://imgcdn1.gempundit.com/media/catalog/product/6/0/60210-2-200810.jpg?imgeng=/w_960/f_webp/cmpr_20/s_7
304,https://imgcdn1.gempundit.com/media/catalog/product/6/0/60210-3-200810.jpg?imgeng=/w_960/f_webp/cmpr_20/s_7
305,https://imgcdn1.gempundit.com/media/catalog/product/6/0/60207-1-200810.jpg?imgeng=/w_960/f_webp/cmpr_20/s_7
306,https://imgcdn1.gempundit.com/media/catalog/product/6/0/60207-2-200810.jpg?imgeng=/w_960/f_webp/cmpr_20/s_7
307,https://imgcdn1.gempundit.com/media/catalog/product/6/0/60207-3-200810.jpg?imgeng=/w_960/f_webp/cmpr_20/s_7
308,https://imgcdn1.gempundit.com/media/catalog/product/6/0/60212-1-200810.jpg?imgeng=/w_960/f_webp/cmpr_20/s_7
309,https://imgcdn1.gempundit.com/media/catalog/product/6/0/60212-2-200810.jpg?imgeng=/w_960/f_webp/cmpr_20/s_7
310,https://imgcdn1.gempundit.com/media/catalog/product/6/0/60212-3-200810.jpg?imgeng=/w_960/f_webp/cmpr_20/s_7
311,https://imgcdn1.gempundit.com/media/catalog/product/6/0/60214-1-200810.jpg?imgeng=/w_960/f_webp/cmpr_20/s_7
312,https://imgcdn1.gempundit.com/media/catalog/product/6/0/60214-2-200810.jpg?imgeng=/w_960/f_webp/cmpr_20/s_7
313,https://imgcdn1.gempundit.com/media/catalog/product/6/0/60214-3-200810.jpg?imgeng=/w_960/f_webp/cmpr_20/s_7
314,https://imgcdn1.gempundit.com/media/catalog/product/6/0/60225-1-200810.jpg?imgeng=/w_960/f_webp/cmpr_20/s_7
315,https://imgcdn1.gempundit.com/media/catalog/product/6/0/60225-2-200810.jpg?imgeng=/w_960/f_webp/cmpr_20/s_7
316,https://imgcdn1.gempundit.com/media/catalog/product/6/0/60225-3-200810.jpg?imgeng=/w_960/f_webp/cmpr_20/s_7
317,https://imgcdn1.gempundit.com/media/catalog/product/6/0/60223-1-200810.jpg?imgeng=/w_960/f_webp/cmpr_20/s_7
318,https://imgcdn1.gempundit.com/media/catalog/product/6/0/60223-2-200810.jpg?imgeng=/w_960/f_webp/cmpr_20/s_7
319,https://imgcdn1.gempundit.com/media/catalog/product/6/0/60223-3-200810.jpg?imgeng=/w_960/f_webp/cmpr_20/s_7
320,https://imgcdn1.gempundit.com/media/catalog/product/6/0/60215-1-200810.jpg?imgeng=/w_960/f_webp/cmpr_20/s_7
321,https://imgcdn1.gempundit.com/media/catalog/product/6/0/60215-2-200810.jpg?imgeng=/w_960/f_webp/cmpr_20/s_7
322,https://imgcdn1.gempundit.com/media/catalog/product/6/0/60215-3-200810.jpg?imgeng=/w_960/f_webp/cmpr_20/s_7
323,https://imgcdn1.gempundit.com/media/catalog/product/g/p/gp87602-1-180821.jpg?imgeng=/w_960/f_webp/cmpr_20/s_7
324,https://imgcdn1.gempundit.com/media/catalog/product/g/p/gp87602-2-180821.jpg?imgeng=/w_960/f_webp/cmpr_20/s_7
325,https://imgcdn1.gempundit.com/media/catalog/product/g/p/gp87588-1-180821.jpg?imgeng=/w_960/f_webp/cmpr_20/s_7
326,https://imgcdn1.gempundit.com/media/catalog/product/g/p/gp87588-2-180821.jpg?imgeng=/w_960/f_webp/cmpr_20/s_7
327,https://imgcdn1.gempundit.com/media/catalog/product/g/p/gp83412-1-290721.jpg?imgeng=/w_960/f_webp/cmpr_20/s_7
328,https://imgcdn1.gempundit.com/media/catalog/product/g/p/gp83412-2-290721.jpg?imgeng=/w_960/f_webp/cmpr_20/s_7
329,https://imgcdn1.gempundit.com/media/catalog/product/g/p/gp87595-1-180821.jpg?imgeng=/w_960/f_webp/cmpr_20/s_7
330,https://imgcdn1.gempundit.com/media/catalog/product/g/p/gp87595-2-180821.jpg?imgeng=/w_960/f_webp/cmpr_20/s_7
331,https://imgcdn1.gempundit.com/media/catalog/product/g/p/gp87603-1-180821.jpg?imgeng=/w_960/f_webp/cmpr_20/s_7
332,https://imgcdn1.gempundit.com/media/catalog/product/g/p/gp87603-2-180821.jpg?imgeng=/w_960/f_webp/cmpr_20/s_7
333,https://imgcdn1.gempundit.com/media/catalog/product/g/p/gp87585-1-180821.jpg?imgeng=/w_960/f_webp/cmpr_20/s_7
334,https://imgcdn1.gempundit.com/media/catalog/product/g/p/gp87585-2-180821.jpg?imgeng=/w_960/f_webp/cmpr_20/s_7
335,https://imgcdn1.gempundit.com/media/catalog/product/g/p/gp87591-1-180821.jpg?imgeng=/w_960/f_webp/cmpr_20/s_7
336,https://imgcdn1.gempundit.com/media/catalog/product/g/p/gp87591-2-180821.jpg?imgeng=/w_960/f_webp/cmpr_20/s_7
337,https://imgcdn1.gempundit.com/media/catalog/product/g/p/gp87593-1-180821.jpg?imgeng=/w_960/f_webp/cmpr_20/s_7
338,https://imgcdn1.gempundit.com/media/catalog/product/g/p/gp87593-2-180821.jpg?imgeng=/w_960/f_webp/cmpr_20/s_7
339,https://imgcdn1.gempundit.com/media/catalog/product/g/p/gp87583-1-180821.jpg?imgeng=/w_960/f_webp/cmpr_20/s_7
340,https://imgcdn1.gempundit.com/media/catalog/product/g/p/gp87583-2-180821.jpg?imgeng=/w_960/f_webp/cmpr_20/s_7
341,https://imgcdn1.gempundit.com/media/catalog/product/g/p/gp87604-1-180821.jpg?imgeng=/w_960/f_webp/cmpr_20/s_7
342,https://imgcdn1.gempundit.com/media/catalog/product/g/p/gp87604-2-180821.jpg?imgeng=/w_960/f_webp/cmpr_20/s_7
