,Alexandrite
0,https://www.gempundit.com/gemstones/alexandrite/green-alexandrite-super-luxury
1,https://www.gempundit.com/gemstones/alexandrite/alexandrite-luxury-quality
2,https://www.gempundit.com/gemstones/alexandrite/alexandrite-premium-quality
3,https://www.gempundit.com/gemstones/alexandrite/alexandrite-gp96610
4,https://www.gempundit.com/gemstones/alexandrite/alexandrite-gp83633
5,https://www.gempundit.com/gemstones/alexandrite/alexandrite-gp83629
6,https://www.gempundit.com/gemstones/alexandrite/alexandrite-gp96804
7,https://www.gempundit.com/gemstones/alexandrite/alexandrite-gp96803
8,https://www.gempundit.com/gemstones/alexandrite/alexandrite-gp85236
9,https://www.gempundit.com/gemstones/alexandrite/alexandrite-gp96618
10,https://www.gempundit.com/gemstones/alexandrite/alexandrite-gp104192
11,https://www.gempundit.com/gemstones/alexandrite/alexandrite-gp85234
12,https://www.gempundit.com/gemstones/alexandrite/alexandrite-gp85233
13,https://www.gempundit.com/gemstones/alexandrite/alexandrite-gp85237
14,https://www.gempundit.com/gemstones/alexandrite/alexandrite-gp96625
15,https://www.gempundit.com/gemstones/alexandrite/alexandrite-gp96626
16,https://www.gempundit.com/gemstones/alexandrite/alexandrite-gp96627
17,https://www.gempundit.com/gemstones/alexandrite/alexandrite-gp96611
18,https://www.gempundit.com/gemstones/alexandrite/alexandrite-gp62384
19,https://www.gempundit.com/gemstones/alexandrite/alexandrite-gp96613
20,https://www.gempundit.com/gemstones/alexandrite/alexandrite-gp96614
21,https://www.gempundit.com/gemstones/alexandrite/alexandrite-gp85230
22,https://www.gempundit.com/gemstones/alexandrite/alexandrite-gp96615
23,https://www.gempundit.com/gemstones/alexandrite/alexandrite-gp96616
24,https://www.gempundit.com/gemstones/alexandrite/alexandrite-gp96071
25,https://www.gempundit.com/gemstones/alexandrite/alexandrite-gp55944
26,https://www.gempundit.com/gemstones/alexandrite/alexandrite-gp96617
27,https://www.gempundit.com/gemstones/alexandrite/green-alexandrite-super-luxury
28,https://www.gempundit.com/gemstones/alexandrite/alexandrite-luxury-quality
29,https://www.gempundit.com/gemstones/alexandrite/alexandrite-premium-quality
30,https://www.gempundit.com/gemstones/alexandrite/alexandrite-gp96072
31,https://www.gempundit.com/gemstones/alexandrite/alexandrite-gp96842
32,https://www.gempundit.com/gemstones/alexandrite/alexandrite-gp96619
33,https://www.gempundit.com/gemstones/alexandrite/alexandrite-gp95857
34,https://www.gempundit.com/gemstones/alexandrite/alexandrite-gp90948
35,https://www.gempundit.com/gemstones/alexandrite/alexandrite-gp96620
36,https://www.gempundit.com/gemstones/alexandrite/alexandrite-gp62705
37,https://www.gempundit.com/gemstones/alexandrite/alexandrite-gp96621
38,https://www.gempundit.com/gemstones/alexandrite/alexandrite-gp90950
39,https://www.gempundit.com/gemstones/alexandrite/alexandrite-gp96845
40,https://www.gempundit.com/gemstones/alexandrite/alexandrite-gp96365
41,https://www.gempundit.com/gemstones/alexandrite/alexandrite-gp96622
42,https://www.gempundit.com/gemstones/alexandrite/alexandrite-gp96623
43,https://www.gempundit.com/gemstones/alexandrite/alexandrite-gp96363
44,https://www.gempundit.com/gemstones/alexandrite/alexandrite-gp96844
45,https://www.gempundit.com/gemstones/alexandrite/alexandrite-gp79321
46,https://www.gempundit.com/gemstones/alexandrite/alexandrite-gp96732
47,https://www.gempundit.com/gemstones/alexandrite/alexandrite-gp96730
48,https://www.gempundit.com/gemstones/alexandrite/cats-eye-gp103512
49,https://www.gempundit.com/gemstones/alexandrite/cats-eye-gp103513
50,https://www.gempundit.com/gemstones/alexandrite/alexandrite-gp96367
51,https://www.gempundit.com/gemstones/alexandrite/alexandrite-gp47615
52,https://www.gempundit.com/gemstones/alexandrite/alexandrite-gp96289
53,https://www.gempundit.com/gemstones/alexandrite/alexandrite-gp96843
54,https://www.gempundit.com/gemstones/alexandrite/green-alexandrite-super-luxury
55,https://www.gempundit.com/gemstones/alexandrite/alexandrite-luxury-quality
56,https://www.gempundit.com/gemstones/alexandrite/alexandrite-premium-quality
57,https://www.gempundit.com/gemstones/alexandrite/alexandrite-gp96839
58,https://www.gempundit.com/gemstones/alexandrite/alexandrite-gp96287
59,https://www.gempundit.com/gemstones/alexandrite/alexandrite-gp96347
60,https://www.gempundit.com/gemstones/alexandrite/alexandrite-gp47616
61,https://www.gempundit.com/gemstones/alexandrite/alexandrite-gp96283
62,https://www.gempundit.com/gemstones/alexandrite/alexandrite-gp96936
63,https://www.gempundit.com/gemstones/alexandrite/alexandrite-gp47198
64,https://www.gempundit.com/gemstones/alexandrite/alexandrite-gp96288
65,https://www.gempundit.com/gemstones/alexandrite/alexandrite-gp96285
66,https://www.gempundit.com/gemstones/alexandrite/alexandrite-gp96286
67,https://www.gempundit.com/gemstones/alexandrite/alexandrite-gp85542
68,https://www.gempundit.com/gemstones/alexandrite/alexandrite-gp47197
69,https://www.gempundit.com/gemstones/alexandrite/alexandrite-gp47196
70,https://www.gempundit.com/gemstones/alexandrite/alexandrite-gp96366
71,https://www.gempundit.com/gemstones/alexandrite/alexandrite-gp47203
72,https://www.gempundit.com/gemstones/alexandrite/alexandrite-gp47205
73,https://www.gempundit.com/gemstones/alexandrite/alexandrite-gp47199
74,https://www.gempundit.com/gemstones/alexandrite/alexandrite-gp72604
75,https://www.gempundit.com/gemstones/alexandrite/alexandrite-gp36781
76,https://www.gempundit.com/gemstones/alexandrite/alexandrite-gp89751
77,https://www.gempundit.com/gemstones/alexandrite/alexandrite-gp55322
78,https://www.gempundit.com/gemstones/alexandrite/alexandrite-gp96284
79,https://www.gempundit.com/gemstones/alexandrite/alexandrite-gp96364
80,https://www.gempundit.com/gemstones/alexandrite/alexandrite-gp62969
81,https://www.gempundit.com/gemstones/alexandrite/green-alexandrite-super-luxury
82,https://www.gempundit.com/gemstones/alexandrite/alexandrite-luxury-quality
83,https://www.gempundit.com/gemstones/alexandrite/alexandrite-premium-quality
84,https://www.gempundit.com/gemstones/alexandrite/alexandrite-gp31035
85,https://www.gempundit.com/gemstones/alexandrite/alexandrite-gp96947
86,https://www.gempundit.com/gemstones/alexandrite/alexandrite-gp62937
87,https://www.gempundit.com/gemstones/alexandrite/alexandrite-gp36722
88,https://www.gempundit.com/gemstones/alexandrite/alexandrite-gp96909
89,https://www.gempundit.com/gemstones/alexandrite/alexandrite-gp55324
90,https://www.gempundit.com/gemstones/alexandrite/alexandrite-gp72303
91,https://www.gempundit.com/gemstones/alexandrite/alexandrite-gp72302
92,https://www.gempundit.com/gemstones/alexandrite/alexandrite-gp47231
93,https://www.gempundit.com/gemstones/alexandrite/alexandrite-gp36783
94,https://www.gempundit.com/gemstones/alexandrite/alexandrite-gp72301
95,https://www.gempundit.com/gemstones/alexandrite/alexandrite-gp72300
96,https://www.gempundit.com/gemstones/alexandrite/alexandrite-gp72299
97,https://www.gempundit.com/gemstones/alexandrite/alexandrite-gp62935
98,https://www.gempundit.com/gemstones/alexandrite/alexandrite-gp62936
99,https://www.gempundit.com/gemstones/alexandrite/cats-eye-gp96586
