,Amber
0,https://www.gempundit.com/gemstones/amber/amber-gp59263
1,https://www.gempundit.com/gemstones/amber/amber-gp59293
2,https://www.gempundit.com/gemstones/amber/amber-gp59306
3,https://www.gempundit.com/gemstones/amber/amber-gp59271
4,https://www.gempundit.com/gemstones/amber/amber-gp59259
5,https://www.gempundit.com/gemstones/amber/amber-gp59269
6,https://www.gempundit.com/gemstones/amber/amber-gp59292
7,https://www.gempundit.com/gemstones/amber/amber-gp59257
8,https://www.gempundit.com/gemstones/amber/amber-gp59289
9,https://www.gempundit.com/gemstones/amber/amber-gp59256
10,https://www.gempundit.com/gemstones/amber/amber-gp59253
11,https://www.gempundit.com/gemstones/amber/amber-gp59291
12,https://www.gempundit.com/gemstones/amber/amber-gp59287
13,https://www.gempundit.com/gemstones/amber/amber-gp59254
14,https://www.gempundit.com/gemstones/amber/amber-gp59305
15,https://www.gempundit.com/gemstones/amber/amber-gp59252
16,https://www.gempundit.com/gemstones/amber/amber-gp59270
17,https://www.gempundit.com/gemstones/amber/amber-gp59304
18,https://www.gempundit.com/gemstones/amber/amber-gp59267
19,https://www.gempundit.com/gemstones/amber/amber-gp59283
20,https://www.gempundit.com/gemstones/amber/amber-gp59281
21,https://www.gempundit.com/gemstones/amber/amber-gp59249
22,https://www.gempundit.com/gemstones/amber/amber-gp59303
23,https://www.gempundit.com/gemstones/amber/amber-gp59268
24,https://www.gempundit.com/gemstones/amber/amber-gp59250
25,https://www.gempundit.com/gemstones/amber/amber-gp59246
26,https://www.gempundit.com/gemstones/amber/amber-gp59251
27,https://www.gempundit.com/gemstones/amber/amber-gp59280
28,https://www.gempundit.com/gemstones/amber/amber-gp59264
29,https://www.gempundit.com/gemstones/amber/amber-gp59286
30,https://www.gempundit.com/gemstones/amber/amber-gp59285
31,https://www.gempundit.com/gemstones/amber/amber-gp59248
32,https://www.gempundit.com/gemstones/amber/amber-gp59301
33,https://www.gempundit.com/gemstones/amber/amber-gp59302
34,https://www.gempundit.com/gemstones/amber/amber-gp59277
35,https://www.gempundit.com/gemstones/amber/amber-gp59245
36,https://www.gempundit.com/gemstones/amber/amber-gp59265
37,https://www.gempundit.com/gemstones/amber/amber-gp59278
38,https://www.gempundit.com/gemstones/amber/amber-gp59284
39,https://www.gempundit.com/gemstones/amber/amber-gp59266
40,https://www.gempundit.com/gemstones/amber/amber-gp59274
41,https://www.gempundit.com/gemstones/amber/amber-gp59300
42,https://www.gempundit.com/gemstones/amber/amber-gp59244
43,https://www.gempundit.com/gemstones/amber/amber-gp59276
44,https://www.gempundit.com/gemstones/amber/amber-gp59243
45,https://www.gempundit.com/gemstones/amber/amber-gp42561
46,https://www.gempundit.com/gemstones/amber/amber-beads-gp69369
