,Ametrine
0,https://www.gempundit.com/gemstones/ametrine/ametrine-16x12-mm-aaa-quality
1,https://www.gempundit.com/gemstones/ametrine/ametrine-14x12-mm-aaa-quality
2,https://www.gempundit.com/gemstones/ametrine/ametrine-14x10-mm-aaa-quality
3,https://www.gempundit.com/gemstones/ametrine/ametrine-12x10-mm-aaa-quality
4,https://www.gempundit.com/gemstones/ametrine/ametrine-11x9-mm-aaa-quality
5,https://www.gempundit.com/gemstones/ametrine/ametrine-10x8-mm-aaa-quality
6,https://www.gempundit.com/gemstones/ametrine/ametrine-super-luxury-quality
7,https://www.gempundit.com/gemstones/ametrine/aquamarine-gp105756
8,https://www.gempundit.com/gemstones/ametrine/ametrine-gp74859
9,https://www.gempundit.com/gemstones/ametrine/ametrine-gp74817
10,https://www.gempundit.com/gemstones/ametrine/ametrine-gp74799
11,https://www.gempundit.com/gemstones/ametrine/ametrine-gp74800
12,https://www.gempundit.com/gemstones/ametrine/ametrine-gp74882
13,https://www.gempundit.com/gemstones/ametrine/ametrine-gp74887
14,https://www.gempundit.com/gemstones/ametrine/ametrine-gp74802
15,https://www.gempundit.com/gemstones/ametrine/ametrine-gp74790
16,https://www.gempundit.com/gemstones/ametrine/ametrine-gp74793
17,https://www.gempundit.com/gemstones/ametrine/ametrine-gp74863
18,https://www.gempundit.com/gemstones/ametrine/ametrine-gp74805
19,https://www.gempundit.com/gemstones/ametrine/ametrine-gp74801
20,https://www.gempundit.com/gemstones/ametrine/ametrine-gp74804
21,https://www.gempundit.com/gemstones/ametrine/ametrine-gp74796
22,https://www.gempundit.com/gemstones/ametrine/ametrine-gp74786
23,https://www.gempundit.com/gemstones/ametrine/ametrine-gp74842
24,https://www.gempundit.com/gemstones/ametrine/ametrine-gp104248
25,https://www.gempundit.com/gemstones/ametrine/ametrine-gp74788
26,https://www.gempundit.com/gemstones/ametrine/ametrine-gp74816
27,https://www.gempundit.com/gemstones/ametrine/ametrine-gp74812
28,https://www.gempundit.com/gemstones/ametrine/ametrine-gp74797
29,https://www.gempundit.com/gemstones/ametrine/ametrine-gp74843
30,https://www.gempundit.com/gemstones/ametrine/ametrine-gp74792
31,https://www.gempundit.com/gemstones/ametrine/ametrine-16x12-mm-aaa-quality
32,https://www.gempundit.com/gemstones/ametrine/ametrine-14x12-mm-aaa-quality
33,https://www.gempundit.com/gemstones/ametrine/ametrine-14x10-mm-aaa-quality
34,https://www.gempundit.com/gemstones/ametrine/ametrine-12x10-mm-aaa-quality
35,https://www.gempundit.com/gemstones/ametrine/ametrine-11x9-mm-aaa-quality
36,https://www.gempundit.com/gemstones/ametrine/ametrine-10x8-mm-aaa-quality
37,https://www.gempundit.com/gemstones/ametrine/ametrine-super-luxury-quality
38,https://www.gempundit.com/gemstones/ametrine/ametrine-gp74883
39,https://www.gempundit.com/gemstones/ametrine/ametrine-gp74848
40,https://www.gempundit.com/gemstones/ametrine/ametrine-gp74846
41,https://www.gempundit.com/gemstones/ametrine/ametrine-gp65913
42,https://www.gempundit.com/gemstones/ametrine/ametrine-gp103063
43,https://www.gempundit.com/gemstones/ametrine/ametrine-gp103067
44,https://www.gempundit.com/gemstones/ametrine/ametrine-gp103061
45,https://www.gempundit.com/gemstones/ametrine/ametrine-gp65834
46,https://www.gempundit.com/gemstones/ametrine/ametrine-gp65798
47,https://www.gempundit.com/gemstones/ametrine/ametrine-gp74806
48,https://www.gempundit.com/gemstones/ametrine/ametrine-gp65909
49,https://www.gempundit.com/gemstones/ametrine/ametrine-gp65910
50,https://www.gempundit.com/gemstones/ametrine/ametrine-gp65901
51,https://www.gempundit.com/gemstones/ametrine/ametrine-gp65856
52,https://www.gempundit.com/gemstones/ametrine/ametrine-gp103060
53,https://www.gempundit.com/gemstones/ametrine/ametrine-gp65911
54,https://www.gempundit.com/gemstones/ametrine/ametrine-gp103537
55,https://www.gempundit.com/gemstones/ametrine/ametrine-gp65912
56,https://www.gempundit.com/gemstones/ametrine/ametrine-gp65858
57,https://www.gempundit.com/gemstones/ametrine/ametrine-gp65731
58,https://www.gempundit.com/gemstones/ametrine/ametrine-gp65734
59,https://www.gempundit.com/gemstones/ametrine/ametrine-gp65832
60,https://www.gempundit.com/gemstones/ametrine/ametrine-gp65862
61,https://www.gempundit.com/gemstones/ametrine/ametrine-gp65873
62,https://www.gempundit.com/gemstones/ametrine/ametrine-16x12-mm-aaa-quality
63,https://www.gempundit.com/gemstones/ametrine/ametrine-14x12-mm-aaa-quality
64,https://www.gempundit.com/gemstones/ametrine/ametrine-14x10-mm-aaa-quality
65,https://www.gempundit.com/gemstones/ametrine/ametrine-12x10-mm-aaa-quality
66,https://www.gempundit.com/gemstones/ametrine/ametrine-11x9-mm-aaa-quality
67,https://www.gempundit.com/gemstones/ametrine/ametrine-10x8-mm-aaa-quality
68,https://www.gempundit.com/gemstones/ametrine/ametrine-super-luxury-quality
69,https://www.gempundit.com/gemstones/ametrine/ametrine-gp65814
70,https://www.gempundit.com/gemstones/ametrine/ametrine-gp65809
71,https://www.gempundit.com/gemstones/ametrine/ametrine-gp65821
72,https://www.gempundit.com/gemstones/ametrine/ametrine-gp65903
73,https://www.gempundit.com/gemstones/ametrine/ametrine-gp65900
74,https://www.gempundit.com/gemstones/ametrine/ametrine-gp65709
75,https://www.gempundit.com/gemstones/ametrine/ametrine-gp65902
76,https://www.gempundit.com/gemstones/ametrine/ametrine-gp103539
77,https://www.gempundit.com/gemstones/ametrine/ametrine-gp65707
78,https://www.gempundit.com/gemstones/ametrine/ametrine-gp103522
79,https://www.gempundit.com/gemstones/ametrine/ametrine-gp103515
80,https://www.gempundit.com/gemstones/ametrine/ametrine-gp65830
81,https://www.gempundit.com/gemstones/ametrine/ametrine-gp65759
82,https://www.gempundit.com/gemstones/ametrine/ametrine-gp103516
83,https://www.gempundit.com/gemstones/ametrine/ametrine-gp65714
84,https://www.gempundit.com/gemstones/ametrine/ametrine-gp65876
85,https://www.gempundit.com/gemstones/ametrine/ametrine-gp65843
86,https://www.gempundit.com/gemstones/ametrine/ametrine-gp74811
87,https://www.gempundit.com/gemstones/ametrine/ametrine-gp103538
88,https://www.gempundit.com/gemstones/ametrine/ametrine-gp65899
89,https://www.gempundit.com/gemstones/ametrine/ametrine-gp65882
90,https://www.gempundit.com/gemstones/ametrine/ametrine-gp65879
91,https://www.gempundit.com/gemstones/ametrine/ametrine-gp103549
92,https://www.gempundit.com/gemstones/ametrine/ametrine-gp103052
93,https://www.gempundit.com/gemstones/ametrine/ametrine-16x12-mm-aaa-quality
94,https://www.gempundit.com/gemstones/ametrine/ametrine-14x12-mm-aaa-quality
95,https://www.gempundit.com/gemstones/ametrine/ametrine-14x10-mm-aaa-quality
96,https://www.gempundit.com/gemstones/ametrine/ametrine-12x10-mm-aaa-quality
97,https://www.gempundit.com/gemstones/ametrine/ametrine-11x9-mm-aaa-quality
98,https://www.gempundit.com/gemstones/ametrine/ametrine-10x8-mm-aaa-quality
99,https://www.gempundit.com/gemstones/ametrine/ametrine-super-luxury-quality
100,https://www.gempundit.com/gemstones/ametrine/ametrine-gp65871
101,https://www.gempundit.com/gemstones/ametrine/ametrine-gp65790
102,https://www.gempundit.com/gemstones/ametrine/ametrine-gp65797
103,https://www.gempundit.com/gemstones/ametrine/ametrine-gp65787
104,https://www.gempundit.com/gemstones/ametrine/ametrine-gp103543
105,https://www.gempundit.com/gemstones/ametrine/ametrine-gp65770
106,https://www.gempundit.com/gemstones/ametrine/ametrine-gp65789
107,https://www.gempundit.com/gemstones/ametrine/ametrine-gp103039
108,https://www.gempundit.com/gemstones/ametrine/ametrine-gp103528
109,https://www.gempundit.com/gemstones/ametrine/ametrine-gp103058
110,https://www.gempundit.com/gemstones/ametrine/ametrine-gp103527
111,https://www.gempundit.com/gemstones/ametrine/ametrine-gp65769
112,https://www.gempundit.com/gemstones/ametrine/ametrine-gp103519
113,https://www.gempundit.com/gemstones/ametrine/ametrine-gp65924
114,https://www.gempundit.com/gemstones/ametrine/ametrine-gp103059
115,https://www.gempundit.com/gemstones/ametrine/ametrine-gp65733
116,https://www.gempundit.com/gemstones/ametrine/ametrine-gp65742
117,https://www.gempundit.com/gemstones/ametrine/ametrine-gp65870
118,https://www.gempundit.com/gemstones/ametrine/ametrine-gp103535
119,https://www.gempundit.com/gemstones/ametrine/ametrine-gp103525
120,https://www.gempundit.com/gemstones/ametrine/ametrine-gp65880
121,https://www.gempundit.com/gemstones/ametrine/ametrine-gp103044
122,https://www.gempundit.com/gemstones/ametrine/ametrine-gp65888
123,https://www.gempundit.com/gemstones/ametrine/ametrine-gp103040
124,https://www.gempundit.com/gemstones/ametrine/ametrine-16x12-mm-aaa-quality
125,https://www.gempundit.com/gemstones/ametrine/ametrine-14x12-mm-aaa-quality
126,https://www.gempundit.com/gemstones/ametrine/ametrine-14x10-mm-aaa-quality
127,https://www.gempundit.com/gemstones/ametrine/ametrine-12x10-mm-aaa-quality
128,https://www.gempundit.com/gemstones/ametrine/ametrine-11x9-mm-aaa-quality
129,https://www.gempundit.com/gemstones/ametrine/ametrine-10x8-mm-aaa-quality
130,https://www.gempundit.com/gemstones/ametrine/ametrine-super-luxury-quality
131,https://www.gempundit.com/gemstones/ametrine/ametrine-gp103520
132,https://www.gempundit.com/gemstones/ametrine/ametrine-gp103062
133,https://www.gempundit.com/gemstones/ametrine/ametrine-gp103047
134,https://www.gempundit.com/gemstones/ametrine/ametrine-gp103531
135,https://www.gempundit.com/gemstones/ametrine/ametrine-gp103533
136,https://www.gempundit.com/gemstones/ametrine/ametrine-gp103521
137,https://www.gempundit.com/gemstones/ametrine/ametrine-gp103526
138,https://www.gempundit.com/gemstones/ametrine/ametrine-gp103055
139,https://www.gempundit.com/gemstones/ametrine/ametrine-gp103536
140,https://www.gempundit.com/gemstones/ametrine/ametrine-gp65729
141,https://www.gempundit.com/gemstones/ametrine/ametrine-gp103065
142,https://www.gempundit.com/gemstones/ametrine/ametrine-gp103530
143,https://www.gempundit.com/gemstones/ametrine/ametrine-gp103043
144,https://www.gempundit.com/gemstones/ametrine/ametrine-gp65802
145,https://www.gempundit.com/gemstones/ametrine/ametrine-gp103552
146,https://www.gempundit.com/gemstones/ametrine/ametrine-gp65803
147,https://www.gempundit.com/gemstones/ametrine/ametrine-gp103534
148,https://www.gempundit.com/gemstones/ametrine/ametrine-gp65704
149,https://www.gempundit.com/gemstones/ametrine/ametrine-gp65715
150,https://www.gempundit.com/gemstones/ametrine/ametrine-gp103036
151,https://www.gempundit.com/gemstones/ametrine/ametrine-gp103048
152,https://www.gempundit.com/gemstones/ametrine/ametrine-gp103057
153,https://www.gempundit.com/gemstones/ametrine/ametrine-gp65757
154,https://www.gempundit.com/gemstones/ametrine/ametrine-gp65777
155,https://www.gempundit.com/gemstones/ametrine/ametrine-16x12-mm-aaa-quality
156,https://www.gempundit.com/gemstones/ametrine/ametrine-14x12-mm-aaa-quality
157,https://www.gempundit.com/gemstones/ametrine/ametrine-14x10-mm-aaa-quality
158,https://www.gempundit.com/gemstones/ametrine/ametrine-12x10-mm-aaa-quality
159,https://www.gempundit.com/gemstones/ametrine/ametrine-11x9-mm-aaa-quality
160,https://www.gempundit.com/gemstones/ametrine/ametrine-10x8-mm-aaa-quality
161,https://www.gempundit.com/gemstones/ametrine/ametrine-super-luxury-quality
162,https://www.gempundit.com/gemstones/ametrine/ametrine-gp103532
163,https://www.gempundit.com/gemstones/ametrine/ametrine-gp65795
164,https://www.gempundit.com/gemstones/ametrine/ametrine-gp65748
165,https://www.gempundit.com/gemstones/ametrine/ametrine-gp103518
166,https://www.gempundit.com/gemstones/ametrine/ametrine-gp103064
167,https://www.gempundit.com/gemstones/ametrine/ametrine-gp65922
168,https://www.gempundit.com/gemstones/ametrine/ametrine-gp103542
169,https://www.gempundit.com/gemstones/ametrine/ametrine-gp103056
170,https://www.gempundit.com/gemstones/ametrine/ametrine-gp65730
171,https://www.gempundit.com/gemstones/ametrine/ametrine-gp103544
172,https://www.gempundit.com/gemstones/ametrine/ametrine-gp65716
173,https://www.gempundit.com/gemstones/ametrine/ametrine-gp65921
174,https://www.gempundit.com/gemstones/ametrine/ametrine-gp103546
175,https://www.gempundit.com/gemstones/ametrine/ametrine-gp103517
176,https://www.gempundit.com/gemstones/ametrine/ametrine-gp65813
177,https://www.gempundit.com/gemstones/ametrine/ametrine-gp65845
178,https://www.gempundit.com/gemstones/ametrine/ametrine-gp65887
179,https://www.gempundit.com/gemstones/ametrine/ametrine-gp65822
180,https://www.gempundit.com/gemstones/ametrine/ametrine-gp65877
181,https://www.gempundit.com/gemstones/ametrine/ametrine-gp103524
182,https://www.gempundit.com/gemstones/ametrine/ametrine-gp65886
183,https://www.gempundit.com/gemstones/ametrine/ametrine-gp65776
184,https://www.gempundit.com/gemstones/ametrine/ametrine-gp65741
185,https://www.gempundit.com/gemstones/ametrine/ametrine-gp65923
186,https://www.gempundit.com/gemstones/ametrine/ametrine-16x12-mm-aaa-quality
187,https://www.gempundit.com/gemstones/ametrine/ametrine-14x12-mm-aaa-quality
188,https://www.gempundit.com/gemstones/ametrine/ametrine-14x10-mm-aaa-quality
189,https://www.gempundit.com/gemstones/ametrine/ametrine-12x10-mm-aaa-quality
190,https://www.gempundit.com/gemstones/ametrine/ametrine-11x9-mm-aaa-quality
191,https://www.gempundit.com/gemstones/ametrine/ametrine-10x8-mm-aaa-quality
192,https://www.gempundit.com/gemstones/ametrine/ametrine-super-luxury-quality
193,https://www.gempundit.com/gemstones/ametrine/ametrine-gp65840
194,https://www.gempundit.com/gemstones/ametrine/ametrine-gp65811
195,https://www.gempundit.com/gemstones/ametrine/ametrine-gp105750
196,https://www.gempundit.com/gemstones/ametrine/ametrine-gp103045
197,https://www.gempundit.com/gemstones/ametrine/ametrine-gp103042
198,https://www.gempundit.com/gemstones/ametrine/ametrine-gp65728
199,https://www.gempundit.com/gemstones/ametrine/ametrine-gp65735
200,https://www.gempundit.com/gemstones/ametrine/ametrine-gp65864
201,https://www.gempundit.com/gemstones/ametrine/ametrine-gp65792
202,https://www.gempundit.com/gemstones/ametrine/ametrine-gp65867
203,https://www.gempundit.com/gemstones/ametrine/ametrine-gp65837
204,https://www.gempundit.com/gemstones/ametrine/ametrine-gp65774
205,https://www.gempundit.com/gemstones/ametrine/ametrine-gp34531
206,https://www.gempundit.com/gemstones/ametrine/ametrine-gp103054
207,https://www.gempundit.com/gemstones/ametrine/ametrine-gp65767
208,https://www.gempundit.com/gemstones/ametrine/ametrine-gp103046
209,https://www.gempundit.com/gemstones/ametrine/ametrine-gp65878
210,https://www.gempundit.com/gemstones/ametrine/ametrine-gp103053
211,https://www.gempundit.com/gemstones/ametrine/ametrine-gp65765
212,https://www.gempundit.com/gemstones/ametrine/ametrine-gp103541
213,https://www.gempundit.com/gemstones/ametrine/ametrine-gp65737
214,https://www.gempundit.com/gemstones/ametrine/ametrine-gp103066
215,https://www.gempundit.com/gemstones/ametrine/ametrine-gp65906
216,https://www.gempundit.com/gemstones/ametrine/ametrine-gp104247
217,https://www.gempundit.com/gemstones/ametrine/ametrine-16x12-mm-aaa-quality
218,https://www.gempundit.com/gemstones/ametrine/ametrine-14x12-mm-aaa-quality
219,https://www.gempundit.com/gemstones/ametrine/ametrine-14x10-mm-aaa-quality
220,https://www.gempundit.com/gemstones/ametrine/ametrine-12x10-mm-aaa-quality
221,https://www.gempundit.com/gemstones/ametrine/ametrine-11x9-mm-aaa-quality
222,https://www.gempundit.com/gemstones/ametrine/ametrine-10x8-mm-aaa-quality
223,https://www.gempundit.com/gemstones/ametrine/ametrine-super-luxury-quality
224,https://www.gempundit.com/gemstones/ametrine/ametrine-gp65907
225,https://www.gempundit.com/gemstones/ametrine/ametrine-gp65719
226,https://www.gempundit.com/gemstones/ametrine/ametrine-gp65819
227,https://www.gempundit.com/gemstones/ametrine/ametrine-gp65827
228,https://www.gempundit.com/gemstones/ametrine/ametrine-gp65791
229,https://www.gempundit.com/gemstones/ametrine/ametrine-gp65738
230,https://www.gempundit.com/gemstones/ametrine/ametrine-gp65766
231,https://www.gempundit.com/gemstones/ametrine/ametrine-gp65722
232,https://www.gempundit.com/gemstones/ametrine/ametrine-gp65875
233,https://www.gempundit.com/gemstones/ametrine/ametrine-gp65726
234,https://www.gempundit.com/gemstones/ametrine/ametrine-gp65755
235,https://www.gempundit.com/gemstones/ametrine/ametrine-gp65852
236,https://www.gempundit.com/gemstones/ametrine/ametrine-gp65764
237,https://www.gempundit.com/gemstones/ametrine/ametrine-gp103035
238,https://www.gempundit.com/gemstones/ametrine/ametrine-gp65835
239,https://www.gempundit.com/gemstones/ametrine/ametrine-gp65725
240,https://www.gempundit.com/gemstones/ametrine/ametrine-gp65745
241,https://www.gempundit.com/gemstones/ametrine/ametrine-gp65771
242,https://www.gempundit.com/gemstones/ametrine/ametrine-gp65844
243,https://www.gempundit.com/gemstones/ametrine/ametrine-gp65773
244,https://www.gempundit.com/gemstones/ametrine/ametrine-gp65784
245,https://www.gempundit.com/gemstones/ametrine/ametrine-gp65866
246,https://www.gempundit.com/gemstones/ametrine/ametrine-gp65772
247,https://www.gempundit.com/gemstones/ametrine/ametrine-gp65763
248,https://www.gempundit.com/gemstones/ametrine/ametrine-16x12-mm-aaa-quality
249,https://www.gempundit.com/gemstones/ametrine/ametrine-14x12-mm-aaa-quality
250,https://www.gempundit.com/gemstones/ametrine/ametrine-14x10-mm-aaa-quality
251,https://www.gempundit.com/gemstones/ametrine/ametrine-12x10-mm-aaa-quality
252,https://www.gempundit.com/gemstones/ametrine/ametrine-11x9-mm-aaa-quality
253,https://www.gempundit.com/gemstones/ametrine/ametrine-10x8-mm-aaa-quality
254,https://www.gempundit.com/gemstones/ametrine/ametrine-super-luxury-quality
255,https://www.gempundit.com/gemstones/ametrine/ametrine-gp65752
256,https://www.gempundit.com/gemstones/ametrine/ametrine-gp65718
257,https://www.gempundit.com/gemstones/ametrine/ametrine-gp65740
258,https://www.gempundit.com/gemstones/ametrine/ametrine-gp65724
259,https://www.gempundit.com/gemstones/ametrine/ametrine-gp65744
260,https://www.gempundit.com/gemstones/ametrine/ametrine-gp103050
261,https://www.gempundit.com/gemstones/ametrine/ametrine-gp65723
262,https://www.gempundit.com/gemstones/ametrine/ametrine-gp65829
263,https://www.gempundit.com/gemstones/ametrine/ametrine-gp65905
264,https://www.gempundit.com/gemstones/ametrine/ametrine-gp65761
265,https://www.gempundit.com/gemstones/ametrine/ametrine-gp65897
266,https://www.gempundit.com/gemstones/ametrine/ametrine-gp103051
267,https://www.gempundit.com/gemstones/ametrine/ametrine-gp65753
268,https://www.gempundit.com/gemstones/ametrine/ametrine-gp65825
269,https://www.gempundit.com/gemstones/ametrine/ametrine-gp65919
270,https://www.gempundit.com/gemstones/ametrine/ametrine-gp103041
271,https://www.gempundit.com/gemstones/ametrine/ametrine-gp65762
272,https://www.gempundit.com/gemstones/ametrine/ametrine-gp103540
273,https://www.gempundit.com/gemstones/ametrine/ametrine-gp65781
274,https://www.gempundit.com/gemstones/ametrine/ametrine-gp65739
275,https://www.gempundit.com/gemstones/ametrine/ametrine-gp65754
276,https://www.gempundit.com/gemstones/ametrine/ametrine-gp65783
277,https://www.gempundit.com/gemstones/ametrine/ametrine-gp103038
278,https://www.gempundit.com/gemstones/ametrine/ametrine-gp88725
279,https://www.gempundit.com/gemstones/ametrine/ametrine-16x12-mm-aaa-quality
280,https://www.gempundit.com/gemstones/ametrine/ametrine-14x12-mm-aaa-quality
281,https://www.gempundit.com/gemstones/ametrine/ametrine-14x10-mm-aaa-quality
282,https://www.gempundit.com/gemstones/ametrine/ametrine-12x10-mm-aaa-quality
283,https://www.gempundit.com/gemstones/ametrine/ametrine-11x9-mm-aaa-quality
284,https://www.gempundit.com/gemstones/ametrine/ametrine-10x8-mm-aaa-quality
285,https://www.gempundit.com/gemstones/ametrine/ametrine-super-luxury-quality
286,https://www.gempundit.com/gemstones/ametrine/ametrine-gp103554
287,https://www.gempundit.com/gemstones/ametrine/ametrine-gp103037
288,https://www.gempundit.com/gemstones/ametrine/ametrine-gp88722
289,https://www.gempundit.com/gemstones/ametrine/ametrine-gp103545
290,https://www.gempundit.com/gemstones/ametrine/ametrine-gp88719
291,https://www.gempundit.com/gemstones/ametrine/ametrine-gp103553
292,https://www.gempundit.com/gemstones/ametrine/ametrine-gp103529
293,https://www.gempundit.com/gemstones/ametrine/ametrine-gp88723
294,https://www.gempundit.com/gemstones/ametrine/ametrine-gp103523
295,https://www.gempundit.com/gemstones/ametrine/ametrine-gp103551
296,https://www.gempundit.com/gemstones/ametrine/ametrine-gp103547
297,https://www.gempundit.com/gemstones/ametrine/ametrine-gp103555
298,https://www.gempundit.com/gemstones/ametrine/ametrine-gp103548
299,https://www.gempundit.com/gemstones/ametrine/ametrine-gp103550
300,https://www.gempundit.com/gemstones/ametrine/ametrine-gp62907
301,https://www.gempundit.com/gemstones/ametrine/ametrine-gp69936
302,https://www.gempundit.com/gemstones/ametrine/ametrine-gp62903
303,https://www.gempundit.com/gemstones/ametrine/ametrine-gp62902
304,https://www.gempundit.com/gemstones/ametrine/ametrine-gp69934
305,https://www.gempundit.com/gemstones/ametrine/ametrine-gp69937
306,https://www.gempundit.com/gemstones/ametrine/ametrine-gp69938
307,https://www.gempundit.com/gemstones/ametrine/ametrine-gp69935
308,https://www.gempundit.com/gemstones/ametrine/ametrine-gp62905
309,https://www.gempundit.com/gemstones/ametrine/ametrine-gp62908
310,https://www.gempundit.com/gemstones/ametrine/ametrine-16x12-mm-aaa-quality
311,https://www.gempundit.com/gemstones/ametrine/ametrine-14x12-mm-aaa-quality
312,https://www.gempundit.com/gemstones/ametrine/ametrine-14x10-mm-aaa-quality
313,https://www.gempundit.com/gemstones/ametrine/ametrine-12x10-mm-aaa-quality
314,https://www.gempundit.com/gemstones/ametrine/ametrine-11x9-mm-aaa-quality
315,https://www.gempundit.com/gemstones/ametrine/ametrine-10x8-mm-aaa-quality
316,https://www.gempundit.com/gemstones/ametrine/ametrine-super-luxury-quality
317,https://www.gempundit.com/gemstones/ametrine/ametrine-gp62911
