,Amethyst
0,https://www.gempundit.com/gemstones/amethyst/amethyst-luxury-quality-emerald-cut
1,https://www.gempundit.com/gemstones/amethyst/amethyst-any-luxury-quality
2,https://www.gempundit.com/gemstones/amethyst/green-amethyst-gp67418
3,https://www.gempundit.com/gemstones/amethyst/green-amethyst-gp67407
4,https://www.gempundit.com/gemstones/amethyst/amethyst-gp93295
5,https://www.gempundit.com/gemstones/amethyst/amethyst-gp88525b
6,https://www.gempundit.com/gemstones/amethyst/amethyst-gp88513
7,https://www.gempundit.com/gemstones/amethyst/amethyst-gp77077
8,https://www.gempundit.com/gemstones/amethyst/amethyst-gp27894
9,https://www.gempundit.com/gemstones/amethyst/amethyst-gp27849
10,https://www.gempundit.com/gemstones/amethyst/amethyst-gp93294
11,https://www.gempundit.com/gemstones/amethyst/amethyst-gp90022
12,https://www.gempundit.com/gemstones/amethyst/amethyst-gp98902
13,https://www.gempundit.com/gemstones/amethyst/amethyst-gp78485
14,https://www.gempundit.com/gemstones/amethyst/amethyst-gp59098
15,https://www.gempundit.com/gemstones/amethyst/amethyst-gp58987
16,https://www.gempundit.com/gemstones/amethyst/amethyst-gp98901
17,https://www.gempundit.com/gemstones/amethyst/amethyst-gp88533c
18,https://www.gempundit.com/gemstones/amethyst/amethyst-gp59036
19,https://www.gempundit.com/gemstones/amethyst/amethyst-gp59002
20,https://www.gempundit.com/gemstones/amethyst/amethyst-gp93293
21,https://www.gempundit.com/gemstones/amethyst/amethyst-gp58979
22,https://www.gempundit.com/gemstones/amethyst/amethyst-gp98933
23,https://www.gempundit.com/gemstones/amethyst/amethyst-gp90005
24,https://www.gempundit.com/gemstones/amethyst/amethyst-gp78509
25,https://www.gempundit.com/gemstones/amethyst/amethyst-gp98898
26,https://www.gempundit.com/gemstones/amethyst/amethyst-luxury-quality-emerald-cut
27,https://www.gempundit.com/gemstones/amethyst/amethyst-any-luxury-quality
28,https://www.gempundit.com/gemstones/amethyst/amethyst-gp58978
29,https://www.gempundit.com/gemstones/amethyst/amethyst-gp90020
30,https://www.gempundit.com/gemstones/amethyst/amethyst-gp78483
31,https://www.gempundit.com/gemstones/amethyst/amethyst-gp59162
32,https://www.gempundit.com/gemstones/amethyst/amethyst-gp90019
33,https://www.gempundit.com/gemstones/amethyst/amethyst-gp78507
34,https://www.gempundit.com/gemstones/amethyst/amethyst-gp88533b
35,https://www.gempundit.com/gemstones/amethyst/amethyst-gp58988
36,https://www.gempundit.com/gemstones/amethyst/amethyst-gp58955
37,https://www.gempundit.com/gemstones/amethyst/amethyst-gp59041
38,https://www.gempundit.com/gemstones/amethyst/amethyst-gp89997
39,https://www.gempundit.com/gemstones/amethyst/amethyst-gp77086
40,https://www.gempundit.com/gemstones/amethyst/amethyst-gp90002
41,https://www.gempundit.com/gemstones/amethyst/amethyst-gp78517
42,https://www.gempundit.com/gemstones/amethyst/amethyst-gp59027
43,https://www.gempundit.com/gemstones/amethyst/amethyst-gp58961
44,https://www.gempundit.com/gemstones/amethyst/amethyst-gp28126
45,https://www.gempundit.com/gemstones/amethyst/amethyst-gp28076
46,https://www.gempundit.com/gemstones/amethyst/amethyst-gp98919
47,https://www.gempundit.com/gemstones/amethyst/amethyst-gp59109
48,https://www.gempundit.com/gemstones/amethyst/amethyst-gp98934
49,https://www.gempundit.com/gemstones/amethyst/amethyst-gp40704
50,https://www.gempundit.com/gemstones/amethyst/amethyst-gp58950
51,https://www.gempundit.com/gemstones/amethyst/amethyst-gp58945
52,https://www.gempundit.com/gemstones/amethyst/amethyst-luxury-quality-emerald-cut
53,https://www.gempundit.com/gemstones/amethyst/amethyst-any-luxury-quality
54,https://www.gempundit.com/gemstones/amethyst/amethyst-gp54435
55,https://www.gempundit.com/gemstones/amethyst/amethyst-gp78506
56,https://www.gempundit.com/gemstones/amethyst/amethyst-gp78497
57,https://www.gempundit.com/gemstones/amethyst/amethyst-gp78481
58,https://www.gempundit.com/gemstones/amethyst/amethyst-gp78505
59,https://www.gempundit.com/gemstones/amethyst/amethyst-gp59169
60,https://www.gempundit.com/gemstones/amethyst/amethyst-gp58954
61,https://www.gempundit.com/gemstones/amethyst/amethyst-gp78508
62,https://www.gempundit.com/gemstones/amethyst/green-amethyst-gp67370
63,https://www.gempundit.com/gemstones/amethyst/amethyst-gp58942
64,https://www.gempundit.com/gemstones/amethyst/amethyst-gp78498
65,https://www.gempundit.com/gemstones/amethyst/amethyst-gp58946
66,https://www.gempundit.com/gemstones/amethyst/amethyst-gp90017
67,https://www.gempundit.com/gemstones/amethyst/amethyst-gp78479
68,https://www.gempundit.com/gemstones/amethyst/amethyst-gp90003
69,https://www.gempundit.com/gemstones/amethyst/amethyst-gp58990
70,https://www.gempundit.com/gemstones/amethyst/amethyst-gp89996
71,https://www.gempundit.com/gemstones/amethyst/green-amethyst-gp67384
72,https://www.gempundit.com/gemstones/amethyst/amethyst-gp78496
73,https://www.gempundit.com/gemstones/amethyst/amethyst-gp78484
74,https://www.gempundit.com/gemstones/amethyst/amethyst-gp59165
75,https://www.gempundit.com/gemstones/amethyst/amethyst-gp59090
76,https://www.gempundit.com/gemstones/amethyst/amethyst-gp90001
77,https://www.gempundit.com/gemstones/amethyst/amethyst-gp58953
78,https://www.gempundit.com/gemstones/amethyst/amethyst-luxury-quality-emerald-cut
79,https://www.gempundit.com/gemstones/amethyst/amethyst-any-luxury-quality
80,https://www.gempundit.com/gemstones/amethyst/amethyst-gp27835
81,https://www.gempundit.com/gemstones/amethyst/amethyst-gp78499
82,https://www.gempundit.com/gemstones/amethyst/green-amethyst-gp67389
83,https://www.gempundit.com/gemstones/amethyst/amethyst-gp56788
84,https://www.gempundit.com/gemstones/amethyst/amethyst-gp93283
85,https://www.gempundit.com/gemstones/amethyst/green-amethyst-gp67374
86,https://www.gempundit.com/gemstones/amethyst/amethyst-gp59043
87,https://www.gempundit.com/gemstones/amethyst/amethyst-gp59006
88,https://www.gempundit.com/gemstones/amethyst/amethyst-gp58951
89,https://www.gempundit.com/gemstones/amethyst/amethyst-gp100501
90,https://www.gempundit.com/gemstones/amethyst/amethyst-gp98893
91,https://www.gempundit.com/gemstones/amethyst/amethyst-gp93281
92,https://www.gempundit.com/gemstones/amethyst/amethyst-gp59163
93,https://www.gempundit.com/gemstones/amethyst/amethyst-gp58943
94,https://www.gempundit.com/gemstones/amethyst/amethyst-gp56786
95,https://www.gempundit.com/gemstones/amethyst/green-amethyst-gp67373
96,https://www.gempundit.com/gemstones/amethyst/amethyst-gp56787
97,https://www.gempundit.com/gemstones/amethyst/amethyst-gp89975
98,https://www.gempundit.com/gemstones/amethyst/amethyst-gp78487
99,https://www.gempundit.com/gemstones/amethyst/green-amethyst-gp67381
100,https://www.gempundit.com/gemstones/amethyst/green-amethyst-gp67385
101,https://www.gempundit.com/gemstones/amethyst/green-amethyst-gp67380
102,https://www.gempundit.com/gemstones/amethyst/amethyst-gp59087
103,https://www.gempundit.com/gemstones/amethyst/amethyst-gp58949
104,https://www.gempundit.com/gemstones/amethyst/amethyst-luxury-quality-emerald-cut
105,https://www.gempundit.com/gemstones/amethyst/amethyst-any-luxury-quality
106,https://www.gempundit.com/gemstones/amethyst/amethyst-gp78512
107,https://www.gempundit.com/gemstones/amethyst/green-amethyst-gp67382
108,https://www.gempundit.com/gemstones/amethyst/amethyst-gp59171
109,https://www.gempundit.com/gemstones/amethyst/amethyst-gp59032
110,https://www.gempundit.com/gemstones/amethyst/amethyst-gp93292
111,https://www.gempundit.com/gemstones/amethyst/amethyst-gp78482
112,https://www.gempundit.com/gemstones/amethyst/amethyst-gp78513
113,https://www.gempundit.com/gemstones/amethyst/green-amethyst-gp67378
114,https://www.gempundit.com/gemstones/amethyst/amethyst-gp59028
115,https://www.gempundit.com/gemstones/amethyst/green-amethyst-gp67394
116,https://www.gempundit.com/gemstones/amethyst/amethyst-gp59046
117,https://www.gempundit.com/gemstones/amethyst/amethyst-gp58929
118,https://www.gempundit.com/gemstones/amethyst/amethyst-gp33688
119,https://www.gempundit.com/gemstones/amethyst/amethyst-gp23243
120,https://www.gempundit.com/gemstones/amethyst/amethyst-gp98929
121,https://www.gempundit.com/gemstones/amethyst/amethyst-gp88536b
122,https://www.gempundit.com/gemstones/amethyst/amethyst-gp78511
123,https://www.gempundit.com/gemstones/amethyst/amethyst-gp78504
124,https://www.gempundit.com/gemstones/amethyst/amethyst-gp78502
125,https://www.gempundit.com/gemstones/amethyst/amethyst-gp77083
126,https://www.gempundit.com/gemstones/amethyst/amethyst-gp77072
127,https://www.gempundit.com/gemstones/amethyst/amethyst-gp78516
128,https://www.gempundit.com/gemstones/amethyst/amethyst-gp98925
129,https://www.gempundit.com/gemstones/amethyst/amethyst-gp89993
130,https://www.gempundit.com/gemstones/amethyst/amethyst-luxury-quality-emerald-cut
131,https://www.gempundit.com/gemstones/amethyst/amethyst-any-luxury-quality
132,https://www.gempundit.com/gemstones/amethyst/green-amethyst-gp67376
133,https://www.gempundit.com/gemstones/amethyst/amethyst-gp78495
134,https://www.gempundit.com/gemstones/amethyst/amethyst-gp78501
135,https://www.gempundit.com/gemstones/amethyst/amethyst-gp20399
136,https://www.gempundit.com/gemstones/amethyst/amethyst-gp98932
137,https://www.gempundit.com/gemstones/amethyst/green-amethyst-gp67404
138,https://www.gempundit.com/gemstones/amethyst/amethyst-gp59040
139,https://www.gempundit.com/gemstones/amethyst/amethyst-gp98913
140,https://www.gempundit.com/gemstones/amethyst/green-amethyst-gp67388
141,https://www.gempundit.com/gemstones/amethyst/amethyst-gp59051
142,https://www.gempundit.com/gemstones/amethyst/amethyst-gp59033
143,https://www.gempundit.com/gemstones/amethyst/amethyst-gp58927
144,https://www.gempundit.com/gemstones/amethyst/amethyst-gp100450
145,https://www.gempundit.com/gemstones/amethyst/amethyst-gp58935
146,https://www.gempundit.com/gemstones/amethyst/amethyst-gp56794
147,https://www.gempundit.com/gemstones/amethyst/amethyst-gp43345
148,https://www.gempundit.com/gemstones/amethyst/amethyst-gp98892
149,https://www.gempundit.com/gemstones/amethyst/green-amethyst-gp67386
150,https://www.gempundit.com/gemstones/amethyst/amethyst-gp98895
151,https://www.gempundit.com/gemstones/amethyst/amethyst-gp93280
152,https://www.gempundit.com/gemstones/amethyst/green-amethyst-gp67391
153,https://www.gempundit.com/gemstones/amethyst/amethyst-gp100448
154,https://www.gempundit.com/gemstones/amethyst/amethyst-gp58947
155,https://www.gempundit.com/gemstones/amethyst/amethyst-gp58936
156,https://www.gempundit.com/gemstones/amethyst/amethyst-luxury-quality-emerald-cut
157,https://www.gempundit.com/gemstones/amethyst/amethyst-any-luxury-quality
158,https://www.gempundit.com/gemstones/amethyst/amethyst-gp98886
159,https://www.gempundit.com/gemstones/amethyst/amethyst-gp59194
160,https://www.gempundit.com/gemstones/amethyst/amethyst-gp98917
161,https://www.gempundit.com/gemstones/amethyst/amethyst-gp100503
162,https://www.gempundit.com/gemstones/amethyst/amethyst-gp98883
163,https://www.gempundit.com/gemstones/amethyst/amethyst-gp88533a
164,https://www.gempundit.com/gemstones/amethyst/amethyst-gp27829
165,https://www.gempundit.com/gemstones/amethyst/amethyst-gp100447
166,https://www.gempundit.com/gemstones/amethyst/amethyst-gp98684b
167,https://www.gempundit.com/gemstones/amethyst/amethyst-gp89981
168,https://www.gempundit.com/gemstones/amethyst/amethyst-gp58944
169,https://www.gempundit.com/gemstones/amethyst/amethyst-gp89990
170,https://www.gempundit.com/gemstones/amethyst/amethyst-gp43340
171,https://www.gempundit.com/gemstones/amethyst/green-amethyst-gp67399
172,https://www.gempundit.com/gemstones/amethyst/green-amethyst-gp67393
173,https://www.gempundit.com/gemstones/amethyst/amethyst-gp93341
174,https://www.gempundit.com/gemstones/amethyst/amethyst-gp59056
175,https://www.gempundit.com/gemstones/amethyst/amethyst-gp58933
176,https://www.gempundit.com/gemstones/amethyst/amethyst-gp59182
177,https://www.gempundit.com/gemstones/amethyst/amethyst-gp58928
178,https://www.gempundit.com/gemstones/amethyst/amethyst-gp98912
179,https://www.gempundit.com/gemstones/amethyst/amethyst-gp89980
180,https://www.gempundit.com/gemstones/amethyst/amethyst-gp58932
181,https://www.gempundit.com/gemstones/amethyst/amethyst-gp100445
182,https://www.gempundit.com/gemstones/amethyst/amethyst-luxury-quality-emerald-cut
183,https://www.gempundit.com/gemstones/amethyst/amethyst-any-luxury-quality
184,https://www.gempundit.com/gemstones/amethyst/amethyst-gp90007
185,https://www.gempundit.com/gemstones/amethyst/amethyst-gp20402
186,https://www.gempundit.com/gemstones/amethyst/amethyst-gp98937
187,https://www.gempundit.com/gemstones/amethyst/amethyst-gp59031
188,https://www.gempundit.com/gemstones/amethyst/amethyst-gp98928
189,https://www.gempundit.com/gemstones/amethyst/green-amethyst-gp67402
190,https://www.gempundit.com/gemstones/amethyst/amethyst-gp29516
191,https://www.gempundit.com/gemstones/amethyst/amethyst-gp100451
192,https://www.gempundit.com/gemstones/amethyst/amethyst-gp98935
193,https://www.gempundit.com/gemstones/amethyst/amethyst-gp90012
194,https://www.gempundit.com/gemstones/amethyst/amethyst-gp59180
195,https://www.gempundit.com/gemstones/amethyst/amethyst-gp58937
196,https://www.gempundit.com/gemstones/amethyst/amethyst-gp58925
197,https://www.gempundit.com/gemstones/amethyst/amethyst-gp98930
198,https://www.gempundit.com/gemstones/amethyst/amethyst-gp100449
199,https://www.gempundit.com/gemstones/amethyst/amethyst-gp98918
200,https://www.gempundit.com/gemstones/amethyst/amethyst-gp90008
201,https://www.gempundit.com/gemstones/amethyst/green-amethyst-gp67395
202,https://www.gempundit.com/gemstones/amethyst/green-amethyst-gp67379
203,https://www.gempundit.com/gemstones/amethyst/amethyst-gp58934
204,https://www.gempundit.com/gemstones/amethyst/amethyst-gp58930
205,https://www.gempundit.com/gemstones/amethyst/green-amethyst-gp67403
206,https://www.gempundit.com/gemstones/amethyst/amethyst-gp100444
207,https://www.gempundit.com/gemstones/amethyst/green-amethyst-gp67371
208,https://www.gempundit.com/gemstones/amethyst/amethyst-luxury-quality-emerald-cut
209,https://www.gempundit.com/gemstones/amethyst/amethyst-any-luxury-quality
210,https://www.gempundit.com/gemstones/amethyst/amethyst-gp56825
211,https://www.gempundit.com/gemstones/amethyst/amethyst-gp58977
212,https://www.gempundit.com/gemstones/amethyst/amethyst-gp58924
213,https://www.gempundit.com/gemstones/amethyst/amethyst-gp100446
214,https://www.gempundit.com/gemstones/amethyst/amethyst-gp56796
215,https://www.gempundit.com/gemstones/amethyst/amethyst-gp90013
216,https://www.gempundit.com/gemstones/amethyst/amethyst-gp90015
217,https://www.gempundit.com/gemstones/amethyst/amethyst-gp59100
218,https://www.gempundit.com/gemstones/amethyst/amethyst-gp89994
219,https://www.gempundit.com/gemstones/amethyst/amethyst-gp83511
220,https://www.gempundit.com/gemstones/amethyst/amethyst-gp77098
221,https://www.gempundit.com/gemstones/amethyst/amethyst-gp89982
222,https://www.gempundit.com/gemstones/amethyst/amethyst-gp54463
223,https://www.gempundit.com/gemstones/amethyst/amethyst-gp29637
224,https://www.gempundit.com/gemstones/amethyst/amethyst-gp58959
225,https://www.gempundit.com/gemstones/amethyst/green-amethyst-gp67367
226,https://www.gempundit.com/gemstones/amethyst/amethyst-gp58939
227,https://www.gempundit.com/gemstones/amethyst/amethyst-gp77074
228,https://www.gempundit.com/gemstones/amethyst/green-amethyst-gp67396
229,https://www.gempundit.com/gemstones/amethyst/amethyst-gp58957
230,https://www.gempundit.com/gemstones/amethyst/amethyst-gp40696
231,https://www.gempundit.com/gemstones/amethyst/amethyst-gp98939
232,https://www.gempundit.com/gemstones/amethyst/amethyst-gp89979
233,https://www.gempundit.com/gemstones/amethyst/green-amethyst-gp67387
234,https://www.gempundit.com/gemstones/amethyst/amethyst-luxury-quality-emerald-cut
235,https://www.gempundit.com/gemstones/amethyst/amethyst-any-luxury-quality
236,https://www.gempundit.com/gemstones/amethyst/amethyst-gp77078
237,https://www.gempundit.com/gemstones/amethyst/amethyst-gp40692
238,https://www.gempundit.com/gemstones/amethyst/amethyst-gp20414
239,https://www.gempundit.com/gemstones/amethyst/amethyst-gp89983
240,https://www.gempundit.com/gemstones/amethyst/amethyst-gp104250
241,https://www.gempundit.com/gemstones/amethyst/amethyst-gp59059
242,https://www.gempundit.com/gemstones/amethyst/green-amethyst-gp74753
243,https://www.gempundit.com/gemstones/amethyst/green-amethyst-gp67400
244,https://www.gempundit.com/gemstones/amethyst/amethyst-gp89984
245,https://www.gempundit.com/gemstones/amethyst/amethyst-gp89974
246,https://www.gempundit.com/gemstones/amethyst/amethyst-gp89977
247,https://www.gempundit.com/gemstones/amethyst/amethyst-gp89976
248,https://www.gempundit.com/gemstones/amethyst/amethyst-gp56797
249,https://www.gempundit.com/gemstones/amethyst/green-amethyst-gp67390
250,https://www.gempundit.com/gemstones/amethyst/green-amethyst-gp67372
251,https://www.gempundit.com/gemstones/amethyst/amethyst-gp89986
252,https://www.gempundit.com/gemstones/amethyst/amethyst-gp83482
253,https://www.gempundit.com/gemstones/amethyst/amethyst-gp27839
254,https://www.gempundit.com/gemstones/amethyst/amethyst-gp83510
255,https://www.gempundit.com/gemstones/amethyst/amethyst-gp40701
256,https://www.gempundit.com/gemstones/amethyst/amethyst-gp40697
257,https://www.gempundit.com/gemstones/amethyst/amethyst-gp89989
258,https://www.gempundit.com/gemstones/amethyst/amethyst-gp40700
259,https://www.gempundit.com/gemstones/amethyst/green-amethyst-gp67398
260,https://www.gempundit.com/gemstones/amethyst/amethyst-luxury-quality-emerald-cut
261,https://www.gempundit.com/gemstones/amethyst/amethyst-any-luxury-quality
262,https://www.gempundit.com/gemstones/amethyst/green-amethyst-gp67392
263,https://www.gempundit.com/gemstones/amethyst/green-amethyst-gp67377
264,https://www.gempundit.com/gemstones/amethyst/amethyst-gp59084
265,https://www.gempundit.com/gemstones/amethyst/amethyst-gp51885
266,https://www.gempundit.com/gemstones/amethyst/amethyst-gp45364
267,https://www.gempundit.com/gemstones/amethyst/amethyst-gp89988
268,https://www.gempundit.com/gemstones/amethyst/amethyst-gp83513
269,https://www.gempundit.com/gemstones/amethyst/amethyst-gp59114
270,https://www.gempundit.com/gemstones/amethyst/amethyst-gp98683c
271,https://www.gempundit.com/gemstones/amethyst/amethyst-gp104249
272,https://www.gempundit.com/gemstones/amethyst/amethyst-gp28586
273,https://www.gempundit.com/gemstones/amethyst/amethyst-gp51868
274,https://www.gempundit.com/gemstones/amethyst/amethyst-gp41994
275,https://www.gempundit.com/gemstones/amethyst/amethyst-gp41974
276,https://www.gempundit.com/gemstones/amethyst/amethyst-gp100443
277,https://www.gempundit.com/gemstones/amethyst/amethyst-gp89973
278,https://www.gempundit.com/gemstones/amethyst/amethyst-gp89991
279,https://www.gempundit.com/gemstones/amethyst/amethyst-gp83504
280,https://www.gempundit.com/gemstones/amethyst/amethyst-gp77093
281,https://www.gempundit.com/gemstones/amethyst/amethyst-gp93310
282,https://www.gempundit.com/gemstones/amethyst/amethyst-gp40689
283,https://www.gempundit.com/gemstones/amethyst/amethyst-gp59167
284,https://www.gempundit.com/gemstones/amethyst/amethyst-gp59052
285,https://www.gempundit.com/gemstones/amethyst/amethyst-gp59157
286,https://www.gempundit.com/gemstones/amethyst/amethyst-luxury-quality-emerald-cut
287,https://www.gempundit.com/gemstones/amethyst/amethyst-any-luxury-quality
288,https://www.gempundit.com/gemstones/amethyst/amethyst-gp59174
289,https://www.gempundit.com/gemstones/amethyst/amethyst-gp28633
290,https://www.gempundit.com/gemstones/amethyst/amethyst-gp88544
291,https://www.gempundit.com/gemstones/amethyst/amethyst-gp41952
292,https://www.gempundit.com/gemstones/amethyst/amethyst-gp29626
293,https://www.gempundit.com/gemstones/amethyst/amethyst-gp23267
294,https://www.gempundit.com/gemstones/amethyst/amethyst-gp89944
295,https://www.gempundit.com/gemstones/amethyst/amethyst-gp88540a
296,https://www.gempundit.com/gemstones/amethyst/amethyst-gp83502
297,https://www.gempundit.com/gemstones/amethyst/amethyst-gp59012
298,https://www.gempundit.com/gemstones/amethyst/amethyst-gp83506
299,https://www.gempundit.com/gemstones/amethyst/amethyst-gp59097
300,https://www.gempundit.com/gemstones/amethyst/amethyst-gp89941
301,https://www.gempundit.com/gemstones/amethyst/amethyst-gp77087
302,https://www.gempundit.com/gemstones/amethyst/amethyst-gp40699
303,https://www.gempundit.com/gemstones/amethyst/amethyst-gp80112
304,https://www.gempundit.com/gemstones/amethyst/amethyst-gp59062
305,https://www.gempundit.com/gemstones/amethyst/amethyst-gp80106
306,https://www.gempundit.com/gemstones/amethyst/amethyst-gp77085
307,https://www.gempundit.com/gemstones/amethyst/amethyst-gp59191
308,https://www.gempundit.com/gemstones/amethyst/amethyst-gp80154
309,https://www.gempundit.com/gemstones/amethyst/green-amethyst-gp67321
310,https://www.gempundit.com/gemstones/amethyst/amethyst-gp41942
311,https://www.gempundit.com/gemstones/amethyst/amethyst-gp98927
312,https://www.gempundit.com/gemstones/amethyst/amethyst-luxury-quality-emerald-cut
313,https://www.gempundit.com/gemstones/amethyst/amethyst-any-luxury-quality
314,https://www.gempundit.com/gemstones/amethyst/amethyst-gp88540b
315,https://www.gempundit.com/gemstones/amethyst/amethyst-gp80113
316,https://www.gempundit.com/gemstones/amethyst/green-amethyst-gp67361
317,https://www.gempundit.com/gemstones/amethyst/amethyst-gp56832
318,https://www.gempundit.com/gemstones/amethyst/green-amethyst-gp67336
319,https://www.gempundit.com/gemstones/amethyst/amethyst-gp42008
320,https://www.gempundit.com/gemstones/amethyst/amethyst-gp100404
321,https://www.gempundit.com/gemstones/amethyst/amethyst-gp89942
322,https://www.gempundit.com/gemstones/amethyst/amethyst-gp59079
323,https://www.gempundit.com/gemstones/amethyst/amethyst-gp42018
324,https://www.gempundit.com/gemstones/amethyst/amethyst-gp100400
325,https://www.gempundit.com/gemstones/amethyst/amethyst-gp41996
326,https://www.gempundit.com/gemstones/amethyst/amethyst-gp98914
327,https://www.gempundit.com/gemstones/amethyst/amethyst-gp58916
328,https://www.gempundit.com/gemstones/amethyst/amethyst-gp98916
329,https://www.gempundit.com/gemstones/amethyst/amethyst-gp80116
330,https://www.gempundit.com/gemstones/amethyst/amethyst-gp98936
331,https://www.gempundit.com/gemstones/amethyst/amethyst-gp98908
332,https://www.gempundit.com/gemstones/amethyst/amethyst-gp43366
333,https://www.gempundit.com/gemstones/amethyst/amethyst-gp98885
334,https://www.gempundit.com/gemstones/amethyst/amethyst-gp89945
335,https://www.gempundit.com/gemstones/amethyst/amethyst-gp28659
336,https://www.gempundit.com/gemstones/amethyst/amethyst-gp100506
337,https://www.gempundit.com/gemstones/amethyst/amethyst-gp100406
338,https://www.gempundit.com/gemstones/amethyst/amethyst-luxury-quality-emerald-cut
339,https://www.gempundit.com/gemstones/amethyst/amethyst-any-luxury-quality
340,https://www.gempundit.com/gemstones/amethyst/amethyst-gp98891
341,https://www.gempundit.com/gemstones/amethyst/amethyst-gp83486
342,https://www.gempundit.com/gemstones/amethyst/amethyst-gp77101
343,https://www.gempundit.com/gemstones/amethyst/amethyst-gp29657
344,https://www.gempundit.com/gemstones/amethyst/amethyst-gp56802
345,https://www.gempundit.com/gemstones/amethyst/amethyst-gp100405
346,https://www.gempundit.com/gemstones/amethyst/green-amethyst-gp67333
347,https://www.gempundit.com/gemstones/amethyst/amethyst-gp56804
348,https://www.gempundit.com/gemstones/amethyst/amethyst-gp100505
349,https://www.gempundit.com/gemstones/amethyst/green-amethyst-gp67334
350,https://www.gempundit.com/gemstones/amethyst/amethyst-gp59013
351,https://www.gempundit.com/gemstones/amethyst/amethyst-gp59063
352,https://www.gempundit.com/gemstones/amethyst/amethyst-gp89951
353,https://www.gempundit.com/gemstones/amethyst/amethyst-gp56805
354,https://www.gempundit.com/gemstones/amethyst/amethyst-gp59071
355,https://www.gempundit.com/gemstones/amethyst/amethyst-gp56798
356,https://www.gempundit.com/gemstones/amethyst/amethyst-gp59067
357,https://www.gempundit.com/gemstones/amethyst/amethyst-gp98879
358,https://www.gempundit.com/gemstones/amethyst/amethyst-gp89950
359,https://www.gempundit.com/gemstones/amethyst/amethyst-gp100398
360,https://www.gempundit.com/gemstones/amethyst/amethyst-gp59080
361,https://www.gempundit.com/gemstones/amethyst/amethyst-gp98911
362,https://www.gempundit.com/gemstones/amethyst/amethyst-gp98887
363,https://www.gempundit.com/gemstones/amethyst/amethyst-gp88538b
364,https://www.gempundit.com/gemstones/amethyst/amethyst-luxury-quality-emerald-cut
365,https://www.gempundit.com/gemstones/amethyst/amethyst-any-luxury-quality
366,https://www.gempundit.com/gemstones/amethyst/amethyst-gp83487
367,https://www.gempundit.com/gemstones/amethyst/amethyst-gp89946
368,https://www.gempundit.com/gemstones/amethyst/amethyst-gp89939
369,https://www.gempundit.com/gemstones/amethyst/amethyst-gp59066
370,https://www.gempundit.com/gemstones/amethyst/amethyst-gp58911
371,https://www.gempundit.com/gemstones/amethyst/amethyst-gp100403
372,https://www.gempundit.com/gemstones/amethyst/amethyst-gp100401
373,https://www.gempundit.com/gemstones/amethyst/amethyst-gp100399
374,https://www.gempundit.com/gemstones/amethyst/amethyst-gp89949
375,https://www.gempundit.com/gemstones/amethyst/amethyst-gp89948
376,https://www.gempundit.com/gemstones/amethyst/amethyst-gp59078
377,https://www.gempundit.com/gemstones/amethyst/amethyst-gp59064
378,https://www.gempundit.com/gemstones/amethyst/amethyst-gp89947
379,https://www.gempundit.com/gemstones/amethyst/amethyst-gp88445
380,https://www.gempundit.com/gemstones/amethyst/amethyst-gp100395
381,https://www.gempundit.com/gemstones/amethyst/amethyst-gp83483
382,https://www.gempundit.com/gemstones/amethyst/amethyst-gp59082
383,https://www.gempundit.com/gemstones/amethyst/amethyst-gp59073
384,https://www.gempundit.com/gemstones/amethyst/amethyst-gp58910
385,https://www.gempundit.com/gemstones/amethyst/amethyst-gp80105
386,https://www.gempundit.com/gemstones/amethyst/amethyst-gp56831
387,https://www.gempundit.com/gemstones/amethyst/amethyst-gp100394
388,https://www.gempundit.com/gemstones/amethyst/amethyst-gp80125
389,https://www.gempundit.com/gemstones/amethyst/amethyst-gp77097
390,https://www.gempundit.com/gemstones/amethyst/amethyst-luxury-quality-emerald-cut
391,https://www.gempundit.com/gemstones/amethyst/amethyst-any-luxury-quality
392,https://www.gempundit.com/gemstones/amethyst/green-amethyst-gp67360
393,https://www.gempundit.com/gemstones/amethyst/amethyst-gp59093
394,https://www.gempundit.com/gemstones/amethyst/amethyst-gp98881
395,https://www.gempundit.com/gemstones/amethyst/amethyst-gp80127
396,https://www.gempundit.com/gemstones/amethyst/amethyst-gp59181
397,https://www.gempundit.com/gemstones/amethyst/amethyst-gp89953
398,https://www.gempundit.com/gemstones/amethyst/amethyst-gp100504
399,https://www.gempundit.com/gemstones/amethyst/amethyst-gp100396
400,https://www.gempundit.com/gemstones/amethyst/amethyst-gp89940
401,https://www.gempundit.com/gemstones/amethyst/amethyst-gp83494
402,https://www.gempundit.com/gemstones/amethyst/amethyst-gp89954
403,https://www.gempundit.com/gemstones/amethyst/amethyst-gp89937
404,https://www.gempundit.com/gemstones/amethyst/amethyst-gp100402
405,https://www.gempundit.com/gemstones/amethyst/amethyst-gp98921
406,https://www.gempundit.com/gemstones/amethyst/amethyst-gp58915
407,https://www.gempundit.com/gemstones/amethyst/green-amethyst-gp67352
408,https://www.gempundit.com/gemstones/amethyst/amethyst-gp58908
409,https://www.gempundit.com/gemstones/amethyst/amethyst-gp28581
410,https://www.gempundit.com/gemstones/amethyst/amethyst-gp58914
411,https://www.gempundit.com/gemstones/amethyst/amethyst-gp98926
412,https://www.gempundit.com/gemstones/amethyst/amethyst-gp83517
413,https://www.gempundit.com/gemstones/amethyst/amethyst-gp77088
414,https://www.gempundit.com/gemstones/amethyst/amethyst-gp100462
415,https://www.gempundit.com/gemstones/amethyst/green-amethyst-gp67357
416,https://www.gempundit.com/gemstones/amethyst/amethyst-luxury-quality-emerald-cut
417,https://www.gempundit.com/gemstones/amethyst/amethyst-any-luxury-quality
418,https://www.gempundit.com/gemstones/amethyst/green-amethyst-gp74759
419,https://www.gempundit.com/gemstones/amethyst/amethyst-gp58909
420,https://www.gempundit.com/gemstones/amethyst/amethyst-gp98909
421,https://www.gempundit.com/gemstones/amethyst/amethyst-gp89943
422,https://www.gempundit.com/gemstones/amethyst/amethyst-gp89952
423,https://www.gempundit.com/gemstones/amethyst/amethyst-gp69511
424,https://www.gempundit.com/gemstones/amethyst/green-amethyst-gp67343
425,https://www.gempundit.com/gemstones/amethyst/amethyst-gp89938
426,https://www.gempundit.com/gemstones/amethyst/amethyst-gp77070
427,https://www.gempundit.com/gemstones/amethyst/green-amethyst-gp74751
428,https://www.gempundit.com/gemstones/amethyst/amethyst-gp59075
429,https://www.gempundit.com/gemstones/amethyst/amethyst-gp28637
430,https://www.gempundit.com/gemstones/amethyst/amethyst-gp59068
431,https://www.gempundit.com/gemstones/amethyst/amethyst-gp58912
432,https://www.gempundit.com/gemstones/amethyst/amethyst-gp28614
433,https://www.gempundit.com/gemstones/amethyst/amethyst-gp28573
434,https://www.gempundit.com/gemstones/amethyst/amethyst-gp56839
435,https://www.gempundit.com/gemstones/amethyst/amethyst-gp100461
436,https://www.gempundit.com/gemstones/amethyst/amethyst-gp88538a
437,https://www.gempundit.com/gemstones/amethyst/amethyst-gp104241
438,https://www.gempundit.com/gemstones/amethyst/amethyst-gp89963
439,https://www.gempundit.com/gemstones/amethyst/amethyst-gp41984
440,https://www.gempundit.com/gemstones/amethyst/green-amethyst-gp67350
441,https://www.gempundit.com/gemstones/amethyst/amethyst-gp100418
442,https://www.gempundit.com/gemstones/amethyst/amethyst-luxury-quality-emerald-cut
443,https://www.gempundit.com/gemstones/amethyst/amethyst-any-luxury-quality
444,https://www.gempundit.com/gemstones/amethyst/amethyst-gp98681c
445,https://www.gempundit.com/gemstones/amethyst/green-amethyst-gp67347
446,https://www.gempundit.com/gemstones/amethyst/amethyst-gp83480
447,https://www.gempundit.com/gemstones/amethyst/green-amethyst-gp67349
448,https://www.gempundit.com/gemstones/amethyst/amethyst-gp88543
449,https://www.gempundit.com/gemstones/amethyst/green-amethyst-gp67344
450,https://www.gempundit.com/gemstones/amethyst/amethyst-gp28613
451,https://www.gempundit.com/gemstones/amethyst/amethyst-gp83484
452,https://www.gempundit.com/gemstones/amethyst/amethyst-gp28592
453,https://www.gempundit.com/gemstones/amethyst/amethyst-gp100473
454,https://www.gempundit.com/gemstones/amethyst/amethyst-gp100466
455,https://www.gempundit.com/gemstones/amethyst/amethyst-gp98905
456,https://www.gempundit.com/gemstones/amethyst/amethyst-gp77082
457,https://www.gempundit.com/gemstones/amethyst/green-amethyst-gp67327
458,https://www.gempundit.com/gemstones/amethyst/amethyst-gp77081
459,https://www.gempundit.com/gemstones/amethyst/green-amethyst-gp67358
460,https://www.gempundit.com/gemstones/amethyst/green-amethyst-gp13224
461,https://www.gempundit.com/gemstones/amethyst/amethyst-gp100419
462,https://www.gempundit.com/gemstones/amethyst/amethyst-gp98682b
463,https://www.gempundit.com/gemstones/amethyst/amethyst-gp45305a
464,https://www.gempundit.com/gemstones/amethyst/green-amethyst-gp67323
465,https://www.gempundit.com/gemstones/amethyst/amethyst-gp28579
466,https://www.gempundit.com/gemstones/amethyst/green-amethyst-gp67341
467,https://www.gempundit.com/gemstones/amethyst/amethyst-gp56838
468,https://www.gempundit.com/gemstones/amethyst/amethyst-luxury-quality-emerald-cut
469,https://www.gempundit.com/gemstones/amethyst/amethyst-any-luxury-quality
470,https://www.gempundit.com/gemstones/amethyst/amethyst-gp100471
471,https://www.gempundit.com/gemstones/amethyst/amethyst-gp100452
472,https://www.gempundit.com/gemstones/amethyst/amethyst-gp56837
473,https://www.gempundit.com/gemstones/amethyst/amethyst-gp69391
474,https://www.gempundit.com/gemstones/amethyst/amethyst-gp28538
475,https://www.gempundit.com/gemstones/amethyst/amethyst-gp28616
476,https://www.gempundit.com/gemstones/amethyst/green-amethyst-gp67318
477,https://www.gempundit.com/gemstones/amethyst/amethyst-gp69388
478,https://www.gempundit.com/gemstones/amethyst/green-amethyst-gp67359
479,https://www.gempundit.com/gemstones/amethyst/green-amethyst-gp67345
480,https://www.gempundit.com/gemstones/amethyst/amethyst-gp59069
481,https://www.gempundit.com/gemstones/amethyst/amethyst-gp58919
482,https://www.gempundit.com/gemstones/amethyst/amethyst-gp89970
483,https://www.gempundit.com/gemstones/amethyst/amethyst-gp100455
484,https://www.gempundit.com/gemstones/amethyst/amethyst-gp69397
485,https://www.gempundit.com/gemstones/amethyst/amethyst-gp43350
486,https://www.gempundit.com/gemstones/amethyst/amethyst-gp100463
487,https://www.gempundit.com/gemstones/amethyst/amethyst-gp100440
488,https://www.gempundit.com/gemstones/amethyst/amethyst-gp28640
489,https://www.gempundit.com/gemstones/amethyst/green-amethyst-gp13225
490,https://www.gempundit.com/gemstones/amethyst/amethyst-gp100464
491,https://www.gempundit.com/gemstones/amethyst/amethyst-gp100438
492,https://www.gempundit.com/gemstones/amethyst/amethyst-gp69393
493,https://www.gempundit.com/gemstones/amethyst/amethyst-gp100422
494,https://www.gempundit.com/gemstones/amethyst/amethyst-luxury-quality-emerald-cut
495,https://www.gempundit.com/gemstones/amethyst/amethyst-any-luxury-quality
496,https://www.gempundit.com/gemstones/amethyst/amethyst-gp69396
497,https://www.gempundit.com/gemstones/amethyst/amethyst-gp100431
498,https://www.gempundit.com/gemstones/amethyst/amethyst-gp89969
499,https://www.gempundit.com/gemstones/amethyst/amethyst-gp69395
500,https://www.gempundit.com/gemstones/amethyst/amethyst-gp100456
501,https://www.gempundit.com/gemstones/amethyst/amethyst-gp100465
502,https://www.gempundit.com/gemstones/amethyst/amethyst-gp100432
503,https://www.gempundit.com/gemstones/amethyst/amethyst-gp100458
504,https://www.gempundit.com/gemstones/amethyst/green-amethyst-gp67340
505,https://www.gempundit.com/gemstones/amethyst/amethyst-gp28656
506,https://www.gempundit.com/gemstones/amethyst/amethyst-gp98889
507,https://www.gempundit.com/gemstones/amethyst/green-amethyst-gp67342
508,https://www.gempundit.com/gemstones/amethyst/amethyst-gp98923
509,https://www.gempundit.com/gemstones/amethyst/amethyst-gp92893
510,https://www.gempundit.com/gemstones/amethyst/amethyst-gp100437
511,https://www.gempundit.com/gemstones/amethyst/amethyst-gp100424
512,https://www.gempundit.com/gemstones/amethyst/amethyst-gp89962
513,https://www.gempundit.com/gemstones/amethyst/amethyst-gp56843
514,https://www.gempundit.com/gemstones/amethyst/amethyst-gp98680b
515,https://www.gempundit.com/gemstones/amethyst/amethyst-gp89971
516,https://www.gempundit.com/gemstones/amethyst/green-amethyst-gp67326
517,https://www.gempundit.com/gemstones/amethyst/amethyst-gp28608
518,https://www.gempundit.com/gemstones/amethyst/amethyst-gp100472
519,https://www.gempundit.com/gemstones/amethyst/amethyst-gp100470
520,https://www.gempundit.com/gemstones/amethyst/amethyst-luxury-quality-emerald-cut
521,https://www.gempundit.com/gemstones/amethyst/amethyst-any-luxury-quality
522,https://www.gempundit.com/gemstones/amethyst/amethyst-gp100453
523,https://www.gempundit.com/gemstones/amethyst/green-amethyst-gp67348
524,https://www.gempundit.com/gemstones/amethyst/amethyst-gp58920
525,https://www.gempundit.com/gemstones/amethyst/amethyst-gp100434
526,https://www.gempundit.com/gemstones/amethyst/amethyst-gp69390
527,https://www.gempundit.com/gemstones/amethyst/amethyst-gp100457
528,https://www.gempundit.com/gemstones/amethyst/amethyst-gp104243
529,https://www.gempundit.com/gemstones/amethyst/amethyst-gp89968
530,https://www.gempundit.com/gemstones/amethyst/amethyst-gp100426
531,https://www.gempundit.com/gemstones/amethyst/amethyst-gp100454
532,https://www.gempundit.com/gemstones/amethyst/amethyst-gp69389
533,https://www.gempundit.com/gemstones/amethyst/amethyst-gp28654
534,https://www.gempundit.com/gemstones/amethyst/amethyst-gp100511
535,https://www.gempundit.com/gemstones/amethyst/amethyst-gp100459
536,https://www.gempundit.com/gemstones/amethyst/amethyst-gp100435
537,https://www.gempundit.com/gemstones/amethyst/amethyst-gp100468
538,https://www.gempundit.com/gemstones/amethyst/amethyst-gp100429
539,https://www.gempundit.com/gemstones/amethyst/amethyst-gp100469
540,https://www.gempundit.com/gemstones/amethyst/amethyst-gp100433
541,https://www.gempundit.com/gemstones/amethyst/amethyst-gp100423
542,https://www.gempundit.com/gemstones/amethyst/amethyst-gp98904
543,https://www.gempundit.com/gemstones/amethyst/amethyst-gp69394
544,https://www.gempundit.com/gemstones/amethyst/green-amethyst-gp67346
545,https://www.gempundit.com/gemstones/amethyst/amethyst-gp100428
546,https://www.gempundit.com/gemstones/amethyst/amethyst-luxury-quality-emerald-cut
547,https://www.gempundit.com/gemstones/amethyst/amethyst-any-luxury-quality
548,https://www.gempundit.com/gemstones/amethyst/amethyst-gp98924
549,https://www.gempundit.com/gemstones/amethyst/amethyst-gp42002
550,https://www.gempundit.com/gemstones/amethyst/amethyst-gp100509
551,https://www.gempundit.com/gemstones/amethyst/amethyst-gp28634
552,https://www.gempundit.com/gemstones/amethyst/amethyst-gp100420
553,https://www.gempundit.com/gemstones/amethyst/green-amethyst-gp67356
554,https://www.gempundit.com/gemstones/amethyst/amethyst-gp28649
555,https://www.gempundit.com/gemstones/amethyst/amethyst-gp28537
556,https://www.gempundit.com/gemstones/amethyst/amethyst-gp98915
557,https://www.gempundit.com/gemstones/amethyst/green-amethyst-gp67330
558,https://www.gempundit.com/gemstones/amethyst/amethyst-gp59096
559,https://www.gempundit.com/gemstones/amethyst/amethyst-gp28622
560,https://www.gempundit.com/gemstones/amethyst/amethyst-gp59183
561,https://www.gempundit.com/gemstones/amethyst/amethyst-gp98903
562,https://www.gempundit.com/gemstones/amethyst/green-amethyst-gp67339
563,https://www.gempundit.com/gemstones/amethyst/green-amethyst-gp67331
564,https://www.gempundit.com/gemstones/amethyst/amethyst-gp33683
565,https://www.gempundit.com/gemstones/amethyst/amethyst-gp104242
566,https://www.gempundit.com/gemstones/amethyst/amethyst-gp58917
567,https://www.gempundit.com/gemstones/amethyst/amethyst-gp100421
568,https://www.gempundit.com/gemstones/amethyst/amethyst-gp69425
569,https://www.gempundit.com/gemstones/amethyst/amethyst-gp28530
570,https://www.gempundit.com/gemstones/amethyst/green-amethyst-gp40344
571,https://www.gempundit.com/gemstones/amethyst/amethyst-gp88536
572,https://www.gempundit.com/gemstones/amethyst/amethyst-luxury-quality-emerald-cut
573,https://www.gempundit.com/gemstones/amethyst/amethyst-any-luxury-quality
574,https://www.gempundit.com/gemstones/amethyst/amethyst-gp56810
575,https://www.gempundit.com/gemstones/amethyst/amethyst-gp89956
576,https://www.gempundit.com/gemstones/amethyst/amethyst-gp69498
577,https://www.gempundit.com/gemstones/amethyst/green-amethyst-gp67320
578,https://www.gempundit.com/gemstones/amethyst/amethyst-gp45307a
579,https://www.gempundit.com/gemstones/amethyst/green-amethyst-gp67325
580,https://www.gempundit.com/gemstones/amethyst/green-amethyst-gp67363
581,https://www.gempundit.com/gemstones/amethyst/green-amethyst-gp67338
582,https://www.gempundit.com/gemstones/amethyst/amethyst-gp100512
583,https://www.gempundit.com/gemstones/amethyst/amethyst-gp69398
584,https://www.gempundit.com/gemstones/amethyst/amethyst-gp69411
585,https://www.gempundit.com/gemstones/amethyst/green-amethyst-gp67324
586,https://www.gempundit.com/gemstones/amethyst/amethyst-gp89964
587,https://www.gempundit.com/gemstones/amethyst/amethyst-gp56809
588,https://www.gempundit.com/gemstones/amethyst/amethyst-gp28483
589,https://www.gempundit.com/gemstones/amethyst/amethyst-gp28566
590,https://www.gempundit.com/gemstones/amethyst/green-amethyst-gp40328
591,https://www.gempundit.com/gemstones/amethyst/amethyst-gp28620
592,https://www.gempundit.com/gemstones/amethyst/amethyst-gp93305
593,https://www.gempundit.com/gemstones/amethyst/amethyst-gp69417
594,https://www.gempundit.com/gemstones/amethyst/amethyst-gp56808
595,https://www.gempundit.com/gemstones/amethyst/amethyst-gp98920
596,https://www.gempundit.com/gemstones/amethyst/green-amethyst-gp67355
597,https://www.gempundit.com/gemstones/amethyst/amethyst-gp100513
598,https://www.gempundit.com/gemstones/amethyst/amethyst-luxury-quality-emerald-cut
599,https://www.gempundit.com/gemstones/amethyst/amethyst-any-luxury-quality
600,https://www.gempundit.com/gemstones/amethyst/amethyst-gp100436
601,https://www.gempundit.com/gemstones/amethyst/green-amethyst-gp67332
602,https://www.gempundit.com/gemstones/amethyst/amethyst-gp58923
603,https://www.gempundit.com/gemstones/amethyst/amethyst-gp100507
604,https://www.gempundit.com/gemstones/amethyst/amethyst-gp28601
605,https://www.gempundit.com/gemstones/amethyst/amethyst-gp100413
606,https://www.gempundit.com/gemstones/amethyst/amethyst-gp41252
607,https://www.gempundit.com/gemstones/amethyst/amethyst-gp100510
608,https://www.gempundit.com/gemstones/amethyst/amethyst-gp93335
609,https://www.gempundit.com/gemstones/amethyst/amethyst-gp104244
610,https://www.gempundit.com/gemstones/amethyst/amethyst-gp28589
611,https://www.gempundit.com/gemstones/amethyst/amethyst-gp100508
612,https://www.gempundit.com/gemstones/amethyst/green-amethyst-gp67319
613,https://www.gempundit.com/gemstones/amethyst/amethyst-gp28609
614,https://www.gempundit.com/gemstones/amethyst/amethyst-gp100407
615,https://www.gempundit.com/gemstones/amethyst/amethyst-gp69399
616,https://www.gempundit.com/gemstones/amethyst/amethyst-gp28565
617,https://www.gempundit.com/gemstones/amethyst/amethyst-gp69414
618,https://www.gempundit.com/gemstones/amethyst/amethyst-gp69404
619,https://www.gempundit.com/gemstones/amethyst/green-amethyst-gp67322
620,https://www.gempundit.com/gemstones/amethyst/amethyst-gp56851
621,https://www.gempundit.com/gemstones/amethyst/amethyst-gp100414
622,https://www.gempundit.com/gemstones/amethyst/amethyst-gp69490
623,https://www.gempundit.com/gemstones/amethyst/amethyst-gp69416
624,https://www.gempundit.com/gemstones/amethyst/amethyst-luxury-quality-emerald-cut
625,https://www.gempundit.com/gemstones/amethyst/amethyst-any-luxury-quality
626,https://www.gempundit.com/gemstones/amethyst/amethyst-gp58921
627,https://www.gempundit.com/gemstones/amethyst/amethyst-gp28539
628,https://www.gempundit.com/gemstones/amethyst/amethyst-gp28571
629,https://www.gempundit.com/gemstones/amethyst/amethyst-gp28653
630,https://www.gempundit.com/gemstones/amethyst/amethyst-gp28560
631,https://www.gempundit.com/gemstones/amethyst/amethyst-gp28605
632,https://www.gempundit.com/gemstones/amethyst/amethyst-gp100410
633,https://www.gempundit.com/gemstones/amethyst/amethyst-gp98884
634,https://www.gempundit.com/gemstones/amethyst/amethyst-gp100408
635,https://www.gempundit.com/gemstones/amethyst/green-amethyst-gp67422
636,https://www.gempundit.com/gemstones/amethyst/green-amethyst-gp67312
637,https://www.gempundit.com/gemstones/amethyst/amethyst-gp28551
638,https://www.gempundit.com/gemstones/amethyst/green-amethyst-gp67337
639,https://www.gempundit.com/gemstones/amethyst/amethyst-gp28578
640,https://www.gempundit.com/gemstones/amethyst/amethyst-gp90944
641,https://www.gempundit.com/gemstones/amethyst/amethyst-gp69418
642,https://www.gempundit.com/gemstones/amethyst/amethyst-gp56849
643,https://www.gempundit.com/gemstones/amethyst/amethyst-gp100409
644,https://www.gempundit.com/gemstones/amethyst/amethyst-gp69410
645,https://www.gempundit.com/gemstones/amethyst/amethyst-gp90947
646,https://www.gempundit.com/gemstones/amethyst/green-amethyst-gp67316
647,https://www.gempundit.com/gemstones/amethyst/amethyst-gp28575
648,https://www.gempundit.com/gemstones/amethyst/green-amethyst-gp74748
649,https://www.gempundit.com/gemstones/amethyst/green-amethyst-gp67315
650,https://www.gempundit.com/gemstones/amethyst/amethyst-luxury-quality-emerald-cut
651,https://www.gempundit.com/gemstones/amethyst/amethyst-any-luxury-quality
652,https://www.gempundit.com/gemstones/amethyst/amethyst-gp90921
653,https://www.gempundit.com/gemstones/amethyst/amethyst-gp100412
654,https://www.gempundit.com/gemstones/amethyst/amethyst-gp101145
655,https://www.gempundit.com/gemstones/amethyst/amethyst-gp93339
656,https://www.gempundit.com/gemstones/amethyst/green-amethyst-gp67329
657,https://www.gempundit.com/gemstones/amethyst/amethyst-gp69412
658,https://www.gempundit.com/gemstones/amethyst/amethyst-gp100154
659,https://www.gempundit.com/gemstones/amethyst/green-amethyst-gp67365
660,https://www.gempundit.com/gemstones/amethyst/green-amethyst-gp67314
661,https://www.gempundit.com/gemstones/amethyst/green-amethyst-gp13222
662,https://www.gempundit.com/gemstones/amethyst/amethyst-gp78473
663,https://www.gempundit.com/gemstones/amethyst/amethyst-gp28550
664,https://www.gempundit.com/gemstones/amethyst/amethyst-gp28531
665,https://www.gempundit.com/gemstones/amethyst/green-amethyst-gp67354
666,https://www.gempundit.com/gemstones/amethyst/amethyst-gp93338
667,https://www.gempundit.com/gemstones/amethyst/amethyst-gp88542
668,https://www.gempundit.com/gemstones/amethyst/green-amethyst-gp102936
669,https://www.gempundit.com/gemstones/amethyst/green-amethyst-gp74749
670,https://www.gempundit.com/gemstones/amethyst/amethyst-gp100165
671,https://www.gempundit.com/gemstones/amethyst/green-amethyst-gp102933
672,https://www.gempundit.com/gemstones/amethyst/green-amethyst-gp67366
673,https://www.gempundit.com/gemstones/amethyst/amethyst-gp52485
674,https://www.gempundit.com/gemstones/amethyst/amethyst-gp28598
675,https://www.gempundit.com/gemstones/amethyst/amethyst-gp59204
676,https://www.gempundit.com/gemstones/amethyst/amethyst-luxury-quality-emerald-cut
677,https://www.gempundit.com/gemstones/amethyst/amethyst-any-luxury-quality
678,https://www.gempundit.com/gemstones/amethyst/amethyst-gp69408
679,https://www.gempundit.com/gemstones/amethyst/green-amethyst-gp67313
680,https://www.gempundit.com/gemstones/amethyst/green-amethyst-gp67421
681,https://www.gempundit.com/gemstones/amethyst/amethyst-gp78491
682,https://www.gempundit.com/gemstones/amethyst/amethyst-gp104246
683,https://www.gempundit.com/gemstones/amethyst/green-amethyst-gp67310
684,https://www.gempundit.com/gemstones/amethyst/amethyst-gp93336
685,https://www.gempundit.com/gemstones/amethyst/amethyst-gp95617
686,https://www.gempundit.com/gemstones/amethyst/amethyst-gp69413
687,https://www.gempundit.com/gemstones/amethyst/amethyst-gp59219
688,https://www.gempundit.com/gemstones/amethyst/amethyst-gp100163
689,https://www.gempundit.com/gemstones/amethyst/amethyst-gp90936
690,https://www.gempundit.com/gemstones/amethyst/amethyst-gp69405
691,https://www.gempundit.com/gemstones/amethyst/amethyst-gp59206
692,https://www.gempundit.com/gemstones/amethyst/amethyst-gp59205
693,https://www.gempundit.com/gemstones/amethyst/amethyst-gp91124
694,https://www.gempundit.com/gemstones/amethyst/amethyst-gp28642
695,https://www.gempundit.com/gemstones/amethyst/amethyst-gp78467
696,https://www.gempundit.com/gemstones/amethyst/amethyst-gp69403
697,https://www.gempundit.com/gemstones/amethyst/amethyst-gp28584
698,https://www.gempundit.com/gemstones/amethyst/amethyst-gp28594
699,https://www.gempundit.com/gemstones/amethyst/amethyst-gp28475
700,https://www.gempundit.com/gemstones/amethyst/amethyst-gp91132
701,https://www.gempundit.com/gemstones/amethyst/amethyst-gp48478
702,https://www.gempundit.com/gemstones/amethyst/amethyst-luxury-quality-emerald-cut
703,https://www.gempundit.com/gemstones/amethyst/amethyst-any-luxury-quality
704,https://www.gempundit.com/gemstones/amethyst/amethyst-gp59224
705,https://www.gempundit.com/gemstones/amethyst/amethyst-gp59218
706,https://www.gempundit.com/gemstones/amethyst/amethyst-gp59213
707,https://www.gempundit.com/gemstones/amethyst/green-amethyst-gp102931
708,https://www.gempundit.com/gemstones/amethyst/green-amethyst-gp102932
709,https://www.gempundit.com/gemstones/amethyst/amethyst-gp69415
710,https://www.gempundit.com/gemstones/amethyst/amethyst-gp95619
711,https://www.gempundit.com/gemstones/amethyst/amethyst-gp59217
712,https://www.gempundit.com/gemstones/amethyst/amethyst-gp59212
713,https://www.gempundit.com/gemstones/amethyst/amethyst-gp29581
714,https://www.gempundit.com/gemstones/amethyst/amethyst-gp28547
715,https://www.gempundit.com/gemstones/amethyst/amethyst-gp28481
716,https://www.gempundit.com/gemstones/amethyst/amethyst-gp69420
717,https://www.gempundit.com/gemstones/amethyst/amethyst-gp28568
718,https://www.gempundit.com/gemstones/amethyst/amethyst-gp59223
719,https://www.gempundit.com/gemstones/amethyst/amethyst-gp93304
720,https://www.gempundit.com/gemstones/amethyst/amethyst-gp69402
721,https://www.gempundit.com/gemstones/amethyst/amethyst-gp59200
722,https://www.gempundit.com/gemstones/amethyst/amethyst-gp100153
723,https://www.gempundit.com/gemstones/amethyst/amethyst-gp99307
724,https://www.gempundit.com/gemstones/amethyst/amethyst-gp89935
725,https://www.gempundit.com/gemstones/amethyst/amethyst-gp95615
726,https://www.gempundit.com/gemstones/amethyst/amethyst-gp90937
727,https://www.gempundit.com/gemstones/amethyst/amethyst-gp89934
728,https://www.gempundit.com/gemstones/amethyst/amethyst-luxury-quality-emerald-cut
729,https://www.gempundit.com/gemstones/amethyst/amethyst-any-luxury-quality
730,https://www.gempundit.com/gemstones/amethyst/amethyst-gp69409
731,https://www.gempundit.com/gemstones/amethyst/amethyst-gp100158
732,https://www.gempundit.com/gemstones/amethyst/amethyst-gp95602
733,https://www.gempundit.com/gemstones/amethyst/amethyst-gp100173
734,https://www.gempundit.com/gemstones/amethyst/green-amethyst-gp102937
735,https://www.gempundit.com/gemstones/amethyst/amethyst-gp100442
736,https://www.gempundit.com/gemstones/amethyst/amethyst-gp99302
737,https://www.gempundit.com/gemstones/amethyst/amethyst-gp100155
738,https://www.gempundit.com/gemstones/amethyst/green-amethyst-gp102934
739,https://www.gempundit.com/gemstones/amethyst/amethyst-gp91130
740,https://www.gempundit.com/gemstones/amethyst/amethyst-gp69406
741,https://www.gempundit.com/gemstones/amethyst/green-amethyst-gp102953
742,https://www.gempundit.com/gemstones/amethyst/amethyst-gp100164
743,https://www.gempundit.com/gemstones/amethyst/amethyst-gp69496
744,https://www.gempundit.com/gemstones/amethyst/amethyst-gp23229
745,https://www.gempundit.com/gemstones/amethyst/amethyst-gp90932
746,https://www.gempundit.com/gemstones/amethyst/green-amethyst-gp13221
747,https://www.gempundit.com/gemstones/amethyst/amethyst-gp41261
748,https://www.gempundit.com/gemstones/amethyst/amethyst-gp101146
749,https://www.gempundit.com/gemstones/amethyst/amethyst-gp63106
750,https://www.gempundit.com/gemstones/amethyst/amethyst-gp100167
751,https://www.gempundit.com/gemstones/amethyst/amethyst-gp69407
752,https://www.gempundit.com/gemstones/amethyst/amethyst-gp100162
753,https://www.gempundit.com/gemstones/amethyst/amethyst-gp95609
754,https://www.gempundit.com/gemstones/amethyst/amethyst-luxury-quality-emerald-cut
755,https://www.gempundit.com/gemstones/amethyst/amethyst-any-luxury-quality
756,https://www.gempundit.com/gemstones/amethyst/green-amethyst-gp102940
757,https://www.gempundit.com/gemstones/amethyst/green-amethyst-gp102939
758,https://www.gempundit.com/gemstones/amethyst/amethyst-gp99301
759,https://www.gempundit.com/gemstones/amethyst/amethyst-gp69526
760,https://www.gempundit.com/gemstones/amethyst/amethyst-gp90930
761,https://www.gempundit.com/gemstones/amethyst/green-amethyst-gp67317
762,https://www.gempundit.com/gemstones/amethyst/amethyst-gp100171
763,https://www.gempundit.com/gemstones/amethyst/amethyst-gp52437
764,https://www.gempundit.com/gemstones/amethyst/green-amethyst-gp102930
765,https://www.gempundit.com/gemstones/amethyst/amethyst-gp88540
766,https://www.gempundit.com/gemstones/amethyst/amethyst-gp28478
767,https://www.gempundit.com/gemstones/amethyst/green-amethyst-gp102951
768,https://www.gempundit.com/gemstones/amethyst/amethyst-gp100172
769,https://www.gempundit.com/gemstones/amethyst/amethyst-gp95603
770,https://www.gempundit.com/gemstones/amethyst/amethyst-gp48511
771,https://www.gempundit.com/gemstones/amethyst/amethyst-gp28647
772,https://www.gempundit.com/gemstones/amethyst/amethyst-gp100169
773,https://www.gempundit.com/gemstones/amethyst/amethyst-gp88533
774,https://www.gempundit.com/gemstones/amethyst/green-amethyst-gp102948
775,https://www.gempundit.com/gemstones/amethyst/amethyst-gp100441
776,https://www.gempundit.com/gemstones/amethyst/amethyst-gp95601
777,https://www.gempundit.com/gemstones/amethyst/amethyst-gp99312
778,https://www.gempundit.com/gemstones/amethyst/green-amethyst-gp102950
779,https://www.gempundit.com/gemstones/amethyst/green-amethyst-gp102945
780,https://www.gempundit.com/gemstones/amethyst/amethyst-luxury-quality-emerald-cut
781,https://www.gempundit.com/gemstones/amethyst/amethyst-any-luxury-quality
782,https://www.gempundit.com/gemstones/amethyst/amethyst-gp41249
783,https://www.gempundit.com/gemstones/amethyst/green-amethyst-gp102938
784,https://www.gempundit.com/gemstones/amethyst/amethyst-gp100166
785,https://www.gempundit.com/gemstones/amethyst/amethyst-gp99308
786,https://www.gempundit.com/gemstones/amethyst/amethyst-gp99311
787,https://www.gempundit.com/gemstones/amethyst/amethyst-gp100157
788,https://www.gempundit.com/gemstones/amethyst/amethyst-gp99305
789,https://www.gempundit.com/gemstones/amethyst/amethyst-gp69521
790,https://www.gempundit.com/gemstones/amethyst/amethyst-gp89932
791,https://www.gempundit.com/gemstones/amethyst/amethyst-gp93330
792,https://www.gempundit.com/gemstones/amethyst/green-amethyst-gp102949
793,https://www.gempundit.com/gemstones/amethyst/green-amethyst-gp102952
794,https://www.gempundit.com/gemstones/amethyst/amethyst-gp69380
795,https://www.gempundit.com/gemstones/amethyst/green-amethyst-gp102928
796,https://www.gempundit.com/gemstones/amethyst/amethyst-gp90923
797,https://www.gempundit.com/gemstones/amethyst/amethyst-gp45304a
798,https://www.gempundit.com/gemstones/amethyst/amethyst-gp89923
799,https://www.gempundit.com/gemstones/amethyst/green-amethyst-gp102935
800,https://www.gempundit.com/gemstones/amethyst/amethyst-gp92873
801,https://www.gempundit.com/gemstones/amethyst/green-amethyst-gp102946
802,https://www.gempundit.com/gemstones/amethyst/amethyst-gp98946
803,https://www.gempundit.com/gemstones/amethyst/amethyst-gp92885
804,https://www.gempundit.com/gemstones/amethyst/green-amethyst-gp102929
805,https://www.gempundit.com/gemstones/amethyst/amethyst-gp69528
806,https://www.gempundit.com/gemstones/amethyst/amethyst-luxury-quality-emerald-cut
807,https://www.gempundit.com/gemstones/amethyst/amethyst-any-luxury-quality
808,https://www.gempundit.com/gemstones/amethyst/amethyst-gp92867
809,https://www.gempundit.com/gemstones/amethyst/amethyst-gp98942
810,https://www.gempundit.com/gemstones/amethyst/amethyst-gp59176
811,https://www.gempundit.com/gemstones/amethyst/amethyst-gp100160
812,https://www.gempundit.com/gemstones/amethyst/amethyst-gp89929
813,https://www.gempundit.com/gemstones/amethyst/amethyst-gp89925
814,https://www.gempundit.com/gemstones/amethyst/amethyst-gp100415
815,https://www.gempundit.com/gemstones/amethyst/amethyst-gp99300
816,https://www.gempundit.com/gemstones/amethyst/green-amethyst-gp102947
817,https://www.gempundit.com/gemstones/amethyst/amethyst-gp89924
818,https://www.gempundit.com/gemstones/amethyst/amethyst-gp88399
819,https://www.gempundit.com/gemstones/amethyst/amethyst-gp99306
820,https://www.gempundit.com/gemstones/amethyst/amethyst-gp99304
821,https://www.gempundit.com/gemstones/amethyst/amethyst-gp100156
822,https://www.gempundit.com/gemstones/amethyst/amethyst-gp92884
823,https://www.gempundit.com/gemstones/amethyst/amethyst-gp89933
824,https://www.gempundit.com/gemstones/amethyst/amethyst-gp93328
825,https://www.gempundit.com/gemstones/amethyst/amethyst-gp63097
826,https://www.gempundit.com/gemstones/amethyst/amethyst-gp92891
827,https://www.gempundit.com/gemstones/amethyst/amethyst-gp41258
828,https://www.gempundit.com/gemstones/amethyst/amethyst-gp90939
829,https://www.gempundit.com/gemstones/amethyst/amethyst-gp90929
830,https://www.gempundit.com/gemstones/amethyst/amethyst-gp92890
831,https://www.gempundit.com/gemstones/amethyst/amethyst-gp89917
832,https://www.gempundit.com/gemstones/amethyst/amethyst-luxury-quality-emerald-cut
833,https://www.gempundit.com/gemstones/amethyst/amethyst-any-luxury-quality
834,https://www.gempundit.com/gemstones/amethyst/amethyst-gp100416
835,https://www.gempundit.com/gemstones/amethyst/green-amethyst-gp102925
836,https://www.gempundit.com/gemstones/amethyst/amethyst-gp99303
837,https://www.gempundit.com/gemstones/amethyst/amethyst-gp71442
838,https://www.gempundit.com/gemstones/amethyst/amethyst-gp90922
839,https://www.gempundit.com/gemstones/amethyst/amethyst-gp69705
840,https://www.gempundit.com/gemstones/amethyst/amethyst-gp59193
841,https://www.gempundit.com/gemstones/amethyst/amethyst-gp89919
842,https://www.gempundit.com/gemstones/amethyst/amethyst-gp89931
843,https://www.gempundit.com/gemstones/amethyst/amethyst-gp93323
844,https://www.gempundit.com/gemstones/amethyst/amethyst-gp69519
845,https://www.gempundit.com/gemstones/amethyst/amethyst-gp89918
846,https://www.gempundit.com/gemstones/amethyst/amethyst-gp83479
847,https://www.gempundit.com/gemstones/amethyst/amethyst-gp99299
848,https://www.gempundit.com/gemstones/amethyst/amethyst-gp89930
849,https://www.gempundit.com/gemstones/amethyst/amethyst-gp91136
850,https://www.gempundit.com/gemstones/amethyst/amethyst-gp88538
851,https://www.gempundit.com/gemstones/amethyst/amethyst-gp91119
852,https://www.gempundit.com/gemstones/amethyst/green-amethyst-gp67420
853,https://www.gempundit.com/gemstones/amethyst/amethyst-gp92870
854,https://www.gempundit.com/gemstones/amethyst/amethyst-gp69523
855,https://www.gempundit.com/gemstones/amethyst/amethyst-gp89928
856,https://www.gempundit.com/gemstones/amethyst/amethyst-gp69709
857,https://www.gempundit.com/gemstones/amethyst/amethyst-gp89922
858,https://www.gempundit.com/gemstones/amethyst/amethyst-luxury-quality-emerald-cut
859,https://www.gempundit.com/gemstones/amethyst/amethyst-any-luxury-quality
860,https://www.gempundit.com/gemstones/amethyst/amethyst-gp69694
861,https://www.gempundit.com/gemstones/amethyst/amethyst-gp63113
862,https://www.gempundit.com/gemstones/amethyst/green-amethyst-gp67299
863,https://www.gempundit.com/gemstones/amethyst/amethyst-gp69685
864,https://www.gempundit.com/gemstones/amethyst/amethyst-gp69520
865,https://www.gempundit.com/gemstones/amethyst/green-amethyst-gp67309
866,https://www.gempundit.com/gemstones/amethyst/amethyst-gp71447
867,https://www.gempundit.com/gemstones/amethyst/amethyst-gp92869
868,https://www.gempundit.com/gemstones/amethyst/amethyst-gp69377
869,https://www.gempundit.com/gemstones/amethyst/amethyst-gp71444
870,https://www.gempundit.com/gemstones/amethyst/amethyst-gp69693
871,https://www.gempundit.com/gemstones/amethyst/amethyst-gp28474
872,https://www.gempundit.com/gemstones/amethyst/amethyst-gp59105
873,https://www.gempundit.com/gemstones/amethyst/amethyst-gp91125
874,https://www.gempundit.com/gemstones/amethyst/amethyst-gp91129
875,https://www.gempundit.com/gemstones/amethyst/amethyst-gp69518
876,https://www.gempundit.com/gemstones/amethyst/amethyst-gp59192
877,https://www.gempundit.com/gemstones/amethyst/amethyst-gp89920
878,https://www.gempundit.com/gemstones/amethyst/amethyst-gp92892
879,https://www.gempundit.com/gemstones/amethyst/amethyst-gp91123
880,https://www.gempundit.com/gemstones/amethyst/amethyst-gp98922
881,https://www.gempundit.com/gemstones/amethyst/amethyst-gp28477
882,https://www.gempundit.com/gemstones/amethyst/amethyst-gp88422
883,https://www.gempundit.com/gemstones/amethyst/amethyst-gp28484
884,https://www.gempundit.com/gemstones/amethyst/amethyst-luxury-quality-emerald-cut
885,https://www.gempundit.com/gemstones/amethyst/amethyst-any-luxury-quality
886,https://www.gempundit.com/gemstones/amethyst/amethyst-gp90931
887,https://www.gempundit.com/gemstones/amethyst/amethyst-gp48482
888,https://www.gempundit.com/gemstones/amethyst/amethyst-gp92871
889,https://www.gempundit.com/gemstones/amethyst/amethyst-gp93324
890,https://www.gempundit.com/gemstones/amethyst/amethyst-gp92868
891,https://www.gempundit.com/gemstones/amethyst/amethyst-gp69383
892,https://www.gempundit.com/gemstones/amethyst/amethyst-gp71450
893,https://www.gempundit.com/gemstones/amethyst/amethyst-gp63099
894,https://www.gempundit.com/gemstones/amethyst/amethyst-gp93325
895,https://www.gempundit.com/gemstones/amethyst/amethyst-gp69517
896,https://www.gempundit.com/gemstones/amethyst/amethyst-gp91121
897,https://www.gempundit.com/gemstones/amethyst/amethyst-gp71426
898,https://www.gempundit.com/gemstones/amethyst/amethyst-gp63093
899,https://www.gempundit.com/gemstones/amethyst/amethyst-gp69382
900,https://www.gempundit.com/gemstones/amethyst/green-amethyst-gp102926
901,https://www.gempundit.com/gemstones/amethyst/amethyst-gp69516
902,https://www.gempundit.com/gemstones/amethyst/amethyst-gp43878
903,https://www.gempundit.com/gemstones/amethyst/amethyst-gp71443
904,https://www.gempundit.com/gemstones/amethyst/green-amethyst-gp102924
905,https://www.gempundit.com/gemstones/amethyst/amethyst-gp52478
906,https://www.gempundit.com/gemstones/amethyst/amethyst-gp69378
907,https://www.gempundit.com/gemstones/amethyst/amethyst-gp93302
908,https://www.gempundit.com/gemstones/amethyst/green-amethyst-gp67302
909,https://www.gempundit.com/gemstones/amethyst/green-amethyst-gp67307
910,https://www.gempundit.com/gemstones/amethyst/amethyst-luxury-quality-emerald-cut
911,https://www.gempundit.com/gemstones/amethyst/amethyst-any-luxury-quality
912,https://www.gempundit.com/gemstones/amethyst/amethyst-gp71452
913,https://www.gempundit.com/gemstones/amethyst/amethyst-gp93320
914,https://www.gempundit.com/gemstones/amethyst/amethyst-gp69381
915,https://www.gempundit.com/gemstones/amethyst/amethyst-gp74735
916,https://www.gempundit.com/gemstones/amethyst/green-amethyst-gp67301
917,https://www.gempundit.com/gemstones/amethyst/amethyst-gp69700
918,https://www.gempundit.com/gemstones/amethyst/amethyst-gp43353
919,https://www.gempundit.com/gemstones/amethyst/amethyst-gp43354
920,https://www.gempundit.com/gemstones/amethyst/amethyst-gp71438
921,https://www.gempundit.com/gemstones/amethyst/amethyst-gp69384
922,https://www.gempundit.com/gemstones/amethyst/amethyst-gp88410
923,https://www.gempundit.com/gemstones/amethyst/amethyst-gp90938
924,https://www.gempundit.com/gemstones/amethyst/amethyst-gp48471
925,https://www.gempundit.com/gemstones/amethyst/amethyst-gp59101
926,https://www.gempundit.com/gemstones/amethyst/amethyst-gp69385
927,https://www.gempundit.com/gemstones/amethyst/amethyst-gp93326
928,https://www.gempundit.com/gemstones/amethyst/amethyst-gp63105
929,https://www.gempundit.com/gemstones/amethyst/amethyst-gp88405
930,https://www.gempundit.com/gemstones/amethyst/amethyst-gp88442
931,https://www.gempundit.com/gemstones/amethyst/green-amethyst-gp67297
932,https://www.gempundit.com/gemstones/amethyst/amethyst-gp88411
933,https://www.gempundit.com/gemstones/amethyst/amethyst-gp88414
934,https://www.gempundit.com/gemstones/amethyst/amethyst-gp48434
935,https://www.gempundit.com/gemstones/amethyst/amethyst-gp69387
936,https://www.gempundit.com/gemstones/amethyst/amethyst-luxury-quality-emerald-cut
937,https://www.gempundit.com/gemstones/amethyst/amethyst-any-luxury-quality
938,https://www.gempundit.com/gemstones/amethyst/amethyst-gp28488
939,https://www.gempundit.com/gemstones/amethyst/amethyst-gp33678
940,https://www.gempundit.com/gemstones/amethyst/amethyst-gp71457
941,https://www.gempundit.com/gemstones/amethyst/amethyst-gp63059
942,https://www.gempundit.com/gemstones/amethyst/amethyst-gp48430
943,https://www.gempundit.com/gemstones/amethyst/amethyst-gp93315
944,https://www.gempundit.com/gemstones/amethyst/amethyst-gp71423
945,https://www.gempundit.com/gemstones/amethyst/amethyst-gp69697
946,https://www.gempundit.com/gemstones/amethyst/amethyst-gp48467
947,https://www.gempundit.com/gemstones/amethyst/amethyst-gp88403
948,https://www.gempundit.com/gemstones/amethyst/amethyst-gp93301
949,https://www.gempundit.com/gemstones/amethyst/amethyst-gp71425
950,https://www.gempundit.com/gemstones/amethyst/amethyst-gp69695
951,https://www.gempundit.com/gemstones/amethyst/amethyst-gp71411
952,https://www.gempundit.com/gemstones/amethyst/amethyst-gp48457
953,https://www.gempundit.com/gemstones/amethyst/amethyst-gp93279
954,https://www.gempundit.com/gemstones/amethyst/amethyst-gp71413
955,https://www.gempundit.com/gemstones/amethyst/amethyst-gp48454
956,https://www.gempundit.com/gemstones/amethyst/amethyst-gp93284
957,https://www.gempundit.com/gemstones/amethyst/amethyst-gp69725
958,https://www.gempundit.com/gemstones/amethyst/amethyst-gp63092
959,https://www.gempundit.com/gemstones/amethyst/amethyst-gp71455
960,https://www.gempundit.com/gemstones/amethyst/amethyst-gp63083
961,https://www.gempundit.com/gemstones/amethyst/amethyst-gp63103
962,https://www.gempundit.com/gemstones/amethyst/amethyst-luxury-quality-emerald-cut
963,https://www.gempundit.com/gemstones/amethyst/amethyst-any-luxury-quality
964,https://www.gempundit.com/gemstones/amethyst/green-amethyst-gp102927
965,https://www.gempundit.com/gemstones/amethyst/amethyst-gp93322
966,https://www.gempundit.com/gemstones/amethyst/amethyst-gp48497
967,https://www.gempundit.com/gemstones/amethyst/green-amethyst-gp67304
968,https://www.gempundit.com/gemstones/amethyst/amethyst-gp69682
969,https://www.gempundit.com/gemstones/amethyst/amethyst-gp69727
970,https://www.gempundit.com/gemstones/amethyst/amethyst-gp88409
971,https://www.gempundit.com/gemstones/amethyst/amethyst-gp91133
972,https://www.gempundit.com/gemstones/amethyst/amethyst-gp90943
973,https://www.gempundit.com/gemstones/amethyst/amethyst-gp88397
974,https://www.gempundit.com/gemstones/amethyst/amethyst-gp71428
975,https://www.gempundit.com/gemstones/amethyst/amethyst-gp69515
976,https://www.gempundit.com/gemstones/amethyst/amethyst-gp63089
977,https://www.gempundit.com/gemstones/amethyst/amethyst-gp45307
978,https://www.gempundit.com/gemstones/amethyst/amethyst-gp93313
979,https://www.gempundit.com/gemstones/amethyst/amethyst-gp48484
980,https://www.gempundit.com/gemstones/amethyst/amethyst-gp69723
981,https://www.gempundit.com/gemstones/amethyst/amethyst-gp88400
982,https://www.gempundit.com/gemstones/amethyst/amethyst-gp69726
983,https://www.gempundit.com/gemstones/amethyst/amethyst-gp91145
984,https://www.gempundit.com/gemstones/amethyst/amethyst-gp52457
985,https://www.gempundit.com/gemstones/amethyst/amethyst-gp87446
986,https://www.gempundit.com/gemstones/amethyst/amethyst-gp63069
987,https://www.gempundit.com/gemstones/amethyst/amethyst-gp48422
988,https://www.gempundit.com/gemstones/amethyst/amethyst-luxury-quality-emerald-cut
989,https://www.gempundit.com/gemstones/amethyst/amethyst-any-luxury-quality
990,https://www.gempundit.com/gemstones/amethyst/amethyst-gp71439
991,https://www.gempundit.com/gemstones/amethyst/amethyst-gp93316
992,https://www.gempundit.com/gemstones/amethyst/amethyst-gp93319
993,https://www.gempundit.com/gemstones/amethyst/amethyst-gp88427
994,https://www.gempundit.com/gemstones/amethyst/amethyst-gp63068
995,https://www.gempundit.com/gemstones/amethyst/amethyst-gp48521
996,https://www.gempundit.com/gemstones/amethyst/amethyst-gp93297
997,https://www.gempundit.com/gemstones/amethyst/amethyst-gp35819
998,https://www.gempundit.com/gemstones/amethyst/amethyst-gp63079
999,https://www.gempundit.com/gemstones/amethyst/amethyst-gp93317
1000,https://www.gempundit.com/gemstones/amethyst/amethyst-gp48503
1001,https://www.gempundit.com/gemstones/amethyst/amethyst-gp48506
1002,https://www.gempundit.com/gemstones/amethyst/amethyst-gp63101
1003,https://www.gempundit.com/gemstones/amethyst/amethyst-gp71417
1004,https://www.gempundit.com/gemstones/amethyst/amethyst-gp63078
1005,https://www.gempundit.com/gemstones/amethyst/amethyst-gp93318
1006,https://www.gempundit.com/gemstones/amethyst/amethyst-gp71419
1007,https://www.gempundit.com/gemstones/amethyst/amethyst-gp71424
1008,https://www.gempundit.com/gemstones/amethyst/amethyst-gp89543
1009,https://www.gempundit.com/gemstones/amethyst/amethyst-gp71433
1010,https://www.gempundit.com/gemstones/amethyst/amethyst-gp87495
1011,https://www.gempundit.com/gemstones/amethyst/amethyst-gp48426
1012,https://www.gempundit.com/gemstones/amethyst/amethyst-gp93321
1013,https://www.gempundit.com/gemstones/amethyst/amethyst-gp48887
1014,https://www.gempundit.com/gemstones/amethyst/amethyst-luxury-quality-emerald-cut
1015,https://www.gempundit.com/gemstones/amethyst/amethyst-any-luxury-quality
1016,https://www.gempundit.com/gemstones/amethyst/amethyst-gp71456
1017,https://www.gempundit.com/gemstones/amethyst/amethyst-gp71427
1018,https://www.gempundit.com/gemstones/amethyst/amethyst-gp71422
1019,https://www.gempundit.com/gemstones/amethyst/amethyst-gp71408
1020,https://www.gempundit.com/gemstones/amethyst/amethyst-gp93300
1021,https://www.gempundit.com/gemstones/amethyst/amethyst-gp71445
1022,https://www.gempundit.com/gemstones/amethyst/amethyst-gp45305
1023,https://www.gempundit.com/gemstones/amethyst/amethyst-gp34578
1024,https://www.gempundit.com/gemstones/amethyst/amethyst-gp48543
1025,https://www.gempundit.com/gemstones/amethyst/amethyst-gp87490
1026,https://www.gempundit.com/gemstones/amethyst/amethyst-gp48423
1027,https://www.gempundit.com/gemstones/amethyst/amethyst-gp69933
1028,https://www.gempundit.com/gemstones/amethyst/amethyst-gp34584
1029,https://www.gempundit.com/gemstones/amethyst/amethyst-gp69932
1030,https://www.gempundit.com/gemstones/amethyst/amethyst-gp89532
1031,https://www.gempundit.com/gemstones/amethyst/amethyst-gp29634
1032,https://www.gempundit.com/gemstones/amethyst/amethyst-gp69724
1033,https://www.gempundit.com/gemstones/amethyst/amethyst-gp91147
1034,https://www.gempundit.com/gemstones/amethyst/green-amethyst-gp102943
1035,https://www.gempundit.com/gemstones/amethyst/amethyst-gp87499
1036,https://www.gempundit.com/gemstones/amethyst/amethyst-gp87498
1037,https://www.gempundit.com/gemstones/amethyst/amethyst-gp89540
1038,https://www.gempundit.com/gemstones/amethyst/amethyst-gp87467
1039,https://www.gempundit.com/gemstones/amethyst/amethyst-gp87468
1040,https://www.gempundit.com/gemstones/amethyst/amethyst-luxury-quality-emerald-cut
1041,https://www.gempundit.com/gemstones/amethyst/amethyst-any-luxury-quality
1042,https://www.gempundit.com/gemstones/amethyst/amethyst-gp93299
1043,https://www.gempundit.com/gemstones/amethyst/amethyst-gp89537
1044,https://www.gempundit.com/gemstones/amethyst/amethyst-gp91143
1045,https://www.gempundit.com/gemstones/amethyst/amethyst-gp48427
1046,https://www.gempundit.com/gemstones/amethyst/amethyst-gp89541
1047,https://www.gempundit.com/gemstones/amethyst/amethyst-gp71448
1048,https://www.gempundit.com/gemstones/amethyst/amethyst-gp71434
1049,https://www.gempundit.com/gemstones/amethyst/amethyst-gp95045
1050,https://www.gempundit.com/gemstones/amethyst/amethyst-gp87479
1051,https://www.gempundit.com/gemstones/amethyst/amethyst-gp69492
1052,https://www.gempundit.com/gemstones/amethyst/green-amethyst-gp102942
1053,https://www.gempundit.com/gemstones/amethyst/amethyst-gp87501
1054,https://www.gempundit.com/gemstones/amethyst/amethyst-gp104245
1055,https://www.gempundit.com/gemstones/amethyst/amethyst-gp87491
1056,https://www.gempundit.com/gemstones/amethyst/amethyst-gp87503
1057,https://www.gempundit.com/gemstones/amethyst/amethyst-gp48425
1058,https://www.gempundit.com/gemstones/amethyst/amethyst-gp87488
1059,https://www.gempundit.com/gemstones/amethyst/amethyst-gp71421
1060,https://www.gempundit.com/gemstones/amethyst/amethyst-gp69721
1061,https://www.gempundit.com/gemstones/amethyst/green-amethyst-gp102944
1062,https://www.gempundit.com/gemstones/amethyst/amethyst-gp87502
1063,https://www.gempundit.com/gemstones/amethyst/amethyst-gp69491
1064,https://www.gempundit.com/gemstones/amethyst/amethyst-gp69429
1065,https://www.gempundit.com/gemstones/amethyst/amethyst-gp89534
1066,https://www.gempundit.com/gemstones/amethyst/amethyst-luxury-quality-emerald-cut
1067,https://www.gempundit.com/gemstones/amethyst/amethyst-any-luxury-quality
1068,https://www.gempundit.com/gemstones/amethyst/amethyst-gp48889
1069,https://www.gempundit.com/gemstones/amethyst/amethyst-gp69720
1070,https://www.gempundit.com/gemstones/amethyst/amethyst-gp69433
1071,https://www.gempundit.com/gemstones/amethyst/green-amethyst-gp102941
1072,https://www.gempundit.com/gemstones/amethyst/amethyst-gp87485
1073,https://www.gempundit.com/gemstones/amethyst/amethyst-gp87460
1074,https://www.gempundit.com/gemstones/amethyst/amethyst-gp91155
1075,https://www.gempundit.com/gemstones/amethyst/amethyst-gp89542
1076,https://www.gempundit.com/gemstones/amethyst/amethyst-gp28057
1077,https://www.gempundit.com/gemstones/amethyst/amethyst-gp87482
1078,https://www.gempundit.com/gemstones/amethyst/amethyst-gp93344
1079,https://www.gempundit.com/gemstones/amethyst/amethyst-gp91142
1080,https://www.gempundit.com/gemstones/amethyst/amethyst-gp69427
1081,https://www.gempundit.com/gemstones/amethyst/amethyst-gp69430
1082,https://www.gempundit.com/gemstones/amethyst/amethyst-gp87484
1083,https://www.gempundit.com/gemstones/amethyst/amethyst-gp87452
1084,https://www.gempundit.com/gemstones/amethyst/amethyst-gp69717
1085,https://www.gempundit.com/gemstones/amethyst/amethyst-gp28064
1086,https://www.gempundit.com/gemstones/amethyst/amethyst-gp35845
1087,https://www.gempundit.com/gemstones/amethyst/amethyst-gp69434
1088,https://www.gempundit.com/gemstones/amethyst/amethyst-gp48417
1089,https://www.gempundit.com/gemstones/amethyst/amethyst-gp87489
1090,https://www.gempundit.com/gemstones/amethyst/amethyst-gp87500
1091,https://www.gempundit.com/gemstones/amethyst/amethyst-gp89535
1092,https://www.gempundit.com/gemstones/amethyst/amethyst-luxury-quality-emerald-cut
1093,https://www.gempundit.com/gemstones/amethyst/amethyst-any-luxury-quality
1094,https://www.gempundit.com/gemstones/amethyst/amethyst-gp87453
1095,https://www.gempundit.com/gemstones/amethyst/amethyst-gp48541
1096,https://www.gempundit.com/gemstones/amethyst/amethyst-gp28062
1097,https://www.gempundit.com/gemstones/amethyst/amethyst-gp95048
1098,https://www.gempundit.com/gemstones/amethyst/amethyst-gp87478
1099,https://www.gempundit.com/gemstones/amethyst/amethyst-gp48893
1100,https://www.gempundit.com/gemstones/amethyst/amethyst-gp91149
1101,https://www.gempundit.com/gemstones/amethyst/amethyst-gp69435
1102,https://www.gempundit.com/gemstones/amethyst/amethyst-gp33794
1103,https://www.gempundit.com/gemstones/amethyst/amethyst-gp71407
1104,https://www.gempundit.com/gemstones/amethyst/amethyst-gp34589
1105,https://www.gempundit.com/gemstones/amethyst/amethyst-gp93314
1106,https://www.gempundit.com/gemstones/amethyst/amethyst-gp87497
1107,https://www.gempundit.com/gemstones/amethyst/amethyst-gp93343
1108,https://www.gempundit.com/gemstones/amethyst/amethyst-gp69718
1109,https://www.gempundit.com/gemstones/amethyst/amethyst-gp87496
1110,https://www.gempundit.com/gemstones/amethyst/amethyst-gp89536
1111,https://www.gempundit.com/gemstones/amethyst/green-amethyst-gp103574
1112,https://www.gempundit.com/gemstones/amethyst/amethyst-gp45304
1113,https://www.gempundit.com/gemstones/amethyst/amethyst-gp87492
1114,https://www.gempundit.com/gemstones/amethyst/amethyst-gp48528
1115,https://www.gempundit.com/gemstones/amethyst/amethyst-gp48539
1116,https://www.gempundit.com/gemstones/amethyst/amethyst-gp48890
1117,https://www.gempundit.com/gemstones/amethyst/amethyst-gp91140
1118,https://www.gempundit.com/gemstones/amethyst/amethyst-luxury-quality-emerald-cut
1119,https://www.gempundit.com/gemstones/amethyst/amethyst-any-luxury-quality
1120,https://www.gempundit.com/gemstones/amethyst/amethyst-gp87459
1121,https://www.gempundit.com/gemstones/amethyst/amethyst-gp48542
1122,https://www.gempundit.com/gemstones/amethyst/amethyst-gp48414
1123,https://www.gempundit.com/gemstones/amethyst/amethyst-gp93296
1124,https://www.gempundit.com/gemstones/amethyst/amethyst-gp69428
1125,https://www.gempundit.com/gemstones/amethyst/amethyst-gp69432
1126,https://www.gempundit.com/gemstones/amethyst/amethyst-gp63098
1127,https://www.gempundit.com/gemstones/amethyst/amethyst-gp71458
1128,https://www.gempundit.com/gemstones/amethyst/amethyst-gp48520
1129,https://www.gempundit.com/gemstones/amethyst/amethyst-gp89530
1130,https://www.gempundit.com/gemstones/amethyst/amethyst-gp89533
1131,https://www.gempundit.com/gemstones/amethyst/amethyst-gp69431
1132,https://www.gempundit.com/gemstones/amethyst/amethyst-gp48407
1133,https://www.gempundit.com/gemstones/amethyst/amethyst-gp87474
1134,https://www.gempundit.com/gemstones/amethyst/amethyst-gp87477
1135,https://www.gempundit.com/gemstones/amethyst/amethyst-gp89539
1136,https://www.gempundit.com/gemstones/amethyst/amethyst-gp48540
1137,https://www.gempundit.com/gemstones/amethyst/amethyst-gp32749
1138,https://www.gempundit.com/gemstones/amethyst/amethyst-gp91156
1139,https://www.gempundit.com/gemstones/amethyst/amethyst-gp14600
1140,https://www.gempundit.com/gemstones/amethyst/amethyst-gp87475
1141,https://www.gempundit.com/gemstones/amethyst/amethyst-gp87483
1142,https://www.gempundit.com/gemstones/amethyst/amethyst-gp89529
1143,https://www.gempundit.com/gemstones/amethyst/amethyst-gp89531
1144,https://www.gempundit.com/gemstones/amethyst/amethyst-luxury-quality-emerald-cut
1145,https://www.gempundit.com/gemstones/amethyst/amethyst-any-luxury-quality
1146,https://www.gempundit.com/gemstones/amethyst/amethyst-gp88195
1147,https://www.gempundit.com/gemstones/amethyst/amethyst-gp91154
1148,https://www.gempundit.com/gemstones/amethyst/amethyst-gp95047
1149,https://www.gempundit.com/gemstones/amethyst/amethyst-gp87473
1150,https://www.gempundit.com/gemstones/amethyst/amethyst-gp88395
1151,https://www.gempundit.com/gemstones/amethyst/amethyst-gp95046
1152,https://www.gempundit.com/gemstones/amethyst/amethyst-gp87476
1153,https://www.gempundit.com/gemstones/amethyst/amethyst-gp88199
1154,https://www.gempundit.com/gemstones/amethyst/amethyst-gp48527
1155,https://www.gempundit.com/gemstones/amethyst/amethyst-gp48519
1156,https://www.gempundit.com/gemstones/amethyst/amethyst-gp69945
1157,https://www.gempundit.com/gemstones/amethyst/amethyst-gp88200
1158,https://www.gempundit.com/gemstones/amethyst/amethyst-gp88197
1159,https://www.gempundit.com/gemstones/amethyst/amethyst-gp91153
1160,https://www.gempundit.com/gemstones/amethyst/amethyst-gp88509
1161,https://www.gempundit.com/gemstones/amethyst/amethyst-gp88499
1162,https://www.gempundit.com/gemstones/amethyst/amethyst-gp69944
1163,https://www.gempundit.com/gemstones/amethyst/amethyst-gp88206
1164,https://www.gempundit.com/gemstones/amethyst/amethyst-gp88194
1165,https://www.gempundit.com/gemstones/amethyst/amethyst-gp48534
1166,https://www.gempundit.com/gemstones/amethyst/amethyst-gp88498
1167,https://www.gempundit.com/gemstones/amethyst/amethyst-gp88193
1168,https://www.gempundit.com/gemstones/amethyst/amethyst-gp48419
1169,https://www.gempundit.com/gemstones/amethyst/amethyst-gp48418
1170,https://www.gempundit.com/gemstones/amethyst/amethyst-luxury-quality-emerald-cut
1171,https://www.gempundit.com/gemstones/amethyst/amethyst-any-luxury-quality
1172,https://www.gempundit.com/gemstones/amethyst/amethyst-gp48517
1173,https://www.gempundit.com/gemstones/amethyst/amethyst-gp88209
1174,https://www.gempundit.com/gemstones/amethyst/amethyst-gp88198
1175,https://www.gempundit.com/gemstones/amethyst/amethyst-gp48536
1176,https://www.gempundit.com/gemstones/amethyst/amethyst-gp95044
1177,https://www.gempundit.com/gemstones/amethyst/amethyst-gp88207
1178,https://www.gempundit.com/gemstones/amethyst/amethyst-gp88191
1179,https://www.gempundit.com/gemstones/amethyst/amethyst-gp88497
1180,https://www.gempundit.com/gemstones/amethyst/amethyst-gp88508
1181,https://www.gempundit.com/gemstones/amethyst/amethyst-gp48424
1182,https://www.gempundit.com/gemstones/amethyst/amethyst-gp88190
1183,https://www.gempundit.com/gemstones/amethyst/amethyst-gp88192
1184,https://www.gempundit.com/gemstones/amethyst/amethyst-gp48529
1185,https://www.gempundit.com/gemstones/amethyst/amethyst-gp69941
1186,https://www.gempundit.com/gemstones/amethyst/amethyst-gp88205
1187,https://www.gempundit.com/gemstones/amethyst/amethyst-gp88505
1188,https://www.gempundit.com/gemstones/amethyst/amethyst-gp88507
1189,https://www.gempundit.com/gemstones/amethyst/amethyst-gp88208
1190,https://www.gempundit.com/gemstones/amethyst/amethyst-gp88506
1191,https://www.gempundit.com/gemstones/amethyst/amethyst-gp88202
1192,https://www.gempundit.com/gemstones/amethyst/amethyst-gp88196
1193,https://www.gempundit.com/gemstones/amethyst/amethyst-gp88494
1194,https://www.gempundit.com/gemstones/amethyst/amethyst-gp48518
1195,https://www.gempundit.com/gemstones/amethyst/amethyst-gp88204
1196,https://www.gempundit.com/gemstones/amethyst/amethyst-luxury-quality-emerald-cut
1197,https://www.gempundit.com/gemstones/amethyst/amethyst-any-luxury-quality
1198,https://www.gempundit.com/gemstones/amethyst/amethyst-gp48538
1199,https://www.gempundit.com/gemstones/amethyst/amethyst-gp91151
1200,https://www.gempundit.com/gemstones/amethyst/amethyst-gp88493
1201,https://www.gempundit.com/gemstones/amethyst/amethyst-gp88504
1202,https://www.gempundit.com/gemstones/amethyst/amethyst-gp70270
1203,https://www.gempundit.com/gemstones/amethyst/amethyst-gp88495
1204,https://www.gempundit.com/gemstones/amethyst/amethyst-gp88492
1205,https://www.gempundit.com/gemstones/amethyst/amethyst-gp88502
1206,https://www.gempundit.com/gemstones/amethyst/amethyst-gp88512
1207,https://www.gempundit.com/gemstones/amethyst/amethyst-gp70268
1208,https://www.gempundit.com/gemstones/amethyst/amethyst-gp48535
1209,https://www.gempundit.com/gemstones/amethyst/amethyst-gp59734
1210,https://www.gempundit.com/gemstones/amethyst/amethyst-gp70269
1211,https://www.gempundit.com/gemstones/amethyst/amethyst-gp88501
1212,https://www.gempundit.com/gemstones/amethyst/amethyst-gp59735
1213,https://www.gempundit.com/gemstones/amethyst/amethyst-gp88500
