,Angel Skin Coral
0,https://www.gempundit.com/gemstones/angel-skin-coral/angel-skin-coral-gp102141
1,https://www.gempundit.com/gemstones/angel-skin-coral/angel-skin-coral-gp102130
2,https://www.gempundit.com/gemstones/angel-skin-coral/angel-skin-coral-gp102129
3,https://www.gempundit.com/gemstones/angel-skin-coral/angel-skin-coral-gp102136
4,https://www.gempundit.com/gemstones/angel-skin-coral/angel-skin-coral-gp102131
5,https://www.gempundit.com/gemstones/angel-skin-coral/angel-skin-coral-gp102135
6,https://www.gempundit.com/gemstones/angel-skin-coral/angel-skin-coral-gp102140
7,https://www.gempundit.com/gemstones/angel-skin-coral/angel-skin-coral-gp102138
8,https://www.gempundit.com/gemstones/angel-skin-coral/angel-skin-coral-gp102137
9,https://www.gempundit.com/gemstones/angel-skin-coral/angel-skin-coral-gp102134
10,https://www.gempundit.com/gemstones/angel-skin-coral/angel-skin-coral-gp102139
11,https://www.gempundit.com/gemstones/angel-skin-coral/angel-skin-coral-gp102143
12,https://www.gempundit.com/gemstones/angel-skin-coral/angel-skin-coral-gp102144
13,https://www.gempundit.com/gemstones/angel-skin-coral/angel-skin-coral-gp102133
14,https://www.gempundit.com/gemstones/angel-skin-coral/angel-skin-coral-gp102148
15,https://www.gempundit.com/gemstones/angel-skin-coral/angel-skin-coral-gp102146
16,https://www.gempundit.com/gemstones/angel-skin-coral/angel-skin-coral-gp102145
17,https://www.gempundit.com/gemstones/angel-skin-coral/angel-skin-coral-gp102142
18,https://www.gempundit.com/gemstones/angel-skin-coral/angel-skin-coral-gp102149
19,https://www.gempundit.com/gemstones/angel-skin-coral/angel-skin-coral-gp102147
