,Aquamarine
0,https://www.gempundit.com/gemstones/aquamarine/aquamarine-super-luxury-quality-9345112083
1,https://www.gempundit.com/gemstones/aquamarine/aquamarine-luxury-quality-2744438446
2,https://www.gempundit.com/gemstones/aquamarine/aquamarine-premium-quality-8262477817
3,https://www.gempundit.com/gemstones/aquamarine/aquamarine-gp95290
4,https://www.gempundit.com/gemstones/aquamarine/aquamarine-gp95284
5,https://www.gempundit.com/gemstones/aquamarine/aquamarine-gp95318
6,https://www.gempundit.com/gemstones/aquamarine/aquamarine-gp95280
7,https://www.gempundit.com/gemstones/aquamarine/aquamarine-gp105755
8,https://www.gempundit.com/gemstones/aquamarine/aquamarine-gp95314
9,https://www.gempundit.com/gemstones/aquamarine/aquamarine-gp77722
10,https://www.gempundit.com/gemstones/aquamarine/aquamarine-gp94637
11,https://www.gempundit.com/gemstones/aquamarine/aquamarine-gp77721
12,https://www.gempundit.com/gemstones/aquamarine/aquamarine-gp94638
13,https://www.gempundit.com/gemstones/aquamarine/aquamarine-gp88586
14,https://www.gempundit.com/gemstones/aquamarine/aquamarine-gp77745
15,https://www.gempundit.com/gemstones/aquamarine/aquamarine-gp94628
16,https://www.gempundit.com/gemstones/aquamarine/aquamarine-gp77716
17,https://www.gempundit.com/gemstones/aquamarine/aquamarine-gp77708
18,https://www.gempundit.com/gemstones/aquamarine/aquamarine-gp68468
19,https://www.gempundit.com/gemstones/aquamarine/aquamarine-gp77718
20,https://www.gempundit.com/gemstones/aquamarine/aquamarine-gp77704
21,https://www.gempundit.com/gemstones/aquamarine/aquamarine-gp95319
22,https://www.gempundit.com/gemstones/aquamarine/aquamarine-gp95278
23,https://www.gempundit.com/gemstones/aquamarine/aquamarine-gp94646
24,https://www.gempundit.com/gemstones/aquamarine/aquamarine-gp95301
25,https://www.gempundit.com/gemstones/aquamarine/aquamarine-gp77723
26,https://www.gempundit.com/gemstones/aquamarine/aquamarine-gp77703
27,https://www.gempundit.com/gemstones/aquamarine/aquamarine-super-luxury-quality-9345112083
28,https://www.gempundit.com/gemstones/aquamarine/aquamarine-luxury-quality-2744438446
29,https://www.gempundit.com/gemstones/aquamarine/aquamarine-premium-quality-8262477817
30,https://www.gempundit.com/gemstones/aquamarine/aquamarine-gp77693
31,https://www.gempundit.com/gemstones/aquamarine/aquamarine-gp95277
32,https://www.gempundit.com/gemstones/aquamarine/aquamarine-gp77748
33,https://www.gempundit.com/gemstones/aquamarine/aquamarine-gp95309
34,https://www.gempundit.com/gemstones/aquamarine/aquamarine-gp95316
35,https://www.gempundit.com/gemstones/aquamarine/aquamarine-gp77678
36,https://www.gempundit.com/gemstones/aquamarine/aquamarine-gp77705
37,https://www.gempundit.com/gemstones/aquamarine/aquamarine-gp88567
38,https://www.gempundit.com/gemstones/aquamarine/aquamarine-gp77688
39,https://www.gempundit.com/gemstones/aquamarine/aquamarine-gp95315
40,https://www.gempundit.com/gemstones/aquamarine/aquamarine-gp77698
41,https://www.gempundit.com/gemstones/aquamarine/aquamarine-gp77687
42,https://www.gempundit.com/gemstones/aquamarine/aquamarine-gp95317
43,https://www.gempundit.com/gemstones/aquamarine/aquamarine-gp93913
44,https://www.gempundit.com/gemstones/aquamarine/aquamarine-gp77701
45,https://www.gempundit.com/gemstones/aquamarine/aquamarine-gp95295
46,https://www.gempundit.com/gemstones/aquamarine/aquamarine-gp94655
47,https://www.gempundit.com/gemstones/aquamarine/aquamarine-gp77740
48,https://www.gempundit.com/gemstones/aquamarine/aquamarine-gp95298
49,https://www.gempundit.com/gemstones/aquamarine/aquamarine-gp77717
50,https://www.gempundit.com/gemstones/aquamarine/aquamarine-gp95307
51,https://www.gempundit.com/gemstones/aquamarine/aquamarine-gp88585
52,https://www.gempundit.com/gemstones/aquamarine/aquamarine-gp77709
53,https://www.gempundit.com/gemstones/aquamarine/aquamarine-gp77706
54,https://www.gempundit.com/gemstones/aquamarine/aquamarine-super-luxury-quality-9345112083
55,https://www.gempundit.com/gemstones/aquamarine/aquamarine-luxury-quality-2744438446
56,https://www.gempundit.com/gemstones/aquamarine/aquamarine-premium-quality-8262477817
57,https://www.gempundit.com/gemstones/aquamarine/aquamarine-gp102851
58,https://www.gempundit.com/gemstones/aquamarine/aquamarine-gp77699
59,https://www.gempundit.com/gemstones/aquamarine/aquamarine-gp77677
60,https://www.gempundit.com/gemstones/aquamarine/aquamarine-gp95294
61,https://www.gempundit.com/gemstones/aquamarine/aquamarine-gp95312
62,https://www.gempundit.com/gemstones/aquamarine/aquamarine-gp95310
63,https://www.gempundit.com/gemstones/aquamarine/aquamarine-gp95300
64,https://www.gempundit.com/gemstones/aquamarine/aquamarine-gp77680
65,https://www.gempundit.com/gemstones/aquamarine/aquamarine-gp95322
66,https://www.gempundit.com/gemstones/aquamarine/aquamarine-gp93911
67,https://www.gempundit.com/gemstones/aquamarine/aquamarine-gp77690
68,https://www.gempundit.com/gemstones/aquamarine/aquamarine-gp93917
69,https://www.gempundit.com/gemstones/aquamarine/aquamarine-gp77715
70,https://www.gempundit.com/gemstones/aquamarine/aquamarine-gp77685
71,https://www.gempundit.com/gemstones/aquamarine/aquamarine-gp77713
72,https://www.gempundit.com/gemstones/aquamarine/aquamarine-gp77659
73,https://www.gempundit.com/gemstones/aquamarine/aquamarine-gp77743
74,https://www.gempundit.com/gemstones/aquamarine/aquamarine-gp68452
75,https://www.gempundit.com/gemstones/aquamarine/aquamarine-gp95276
76,https://www.gempundit.com/gemstones/aquamarine/aquamarine-gp77707
77,https://www.gempundit.com/gemstones/aquamarine/aquamarine-gp77697
78,https://www.gempundit.com/gemstones/aquamarine/aquamarine-gp88583
79,https://www.gempundit.com/gemstones/aquamarine/aquamarine-gp77684
80,https://www.gempundit.com/gemstones/aquamarine/aquamarine-gp77739
81,https://www.gempundit.com/gemstones/aquamarine/aquamarine-super-luxury-quality-9345112083
82,https://www.gempundit.com/gemstones/aquamarine/aquamarine-luxury-quality-2744438446
83,https://www.gempundit.com/gemstones/aquamarine/aquamarine-premium-quality-8262477817
84,https://www.gempundit.com/gemstones/aquamarine/aquamarine-gp105757
85,https://www.gempundit.com/gemstones/aquamarine/aquamarine-gp77692
86,https://www.gempundit.com/gemstones/aquamarine/aquamarine-gp95311
87,https://www.gempundit.com/gemstones/aquamarine/aquamarine-gp77750
88,https://www.gempundit.com/gemstones/aquamarine/aquamarine-gp77714
89,https://www.gempundit.com/gemstones/aquamarine/aquamarine-gp77700
90,https://www.gempundit.com/gemstones/aquamarine/aquamarine-gp77683
91,https://www.gempundit.com/gemstones/aquamarine/aquamarine-gp94644
92,https://www.gempundit.com/gemstones/aquamarine/aquamarine-gp93919
93,https://www.gempundit.com/gemstones/aquamarine/aquamarine-gp93916
94,https://www.gempundit.com/gemstones/aquamarine/aquamarine-gp77736
95,https://www.gempundit.com/gemstones/aquamarine/aquamarine-gp77675
96,https://www.gempundit.com/gemstones/aquamarine/aquamarine-gp94658
97,https://www.gempundit.com/gemstones/aquamarine/aquamarine-gp77676
98,https://www.gempundit.com/gemstones/aquamarine/aquamarine-gp77674
99,https://www.gempundit.com/gemstones/aquamarine/aquamarine-gp77661
100,https://www.gempundit.com/gemstones/aquamarine/aquamarine-gp95321
101,https://www.gempundit.com/gemstones/aquamarine/aquamarine-gp93915
102,https://www.gempundit.com/gemstones/aquamarine/aquamarine-gp77670
103,https://www.gempundit.com/gemstones/aquamarine/aquamarine-gp68445
104,https://www.gempundit.com/gemstones/aquamarine/aquamarine-gp105027
105,https://www.gempundit.com/gemstones/aquamarine/aquamarine-gp77735
106,https://www.gempundit.com/gemstones/aquamarine/aquamarine-gp77681
107,https://www.gempundit.com/gemstones/aquamarine/aquamarine-gp88584
108,https://www.gempundit.com/gemstones/aquamarine/aquamarine-super-luxury-quality-9345112083
109,https://www.gempundit.com/gemstones/aquamarine/aquamarine-luxury-quality-2744438446
110,https://www.gempundit.com/gemstones/aquamarine/aquamarine-premium-quality-8262477817
111,https://www.gempundit.com/gemstones/aquamarine/aquamarine-gp77696
112,https://www.gempundit.com/gemstones/aquamarine/aquamarine-gp77662
113,https://www.gempundit.com/gemstones/aquamarine/aquamarine-gp77655
114,https://www.gempundit.com/gemstones/aquamarine/aquamarine-gp88574
115,https://www.gempundit.com/gemstones/aquamarine/aquamarine-gp93914
116,https://www.gempundit.com/gemstones/aquamarine/aquamarine-gp94763
117,https://www.gempundit.com/gemstones/aquamarine/aquamarine-gp88564
118,https://www.gempundit.com/gemstones/aquamarine/aquamarine-gp77691
119,https://www.gempundit.com/gemstones/aquamarine/aquamarine-gp77673
120,https://www.gempundit.com/gemstones/aquamarine/aquamarine-gp105026
121,https://www.gempundit.com/gemstones/aquamarine/aquamarine-gp95273
122,https://www.gempundit.com/gemstones/aquamarine/aquamarine-gp77730
123,https://www.gempundit.com/gemstones/aquamarine/aquamarine-gp77686
124,https://www.gempundit.com/gemstones/aquamarine/aquamarine-gp77656
125,https://www.gempundit.com/gemstones/aquamarine/aquamarine-gp68440
126,https://www.gempundit.com/gemstones/aquamarine/aquamarine-gp104992
127,https://www.gempundit.com/gemstones/aquamarine/aquamarine-gp94649
128,https://www.gempundit.com/gemstones/aquamarine/aquamarine-gp68454
129,https://www.gempundit.com/gemstones/aquamarine/aquamarine-gp95297
130,https://www.gempundit.com/gemstones/aquamarine/aquamarine-gp88580
131,https://www.gempundit.com/gemstones/aquamarine/aquamarine-gp88571
132,https://www.gempundit.com/gemstones/aquamarine/aquamarine-gp77689
133,https://www.gempundit.com/gemstones/aquamarine/aquamarine-gp68453
134,https://www.gempundit.com/gemstones/aquamarine/aquamarine-gp95326
135,https://www.gempundit.com/gemstones/aquamarine/aquamarine-super-luxury-quality-9345112083
136,https://www.gempundit.com/gemstones/aquamarine/aquamarine-luxury-quality-2744438446
137,https://www.gempundit.com/gemstones/aquamarine/aquamarine-premium-quality-8262477817
138,https://www.gempundit.com/gemstones/aquamarine/aquamarine-gp77731
139,https://www.gempundit.com/gemstones/aquamarine/aquamarine-gp77733
140,https://www.gempundit.com/gemstones/aquamarine/aquamarine-gp68467
141,https://www.gempundit.com/gemstones/aquamarine/aquamarine-gp95313
142,https://www.gempundit.com/gemstones/aquamarine/aquamarine-gp95303
143,https://www.gempundit.com/gemstones/aquamarine/aquamarine-gp68447
144,https://www.gempundit.com/gemstones/aquamarine/aquamarine-gp77738
145,https://www.gempundit.com/gemstones/aquamarine/aquamarine-gp77657
146,https://www.gempundit.com/gemstones/aquamarine/aquamarine-gp77668
147,https://www.gempundit.com/gemstones/aquamarine/aquamarine-gp68446
148,https://www.gempundit.com/gemstones/aquamarine/aquamarine-gp88575
149,https://www.gempundit.com/gemstones/aquamarine/aquamarine-gp41826
150,https://www.gempundit.com/gemstones/aquamarine/aquamarine-gp77682
151,https://www.gempundit.com/gemstones/aquamarine/aquamarine-gp77679
152,https://www.gempundit.com/gemstones/aquamarine/aquamarine-gp77658
153,https://www.gempundit.com/gemstones/aquamarine/aquamarine-gp77669
154,https://www.gempundit.com/gemstones/aquamarine/aquamarine-gp68449
155,https://www.gempundit.com/gemstones/aquamarine/aquamarine-gp77667
156,https://www.gempundit.com/gemstones/aquamarine/aquamarine-gp77660
157,https://www.gempundit.com/gemstones/aquamarine/aquamarine-gp95296
158,https://www.gempundit.com/gemstones/aquamarine/aquamarine-gp88779
159,https://www.gempundit.com/gemstones/aquamarine/aquamarine-gp94657
160,https://www.gempundit.com/gemstones/aquamarine/aquamarine-gp77671
161,https://www.gempundit.com/gemstones/aquamarine/aquamarine-gp68448
162,https://www.gempundit.com/gemstones/aquamarine/aquamarine-super-luxury-quality-9345112083
163,https://www.gempundit.com/gemstones/aquamarine/aquamarine-luxury-quality-2744438446
164,https://www.gempundit.com/gemstones/aquamarine/aquamarine-premium-quality-8262477817
165,https://www.gempundit.com/gemstones/aquamarine/aquamarine-gp67842
166,https://www.gempundit.com/gemstones/aquamarine/aquamarine-gp95306
167,https://www.gempundit.com/gemstones/aquamarine/aquamarine-gp88566
168,https://www.gempundit.com/gemstones/aquamarine/aquamarine-gp77732
169,https://www.gempundit.com/gemstones/aquamarine/aquamarine-gp68451
170,https://www.gempundit.com/gemstones/aquamarine/aquamarine-gp67877
171,https://www.gempundit.com/gemstones/aquamarine/aquamarine-gp68450
172,https://www.gempundit.com/gemstones/aquamarine/aquamarine-gp94656
173,https://www.gempundit.com/gemstones/aquamarine/aquamarine-gp67855
174,https://www.gempundit.com/gemstones/aquamarine/aquamarine-gp95320
175,https://www.gempundit.com/gemstones/aquamarine/aquamarine-gp94659
176,https://www.gempundit.com/gemstones/aquamarine/aquamarine-gp77729
177,https://www.gempundit.com/gemstones/aquamarine/aquamarine-gp95275
178,https://www.gempundit.com/gemstones/aquamarine/aquamarine-gp41819
179,https://www.gempundit.com/gemstones/aquamarine/aquamarine-gp94620
180,https://www.gempundit.com/gemstones/aquamarine/aquamarine-gp88578
181,https://www.gempundit.com/gemstones/aquamarine/aquamarine-gp95305
182,https://www.gempundit.com/gemstones/aquamarine/aquamarine-gp68463
183,https://www.gempundit.com/gemstones/aquamarine/aquamarine-gp94651
184,https://www.gempundit.com/gemstones/aquamarine/aquamarine-gp68444
185,https://www.gempundit.com/gemstones/aquamarine/aquamarine-gp104948
186,https://www.gempundit.com/gemstones/aquamarine/aquamarine-gp67840
187,https://www.gempundit.com/gemstones/aquamarine/aquamarine-gp68418
188,https://www.gempundit.com/gemstones/aquamarine/aquamarine-gp41801
189,https://www.gempundit.com/gemstones/aquamarine/aquamarine-super-luxury-quality-9345112083
190,https://www.gempundit.com/gemstones/aquamarine/aquamarine-luxury-quality-2744438446
191,https://www.gempundit.com/gemstones/aquamarine/aquamarine-premium-quality-8262477817
192,https://www.gempundit.com/gemstones/aquamarine/aquamarine-gp94652
193,https://www.gempundit.com/gemstones/aquamarine/aquamarine-gp95308
194,https://www.gempundit.com/gemstones/aquamarine/aquamarine-gp77664
195,https://www.gempundit.com/gemstones/aquamarine/aquamarine-gp105287
196,https://www.gempundit.com/gemstones/aquamarine/aquamarine-gp94616
197,https://www.gempundit.com/gemstones/aquamarine/aquamarine-gp81940
198,https://www.gempundit.com/gemstones/aquamarine/aquamarine-gp88782
199,https://www.gempundit.com/gemstones/aquamarine/aquamarine-gp68443
200,https://www.gempundit.com/gemstones/aquamarine/aquamarine-gp68419
201,https://www.gempundit.com/gemstones/aquamarine/aquamarine-gp88588
202,https://www.gempundit.com/gemstones/aquamarine/aquamarine-gp94622
203,https://www.gempundit.com/gemstones/aquamarine/aquamarine-gp68438
204,https://www.gempundit.com/gemstones/aquamarine/aquamarine-gp88784
205,https://www.gempundit.com/gemstones/aquamarine/aquamarine-gp88582
206,https://www.gempundit.com/gemstones/aquamarine/aquamarine-gp67863
207,https://www.gempundit.com/gemstones/aquamarine/aquamarine-gp104947
208,https://www.gempundit.com/gemstones/aquamarine/aquamarine-gp94621
209,https://www.gempundit.com/gemstones/aquamarine/aquamarine-gp88565
210,https://www.gempundit.com/gemstones/aquamarine/aquamarine-gp95304
211,https://www.gempundit.com/gemstones/aquamarine/aquamarine-gp95293
212,https://www.gempundit.com/gemstones/aquamarine/aquamarine-gp68469
213,https://www.gempundit.com/gemstones/aquamarine/aquamarine-gp67873
214,https://www.gempundit.com/gemstones/aquamarine/aquamarine-gp93928
215,https://www.gempundit.com/gemstones/aquamarine/aquamarine-gp29377
216,https://www.gempundit.com/gemstones/aquamarine/aquamarine-super-luxury-quality-9345112083
217,https://www.gempundit.com/gemstones/aquamarine/aquamarine-luxury-quality-2744438446
218,https://www.gempundit.com/gemstones/aquamarine/aquamarine-premium-quality-8262477817
219,https://www.gempundit.com/gemstones/aquamarine/aquamarine-gp88786
220,https://www.gempundit.com/gemstones/aquamarine/aquamarine-gp105493
221,https://www.gempundit.com/gemstones/aquamarine/aquamarine-gp81936
222,https://www.gempundit.com/gemstones/aquamarine/aquamarine-gp77727
223,https://www.gempundit.com/gemstones/aquamarine/aquamarine-gp68458
224,https://www.gempundit.com/gemstones/aquamarine/aquamarine-gp93930
225,https://www.gempundit.com/gemstones/aquamarine/aquamarine-gp81937
226,https://www.gempundit.com/gemstones/aquamarine/aquamarine-gp81935
227,https://www.gempundit.com/gemstones/aquamarine/aquamarine-gp68417
228,https://www.gempundit.com/gemstones/aquamarine/aquamarine-gp41832
229,https://www.gempundit.com/gemstones/aquamarine/aquamarine-gp68415
230,https://www.gempundit.com/gemstones/aquamarine/aquamarine-gp93933
231,https://www.gempundit.com/gemstones/aquamarine/aquamarine-gp68416
232,https://www.gempundit.com/gemstones/aquamarine/aquamarine-gp67874
233,https://www.gempundit.com/gemstones/aquamarine/aquamarine-gp88783
234,https://www.gempundit.com/gemstones/aquamarine/aquamarine-gp93931
235,https://www.gempundit.com/gemstones/aquamarine/aquamarine-gp94673
236,https://www.gempundit.com/gemstones/aquamarine/aquamarine-gp68442
237,https://www.gempundit.com/gemstones/aquamarine/aquamarine-gp68464
238,https://www.gempundit.com/gemstones/aquamarine/aquamarine-gp29368
239,https://www.gempundit.com/gemstones/aquamarine/aquamarine-gp95302
240,https://www.gempundit.com/gemstones/aquamarine/aquamarine-gp68433
241,https://www.gempundit.com/gemstones/aquamarine/aquamarine-gp81930
242,https://www.gempundit.com/gemstones/aquamarine/aquamarine-gp104952
243,https://www.gempundit.com/gemstones/aquamarine/aquamarine-super-luxury-quality-9345112083
244,https://www.gempundit.com/gemstones/aquamarine/aquamarine-luxury-quality-2744438446
245,https://www.gempundit.com/gemstones/aquamarine/aquamarine-premium-quality-8262477817
246,https://www.gempundit.com/gemstones/aquamarine/aquamarine-gp104946
247,https://www.gempundit.com/gemstones/aquamarine/aquamarine-gp94681
248,https://www.gempundit.com/gemstones/aquamarine/aquamarine-gp81933
249,https://www.gempundit.com/gemstones/aquamarine/aquamarine-gp67862
250,https://www.gempundit.com/gemstones/aquamarine/aquamarine-gp67841
251,https://www.gempundit.com/gemstones/aquamarine/aquamarine-gp95274
252,https://www.gempundit.com/gemstones/aquamarine/aquamarine-gp93926
253,https://www.gempundit.com/gemstones/aquamarine/aquamarine-gp88394
254,https://www.gempundit.com/gemstones/aquamarine/aquamarine-gp88558
255,https://www.gempundit.com/gemstones/aquamarine/aquamarine-gp81939
256,https://www.gempundit.com/gemstones/aquamarine/aquamarine-gp93932
257,https://www.gempundit.com/gemstones/aquamarine/aquamarine-gp104997
258,https://www.gempundit.com/gemstones/aquamarine/aquamarine-gp95282
259,https://www.gempundit.com/gemstones/aquamarine/aquamarine-gp81952
260,https://www.gempundit.com/gemstones/aquamarine/aquamarine-gp68432
261,https://www.gempundit.com/gemstones/aquamarine/aquamarine-gp95272
262,https://www.gempundit.com/gemstones/aquamarine/aquamarine-gp93927
263,https://www.gempundit.com/gemstones/aquamarine/aquamarine-gp67853
264,https://www.gempundit.com/gemstones/aquamarine/aquamarine-gp67871
265,https://www.gempundit.com/gemstones/aquamarine/aquamarine-gp41766
266,https://www.gempundit.com/gemstones/aquamarine/aquamarine-gp94618
267,https://www.gempundit.com/gemstones/aquamarine/aquamarine-gp105494
268,https://www.gempundit.com/gemstones/aquamarine/aquamarine-gp81934
269,https://www.gempundit.com/gemstones/aquamarine/aquamarine-gp68430
270,https://www.gempundit.com/gemstones/aquamarine/aquamarine-super-luxury-quality-9345112083
271,https://www.gempundit.com/gemstones/aquamarine/aquamarine-luxury-quality-2744438446
272,https://www.gempundit.com/gemstones/aquamarine/aquamarine-premium-quality-8262477817
273,https://www.gempundit.com/gemstones/aquamarine/aquamarine-gp104993
274,https://www.gempundit.com/gemstones/aquamarine/aquamarine-gp67851
275,https://www.gempundit.com/gemstones/aquamarine/aquamarine-gp94650
276,https://www.gempundit.com/gemstones/aquamarine/aquamarine-gp81929
277,https://www.gempundit.com/gemstones/aquamarine/aquamarine-gp68456
278,https://www.gempundit.com/gemstones/aquamarine/aquamarine-gp67852
279,https://www.gempundit.com/gemstones/aquamarine/aquamarine-gp41828
280,https://www.gempundit.com/gemstones/aquamarine/aquamarine-gp67847
281,https://www.gempundit.com/gemstones/aquamarine/aquamarine-gp94619
282,https://www.gempundit.com/gemstones/aquamarine/aquamarine-gp105614
283,https://www.gempundit.com/gemstones/aquamarine/aquamarine-gp68437
284,https://www.gempundit.com/gemstones/aquamarine/aquamarine-gp41802
285,https://www.gempundit.com/gemstones/aquamarine/aquamarine-gp94625
286,https://www.gempundit.com/gemstones/aquamarine/aquamarine-gp67869
287,https://www.gempundit.com/gemstones/aquamarine/aquamarine-gp81932
288,https://www.gempundit.com/gemstones/aquamarine/aquamarine-gp81927
289,https://www.gempundit.com/gemstones/aquamarine/aquamarine-gp67838
290,https://www.gempundit.com/gemstones/aquamarine/aquamarine-gp94677
291,https://www.gempundit.com/gemstones/aquamarine/aquamarine-gp68434
292,https://www.gempundit.com/gemstones/aquamarine/aquamarine-gp95292
293,https://www.gempundit.com/gemstones/aquamarine/aquamarine-gp68412
294,https://www.gempundit.com/gemstones/aquamarine/aquamarine-gp104945
295,https://www.gempundit.com/gemstones/aquamarine/aquamarine-gp68406
296,https://www.gempundit.com/gemstones/aquamarine/aquamarine-gp105619
297,https://www.gempundit.com/gemstones/aquamarine/aquamarine-super-luxury-quality-9345112083
298,https://www.gempundit.com/gemstones/aquamarine/aquamarine-luxury-quality-2744438446
299,https://www.gempundit.com/gemstones/aquamarine/aquamarine-premium-quality-8262477817
300,https://www.gempundit.com/gemstones/aquamarine/aquamarine-gp81928
301,https://www.gempundit.com/gemstones/aquamarine/aquamarine-gp100773
302,https://www.gempundit.com/gemstones/aquamarine/aquamarine-gp85228
303,https://www.gempundit.com/gemstones/aquamarine/aquamarine-gp68414
304,https://www.gempundit.com/gemstones/aquamarine/aquamarine-gp68457
305,https://www.gempundit.com/gemstones/aquamarine/aquamarine-gp41773
306,https://www.gempundit.com/gemstones/aquamarine/aquamarine-gp104951
307,https://www.gempundit.com/gemstones/aquamarine/aquamarine-gp67856
308,https://www.gempundit.com/gemstones/aquamarine/aquamarine-gp94645
309,https://www.gempundit.com/gemstones/aquamarine/aquamarine-gp67859
310,https://www.gempundit.com/gemstones/aquamarine/aquamarine-gp68435
311,https://www.gempundit.com/gemstones/aquamarine/aquamarine-gp68425
312,https://www.gempundit.com/gemstones/aquamarine/aquamarine-gp39386
313,https://www.gempundit.com/gemstones/aquamarine/aquamarine-gp104996
314,https://www.gempundit.com/gemstones/aquamarine/aquamarine-gp81925
315,https://www.gempundit.com/gemstones/aquamarine/aquamarine-gp104950
316,https://www.gempundit.com/gemstones/aquamarine/aquamarine-gp68441
317,https://www.gempundit.com/gemstones/aquamarine/aquamarine-gp39388
318,https://www.gempundit.com/gemstones/aquamarine/aquamarine-gp104999
319,https://www.gempundit.com/gemstones/aquamarine/aquamarine-gp81948
320,https://www.gempundit.com/gemstones/aquamarine/aquamarine-gp67848
321,https://www.gempundit.com/gemstones/aquamarine/aquamarine-gp104713
322,https://www.gempundit.com/gemstones/aquamarine/aquamarine-gp94680
323,https://www.gempundit.com/gemstones/aquamarine/aquamarine-gp68455
324,https://www.gempundit.com/gemstones/aquamarine/aquamarine-super-luxury-quality-9345112083
325,https://www.gempundit.com/gemstones/aquamarine/aquamarine-luxury-quality-2744438446
326,https://www.gempundit.com/gemstones/aquamarine/aquamarine-premium-quality-8262477817
327,https://www.gempundit.com/gemstones/aquamarine/aquamarine-gp105539
328,https://www.gempundit.com/gemstones/aquamarine/aquamarine-gp68410
329,https://www.gempundit.com/gemstones/aquamarine/aquamarine-gp104978
330,https://www.gempundit.com/gemstones/aquamarine/aquamarine-gp88393
331,https://www.gempundit.com/gemstones/aquamarine/aquamarine-gp94654
332,https://www.gempundit.com/gemstones/aquamarine/aquamarine-gp94648
333,https://www.gempundit.com/gemstones/aquamarine/aquamarine-gp81931
334,https://www.gempundit.com/gemstones/aquamarine/aquamarine-gp93921
335,https://www.gempundit.com/gemstones/aquamarine/aquamarine-gp67860
336,https://www.gempundit.com/gemstones/aquamarine/aquamarine-gp100772
337,https://www.gempundit.com/gemstones/aquamarine/aquamarine-gp95323
338,https://www.gempundit.com/gemstones/aquamarine/aquamarine-gp104944
339,https://www.gempundit.com/gemstones/aquamarine/aquamarine-gp104983
340,https://www.gempundit.com/gemstones/aquamarine/aquamarine-gp88780
341,https://www.gempundit.com/gemstones/aquamarine/aquamarine-gp94653
342,https://www.gempundit.com/gemstones/aquamarine/aquamarine-gp68431
343,https://www.gempundit.com/gemstones/aquamarine/aquamarine-gp68409
344,https://www.gempundit.com/gemstones/aquamarine/aquamarine-gp67843
345,https://www.gempundit.com/gemstones/aquamarine/aquamarine-gp68404
346,https://www.gempundit.com/gemstones/aquamarine/aquamarine-gp94632
347,https://www.gempundit.com/gemstones/aquamarine/aquamarine-gp68403
348,https://www.gempundit.com/gemstones/aquamarine/aquamarine-gp81919
349,https://www.gempundit.com/gemstones/aquamarine/aquamarine-gp68424
350,https://www.gempundit.com/gemstones/aquamarine/aquamarine-gp94631
351,https://www.gempundit.com/gemstones/aquamarine/aquamarine-super-luxury-quality-9345112083
352,https://www.gempundit.com/gemstones/aquamarine/aquamarine-luxury-quality-2744438446
353,https://www.gempundit.com/gemstones/aquamarine/aquamarine-premium-quality-8262477817
354,https://www.gempundit.com/gemstones/aquamarine/aquamarine-gp94674
355,https://www.gempundit.com/gemstones/aquamarine/aquamarine-gp81922
356,https://www.gempundit.com/gemstones/aquamarine/aquamarine-gp68413
357,https://www.gempundit.com/gemstones/aquamarine/aquamarine-gp105502
358,https://www.gempundit.com/gemstones/aquamarine/aquamarine-gp41822
359,https://www.gempundit.com/gemstones/aquamarine/aquamarine-gp104974
360,https://www.gempundit.com/gemstones/aquamarine/aquamarine-gp68428
361,https://www.gempundit.com/gemstones/aquamarine/aquamarine-gp104955
362,https://www.gempundit.com/gemstones/aquamarine/aquamarine-gp39383
363,https://www.gempundit.com/gemstones/aquamarine/aquamarine-gp88768
364,https://www.gempundit.com/gemstones/aquamarine/aquamarine-gp77648
365,https://www.gempundit.com/gemstones/aquamarine/aquamarine-gp88792
366,https://www.gempundit.com/gemstones/aquamarine/aquamarine-gp81923
367,https://www.gempundit.com/gemstones/aquamarine/aquamarine-gp67858
368,https://www.gempundit.com/gemstones/aquamarine/aquamarine-gp88556
369,https://www.gempundit.com/gemstones/aquamarine/aquamarine-gp88560
370,https://www.gempundit.com/gemstones/aquamarine/aquamarine-gp81926
371,https://www.gempundit.com/gemstones/aquamarine/aquamarine-gp81924
372,https://www.gempundit.com/gemstones/aquamarine/aquamarine-gp39384
373,https://www.gempundit.com/gemstones/aquamarine/aquamarine-gp104960
374,https://www.gempundit.com/gemstones/aquamarine/aquamarine-gp94624
375,https://www.gempundit.com/gemstones/aquamarine/aquamarine-gp94662
376,https://www.gempundit.com/gemstones/aquamarine/aquamarine-gp81947
377,https://www.gempundit.com/gemstones/aquamarine/aquamarine-gp88772
378,https://www.gempundit.com/gemstones/aquamarine/aquamarine-super-luxury-quality-9345112083
379,https://www.gempundit.com/gemstones/aquamarine/aquamarine-luxury-quality-2744438446
380,https://www.gempundit.com/gemstones/aquamarine/aquamarine-premium-quality-8262477817
381,https://www.gempundit.com/gemstones/aquamarine/aquamarine-gp88790
382,https://www.gempundit.com/gemstones/aquamarine/aquamarine-gp81953
383,https://www.gempundit.com/gemstones/aquamarine/aquamarine-gp104973
384,https://www.gempundit.com/gemstones/aquamarine/aquamarine-gp88778
385,https://www.gempundit.com/gemstones/aquamarine/aquamarine-gp104977
386,https://www.gempundit.com/gemstones/aquamarine/aquamarine-gp95291
387,https://www.gempundit.com/gemstones/aquamarine/aquamarine-gp104998
388,https://www.gempundit.com/gemstones/aquamarine/aquamarine-gp98462
389,https://www.gempundit.com/gemstones/aquamarine/aquamarine-gp104958
390,https://www.gempundit.com/gemstones/aquamarine/aquamarine-gp95270
391,https://www.gempundit.com/gemstones/aquamarine/aquamarine-gp88775
392,https://www.gempundit.com/gemstones/aquamarine/aquamarine-gp95271
393,https://www.gempundit.com/gemstones/aquamarine/aquamarine-gp105759
394,https://www.gempundit.com/gemstones/aquamarine/aquamarine-gp81917
395,https://www.gempundit.com/gemstones/aquamarine/aquamarine-gp105032
396,https://www.gempundit.com/gemstones/aquamarine/aquamarine-gp88590
397,https://www.gempundit.com/gemstones/aquamarine/aquamarine-gp94682
398,https://www.gempundit.com/gemstones/aquamarine/aquamarine-gp94672
399,https://www.gempundit.com/gemstones/aquamarine/aquamarine-gp39366
400,https://www.gempundit.com/gemstones/aquamarine/aquamarine-gp105490
401,https://www.gempundit.com/gemstones/aquamarine/aquamarine-gp105035
402,https://www.gempundit.com/gemstones/aquamarine/aquamarine-gp88764
403,https://www.gempundit.com/gemstones/aquamarine/aquamarine-gp39367
404,https://www.gempundit.com/gemstones/aquamarine/aquamarine-gp39381
405,https://www.gempundit.com/gemstones/aquamarine/aquamarine-super-luxury-quality-9345112083
406,https://www.gempundit.com/gemstones/aquamarine/aquamarine-luxury-quality-2744438446
407,https://www.gempundit.com/gemstones/aquamarine/aquamarine-premium-quality-8262477817
408,https://www.gempundit.com/gemstones/aquamarine/aquamarine-gp88776
409,https://www.gempundit.com/gemstones/aquamarine/aquamarine-gp88771
410,https://www.gempundit.com/gemstones/aquamarine/aquamarine-gp81921
411,https://www.gempundit.com/gemstones/aquamarine/aquamarine-gp104957
412,https://www.gempundit.com/gemstones/aquamarine/aquamarine-gp94639
413,https://www.gempundit.com/gemstones/aquamarine/aquamarine-gp88765
414,https://www.gempundit.com/gemstones/aquamarine/aquamarine-gp88762
415,https://www.gempundit.com/gemstones/aquamarine/aquamarine-gp99049
416,https://www.gempundit.com/gemstones/aquamarine/aquamarine-gp99050
417,https://www.gempundit.com/gemstones/aquamarine/aquamarine-gp94676
418,https://www.gempundit.com/gemstones/aquamarine/aquamarine-gp88763
419,https://www.gempundit.com/gemstones/aquamarine/aquamarine-gp68402
420,https://www.gempundit.com/gemstones/aquamarine/aquamarine-gp20553
421,https://www.gempundit.com/gemstones/aquamarine/aquamarine-gp105036
422,https://www.gempundit.com/gemstones/aquamarine/aquamarine-gp99053
423,https://www.gempundit.com/gemstones/aquamarine/aquamarine-gp105498
424,https://www.gempundit.com/gemstones/aquamarine/aquamarine-gp94679
425,https://www.gempundit.com/gemstones/aquamarine/aquamarine-gp81911
426,https://www.gempundit.com/gemstones/aquamarine/aquamarine-gp104979
427,https://www.gempundit.com/gemstones/aquamarine/aquamarine-gp88793
428,https://www.gempundit.com/gemstones/aquamarine/aquamarine-gp88766
429,https://www.gempundit.com/gemstones/aquamarine/aquamarine-gp94665
430,https://www.gempundit.com/gemstones/aquamarine/aquamarine-gp88770
431,https://www.gempundit.com/gemstones/aquamarine/aquamarine-gp56749
432,https://www.gempundit.com/gemstones/aquamarine/aquamarine-super-luxury-quality-9345112083
433,https://www.gempundit.com/gemstones/aquamarine/aquamarine-luxury-quality-2744438446
434,https://www.gempundit.com/gemstones/aquamarine/aquamarine-premium-quality-8262477817
435,https://www.gempundit.com/gemstones/aquamarine/aquamarine-gp81918
436,https://www.gempundit.com/gemstones/aquamarine/aquamarine-gp81946
437,https://www.gempundit.com/gemstones/aquamarine/aquamarine-gp104972
438,https://www.gempundit.com/gemstones/aquamarine/aquamarine-gp105034
439,https://www.gempundit.com/gemstones/aquamarine/aquamarine-gp81943
440,https://www.gempundit.com/gemstones/aquamarine/aquamarine-gp98463
441,https://www.gempundit.com/gemstones/aquamarine/aquamarine-gp94675
442,https://www.gempundit.com/gemstones/aquamarine/aquamarine-gp94617
443,https://www.gempundit.com/gemstones/aquamarine/aquamarine-gp105538
444,https://www.gempundit.com/gemstones/aquamarine/aquamarine-gp104935
445,https://www.gempundit.com/gemstones/aquamarine/aquamarine-gp88774
446,https://www.gempundit.com/gemstones/aquamarine/aquamarine-gp105030
447,https://www.gempundit.com/gemstones/aquamarine/aquamarine-gp88391
448,https://www.gempundit.com/gemstones/aquamarine/aquamarine-gp81945
449,https://www.gempundit.com/gemstones/aquamarine/aquamarine-gp105760
450,https://www.gempundit.com/gemstones/aquamarine/aquamarine-gp41765
451,https://www.gempundit.com/gemstones/aquamarine/aquamarine-gp104975
452,https://www.gempundit.com/gemstones/aquamarine/aquamarine-gp99052
453,https://www.gempundit.com/gemstones/aquamarine/aquamarine-gp77644
454,https://www.gempundit.com/gemstones/aquamarine/aquamarine-gp56740
455,https://www.gempundit.com/gemstones/aquamarine/aquamarine-gp81910
456,https://www.gempundit.com/gemstones/aquamarine/aquamarine-gp105758
457,https://www.gempundit.com/gemstones/aquamarine/aquamarine-gp104981
458,https://www.gempundit.com/gemstones/aquamarine/aquamarine-gp100774
459,https://www.gempundit.com/gemstones/aquamarine/aquamarine-super-luxury-quality-9345112083
460,https://www.gempundit.com/gemstones/aquamarine/aquamarine-luxury-quality-2744438446
461,https://www.gempundit.com/gemstones/aquamarine/aquamarine-premium-quality-8262477817
462,https://www.gempundit.com/gemstones/aquamarine/aquamarine-gp105031
463,https://www.gempundit.com/gemstones/aquamarine/aquamarine-gp104980
464,https://www.gempundit.com/gemstones/aquamarine/aquamarine-gp104982
465,https://www.gempundit.com/gemstones/aquamarine/aquamarine-gp35790
466,https://www.gempundit.com/gemstones/aquamarine/aquamarine-gp81944
467,https://www.gempundit.com/gemstones/aquamarine/aquamarine-gp68407
468,https://www.gempundit.com/gemstones/aquamarine/aquamarine-gp98499
469,https://www.gempundit.com/gemstones/aquamarine/aquamarine-gp39379
470,https://www.gempundit.com/gemstones/aquamarine/aquamarine-gp94640
471,https://www.gempundit.com/gemstones/aquamarine/aquamarine-gp105028
472,https://www.gempundit.com/gemstones/aquamarine/aquamarine-gp104959
473,https://www.gempundit.com/gemstones/aquamarine/aquamarine-gp94671
474,https://www.gempundit.com/gemstones/aquamarine/aquamarine-gp88390
475,https://www.gempundit.com/gemstones/aquamarine/aquamarine-gp98491
476,https://www.gempundit.com/gemstones/aquamarine/aquamarine-gp81909
477,https://www.gempundit.com/gemstones/aquamarine/aquamarine-gp99042
478,https://www.gempundit.com/gemstones/aquamarine/aquamarine-gp94663
479,https://www.gempundit.com/gemstones/aquamarine/aquamarine-gp104954
480,https://www.gempundit.com/gemstones/aquamarine/aquamarine-gp98475
481,https://www.gempundit.com/gemstones/aquamarine/aquamarine-gp104953
482,https://www.gempundit.com/gemstones/aquamarine/aquamarine-gp88761
483,https://www.gempundit.com/gemstones/aquamarine/aquamarine-gp81915
484,https://www.gempundit.com/gemstones/aquamarine/aquamarine-gp98473
485,https://www.gempundit.com/gemstones/aquamarine/aquamarine-gp88551
486,https://www.gempundit.com/gemstones/aquamarine/aquamarine-super-luxury-quality-9345112083
487,https://www.gempundit.com/gemstones/aquamarine/aquamarine-luxury-quality-2744438446
488,https://www.gempundit.com/gemstones/aquamarine/aquamarine-premium-quality-8262477817
489,https://www.gempundit.com/gemstones/aquamarine/aquamarine-gp104976
490,https://www.gempundit.com/gemstones/aquamarine/aquamarine-gp104956
491,https://www.gempundit.com/gemstones/aquamarine/aquamarine-gp41824
492,https://www.gempundit.com/gemstones/aquamarine/aquamarine-gp98485
493,https://www.gempundit.com/gemstones/aquamarine/aquamarine-gp98487
494,https://www.gempundit.com/gemstones/aquamarine/aquamarine-gp88568
495,https://www.gempundit.com/gemstones/aquamarine/aquamarine-gp105491
496,https://www.gempundit.com/gemstones/aquamarine/aquamarine-gp105613
497,https://www.gempundit.com/gemstones/aquamarine/aquamarine-gp98497
498,https://www.gempundit.com/gemstones/aquamarine/aquamarine-gp94630
499,https://www.gempundit.com/gemstones/aquamarine/aquamarine-gp81913
500,https://www.gempundit.com/gemstones/aquamarine/aquamarine-gp105492
501,https://www.gempundit.com/gemstones/aquamarine/aquamarine-gp105029
502,https://www.gempundit.com/gemstones/aquamarine/aquamarine-gp99043
503,https://www.gempundit.com/gemstones/aquamarine/aquamarine-gp94643
504,https://www.gempundit.com/gemstones/aquamarine/aquamarine-gp99047
505,https://www.gempundit.com/gemstones/aquamarine/aquamarine-gp35796
506,https://www.gempundit.com/gemstones/aquamarine/aquamarine-gp94678
507,https://www.gempundit.com/gemstones/aquamarine/aquamarine-gp94635
508,https://www.gempundit.com/gemstones/aquamarine/aquamarine-gp81906
509,https://www.gempundit.com/gemstones/aquamarine/aquamarine-gp105504
510,https://www.gempundit.com/gemstones/aquamarine/aquamarine-gp81908
511,https://www.gempundit.com/gemstones/aquamarine/aquamarine-gp94633
512,https://www.gempundit.com/gemstones/aquamarine/aquamarine-gp99044
513,https://www.gempundit.com/gemstones/aquamarine/aquamarine-super-luxury-quality-9345112083
514,https://www.gempundit.com/gemstones/aquamarine/aquamarine-luxury-quality-2744438446
515,https://www.gempundit.com/gemstones/aquamarine/aquamarine-premium-quality-8262477817
516,https://www.gempundit.com/gemstones/aquamarine/aquamarine-gp88552
517,https://www.gempundit.com/gemstones/aquamarine/aquamarine-gp98494
518,https://www.gempundit.com/gemstones/aquamarine/aquamarine-gp105033
519,https://www.gempundit.com/gemstones/aquamarine/aquamarine-gp98496
520,https://www.gempundit.com/gemstones/aquamarine/aquamarine-gp98483
521,https://www.gempundit.com/gemstones/aquamarine/aquamarine-gp98460
522,https://www.gempundit.com/gemstones/aquamarine/aquamarine-gp104739
523,https://www.gempundit.com/gemstones/aquamarine/aquamarine-gp81942
524,https://www.gempundit.com/gemstones/aquamarine/aquamarine-gp105536
525,https://www.gempundit.com/gemstones/aquamarine/aquamarine-gp94670
526,https://www.gempundit.com/gemstones/aquamarine/aquamarine-gp105495
527,https://www.gempundit.com/gemstones/aquamarine/aquamarine-gp105496
528,https://www.gempundit.com/gemstones/aquamarine/aquamarine-gp81904
529,https://www.gempundit.com/gemstones/aquamarine/aquamarine-gp98484
530,https://www.gempundit.com/gemstones/aquamarine/aquamarine-gp105503
531,https://www.gempundit.com/gemstones/aquamarine/aquamarine-gp98472
532,https://www.gempundit.com/gemstones/aquamarine/aquamarine-gp99041
533,https://www.gempundit.com/gemstones/aquamarine/aquamarine-gp98467
534,https://www.gempundit.com/gemstones/aquamarine/aquamarine-gp94686
535,https://www.gempundit.com/gemstones/aquamarine/aquamarine-gp105497
536,https://www.gempundit.com/gemstones/aquamarine/aquamarine-gp88389
537,https://www.gempundit.com/gemstones/aquamarine/aquamarine-gp67849
538,https://www.gempundit.com/gemstones/aquamarine/aquamarine-gp81907
539,https://www.gempundit.com/gemstones/aquamarine/aquamarine-gp105037
540,https://www.gempundit.com/gemstones/aquamarine/aquamarine-super-luxury-quality-9345112083
541,https://www.gempundit.com/gemstones/aquamarine/aquamarine-luxury-quality-2744438446
542,https://www.gempundit.com/gemstones/aquamarine/aquamarine-premium-quality-8262477817
543,https://www.gempundit.com/gemstones/aquamarine/aquamarine-gp35789
544,https://www.gempundit.com/gemstones/aquamarine/aquamarine-gp104737
545,https://www.gempundit.com/gemstones/aquamarine/aquamarine-gp105610
546,https://www.gempundit.com/gemstones/aquamarine/aquamarine-gp104962
547,https://www.gempundit.com/gemstones/aquamarine/aquamarine-gp98469
548,https://www.gempundit.com/gemstones/aquamarine/aquamarine-gp98474
549,https://www.gempundit.com/gemstones/aquamarine/aquamarine-gp98468
550,https://www.gempundit.com/gemstones/aquamarine/aquamarine-gp104963
551,https://www.gempundit.com/gemstones/aquamarine/aquamarine-gp98481
552,https://www.gempundit.com/gemstones/aquamarine/aquamarine-gp35793
553,https://www.gempundit.com/gemstones/aquamarine/aquamarine-gp35791
554,https://www.gempundit.com/gemstones/aquamarine/aquamarine-gp105501
555,https://www.gempundit.com/gemstones/aquamarine/aquamarine-gp104964
556,https://www.gempundit.com/gemstones/aquamarine/aquamarine-gp35795
557,https://www.gempundit.com/gemstones/aquamarine/aquamarine-gp105044
558,https://www.gempundit.com/gemstones/aquamarine/aquamarine-gp35797
559,https://www.gempundit.com/gemstones/aquamarine/aquamarine-gp99040
560,https://www.gempundit.com/gemstones/aquamarine/aquamarine-gp99046
561,https://www.gempundit.com/gemstones/aquamarine/aquamarine-gp98476
562,https://www.gempundit.com/gemstones/aquamarine/aquamarine-gp98486
563,https://www.gempundit.com/gemstones/aquamarine/aquamarine-gp88392
564,https://www.gempundit.com/gemstones/aquamarine/aquamarine-gp105616
565,https://www.gempundit.com/gemstones/aquamarine/aquamarine-gp105499
566,https://www.gempundit.com/gemstones/aquamarine/aquamarine-gp98479
567,https://www.gempundit.com/gemstones/aquamarine/aquamarine-super-luxury-quality-9345112083
568,https://www.gempundit.com/gemstones/aquamarine/aquamarine-luxury-quality-2744438446
569,https://www.gempundit.com/gemstones/aquamarine/aquamarine-premium-quality-8262477817
570,https://www.gempundit.com/gemstones/aquamarine/aquamarine-gp35798
571,https://www.gempundit.com/gemstones/aquamarine/aquamarine-gp98480
572,https://www.gempundit.com/gemstones/aquamarine/aquamarine-gp98495
573,https://www.gempundit.com/gemstones/aquamarine/aquamarine-gp99045
574,https://www.gempundit.com/gemstones/aquamarine/aquamarine-gp98464
575,https://www.gempundit.com/gemstones/aquamarine/aquamarine-gp81950
576,https://www.gempundit.com/gemstones/aquamarine/aquamarine-gp104729
577,https://www.gempundit.com/gemstones/aquamarine/aquamarine-gp98488
578,https://www.gempundit.com/gemstones/aquamarine/aquamarine-gp104936
579,https://www.gempundit.com/gemstones/aquamarine/aquamarine-gp94683
580,https://www.gempundit.com/gemstones/aquamarine/aquamarine-gp105615
581,https://www.gempundit.com/gemstones/aquamarine/aquamarine-gp98490
582,https://www.gempundit.com/gemstones/aquamarine/aquamarine-gp104941
583,https://www.gempundit.com/gemstones/aquamarine/aquamarine-gp104716
584,https://www.gempundit.com/gemstones/aquamarine/aquamarine-gp99051
585,https://www.gempundit.com/gemstones/aquamarine/aquamarine-gp98477
586,https://www.gempundit.com/gemstones/aquamarine/aquamarine-gp99055
587,https://www.gempundit.com/gemstones/aquamarine/aquamarine-gp105500
588,https://www.gempundit.com/gemstones/aquamarine/aquamarine-gp104942
589,https://www.gempundit.com/gemstones/aquamarine/aquamarine-gp95269
590,https://www.gempundit.com/gemstones/aquamarine/aquamarine-gp94688
591,https://www.gempundit.com/gemstones/aquamarine/aquamarine-gp98498
592,https://www.gempundit.com/gemstones/aquamarine/aquamarine-gp94642
593,https://www.gempundit.com/gemstones/aquamarine/aquamarine-gp88385
594,https://www.gempundit.com/gemstones/aquamarine/aquamarine-super-luxury-quality-9345112083
595,https://www.gempundit.com/gemstones/aquamarine/aquamarine-luxury-quality-2744438446
596,https://www.gempundit.com/gemstones/aquamarine/aquamarine-premium-quality-8262477817
597,https://www.gempundit.com/gemstones/aquamarine/aquamarine-gp94685
598,https://www.gempundit.com/gemstones/aquamarine/aquamarine-gp105489
599,https://www.gempundit.com/gemstones/aquamarine/aquamarine-gp98478
600,https://www.gempundit.com/gemstones/aquamarine/aquamarine-gp104731
601,https://www.gempundit.com/gemstones/aquamarine/aquamarine-gp104732
602,https://www.gempundit.com/gemstones/aquamarine/aquamarine-gp99054
603,https://www.gempundit.com/gemstones/aquamarine/aquamarine-gp98466
604,https://www.gempundit.com/gemstones/aquamarine/aquamarine-gp105505
605,https://www.gempundit.com/gemstones/aquamarine/aquamarine-gp94641
606,https://www.gempundit.com/gemstones/aquamarine/aquamarine-gp95664
607,https://www.gempundit.com/gemstones/aquamarine/aquamarine-gp104736
608,https://www.gempundit.com/gemstones/aquamarine/aquamarine-gp98492
609,https://www.gempundit.com/gemstones/aquamarine/aquamarine-gp95663
610,https://www.gempundit.com/gemstones/aquamarine/aquamarine-gp104966
611,https://www.gempundit.com/gemstones/aquamarine/aquamarine-gp104735
612,https://www.gempundit.com/gemstones/aquamarine/aquamarine-gp104722
613,https://www.gempundit.com/gemstones/aquamarine/aquamarine-gp93924
614,https://www.gempundit.com/gemstones/aquamarine/aquamarine-gp98465
615,https://www.gempundit.com/gemstones/aquamarine/aquamarine-gp93925
616,https://www.gempundit.com/gemstones/aquamarine/aquamarine-gp67831
617,https://www.gempundit.com/gemstones/aquamarine/aquamarine-gp104965
618,https://www.gempundit.com/gemstones/aquamarine/aquamarine-gp105609
619,https://www.gempundit.com/gemstones/aquamarine/aquamarine-gp93977
620,https://www.gempundit.com/gemstones/aquamarine/aquamarine-gp104725
621,https://www.gempundit.com/gemstones/aquamarine/aquamarine-super-luxury-quality-9345112083
622,https://www.gempundit.com/gemstones/aquamarine/aquamarine-luxury-quality-2744438446
623,https://www.gempundit.com/gemstones/aquamarine/aquamarine-premium-quality-8262477817
624,https://www.gempundit.com/gemstones/aquamarine/aquamarine-gp98482
625,https://www.gempundit.com/gemstones/aquamarine/aquamarine-gp98493
626,https://www.gempundit.com/gemstones/aquamarine/aquamarine-gp72809
627,https://www.gempundit.com/gemstones/aquamarine/aquamarine-gp94664
628,https://www.gempundit.com/gemstones/aquamarine/aquamarine-gp72808
629,https://www.gempundit.com/gemstones/aquamarine/aquamarine-gp95662
630,https://www.gempundit.com/gemstones/aquamarine/aquamarine-gp72810
631,https://www.gempundit.com/gemstones/aquamarine/aquamarine-gp82645
632,https://www.gempundit.com/gemstones/aquamarine/aquamarine-gp94667
633,https://www.gempundit.com/gemstones/aquamarine/aquamarine-gp98461
634,https://www.gempundit.com/gemstones/aquamarine/aquamarine-gp93976
635,https://www.gempundit.com/gemstones/aquamarine/aquamarine-gp39369
636,https://www.gempundit.com/gemstones/aquamarine/aquamarine-gp67835
637,https://www.gempundit.com/gemstones/aquamarine/aquamarine-gp88386
638,https://www.gempundit.com/gemstones/aquamarine/aquamarine-gp94669
639,https://www.gempundit.com/gemstones/aquamarine/aquamarine-gp104733
640,https://www.gempundit.com/gemstones/aquamarine/aquamarine-gp68480
641,https://www.gempundit.com/gemstones/aquamarine/aquamarine-gp98489
642,https://www.gempundit.com/gemstones/aquamarine/aquamarine-gp105617
643,https://www.gempundit.com/gemstones/aquamarine/aquamarine-gp104717
644,https://www.gempundit.com/gemstones/aquamarine/aquamarine-gp104740
645,https://www.gempundit.com/gemstones/aquamarine/aquamarine-gp94687
646,https://www.gempundit.com/gemstones/aquamarine/aquamarine-gp104734
647,https://www.gempundit.com/gemstones/aquamarine/aquamarine-gp104727
648,https://www.gempundit.com/gemstones/aquamarine/aquamarine-super-luxury-quality-9345112083
649,https://www.gempundit.com/gemstones/aquamarine/aquamarine-luxury-quality-2744438446
650,https://www.gempundit.com/gemstones/aquamarine/aquamarine-premium-quality-8262477817
651,https://www.gempundit.com/gemstones/aquamarine/aquamarine-gp82643
652,https://www.gempundit.com/gemstones/aquamarine/aquamarine-gp88739
653,https://www.gempundit.com/gemstones/aquamarine/aquamarine-gp104728
654,https://www.gempundit.com/gemstones/aquamarine/aquamarine-gp82641
655,https://www.gempundit.com/gemstones/aquamarine/aquamarine-gp104723
656,https://www.gempundit.com/gemstones/aquamarine/aquamarine-gp95657
657,https://www.gempundit.com/gemstones/aquamarine/aquamarine-gp82642
658,https://www.gempundit.com/gemstones/aquamarine/aquamarine-gp104726
659,https://www.gempundit.com/gemstones/aquamarine/aquamarine-gp31497
660,https://www.gempundit.com/gemstones/aquamarine/aquamarine-gp82647
661,https://www.gempundit.com/gemstones/aquamarine/aquamarine-gp88737
662,https://www.gempundit.com/gemstones/aquamarine/aquamarine-gp82646
663,https://www.gempundit.com/gemstones/aquamarine/aquamarine-gp82639
664,https://www.gempundit.com/gemstones/aquamarine/aquamarine-gp104721
665,https://www.gempundit.com/gemstones/aquamarine/aquamarine-gp104718
