,Basra Pearls
0,https://www.gempundit.com/gemstones/basra-pearls/pearl-gp36018
1,https://www.gempundit.com/gemstones/basra-pearls/pearl-gp48228
2,https://www.gempundit.com/gemstones/basra-pearls/pearl-gp85589
3,https://www.gempundit.com/gemstones/basra-pearls/pearl-gp85591
4,https://www.gempundit.com/gemstones/basra-pearls/pearl-gp48223
5,https://www.gempundit.com/gemstones/basra-pearls/pearl-gp85590
6,https://www.gempundit.com/gemstones/basra-pearls/pearl-gp48222
7,https://www.gempundit.com/gemstones/basra-pearls/pearl-gp47190
8,https://www.gempundit.com/gemstones/basra-pearls/pearl-gp55593
9,https://www.gempundit.com/gemstones/basra-pearls/pearl-gp36572
10,https://www.gempundit.com/gemstones/basra-pearls/pearl-gp54012
11,https://www.gempundit.com/gemstones/basra-pearls/pearl-gp47183
12,https://www.gempundit.com/gemstones/basra-pearls/pearl-gp47180
13,https://www.gempundit.com/gemstones/basra-pearls/pearl-gp47191
14,https://www.gempundit.com/gemstones/basra-pearls/pearl-gp47186
15,https://www.gempundit.com/gemstones/basra-pearls/pearl-gp48231
16,https://www.gempundit.com/gemstones/basra-pearls/pearl-gp47194
17,https://www.gempundit.com/gemstones/basra-pearls/pearl-gp47181
18,https://www.gempundit.com/gemstones/basra-pearls/pearl-gp55595
19,https://www.gempundit.com/gemstones/basra-pearls/pearl-gp47175
20,https://www.gempundit.com/gemstones/basra-pearls/pearl-gp47177
21,https://www.gempundit.com/gemstones/basra-pearls/pearl-gp55596
22,https://www.gempundit.com/gemstones/basra-pearls/pearl-gp54010
23,https://www.gempundit.com/gemstones/basra-pearls/pearl-gp55597
24,https://www.gempundit.com/gemstones/basra-pearls/pearl-gp47973
25,https://www.gempundit.com/gemstones/basra-pearls/pearl-gp54009
26,https://www.gempundit.com/gemstones/basra-pearls/pearl-gp54008
27,https://www.gempundit.com/gemstones/basra-pearls/pearl-gp54007
28,https://www.gempundit.com/gemstones/basra-pearls/pearl-gp47974
29,https://www.gempundit.com/gemstones/basra-pearls/pearl-gp54006
30,https://www.gempundit.com/gemstones/basra-pearls/pearl-gp47182
31,https://www.gempundit.com/gemstones/basra-pearls/pearl-gp47976
32,https://www.gempundit.com/gemstones/basra-pearls/pearl-gp62635
33,https://www.gempundit.com/gemstones/basra-pearls/pearl-gp47188
34,https://www.gempundit.com/gemstones/basra-pearls/pearl-gp47978
35,https://www.gempundit.com/gemstones/basra-pearls/pearl-gp62636
36,https://www.gempundit.com/gemstones/basra-pearls/pearl-gp62637
37,https://www.gempundit.com/gemstones/basra-pearls/pearl-gp47176
38,https://www.gempundit.com/gemstones/basra-pearls/pearl-gp62638
39,https://www.gempundit.com/gemstones/basra-pearls/pearl-gp62634
40,https://www.gempundit.com/gemstones/basra-pearls/pearl-gp91174
41,https://www.gempundit.com/gemstones/basra-pearls/pearl-gp47195
42,https://www.gempundit.com/gemstones/basra-pearls/pearl-gp47979
43,https://www.gempundit.com/gemstones/basra-pearls/pearl-gp91179
44,https://www.gempundit.com/gemstones/basra-pearls/pearl-gp91173
45,https://www.gempundit.com/gemstones/basra-pearls/pearl-gp47174
46,https://www.gempundit.com/gemstones/basra-pearls/pearl-gp88919
47,https://www.gempundit.com/gemstones/basra-pearls/pearl-gp85539
48,https://www.gempundit.com/gemstones/basra-pearls/pearl-gp47170
49,https://www.gempundit.com/gemstones/basra-pearls/pearl-gp47163
50,https://www.gempundit.com/gemstones/basra-pearls/pearl-gp85538
51,https://www.gempundit.com/gemstones/basra-pearls/pearl-gp47164
52,https://www.gempundit.com/gemstones/basra-pearls/pearl-gp47980
53,https://www.gempundit.com/gemstones/basra-pearls/pearl-gp47157
54,https://www.gempundit.com/gemstones/basra-pearls/pearl-gp33132
55,https://www.gempundit.com/gemstones/basra-pearls/pearl-gp54000
56,https://www.gempundit.com/gemstones/basra-pearls/pearl-gp47169
57,https://www.gempundit.com/gemstones/basra-pearls/pearl-gp47985
58,https://www.gempundit.com/gemstones/basra-pearls/pearl-gp31153
59,https://www.gempundit.com/gemstones/basra-pearls/pearl-gp47159
60,https://www.gempundit.com/gemstones/basra-pearls/pearl-gp47167
61,https://www.gempundit.com/gemstones/basra-pearls/pearl-gp88920
62,https://www.gempundit.com/gemstones/basra-pearls/pearl-gp62584
63,https://www.gempundit.com/gemstones/basra-pearls/pearl-gp62573
64,https://www.gempundit.com/gemstones/basra-pearls/pearl-gp62583
65,https://www.gempundit.com/gemstones/basra-pearls/pearl-gp62585
66,https://www.gempundit.com/gemstones/basra-pearls/pearl-gp47161
67,https://www.gempundit.com/gemstones/basra-pearls/pearl-gp47983
68,https://www.gempundit.com/gemstones/basra-pearls/pearl-gp47166
69,https://www.gempundit.com/gemstones/basra-pearls/pearl-gp62580
70,https://www.gempundit.com/gemstones/basra-pearls/pearl-gp91186
71,https://www.gempundit.com/gemstones/basra-pearls/pearl-gp62579
72,https://www.gempundit.com/gemstones/basra-pearls/pearl-gp62578
73,https://www.gempundit.com/gemstones/basra-pearls/pearl-gp62577
74,https://www.gempundit.com/gemstones/basra-pearls/pearl-gp33377
75,https://www.gempundit.com/gemstones/basra-pearls/pearl-gp31340
76,https://www.gempundit.com/gemstones/basra-pearls/pearl-gp31337
77,https://www.gempundit.com/gemstones/basra-pearls/pearl-gp33378
78,https://www.gempundit.com/gemstones/basra-pearls/pearl-gp72951
79,https://www.gempundit.com/gemstones/basra-pearls/pearl-gp91164
80,https://www.gempundit.com/gemstones/basra-pearls/pearl-gp72956
81,https://www.gempundit.com/gemstones/basra-pearls/pearl-gp62939
82,https://www.gempundit.com/gemstones/basra-pearls/pearl-gp91185
83,https://www.gempundit.com/gemstones/basra-pearls/pearl-gp72953
84,https://www.gempundit.com/gemstones/basra-pearls/pearl-gp72797
85,https://www.gempundit.com/gemstones/basra-pearls/pearl-gp36333
86,https://www.gempundit.com/gemstones/basra-pearls/pearl-gp91166
87,https://www.gempundit.com/gemstones/basra-pearls/pearl-gp91165
