,Black Spinel
0,https://www.gempundit.com/gemstones/black-spinel/spinel-gp73044
1,https://www.gempundit.com/gemstones/black-spinel/spinel-gp73047
2,https://www.gempundit.com/gemstones/black-spinel/spinel-gp73052
3,https://www.gempundit.com/gemstones/black-spinel/spinel-gp73042
4,https://www.gempundit.com/gemstones/black-spinel/spinel-gp73048
5,https://www.gempundit.com/gemstones/black-spinel/spinel-gp63789
6,https://www.gempundit.com/gemstones/black-spinel/spinel-gp63864
7,https://www.gempundit.com/gemstones/black-spinel/spinel-gp63824
8,https://www.gempundit.com/gemstones/black-spinel/spinel-gp63788
9,https://www.gempundit.com/gemstones/black-spinel/spinel-gp63821
10,https://www.gempundit.com/gemstones/black-spinel/spinel-gp63818
11,https://www.gempundit.com/gemstones/black-spinel/spinel-gp63810
12,https://www.gempundit.com/gemstones/black-spinel/spinel-gp63805
13,https://www.gempundit.com/gemstones/black-spinel/spinel-gp63829
14,https://www.gempundit.com/gemstones/black-spinel/spinel-gp63813
15,https://www.gempundit.com/gemstones/black-spinel/spinel-gp63798
16,https://www.gempundit.com/gemstones/black-spinel/spinel-gp63814
17,https://www.gempundit.com/gemstones/black-spinel/spinel-gp73054
18,https://www.gempundit.com/gemstones/black-spinel/spinel-gp63823
19,https://www.gempundit.com/gemstones/black-spinel/spinel-gp63779
20,https://www.gempundit.com/gemstones/black-spinel/spinel-gp63827
21,https://www.gempundit.com/gemstones/black-spinel/spinel-gp63817
22,https://www.gempundit.com/gemstones/black-spinel/spinel-gp63825
23,https://www.gempundit.com/gemstones/black-spinel/spinel-gp63820
24,https://www.gempundit.com/gemstones/black-spinel/spinel-gp63816
25,https://www.gempundit.com/gemstones/black-spinel/spinel-gp63812
26,https://www.gempundit.com/gemstones/black-spinel/spinel-gp63811
27,https://www.gempundit.com/gemstones/black-spinel/spinel-gp63828
28,https://www.gempundit.com/gemstones/black-spinel/spinel-gp63822
29,https://www.gempundit.com/gemstones/black-spinel/spinel-gp63815
30,https://www.gempundit.com/gemstones/black-spinel/spinel-gp63809
31,https://www.gempundit.com/gemstones/black-spinel/spinel-gp63819
32,https://www.gempundit.com/gemstones/black-spinel/spinel-gp63761
33,https://www.gempundit.com/gemstones/black-spinel/spinel-gp63765
34,https://www.gempundit.com/gemstones/black-spinel/spinel-gp63757
35,https://www.gempundit.com/gemstones/black-spinel/spinel-gp63768
36,https://www.gempundit.com/gemstones/black-spinel/spinel-gp63774
37,https://www.gempundit.com/gemstones/black-spinel/spinel-gp73050
38,https://www.gempundit.com/gemstones/black-spinel/spinel-gp63759
39,https://www.gempundit.com/gemstones/black-spinel/spinel-gp63772
40,https://www.gempundit.com/gemstones/black-spinel/spinel-gp63750
41,https://www.gempundit.com/gemstones/black-spinel/spinel-gp63770
42,https://www.gempundit.com/gemstones/black-spinel/spinel-gp63775
43,https://www.gempundit.com/gemstones/black-spinel/spinel-gp63778
44,https://www.gempundit.com/gemstones/black-spinel/spinel-gp63776
45,https://www.gempundit.com/gemstones/black-spinel/spinel-gp63773
46,https://www.gempundit.com/gemstones/black-spinel/spinel-gp63764
47,https://www.gempundit.com/gemstones/black-spinel/spinel-gp63754
48,https://www.gempundit.com/gemstones/black-spinel/spinel-gp63763
49,https://www.gempundit.com/gemstones/black-spinel/spinel-gp63760
50,https://www.gempundit.com/gemstones/black-spinel/spinel-gp63832
51,https://www.gempundit.com/gemstones/black-spinel/spinel-gp63807
52,https://www.gempundit.com/gemstones/black-spinel/spinel-gp63804
53,https://www.gempundit.com/gemstones/black-spinel/spinel-gp63766
54,https://www.gempundit.com/gemstones/black-spinel/spinel-gp63831
55,https://www.gempundit.com/gemstones/black-spinel/spinel-gp63859
56,https://www.gempundit.com/gemstones/black-spinel/spinel-gp63830
57,https://www.gempundit.com/gemstones/black-spinel/spinel-gp63753
58,https://www.gempundit.com/gemstones/black-spinel/spinel-gp63756
59,https://www.gempundit.com/gemstones/black-spinel/spinel-gp63751
60,https://www.gempundit.com/gemstones/black-spinel/spinel-gp63860
61,https://www.gempundit.com/gemstones/black-spinel/spinel-gp63747
62,https://www.gempundit.com/gemstones/black-spinel/spinel-gp63752
63,https://www.gempundit.com/gemstones/black-spinel/spinel-gp63801
64,https://www.gempundit.com/gemstones/black-spinel/spinel-gp63858
65,https://www.gempundit.com/gemstones/black-spinel/spinel-gp63800
66,https://www.gempundit.com/gemstones/black-spinel/spinel-gp63749
67,https://www.gempundit.com/gemstones/black-spinel/spinel-gp63748
68,https://www.gempundit.com/gemstones/black-spinel/spinel-gp63735
69,https://www.gempundit.com/gemstones/black-spinel/spinel-gp63726
70,https://www.gempundit.com/gemstones/black-spinel/spinel-gp63742
71,https://www.gempundit.com/gemstones/black-spinel/spinel-gp63730
72,https://www.gempundit.com/gemstones/black-spinel/spinel-gp63746
73,https://www.gempundit.com/gemstones/black-spinel/spinel-gp63755
74,https://www.gempundit.com/gemstones/black-spinel/spinel-gp63743
75,https://www.gempundit.com/gemstones/black-spinel/spinel-gp63745
76,https://www.gempundit.com/gemstones/black-spinel/spinel-gp63844
77,https://www.gempundit.com/gemstones/black-spinel/spinel-gp63843
78,https://www.gempundit.com/gemstones/black-spinel/spinel-gp63758
79,https://www.gempundit.com/gemstones/black-spinel/spinel-gp63871
80,https://www.gempundit.com/gemstones/black-spinel/spinel-gp63737
81,https://www.gempundit.com/gemstones/black-spinel/spinel-gp63736
82,https://www.gempundit.com/gemstones/black-spinel/spinel-gp63723
83,https://www.gempundit.com/gemstones/black-spinel/spinel-gp63729
84,https://www.gempundit.com/gemstones/black-spinel/spinel-gp63738
85,https://www.gempundit.com/gemstones/black-spinel/spinel-gp63791
86,https://www.gempundit.com/gemstones/black-spinel/spinel-gp63741
87,https://www.gempundit.com/gemstones/black-spinel/spinel-gp63744
88,https://www.gempundit.com/gemstones/black-spinel/spinel-gp63715
89,https://www.gempundit.com/gemstones/black-spinel/spinel-gp63717
90,https://www.gempundit.com/gemstones/black-spinel/spinel-gp63724
91,https://www.gempundit.com/gemstones/black-spinel/spinel-gp63787
92,https://www.gempundit.com/gemstones/black-spinel/spinel-gp63713
93,https://www.gempundit.com/gemstones/black-spinel/spinel-gp63868
94,https://www.gempundit.com/gemstones/black-spinel/spinel-gp63734
95,https://www.gempundit.com/gemstones/black-spinel/spinel-gp63786
96,https://www.gempundit.com/gemstones/black-spinel/spinel-gp63834
97,https://www.gempundit.com/gemstones/black-spinel/spinel-gp63785
98,https://www.gempundit.com/gemstones/black-spinel/spinel-gp63869
99,https://www.gempundit.com/gemstones/black-spinel/spinel-gp63740
100,https://www.gempundit.com/gemstones/black-spinel/spinel-gp63708
101,https://www.gempundit.com/gemstones/black-spinel/spinel-gp63731
102,https://www.gempundit.com/gemstones/black-spinel/spinel-gp63725
103,https://www.gempundit.com/gemstones/black-spinel/spinel-gp63721
104,https://www.gempundit.com/gemstones/black-spinel/spinel-gp63719
105,https://www.gempundit.com/gemstones/black-spinel/spinel-gp63722
106,https://www.gempundit.com/gemstones/black-spinel/spinel-gp63727
107,https://www.gempundit.com/gemstones/black-spinel/spinel-gp63691
108,https://www.gempundit.com/gemstones/black-spinel/spinel-gp63707
109,https://www.gempundit.com/gemstones/black-spinel/spinel-gp63701
110,https://www.gempundit.com/gemstones/black-spinel/spinel-gp63867
111,https://www.gempundit.com/gemstones/black-spinel/spinel-gp63870
112,https://www.gempundit.com/gemstones/black-spinel/spinel-gp63784
113,https://www.gempundit.com/gemstones/black-spinel/spinel-gp63728
114,https://www.gempundit.com/gemstones/black-spinel/spinel-gp63739
115,https://www.gempundit.com/gemstones/black-spinel/spinel-gp63711
116,https://www.gempundit.com/gemstones/black-spinel/spinel-gp63848
117,https://www.gempundit.com/gemstones/black-spinel/spinel-gp63790
118,https://www.gempundit.com/gemstones/black-spinel/spinel-gp63716
119,https://www.gempundit.com/gemstones/black-spinel/spinel-gp63733
120,https://www.gempundit.com/gemstones/black-spinel/spinel-gp63836
121,https://www.gempundit.com/gemstones/black-spinel/spinel-gp63696
122,https://www.gempundit.com/gemstones/black-spinel/spinel-gp63837
123,https://www.gempundit.com/gemstones/black-spinel/spinel-gp63704
124,https://www.gempundit.com/gemstones/black-spinel/spinel-gp63833
125,https://www.gempundit.com/gemstones/black-spinel/spinel-gp63854
126,https://www.gempundit.com/gemstones/black-spinel/spinel-gp63839
127,https://www.gempundit.com/gemstones/black-spinel/spinel-gp63699
128,https://www.gempundit.com/gemstones/black-spinel/spinel-gp63718
129,https://www.gempundit.com/gemstones/black-spinel/spinel-gp63706
130,https://www.gempundit.com/gemstones/black-spinel/spinel-gp63720
131,https://www.gempundit.com/gemstones/black-spinel/spinel-gp63835
132,https://www.gempundit.com/gemstones/black-spinel/spinel-gp63732
133,https://www.gempundit.com/gemstones/black-spinel/spinel-gp63709
134,https://www.gempundit.com/gemstones/black-spinel/spinel-gp63852
135,https://www.gempundit.com/gemstones/black-spinel/spinel-gp63855
136,https://www.gempundit.com/gemstones/black-spinel/spinel-gp63697
137,https://www.gempundit.com/gemstones/black-spinel/spinel-gp63702
138,https://www.gempundit.com/gemstones/black-spinel/spinel-gp63849
139,https://www.gempundit.com/gemstones/black-spinel/spinel-gp63851
140,https://www.gempundit.com/gemstones/black-spinel/spinel-gp63692
141,https://www.gempundit.com/gemstones/black-spinel/spinel-gp63693
142,https://www.gempundit.com/gemstones/black-spinel/spinel-gp63856
143,https://www.gempundit.com/gemstones/black-spinel/spinel-gp63853
144,https://www.gempundit.com/gemstones/black-spinel/spinel-gp63705
145,https://www.gempundit.com/gemstones/black-spinel/spinel-gp63797
146,https://www.gempundit.com/gemstones/black-spinel/spinel-gp63698
147,https://www.gempundit.com/gemstones/black-spinel/spinel-gp63695
148,https://www.gempundit.com/gemstones/black-spinel/spinel-gp63714
149,https://www.gempundit.com/gemstones/black-spinel/spinel-gp63694
150,https://www.gempundit.com/gemstones/black-spinel/spinel-gp63782
151,https://www.gempundit.com/gemstones/black-spinel/spinel-gp63700
152,https://www.gempundit.com/gemstones/black-spinel/spinel-gp63850
153,https://www.gempundit.com/gemstones/black-spinel/spinel-gp63799
154,https://www.gempundit.com/gemstones/black-spinel/spinel-gp63783
155,https://www.gempundit.com/gemstones/black-spinel/spinel-gp63780
156,https://www.gempundit.com/gemstones/black-spinel/spinel-gp63796
157,https://www.gempundit.com/gemstones/black-spinel/spinel-gp63795
158,https://www.gempundit.com/gemstones/black-spinel/spinel-gp63781
159,https://www.gempundit.com/gemstones/black-spinel/spinel-gp63690
160,https://www.gempundit.com/gemstones/black-spinel/spinel-gp63846
