,Black Opal
0,https://www.gempundit.com/gemstones/black-opal/opal-gp103895
1,https://www.gempundit.com/gemstones/black-opal/opal-gp103891
2,https://www.gempundit.com/gemstones/black-opal/opal-gp103929
3,https://www.gempundit.com/gemstones/black-opal/opal-gp103887
4,https://www.gempundit.com/gemstones/black-opal/opal-gp103905
5,https://www.gempundit.com/gemstones/black-opal/opal-gp103928
6,https://www.gempundit.com/gemstones/black-opal/opal-gp103898
7,https://www.gempundit.com/gemstones/black-opal/opal-gp103927
8,https://www.gempundit.com/gemstones/black-opal/opal-gp103911
9,https://www.gempundit.com/gemstones/black-opal/opal-gp103893
10,https://www.gempundit.com/gemstones/black-opal/opal-gp103882
11,https://www.gempundit.com/gemstones/black-opal/opal-gp103899
12,https://www.gempundit.com/gemstones/black-opal/opal-gp103931
13,https://www.gempundit.com/gemstones/black-opal/opal-gp103914
14,https://www.gempundit.com/gemstones/black-opal/opal-gp103889
15,https://www.gempundit.com/gemstones/black-opal/opal-gp103913
16,https://www.gempundit.com/gemstones/black-opal/opal-gp103916
17,https://www.gempundit.com/gemstones/black-opal/opal-gp103890
18,https://www.gempundit.com/gemstones/black-opal/opal-gp103884
19,https://www.gempundit.com/gemstones/black-opal/opal-gp103897
20,https://www.gempundit.com/gemstones/black-opal/opal-gp103924
21,https://www.gempundit.com/gemstones/black-opal/opal-gp103933
22,https://www.gempundit.com/gemstones/black-opal/opal-gp103883
23,https://www.gempundit.com/gemstones/black-opal/opal-gp61528
24,https://www.gempundit.com/gemstones/black-opal/opal-gp61439
25,https://www.gempundit.com/gemstones/black-opal/opal-gp103925
26,https://www.gempundit.com/gemstones/black-opal/opal-gp103881
27,https://www.gempundit.com/gemstones/black-opal/opal-gp103885
28,https://www.gempundit.com/gemstones/black-opal/opal-gp61559
29,https://www.gempundit.com/gemstones/black-opal/opal-gp103896
30,https://www.gempundit.com/gemstones/black-opal/opal-gp103902
31,https://www.gempundit.com/gemstones/black-opal/opal-gp61572
32,https://www.gempundit.com/gemstones/black-opal/opal-gp61278
33,https://www.gempundit.com/gemstones/black-opal/opal-gp61406
34,https://www.gempundit.com/gemstones/black-opal/opal-gp61426
35,https://www.gempundit.com/gemstones/black-opal/opal-gp61558
36,https://www.gempundit.com/gemstones/black-opal/opal-gp61268
37,https://www.gempundit.com/gemstones/black-opal/opal-gp103920
38,https://www.gempundit.com/gemstones/black-opal/opal-gp103904
39,https://www.gempundit.com/gemstones/black-opal/opal-gp61228
40,https://www.gempundit.com/gemstones/black-opal/opal-gp103901
41,https://www.gempundit.com/gemstones/black-opal/opal-gp61241
42,https://www.gempundit.com/gemstones/black-opal/opal-gp103894
43,https://www.gempundit.com/gemstones/black-opal/opal-gp61536
44,https://www.gempundit.com/gemstones/black-opal/opal-gp61444
45,https://www.gempundit.com/gemstones/black-opal/opal-gp61258
46,https://www.gempundit.com/gemstones/black-opal/opal-gp61539
47,https://www.gempundit.com/gemstones/black-opal/opal-gp61493
48,https://www.gempundit.com/gemstones/black-opal/opal-gp61496
49,https://www.gempundit.com/gemstones/black-opal/opal-gp61252
50,https://www.gempundit.com/gemstones/black-opal/opal-gp61593
51,https://www.gempundit.com/gemstones/black-opal/opal-gp61507
52,https://www.gempundit.com/gemstones/black-opal/opal-gp103934
53,https://www.gempundit.com/gemstones/black-opal/opal-gp61378
54,https://www.gempundit.com/gemstones/black-opal/opal-gp61673
55,https://www.gempundit.com/gemstones/black-opal/opal-gp61685
56,https://www.gempundit.com/gemstones/black-opal/opal-gp61473
57,https://www.gempundit.com/gemstones/black-opal/opal-gp61437
58,https://www.gempundit.com/gemstones/black-opal/opal-gp61461
59,https://www.gempundit.com/gemstones/black-opal/opal-gp61438
60,https://www.gempundit.com/gemstones/black-opal/opal-gp18037
61,https://www.gempundit.com/gemstones/black-opal/opal-gp61318
62,https://www.gempundit.com/gemstones/black-opal/opal-gp61369
63,https://www.gempundit.com/gemstones/black-opal/opal-gp61497
64,https://www.gempundit.com/gemstones/black-opal/opal-gp18033
65,https://www.gempundit.com/gemstones/black-opal/opal-gp103886
66,https://www.gempundit.com/gemstones/black-opal/opal-gp61322
67,https://www.gempundit.com/gemstones/black-opal/opal-gp61462
68,https://www.gempundit.com/gemstones/black-opal/opal-gp61384
69,https://www.gempundit.com/gemstones/black-opal/black-opal-gp25132
70,https://www.gempundit.com/gemstones/black-opal/opal-gp103926
71,https://www.gempundit.com/gemstones/black-opal/opal-gp61487
72,https://www.gempundit.com/gemstones/black-opal/opal-gp61509
73,https://www.gempundit.com/gemstones/black-opal/opal-gp61366
74,https://www.gempundit.com/gemstones/black-opal/opal-gp61525
75,https://www.gempundit.com/gemstones/black-opal/opal-gp61249
76,https://www.gempundit.com/gemstones/black-opal/opal-gp61419
77,https://www.gempundit.com/gemstones/black-opal/opal-gp61423
78,https://www.gempundit.com/gemstones/black-opal/opal-gp61316
79,https://www.gempundit.com/gemstones/black-opal/opal-gp61537
80,https://www.gempundit.com/gemstones/black-opal/opal-gp61529
81,https://www.gempundit.com/gemstones/black-opal/opal-gp61470
82,https://www.gempundit.com/gemstones/black-opal/opal-gp61240
83,https://www.gempundit.com/gemstones/black-opal/opal-gp61365
84,https://www.gempundit.com/gemstones/black-opal/opal-gp61282
85,https://www.gempundit.com/gemstones/black-opal/opal-gp61604
86,https://www.gempundit.com/gemstones/black-opal/opal-gp61492
87,https://www.gempundit.com/gemstones/black-opal/opal-gp61471
88,https://www.gempundit.com/gemstones/black-opal/opal-gp103912
89,https://www.gempundit.com/gemstones/black-opal/opal-gp61658
90,https://www.gempundit.com/gemstones/black-opal/black-opal-gp25131
91,https://www.gempundit.com/gemstones/black-opal/opal-gp61412
92,https://www.gempundit.com/gemstones/black-opal/opal-gp61238
93,https://www.gempundit.com/gemstones/black-opal/opal-gp61333
94,https://www.gempundit.com/gemstones/black-opal/opal-gp61422
95,https://www.gempundit.com/gemstones/black-opal/opal-gp61524
96,https://www.gempundit.com/gemstones/black-opal/opal-gp61578
97,https://www.gempundit.com/gemstones/black-opal/opal-gp61321
98,https://www.gempundit.com/gemstones/black-opal/opal-gp103919
99,https://www.gempundit.com/gemstones/black-opal/opal-gp61405
100,https://www.gempundit.com/gemstones/black-opal/opal-gp61276
101,https://www.gempundit.com/gemstones/black-opal/opal-gp61376
102,https://www.gempundit.com/gemstones/black-opal/opal-gp61605
103,https://www.gempundit.com/gemstones/black-opal/opal-gp61383
104,https://www.gempundit.com/gemstones/black-opal/opal-gp61256
105,https://www.gempundit.com/gemstones/black-opal/opal-gp61248
106,https://www.gempundit.com/gemstones/black-opal/opal-gp61317
107,https://www.gempundit.com/gemstones/black-opal/opal-gp61566
108,https://www.gempundit.com/gemstones/black-opal/opal-gp61548
109,https://www.gempundit.com/gemstones/black-opal/opal-gp61375
110,https://www.gempundit.com/gemstones/black-opal/opal-gp61680
111,https://www.gempundit.com/gemstones/black-opal/opal-gp61433
112,https://www.gempundit.com/gemstones/black-opal/opal-gp61460
113,https://www.gempundit.com/gemstones/black-opal/opal-gp61320
114,https://www.gempundit.com/gemstones/black-opal/opal-gp61574
115,https://www.gempundit.com/gemstones/black-opal/opal-gp61289
116,https://www.gempundit.com/gemstones/black-opal/opal-gp61506
117,https://www.gempundit.com/gemstones/black-opal/opal-gp61596
118,https://www.gempundit.com/gemstones/black-opal/opal-gp61684
119,https://www.gempundit.com/gemstones/black-opal/opal-gp61244
120,https://www.gempundit.com/gemstones/black-opal/opal-gp18036
121,https://www.gempundit.com/gemstones/black-opal/opal-gp61606
122,https://www.gempundit.com/gemstones/black-opal/opal-gp61569
123,https://www.gempundit.com/gemstones/black-opal/opal-gp61287
124,https://www.gempundit.com/gemstones/black-opal/opal-gp61607
125,https://www.gempundit.com/gemstones/black-opal/opal-gp61389
126,https://www.gempundit.com/gemstones/black-opal/opal-gp61683
127,https://www.gempundit.com/gemstones/black-opal/opal-gp61649
128,https://www.gempundit.com/gemstones/black-opal/opal-gp61624
129,https://www.gempundit.com/gemstones/black-opal/opal-gp103922
130,https://www.gempundit.com/gemstones/black-opal/opal-gp61468
131,https://www.gempundit.com/gemstones/black-opal/opal-gp61431
132,https://www.gempundit.com/gemstones/black-opal/opal-gp18031
133,https://www.gempundit.com/gemstones/black-opal/opal-gp61511
134,https://www.gempundit.com/gemstones/black-opal/opal-gp61417
135,https://www.gempundit.com/gemstones/black-opal/opal-gp18035
136,https://www.gempundit.com/gemstones/black-opal/opal-gp61677
137,https://www.gempundit.com/gemstones/black-opal/opal-gp103923
138,https://www.gempundit.com/gemstones/black-opal/opal-gp61611
139,https://www.gempundit.com/gemstones/black-opal/opal-gp61666
140,https://www.gempundit.com/gemstones/black-opal/opal-gp61343
141,https://www.gempundit.com/gemstones/black-opal/opal-gp61554
142,https://www.gempundit.com/gemstones/black-opal/opal-gp61245
143,https://www.gempundit.com/gemstones/black-opal/opal-gp61291
144,https://www.gempundit.com/gemstones/black-opal/opal-gp61418
145,https://www.gempundit.com/gemstones/black-opal/opal-gp61573
146,https://www.gempundit.com/gemstones/black-opal/opal-gp61621
147,https://www.gempundit.com/gemstones/black-opal/opal-gp61314
148,https://www.gempundit.com/gemstones/black-opal/opal-gp61503
149,https://www.gempundit.com/gemstones/black-opal/opal-gp61672
150,https://www.gempundit.com/gemstones/black-opal/opal-gp61667
151,https://www.gempundit.com/gemstones/black-opal/opal-gp61612
152,https://www.gempundit.com/gemstones/black-opal/opal-gp61247
153,https://www.gempundit.com/gemstones/black-opal/opal-gp61639
154,https://www.gempundit.com/gemstones/black-opal/opal-gp61681
155,https://www.gempundit.com/gemstones/black-opal/opal-gp61526
156,https://www.gempundit.com/gemstones/black-opal/opal-gp61377
157,https://www.gempundit.com/gemstones/black-opal/opal-gp61547
158,https://www.gempundit.com/gemstones/black-opal/opal-gp61469
159,https://www.gempundit.com/gemstones/black-opal/opal-gp103907
160,https://www.gempundit.com/gemstones/black-opal/opal-gp61441
161,https://www.gempundit.com/gemstones/black-opal/opal-gp61505
162,https://www.gempundit.com/gemstones/black-opal/opal-gp61678
163,https://www.gempundit.com/gemstones/black-opal/opal-gp99992
164,https://www.gempundit.com/gemstones/black-opal/opal-gp99954
165,https://www.gempundit.com/gemstones/black-opal/opal-gp61514
166,https://www.gempundit.com/gemstones/black-opal/opal-gp61382
167,https://www.gempundit.com/gemstones/black-opal/opal-gp61285
168,https://www.gempundit.com/gemstones/black-opal/opal-gp103918
169,https://www.gempundit.com/gemstones/black-opal/opal-gp61679
170,https://www.gempundit.com/gemstones/black-opal/opal-gp61632
171,https://www.gempundit.com/gemstones/black-opal/opal-gp61324
172,https://www.gempundit.com/gemstones/black-opal/opal-gp61425
173,https://www.gempundit.com/gemstones/black-opal/opal-gp103921
174,https://www.gempundit.com/gemstones/black-opal/opal-gp61386
175,https://www.gempundit.com/gemstones/black-opal/opal-gp61589
176,https://www.gempundit.com/gemstones/black-opal/opal-gp61339
177,https://www.gempundit.com/gemstones/black-opal/opal-gp61610
178,https://www.gempundit.com/gemstones/black-opal/opal-gp61545
179,https://www.gempundit.com/gemstones/black-opal/opal-gp61637
180,https://www.gempundit.com/gemstones/black-opal/opal-gp61577
181,https://www.gempundit.com/gemstones/black-opal/opal-gp61363
182,https://www.gempundit.com/gemstones/black-opal/opal-gp61655
183,https://www.gempundit.com/gemstones/black-opal/opal-gp61583
184,https://www.gempundit.com/gemstones/black-opal/opal-gp61337
185,https://www.gempundit.com/gemstones/black-opal/opal-gp61541
186,https://www.gempundit.com/gemstones/black-opal/opal-gp61556
187,https://www.gempundit.com/gemstones/black-opal/opal-gp61243
188,https://www.gempundit.com/gemstones/black-opal/opal-gp61442
189,https://www.gempundit.com/gemstones/black-opal/opal-gp61332
190,https://www.gempundit.com/gemstones/black-opal/opal-gp61312
191,https://www.gempundit.com/gemstones/black-opal/opal-gp61603
192,https://www.gempundit.com/gemstones/black-opal/opal-gp61502
193,https://www.gempundit.com/gemstones/black-opal/opal-gp61212
194,https://www.gempundit.com/gemstones/black-opal/opal-gp61330
195,https://www.gempundit.com/gemstones/black-opal/opal-gp61459
196,https://www.gempundit.com/gemstones/black-opal/opal-gp103910
197,https://www.gempundit.com/gemstones/black-opal/opal-gp61381
198,https://www.gempundit.com/gemstones/black-opal/opal-gp61648
199,https://www.gempundit.com/gemstones/black-opal/opal-gp61581
200,https://www.gempundit.com/gemstones/black-opal/opal-gp61421
201,https://www.gempundit.com/gemstones/black-opal/opal-gp61227
202,https://www.gempundit.com/gemstones/black-opal/opal-gp61687
203,https://www.gempundit.com/gemstones/black-opal/opal-gp61416
204,https://www.gempundit.com/gemstones/black-opal/opal-gp61411
205,https://www.gempundit.com/gemstones/black-opal/opal-gp103908
206,https://www.gempundit.com/gemstones/black-opal/opal-gp61216
207,https://www.gempundit.com/gemstones/black-opal/opal-gp61435
208,https://www.gempundit.com/gemstones/black-opal/opal-gp61336
209,https://www.gempundit.com/gemstones/black-opal/opal-gp61609
210,https://www.gempundit.com/gemstones/black-opal/opal-gp61512
211,https://www.gempundit.com/gemstones/black-opal/opal-gp61391
212,https://www.gempundit.com/gemstones/black-opal/opal-gp61360
213,https://www.gempundit.com/gemstones/black-opal/opal-gp61266
214,https://www.gempundit.com/gemstones/black-opal/opal-gp103917
215,https://www.gempundit.com/gemstones/black-opal/opal-gp103900
216,https://www.gempundit.com/gemstones/black-opal/opal-gp61341
217,https://www.gempundit.com/gemstones/black-opal/opal-gp61602
218,https://www.gempundit.com/gemstones/black-opal/opal-gp61414
219,https://www.gempundit.com/gemstones/black-opal/opal-gp61211
220,https://www.gempundit.com/gemstones/black-opal/opal-gp61307
221,https://www.gempundit.com/gemstones/black-opal/opal-gp61494
222,https://www.gempundit.com/gemstones/black-opal/opal-gp61448
223,https://www.gempundit.com/gemstones/black-opal/opal-gp61534
224,https://www.gempundit.com/gemstones/black-opal/opal-gp61495
225,https://www.gempundit.com/gemstones/black-opal/opal-gp61203
226,https://www.gempundit.com/gemstones/black-opal/opal-gp61613
227,https://www.gempundit.com/gemstones/black-opal/opal-gp61499
228,https://www.gempundit.com/gemstones/black-opal/opal-gp61308
229,https://www.gempundit.com/gemstones/black-opal/opal-gp18038
230,https://www.gempundit.com/gemstones/black-opal/opal-gp61535
231,https://www.gempundit.com/gemstones/black-opal/opal-gp61533
232,https://www.gempundit.com/gemstones/black-opal/opal-gp61410
233,https://www.gempundit.com/gemstones/black-opal/opal-gp61561
234,https://www.gempundit.com/gemstones/black-opal/opal-gp61351
235,https://www.gempundit.com/gemstones/black-opal/black-opal-gp25136
236,https://www.gempundit.com/gemstones/black-opal/opal-gp61310
237,https://www.gempundit.com/gemstones/black-opal/opal-gp61373
238,https://www.gempundit.com/gemstones/black-opal/opal-gp61582
239,https://www.gempundit.com/gemstones/black-opal/opal-gp61313
240,https://www.gempundit.com/gemstones/black-opal/opal-gp61638
241,https://www.gempundit.com/gemstones/black-opal/opal-gp61239
242,https://www.gempundit.com/gemstones/black-opal/opal-gp61576
243,https://www.gempundit.com/gemstones/black-opal/opal-gp61466
244,https://www.gempundit.com/gemstones/black-opal/opal-gp61515
245,https://www.gempundit.com/gemstones/black-opal/opal-gp19430
246,https://www.gempundit.com/gemstones/black-opal/opal-gp61264
247,https://www.gempundit.com/gemstones/black-opal/black-opal-gp25123
248,https://www.gempundit.com/gemstones/black-opal/opal-gp61620
249,https://www.gempundit.com/gemstones/black-opal/opal-gp61508
250,https://www.gempundit.com/gemstones/black-opal/opal-gp61664
251,https://www.gempundit.com/gemstones/black-opal/opal-gp61570
252,https://www.gempundit.com/gemstones/black-opal/black-opal-gp25130
253,https://www.gempundit.com/gemstones/black-opal/opal-gp61571
254,https://www.gempundit.com/gemstones/black-opal/black-opal-gp25128
255,https://www.gempundit.com/gemstones/black-opal/opal-gp61302
256,https://www.gempundit.com/gemstones/black-opal/opal-gp61361
257,https://www.gempundit.com/gemstones/black-opal/opal-gp61522
258,https://www.gempundit.com/gemstones/black-opal/opal-gp61449
259,https://www.gempundit.com/gemstones/black-opal/black-opal-gp25113
260,https://www.gempundit.com/gemstones/black-opal/opal-gp61665
261,https://www.gempundit.com/gemstones/black-opal/opal-gp61286
262,https://www.gempundit.com/gemstones/black-opal/opal-gp19424
263,https://www.gempundit.com/gemstones/black-opal/opal-gp61590
264,https://www.gempundit.com/gemstones/black-opal/opal-gp61481
265,https://www.gempundit.com/gemstones/black-opal/opal-gp61447
266,https://www.gempundit.com/gemstones/black-opal/opal-gp61660
267,https://www.gempundit.com/gemstones/black-opal/black-opal-gp25127
268,https://www.gempundit.com/gemstones/black-opal/opal-gp61436
269,https://www.gempundit.com/gemstones/black-opal/opal-gp61670
270,https://www.gempundit.com/gemstones/black-opal/opal-gp61311
271,https://www.gempundit.com/gemstones/black-opal/opal-gp61306
272,https://www.gempundit.com/gemstones/black-opal/opal-gp61338
273,https://www.gempundit.com/gemstones/black-opal/opal-gp61488
274,https://www.gempundit.com/gemstones/black-opal/opal-gp98804
275,https://www.gempundit.com/gemstones/black-opal/opal-gp61636
276,https://www.gempundit.com/gemstones/black-opal/opal-gp61335
277,https://www.gempundit.com/gemstones/black-opal/opal-gp61319
278,https://www.gempundit.com/gemstones/black-opal/opal-gp61591
279,https://www.gempundit.com/gemstones/black-opal/opal-gp61642
280,https://www.gempundit.com/gemstones/black-opal/black-opal-gp25120
281,https://www.gempundit.com/gemstones/black-opal/opal-gp61657
282,https://www.gempundit.com/gemstones/black-opal/opal-gp61643
283,https://www.gempundit.com/gemstones/black-opal/opal-gp61568
284,https://www.gempundit.com/gemstones/black-opal/opal-gp61479
285,https://www.gempundit.com/gemstones/black-opal/opal-gp61585
286,https://www.gempundit.com/gemstones/black-opal/opal-gp61478
287,https://www.gempundit.com/gemstones/black-opal/opal-gp61275
288,https://www.gempundit.com/gemstones/black-opal/black-opal-gp25119
289,https://www.gempundit.com/gemstones/black-opal/opal-gp61290
290,https://www.gempundit.com/gemstones/black-opal/opal-gp61675
291,https://www.gempundit.com/gemstones/black-opal/opal-gp61654
292,https://www.gempundit.com/gemstones/black-opal/opal-gp19428
293,https://www.gempundit.com/gemstones/black-opal/opal-gp61215
294,https://www.gempundit.com/gemstones/black-opal/opal-gp19425
295,https://www.gempundit.com/gemstones/black-opal/opal-gp61267
296,https://www.gempundit.com/gemstones/black-opal/black-opal-gp25116
297,https://www.gempundit.com/gemstones/black-opal/opal-gp61284
298,https://www.gempundit.com/gemstones/black-opal/opal-gp61206
299,https://www.gempundit.com/gemstones/black-opal/opal-gp61565
300,https://www.gempundit.com/gemstones/black-opal/opal-gp18034
301,https://www.gempundit.com/gemstones/black-opal/opal-gp61543
302,https://www.gempundit.com/gemstones/black-opal/opal-gp61586
303,https://www.gempundit.com/gemstones/black-opal/opal-gp61686
304,https://www.gempundit.com/gemstones/black-opal/black-opal-gp25118
305,https://www.gempundit.com/gemstones/black-opal/opal-gp98255
306,https://www.gempundit.com/gemstones/black-opal/opal-gp61560
307,https://www.gempundit.com/gemstones/black-opal/opal-gp61299
308,https://www.gempundit.com/gemstones/black-opal/opal-gp61274
309,https://www.gempundit.com/gemstones/black-opal/opal-gp61629
310,https://www.gempundit.com/gemstones/black-opal/black-opal-gp25135
311,https://www.gempundit.com/gemstones/black-opal/opal-gp98245
312,https://www.gempundit.com/gemstones/black-opal/opal-gp19429
313,https://www.gempundit.com/gemstones/black-opal/opal-gp61588
314,https://www.gempundit.com/gemstones/black-opal/opal-gp61599
315,https://www.gempundit.com/gemstones/black-opal/opal-gp18029
316,https://www.gempundit.com/gemstones/black-opal/opal-gp71245
317,https://www.gempundit.com/gemstones/black-opal/opal-gp61549
318,https://www.gempundit.com/gemstones/black-opal/opal-gp61676
319,https://www.gempundit.com/gemstones/black-opal/opal-gp61521
320,https://www.gempundit.com/gemstones/black-opal/opal-gp61273
321,https://www.gempundit.com/gemstones/black-opal/opal-gp61303
322,https://www.gempundit.com/gemstones/black-opal/opal-gp61552
323,https://www.gempundit.com/gemstones/black-opal/opal-gp61575
324,https://www.gempundit.com/gemstones/black-opal/opal-gp98257
325,https://www.gempundit.com/gemstones/black-opal/opal-gp61246
326,https://www.gempundit.com/gemstones/black-opal/opal-gp61265
327,https://www.gempundit.com/gemstones/black-opal/black-opal-gp25129
328,https://www.gempundit.com/gemstones/black-opal/opal-gp61205
329,https://www.gempundit.com/gemstones/black-opal/opal-gp103909
330,https://www.gempundit.com/gemstones/black-opal/opal-gp18039
331,https://www.gempundit.com/gemstones/black-opal/opal-gp61480
332,https://www.gempundit.com/gemstones/black-opal/opal-gp61304
333,https://www.gempundit.com/gemstones/black-opal/opal-gp61663
334,https://www.gempundit.com/gemstones/black-opal/opal-gp61504
335,https://www.gempundit.com/gemstones/black-opal/opal-gp61555
336,https://www.gempundit.com/gemstones/black-opal/opal-gp98737
337,https://www.gempundit.com/gemstones/black-opal/opal-gp61334
338,https://www.gempundit.com/gemstones/black-opal/opal-gp61305
339,https://www.gempundit.com/gemstones/black-opal/opal-gp61608
340,https://www.gempundit.com/gemstones/black-opal/opal-gp98249
341,https://www.gempundit.com/gemstones/black-opal/opal-gp61415
342,https://www.gempundit.com/gemstones/black-opal/opal-gp61272
343,https://www.gempundit.com/gemstones/black-opal/opal-gp98251
344,https://www.gempundit.com/gemstones/black-opal/opal-gp95800
345,https://www.gempundit.com/gemstones/black-opal/opal-gp98786
346,https://www.gempundit.com/gemstones/black-opal/opal-gp61662
347,https://www.gempundit.com/gemstones/black-opal/opal-gp95816
348,https://www.gempundit.com/gemstones/black-opal/opal-gp95763
349,https://www.gempundit.com/gemstones/black-opal/opal-gp61483
350,https://www.gempundit.com/gemstones/black-opal/opal-gp61627
351,https://www.gempundit.com/gemstones/black-opal/opal-gp61634
352,https://www.gempundit.com/gemstones/black-opal/opal-gp61641
353,https://www.gempundit.com/gemstones/black-opal/opal-gp103906
354,https://www.gempundit.com/gemstones/black-opal/opal-gp61271
355,https://www.gempundit.com/gemstones/black-opal/opal-gp61223
356,https://www.gempundit.com/gemstones/black-opal/opal-gp98237
357,https://www.gempundit.com/gemstones/black-opal/black-opal-gp25122
358,https://www.gempundit.com/gemstones/black-opal/opal-gp61408
359,https://www.gempundit.com/gemstones/black-opal/opal-gp98789
360,https://www.gempundit.com/gemstones/black-opal/opal-gp98233
361,https://www.gempundit.com/gemstones/black-opal/opal-gp71220
362,https://www.gempundit.com/gemstones/black-opal/opal-gp19423
363,https://www.gempundit.com/gemstones/black-opal/opal-gp61430
364,https://www.gempundit.com/gemstones/black-opal/opal-gp95781
365,https://www.gempundit.com/gemstones/black-opal/opal-gp61263
366,https://www.gempundit.com/gemstones/black-opal/opal-gp98235
367,https://www.gempundit.com/gemstones/black-opal/opal-gp61283
368,https://www.gempundit.com/gemstones/black-opal/opal-gp19431
369,https://www.gempundit.com/gemstones/black-opal/opal-gp61236
370,https://www.gempundit.com/gemstones/black-opal/opal-gp98788
371,https://www.gempundit.com/gemstones/black-opal/opal-gp71244
372,https://www.gempundit.com/gemstones/black-opal/opal-gp98787
373,https://www.gempundit.com/gemstones/black-opal/opal-gp98824
374,https://www.gempundit.com/gemstones/black-opal/opal-gp98238
375,https://www.gempundit.com/gemstones/black-opal/opal-gp61567
376,https://www.gempundit.com/gemstones/black-opal/opal-gp98782
377,https://www.gempundit.com/gemstones/black-opal/opal-gp61653
378,https://www.gempundit.com/gemstones/black-opal/black-opal-gp33929
379,https://www.gempundit.com/gemstones/black-opal/opal-gp98812
380,https://www.gempundit.com/gemstones/black-opal/opal-gp61587
381,https://www.gempundit.com/gemstones/black-opal/opal-gp19422
382,https://www.gempundit.com/gemstones/black-opal/opal-gp98236
383,https://www.gempundit.com/gemstones/black-opal/opal-gp98781
384,https://www.gempundit.com/gemstones/black-opal/opal-gp61454
385,https://www.gempundit.com/gemstones/black-opal/opal-gp99993
386,https://www.gempundit.com/gemstones/black-opal/opal-gp98835
387,https://www.gempundit.com/gemstones/black-opal/opal-gp95791
388,https://www.gempundit.com/gemstones/black-opal/opal-gp95770
389,https://www.gempundit.com/gemstones/black-opal/opal-gp71246
390,https://www.gempundit.com/gemstones/black-opal/opal-gp98239
391,https://www.gempundit.com/gemstones/black-opal/opal-gp98806
392,https://www.gempundit.com/gemstones/black-opal/opal-gp98734
393,https://www.gempundit.com/gemstones/black-opal/opal-gp98748
394,https://www.gempundit.com/gemstones/black-opal/opal-gp98834
395,https://www.gempundit.com/gemstones/black-opal/opal-gp19427
396,https://www.gempundit.com/gemstones/black-opal/opal-gp98753
397,https://www.gempundit.com/gemstones/black-opal/opal-gp98250
398,https://www.gempundit.com/gemstones/black-opal/opal-gp98741
399,https://www.gempundit.com/gemstones/black-opal/opal-gp98778
400,https://www.gempundit.com/gemstones/black-opal/opal-gp98815
401,https://www.gempundit.com/gemstones/black-opal/opal-gp95762
402,https://www.gempundit.com/gemstones/black-opal/opal-gp61301
403,https://www.gempundit.com/gemstones/black-opal/opal-gp99994
404,https://www.gempundit.com/gemstones/black-opal/opal-gp95815
405,https://www.gempundit.com/gemstones/black-opal/opal-gp95767
406,https://www.gempundit.com/gemstones/black-opal/opal-gp71238
407,https://www.gempundit.com/gemstones/black-opal/opal-gp98760
408,https://www.gempundit.com/gemstones/black-opal/opal-gp95780
409,https://www.gempundit.com/gemstones/black-opal/opal-gp98745
410,https://www.gempundit.com/gemstones/black-opal/opal-gp98729
411,https://www.gempundit.com/gemstones/black-opal/opal-gp98785
412,https://www.gempundit.com/gemstones/black-opal/opal-gp27299
413,https://www.gempundit.com/gemstones/black-opal/opal-gp98790
414,https://www.gempundit.com/gemstones/black-opal/opal-gp27300
415,https://www.gempundit.com/gemstones/black-opal/opal-gp61635
416,https://www.gempundit.com/gemstones/black-opal/opal-gp27301
417,https://www.gempundit.com/gemstones/black-opal/opal-gp98254
418,https://www.gempundit.com/gemstones/black-opal/opal-gp98752
419,https://www.gempundit.com/gemstones/black-opal/opal-gp98246
420,https://www.gempundit.com/gemstones/black-opal/opal-gp98800
421,https://www.gempundit.com/gemstones/black-opal/opal-gp71216
422,https://www.gempundit.com/gemstones/black-opal/opal-gp98776
423,https://www.gempundit.com/gemstones/black-opal/opal-gp98240
424,https://www.gempundit.com/gemstones/black-opal/opal-gp98802
425,https://www.gempundit.com/gemstones/black-opal/opal-gp98234
426,https://www.gempundit.com/gemstones/black-opal/opal-gp95818
427,https://www.gempundit.com/gemstones/black-opal/opal-gp95785
428,https://www.gempundit.com/gemstones/black-opal/opal-gp98813
429,https://www.gempundit.com/gemstones/black-opal/opal-gp98808
430,https://www.gempundit.com/gemstones/black-opal/opal-gp18027
431,https://www.gempundit.com/gemstones/black-opal/opal-gp95777
432,https://www.gempundit.com/gemstones/black-opal/opal-gp98731
433,https://www.gempundit.com/gemstones/black-opal/opal-gp95779
434,https://www.gempundit.com/gemstones/black-opal/opal-gp95759
435,https://www.gempundit.com/gemstones/black-opal/opal-gp98762
436,https://www.gempundit.com/gemstones/black-opal/opal-gp95758
437,https://www.gempundit.com/gemstones/black-opal/opal-gp98807
438,https://www.gempundit.com/gemstones/black-opal/opal-gp98783
439,https://www.gempundit.com/gemstones/black-opal/opal-gp61519
440,https://www.gempundit.com/gemstones/black-opal/opal-gp104167
441,https://www.gempundit.com/gemstones/black-opal/opal-gp95769
442,https://www.gempundit.com/gemstones/black-opal/opal-gp98766
443,https://www.gempundit.com/gemstones/black-opal/opal-gp61270
444,https://www.gempundit.com/gemstones/black-opal/opal-gp27302
445,https://www.gempundit.com/gemstones/black-opal/opal-gp98797
446,https://www.gempundit.com/gemstones/black-opal/opal-gp98801
447,https://www.gempundit.com/gemstones/black-opal/opal-gp61262
448,https://www.gempundit.com/gemstones/black-opal/opal-gp98243
449,https://www.gempundit.com/gemstones/black-opal/opal-gp98842
450,https://www.gempundit.com/gemstones/black-opal/opal-gp98780
451,https://www.gempundit.com/gemstones/black-opal/opal-gp95783
452,https://www.gempundit.com/gemstones/black-opal/opal-gp98773
453,https://www.gempundit.com/gemstones/black-opal/opal-gp95798
454,https://www.gempundit.com/gemstones/black-opal/opal-gp61200
455,https://www.gempundit.com/gemstones/black-opal/opal-gp98749
456,https://www.gempundit.com/gemstones/black-opal/opal-gp95761
457,https://www.gempundit.com/gemstones/black-opal/opal-gp61530
458,https://www.gempundit.com/gemstones/black-opal/opal-gp98764
459,https://www.gempundit.com/gemstones/black-opal/opal-gp95811
460,https://www.gempundit.com/gemstones/black-opal/opal-gp61298
461,https://www.gempundit.com/gemstones/black-opal/opal-gp71230
462,https://www.gempundit.com/gemstones/black-opal/opal-gp61628
463,https://www.gempundit.com/gemstones/black-opal/opal-gp98820
464,https://www.gempundit.com/gemstones/black-opal/opal-gp98742
465,https://www.gempundit.com/gemstones/black-opal/opal-gp95768
466,https://www.gempundit.com/gemstones/black-opal/opal-gp27303
467,https://www.gempundit.com/gemstones/black-opal/opal-gp98819
468,https://www.gempundit.com/gemstones/black-opal/opal-gp61346
469,https://www.gempundit.com/gemstones/black-opal/opal-gp98805
470,https://www.gempundit.com/gemstones/black-opal/opal-gp98817
471,https://www.gempundit.com/gemstones/black-opal/opal-gp98765
472,https://www.gempundit.com/gemstones/black-opal/opal-gp95790
473,https://www.gempundit.com/gemstones/black-opal/opal-gp95813
474,https://www.gempundit.com/gemstones/black-opal/opal-gp98777
475,https://www.gempundit.com/gemstones/black-opal/opal-gp95789
476,https://www.gempundit.com/gemstones/black-opal/opal-gp61296
477,https://www.gempundit.com/gemstones/black-opal/opal-gp98232
478,https://www.gempundit.com/gemstones/black-opal/opal-gp61633
479,https://www.gempundit.com/gemstones/black-opal/opal-gp98791
480,https://www.gempundit.com/gemstones/black-opal/opal-gp100628
481,https://www.gempundit.com/gemstones/black-opal/opal-gp98756
482,https://www.gempundit.com/gemstones/black-opal/opal-gp71218
483,https://www.gempundit.com/gemstones/black-opal/opal-gp98230
484,https://www.gempundit.com/gemstones/black-opal/opal-gp98811
485,https://www.gempundit.com/gemstones/black-opal/opal-gp95793
486,https://www.gempundit.com/gemstones/black-opal/opal-gp98798
487,https://www.gempundit.com/gemstones/black-opal/opal-gp95766
488,https://www.gempundit.com/gemstones/black-opal/opal-gp98759
489,https://www.gempundit.com/gemstones/black-opal/opal-gp98248
490,https://www.gempundit.com/gemstones/black-opal/opal-gp61397
491,https://www.gempundit.com/gemstones/black-opal/opal-gp98262
492,https://www.gempundit.com/gemstones/black-opal/opal-gp61199
493,https://www.gempundit.com/gemstones/black-opal/opal-gp98253
494,https://www.gempundit.com/gemstones/black-opal/opal-gp98261
495,https://www.gempundit.com/gemstones/black-opal/opal-gp98816
496,https://www.gempundit.com/gemstones/black-opal/opal-gp98744
497,https://www.gempundit.com/gemstones/black-opal/opal-gp98733
498,https://www.gempundit.com/gemstones/black-opal/opal-gp95757
499,https://www.gempundit.com/gemstones/black-opal/opal-gp100629
500,https://www.gempundit.com/gemstones/black-opal/opal-gp98761
501,https://www.gempundit.com/gemstones/black-opal/opal-gp98794
502,https://www.gempundit.com/gemstones/black-opal/opal-gp95823
503,https://www.gempundit.com/gemstones/black-opal/opal-gp95821
504,https://www.gempundit.com/gemstones/black-opal/opal-gp95792
505,https://www.gempundit.com/gemstones/black-opal/opal-gp95765
506,https://www.gempundit.com/gemstones/black-opal/opal-gp95812
507,https://www.gempundit.com/gemstones/black-opal/opal-gp61297
508,https://www.gempundit.com/gemstones/black-opal/opal-gp98771
509,https://www.gempundit.com/gemstones/black-opal/opal-gp98750
510,https://www.gempundit.com/gemstones/black-opal/opal-gp71240
511,https://www.gempundit.com/gemstones/black-opal/opal-gp98758
512,https://www.gempundit.com/gemstones/black-opal/opal-gp98772
513,https://www.gempundit.com/gemstones/black-opal/opal-gp98247
514,https://www.gempundit.com/gemstones/black-opal/opal-gp71215
515,https://www.gempundit.com/gemstones/black-opal/opal-gp98768
516,https://www.gempundit.com/gemstones/black-opal/opal-gp98814
517,https://www.gempundit.com/gemstones/black-opal/opal-gp61517
518,https://www.gempundit.com/gemstones/black-opal/opal-gp18032
519,https://www.gempundit.com/gemstones/black-opal/opal-gp61293
520,https://www.gempundit.com/gemstones/black-opal/opal-gp95807
521,https://www.gempundit.com/gemstones/black-opal/opal-gp95784
522,https://www.gempundit.com/gemstones/black-opal/opal-gp98779
523,https://www.gempundit.com/gemstones/black-opal/opal-gp95803
524,https://www.gempundit.com/gemstones/black-opal/opal-gp95760
525,https://www.gempundit.com/gemstones/black-opal/opal-gp98838
526,https://www.gempundit.com/gemstones/black-opal/opal-gp98757
527,https://www.gempundit.com/gemstones/black-opal/opal-gp98769
528,https://www.gempundit.com/gemstones/black-opal/opal-gp95764
529,https://www.gempundit.com/gemstones/black-opal/opal-gp98231
530,https://www.gempundit.com/gemstones/black-opal/opal-gp98829
531,https://www.gempundit.com/gemstones/black-opal/opal-gp61403
532,https://www.gempundit.com/gemstones/black-opal/opal-gp98796
533,https://www.gempundit.com/gemstones/black-opal/opal-gp95809
534,https://www.gempundit.com/gemstones/black-opal/opal-gp98738
535,https://www.gempundit.com/gemstones/black-opal/opal-gp98263
536,https://www.gempundit.com/gemstones/black-opal/opal-gp95786
537,https://www.gempundit.com/gemstones/black-opal/opal-gp98825
538,https://www.gempundit.com/gemstones/black-opal/opal-gp98832
539,https://www.gempundit.com/gemstones/black-opal/opal-gp61516
540,https://www.gempundit.com/gemstones/black-opal/opal-gp95795
541,https://www.gempundit.com/gemstones/black-opal/opal-gp95775
542,https://www.gempundit.com/gemstones/black-opal/opal-gp98828
543,https://www.gempundit.com/gemstones/black-opal/opal-gp98823
544,https://www.gempundit.com/gemstones/black-opal/opal-gp98793
545,https://www.gempundit.com/gemstones/black-opal/opal-gp95810
546,https://www.gempundit.com/gemstones/black-opal/opal-gp61429
547,https://www.gempundit.com/gemstones/black-opal/opal-gp61398
548,https://www.gempundit.com/gemstones/black-opal/opal-gp95788
549,https://www.gempundit.com/gemstones/black-opal/opal-gp95787
550,https://www.gempundit.com/gemstones/black-opal/opal-gp98256
551,https://www.gempundit.com/gemstones/black-opal/opal-gp71235
552,https://www.gempundit.com/gemstones/black-opal/opal-gp98746
553,https://www.gempundit.com/gemstones/black-opal/opal-gp98826
554,https://www.gempundit.com/gemstones/black-opal/opal-gp95808
555,https://www.gempundit.com/gemstones/black-opal/opal-gp98839
556,https://www.gempundit.com/gemstones/black-opal/opal-gp61295
557,https://www.gempundit.com/gemstones/black-opal/opal-gp98792
558,https://www.gempundit.com/gemstones/black-opal/opal-gp98763
559,https://www.gempundit.com/gemstones/black-opal/opal-gp98727
560,https://www.gempundit.com/gemstones/black-opal/opal-gp71217
561,https://www.gempundit.com/gemstones/black-opal/opal-gp71239
562,https://www.gempundit.com/gemstones/black-opal/opal-gp98751
563,https://www.gempundit.com/gemstones/black-opal/opal-gp95796
564,https://www.gempundit.com/gemstones/black-opal/opal-gp98770
565,https://www.gempundit.com/gemstones/black-opal/opal-gp61209
566,https://www.gempundit.com/gemstones/black-opal/opal-gp95822
567,https://www.gempundit.com/gemstones/black-opal/opal-gp98841
568,https://www.gempundit.com/gemstones/black-opal/opal-gp95756
569,https://www.gempundit.com/gemstones/black-opal/opal-gp98258
570,https://www.gempundit.com/gemstones/black-opal/opal-gp61294
571,https://www.gempundit.com/gemstones/black-opal/opal-gp71223
572,https://www.gempundit.com/gemstones/black-opal/opal-gp98740
573,https://www.gempundit.com/gemstones/black-opal/opal-gp98821
574,https://www.gempundit.com/gemstones/black-opal/opal-gp71229
575,https://www.gempundit.com/gemstones/black-opal/opal-gp98755
576,https://www.gempundit.com/gemstones/black-opal/opal-gp98840
577,https://www.gempundit.com/gemstones/black-opal/opal-gp98736
578,https://www.gempundit.com/gemstones/black-opal/opal-gp98774
579,https://www.gempundit.com/gemstones/black-opal/opal-gp61349
580,https://www.gempundit.com/gemstones/black-opal/opal-gp95774
581,https://www.gempundit.com/gemstones/black-opal/opal-gp98743
582,https://www.gempundit.com/gemstones/black-opal/opal-gp95801
583,https://www.gempundit.com/gemstones/black-opal/opal-gp95799
584,https://www.gempundit.com/gemstones/black-opal/opal-gp61210
585,https://www.gempundit.com/gemstones/black-opal/opal-gp95819
586,https://www.gempundit.com/gemstones/black-opal/opal-gp98739
587,https://www.gempundit.com/gemstones/black-opal/opal-gp98754
588,https://www.gempundit.com/gemstones/black-opal/opal-gp98260
589,https://www.gempundit.com/gemstones/black-opal/opal-gp98809
590,https://www.gempundit.com/gemstones/black-opal/opal-gp98799
591,https://www.gempundit.com/gemstones/black-opal/opal-gp99748
592,https://www.gempundit.com/gemstones/black-opal/opal-gp98837
593,https://www.gempundit.com/gemstones/black-opal/opal-gp98728
594,https://www.gempundit.com/gemstones/black-opal/opal-gp19535
595,https://www.gempundit.com/gemstones/black-opal/opal-gp103880
596,https://www.gempundit.com/gemstones/black-opal/opal-gp61395
597,https://www.gempundit.com/gemstones/black-opal/opal-gp98836
598,https://www.gempundit.com/gemstones/black-opal/opal-gp98747
599,https://www.gempundit.com/gemstones/black-opal/opal-gp95817
600,https://www.gempundit.com/gemstones/black-opal/opal-gp98730
601,https://www.gempundit.com/gemstones/black-opal/opal-gp98732
602,https://www.gempundit.com/gemstones/black-opal/opal-gp71219
603,https://www.gempundit.com/gemstones/black-opal/opal-gp98767
604,https://www.gempundit.com/gemstones/black-opal/opal-gp98827
605,https://www.gempundit.com/gemstones/black-opal/opal-gp71222
606,https://www.gempundit.com/gemstones/black-opal/opal-gp98775
607,https://www.gempundit.com/gemstones/black-opal/opal-gp71232
608,https://www.gempundit.com/gemstones/black-opal/opal-gp95772
609,https://www.gempundit.com/gemstones/black-opal/opal-gp98803
610,https://www.gempundit.com/gemstones/black-opal/opal-gp95773
611,https://www.gempundit.com/gemstones/black-opal/opal-gp95776
612,https://www.gempundit.com/gemstones/black-opal/opal-gp61500
613,https://www.gempundit.com/gemstones/black-opal/opal-gp98252
614,https://www.gempundit.com/gemstones/black-opal/opal-gp61261
615,https://www.gempundit.com/gemstones/black-opal/opal-gp61234
616,https://www.gempundit.com/gemstones/black-opal/opal-gp61358
617,https://www.gempundit.com/gemstones/black-opal/opal-gp98242
618,https://www.gempundit.com/gemstones/black-opal/opal-gp95782
619,https://www.gempundit.com/gemstones/black-opal/opal-gp98241
620,https://www.gempundit.com/gemstones/black-opal/opal-gp98822
621,https://www.gempundit.com/gemstones/black-opal/opal-gp98810
622,https://www.gempundit.com/gemstones/black-opal/opal-gp95771
623,https://www.gempundit.com/gemstones/black-opal/opal-gp98259
624,https://www.gempundit.com/gemstones/black-opal/opal-gp98735
625,https://www.gempundit.com/gemstones/black-opal/opal-gp95802
626,https://www.gempundit.com/gemstones/black-opal/black-opal-gp11780
627,https://www.gempundit.com/gemstones/black-opal/opal-gp98831
628,https://www.gempundit.com/gemstones/black-opal/opal-gp98830
