,Bloodstone
0,https://www.gempundit.com/gemstones/bloodstone/bloodstone-gp64062
1,https://www.gempundit.com/gemstones/bloodstone/bloodstone-gp64021
2,https://www.gempundit.com/gemstones/bloodstone/bloodstone-gp82482
3,https://www.gempundit.com/gemstones/bloodstone/bloodstone-gp64073
4,https://www.gempundit.com/gemstones/bloodstone/bloodstone-gp82470
5,https://www.gempundit.com/gemstones/bloodstone/bloodstone-gp64093
6,https://www.gempundit.com/gemstones/bloodstone/bloodstone-gp82479
7,https://www.gempundit.com/gemstones/bloodstone/bloodstone-gp82492
8,https://www.gempundit.com/gemstones/bloodstone/bloodstone-gp82484
9,https://www.gempundit.com/gemstones/bloodstone/bloodstone-gp82478
10,https://www.gempundit.com/gemstones/bloodstone/bloodstone-gp82473
11,https://www.gempundit.com/gemstones/bloodstone/bloodstone-gp82472
12,https://www.gempundit.com/gemstones/bloodstone/bloodstone-gp82488
13,https://www.gempundit.com/gemstones/bloodstone/bloodstone-gp82485
14,https://www.gempundit.com/gemstones/bloodstone/bloodstone-gp82486
15,https://www.gempundit.com/gemstones/bloodstone/bloodstone-gp64108
16,https://www.gempundit.com/gemstones/bloodstone/bloodstone-gp82475
17,https://www.gempundit.com/gemstones/bloodstone/bloodstone-gp82490
18,https://www.gempundit.com/gemstones/bloodstone/bloodstone-gp82477
19,https://www.gempundit.com/gemstones/bloodstone/bloodstone-gp82474
20,https://www.gempundit.com/gemstones/bloodstone/bloodstone-gp82460
21,https://www.gempundit.com/gemstones/bloodstone/bloodstone-gp82469
22,https://www.gempundit.com/gemstones/bloodstone/bloodstone-gp64096
23,https://www.gempundit.com/gemstones/bloodstone/bloodstone-gp82404
24,https://www.gempundit.com/gemstones/bloodstone/bloodstone-gp82466
25,https://www.gempundit.com/gemstones/bloodstone/bloodstone-gp28226
26,https://www.gempundit.com/gemstones/bloodstone/bloodstone-gp63969
27,https://www.gempundit.com/gemstones/bloodstone/bloodstone-gp82430
28,https://www.gempundit.com/gemstones/bloodstone/bloodstone-gp28402
29,https://www.gempundit.com/gemstones/bloodstone/bloodstone-gp28255
30,https://www.gempundit.com/gemstones/bloodstone/bloodstone-gp28289
31,https://www.gempundit.com/gemstones/bloodstone/bloodstone-gp28317
32,https://www.gempundit.com/gemstones/bloodstone/bloodstone-gp28242
33,https://www.gempundit.com/gemstones/bloodstone/bloodstone-gp82465
34,https://www.gempundit.com/gemstones/bloodstone/bloodstone-gp28249
35,https://www.gempundit.com/gemstones/bloodstone/bloodstone-gp28400
36,https://www.gempundit.com/gemstones/bloodstone/bloodstone-gp28335
37,https://www.gempundit.com/gemstones/bloodstone/bloodstone-gp82395
38,https://www.gempundit.com/gemstones/bloodstone/bloodstone-gp28359
39,https://www.gempundit.com/gemstones/bloodstone/bloodstone-gp28265
40,https://www.gempundit.com/gemstones/bloodstone/bloodstone-gp28221
41,https://www.gempundit.com/gemstones/bloodstone/bloodstone-gp82409
42,https://www.gempundit.com/gemstones/bloodstone/bloodstone-gp64052
43,https://www.gempundit.com/gemstones/bloodstone/bloodstone-gp28279
44,https://www.gempundit.com/gemstones/bloodstone/bloodstone-gp13702
45,https://www.gempundit.com/gemstones/bloodstone/bloodstone-gp82453
46,https://www.gempundit.com/gemstones/bloodstone/bloodstone-gp28305
47,https://www.gempundit.com/gemstones/bloodstone/bloodstone-gp82467
48,https://www.gempundit.com/gemstones/bloodstone/bloodstone-gp28387
49,https://www.gempundit.com/gemstones/bloodstone/bloodstone-gp28252
50,https://www.gempundit.com/gemstones/bloodstone/bloodstone-gp28277
51,https://www.gempundit.com/gemstones/bloodstone/bloodstone-gp82408
52,https://www.gempundit.com/gemstones/bloodstone/bloodstone-gp64059
53,https://www.gempundit.com/gemstones/bloodstone/bloodstone-gp28258
54,https://www.gempundit.com/gemstones/bloodstone/bloodstone-gp28377
55,https://www.gempundit.com/gemstones/bloodstone/bloodstone-gp82422
56,https://www.gempundit.com/gemstones/bloodstone/bloodstone-gp28298
57,https://www.gempundit.com/gemstones/bloodstone/bloodstone-gp82459
58,https://www.gempundit.com/gemstones/bloodstone/bloodstone-gp82439
59,https://www.gempundit.com/gemstones/bloodstone/bloodstone-gp82435
60,https://www.gempundit.com/gemstones/bloodstone/bloodstone-gp82444
61,https://www.gempundit.com/gemstones/bloodstone/bloodstone-gp82463
62,https://www.gempundit.com/gemstones/bloodstone/bloodstone-gp28263
63,https://www.gempundit.com/gemstones/bloodstone/bloodstone-gp82428
64,https://www.gempundit.com/gemstones/bloodstone/bloodstone-gp64095
65,https://www.gempundit.com/gemstones/bloodstone/bloodstone-gp28307
66,https://www.gempundit.com/gemstones/bloodstone/bloodstone-gp28407
67,https://www.gempundit.com/gemstones/bloodstone/bloodstone-gp13672
68,https://www.gempundit.com/gemstones/bloodstone/bloodstone-gp28410
69,https://www.gempundit.com/gemstones/bloodstone/bloodstone-gp28267
70,https://www.gempundit.com/gemstones/bloodstone/bloodstone-gp82400
71,https://www.gempundit.com/gemstones/bloodstone/bloodstone-gp64060
72,https://www.gempundit.com/gemstones/bloodstone/bloodstone-gp28217
73,https://www.gempundit.com/gemstones/bloodstone/bloodstone-gp64111
74,https://www.gempundit.com/gemstones/bloodstone/bloodstone-gp64112
75,https://www.gempundit.com/gemstones/bloodstone/bloodstone-gp28388
76,https://www.gempundit.com/gemstones/bloodstone/bloodstone-gp28333
77,https://www.gempundit.com/gemstones/bloodstone/bloodstone-gp82411
78,https://www.gempundit.com/gemstones/bloodstone/bloodstone-gp64065
79,https://www.gempundit.com/gemstones/bloodstone/bloodstone-gp64056
80,https://www.gempundit.com/gemstones/bloodstone/bloodstone-gp28273
81,https://www.gempundit.com/gemstones/bloodstone/bloodstone-gp82450
82,https://www.gempundit.com/gemstones/bloodstone/bloodstone-gp64125
83,https://www.gempundit.com/gemstones/bloodstone/bloodstone-gp28239
84,https://www.gempundit.com/gemstones/bloodstone/bloodstone-gp28342
85,https://www.gempundit.com/gemstones/bloodstone/bloodstone-gp63970
86,https://www.gempundit.com/gemstones/bloodstone/bloodstone-gp28245
87,https://www.gempundit.com/gemstones/bloodstone/bloodstone-gp64071
88,https://www.gempundit.com/gemstones/bloodstone/bloodstone-gp28290
89,https://www.gempundit.com/gemstones/bloodstone/bloodstone-gp28409
90,https://www.gempundit.com/gemstones/bloodstone/bloodstone-gp82462
91,https://www.gempundit.com/gemstones/bloodstone/bloodstone-gp82421
92,https://www.gempundit.com/gemstones/bloodstone/bloodstone-gp82407
93,https://www.gempundit.com/gemstones/bloodstone/bloodstone-gp82427
94,https://www.gempundit.com/gemstones/bloodstone/bloodstone-gp82464
95,https://www.gempundit.com/gemstones/bloodstone/bloodstone-gp28310
96,https://www.gempundit.com/gemstones/bloodstone/bloodstone-gp82399
97,https://www.gempundit.com/gemstones/bloodstone/bloodstone-gp82434
98,https://www.gempundit.com/gemstones/bloodstone/bloodstone-gp64120
99,https://www.gempundit.com/gemstones/bloodstone/bloodstone-gp28346
100,https://www.gempundit.com/gemstones/bloodstone/bloodstone-gp82440
101,https://www.gempundit.com/gemstones/bloodstone/bloodstone-gp63975
102,https://www.gempundit.com/gemstones/bloodstone/bloodstone-gp28358
103,https://www.gempundit.com/gemstones/bloodstone/bloodstone-gp64083
104,https://www.gempundit.com/gemstones/bloodstone/bloodstone-gp82451
105,https://www.gempundit.com/gemstones/bloodstone/bloodstone-gp82445
106,https://www.gempundit.com/gemstones/bloodstone/bloodstone-gp82446
107,https://www.gempundit.com/gemstones/bloodstone/bloodstone-gp82425
108,https://www.gempundit.com/gemstones/bloodstone/bloodstone-gp82405
109,https://www.gempundit.com/gemstones/bloodstone/bloodstone-gp82416
110,https://www.gempundit.com/gemstones/bloodstone/bloodstone-gp82392
111,https://www.gempundit.com/gemstones/bloodstone/bloodstone-gp82454
112,https://www.gempundit.com/gemstones/bloodstone/bloodstone-gp82423
113,https://www.gempundit.com/gemstones/bloodstone/bloodstone-gp82403
114,https://www.gempundit.com/gemstones/bloodstone/bloodstone-gp64118
115,https://www.gempundit.com/gemstones/bloodstone/bloodstone-gp82441
116,https://www.gempundit.com/gemstones/bloodstone/bloodstone-gp82436
117,https://www.gempundit.com/gemstones/bloodstone/bloodstone-gp82433
118,https://www.gempundit.com/gemstones/bloodstone/bloodstone-gp82420
119,https://www.gempundit.com/gemstones/bloodstone/bloodstone-gp64058
120,https://www.gempundit.com/gemstones/bloodstone/bloodstone-gp82401
121,https://www.gempundit.com/gemstones/bloodstone/bloodstone-gp28411
122,https://www.gempundit.com/gemstones/bloodstone/bloodstone-gp82398
123,https://www.gempundit.com/gemstones/bloodstone/bloodstone-gp82448
124,https://www.gempundit.com/gemstones/bloodstone/bloodstone-gp82456
125,https://www.gempundit.com/gemstones/bloodstone/bloodstone-gp64099
126,https://www.gempundit.com/gemstones/bloodstone/bloodstone-gp82397
127,https://www.gempundit.com/gemstones/bloodstone/bloodstone-gp64020
128,https://www.gempundit.com/gemstones/bloodstone/bloodstone-gp64070
129,https://www.gempundit.com/gemstones/bloodstone/bloodstone-gp82417
130,https://www.gempundit.com/gemstones/bloodstone/bloodstone-gp82412
131,https://www.gempundit.com/gemstones/bloodstone/bloodstone-gp64057
132,https://www.gempundit.com/gemstones/bloodstone/bloodstone-gp82452
133,https://www.gempundit.com/gemstones/bloodstone/bloodstone-gp64097
134,https://www.gempundit.com/gemstones/bloodstone/bloodstone-gp82424
135,https://www.gempundit.com/gemstones/bloodstone/bloodstone-gp82394
136,https://www.gempundit.com/gemstones/bloodstone/bloodstone-gp64106
137,https://www.gempundit.com/gemstones/bloodstone/bloodstone-gp64114
138,https://www.gempundit.com/gemstones/bloodstone/bloodstone-gp82393
139,https://www.gempundit.com/gemstones/bloodstone/bloodstone-gp82429
140,https://www.gempundit.com/gemstones/bloodstone/bloodstone-gp82414
141,https://www.gempundit.com/gemstones/bloodstone/bloodstone-gp64102
142,https://www.gempundit.com/gemstones/bloodstone/bloodstone-gp82413
143,https://www.gempundit.com/gemstones/bloodstone/bloodstone-gp64098
144,https://www.gempundit.com/gemstones/bloodstone/bloodstone-gp64054
145,https://www.gempundit.com/gemstones/bloodstone/bloodstone-gp64092
146,https://www.gempundit.com/gemstones/bloodstone/bloodstone-gp64063
147,https://www.gempundit.com/gemstones/bloodstone/bloodstone-gp64116
148,https://www.gempundit.com/gemstones/bloodstone/bloodstone-gp64087
149,https://www.gempundit.com/gemstones/bloodstone/bloodstone-gp64072
150,https://www.gempundit.com/gemstones/bloodstone/bloodstone-gp64051
151,https://www.gempundit.com/gemstones/bloodstone/bloodstone-gp64046
152,https://www.gempundit.com/gemstones/bloodstone/bloodstone-gp64055
153,https://www.gempundit.com/gemstones/bloodstone/bloodstone-gp64091
154,https://www.gempundit.com/gemstones/bloodstone/bloodstone-gp64078
155,https://www.gempundit.com/gemstones/bloodstone/bloodstone-gp64075
156,https://www.gempundit.com/gemstones/bloodstone/bloodstone-gp64029
157,https://www.gempundit.com/gemstones/bloodstone/bloodstone-gp64122
158,https://www.gempundit.com/gemstones/bloodstone/bloodstone-gp63966
159,https://www.gempundit.com/gemstones/bloodstone/bloodstone-gp64101
160,https://www.gempundit.com/gemstones/bloodstone/bloodstone-gp64086
161,https://www.gempundit.com/gemstones/bloodstone/bloodstone-gp64031
162,https://www.gempundit.com/gemstones/bloodstone/bloodstone-gp64081
163,https://www.gempundit.com/gemstones/bloodstone/bloodstone-gp64113
164,https://www.gempundit.com/gemstones/bloodstone/bloodstone-gp64084
165,https://www.gempundit.com/gemstones/bloodstone/bloodstone-gp64035
166,https://www.gempundit.com/gemstones/bloodstone/bloodstone-gp64007
167,https://www.gempundit.com/gemstones/bloodstone/bloodstone-gp64107
168,https://www.gempundit.com/gemstones/bloodstone/bloodstone-gp63997
169,https://www.gempundit.com/gemstones/bloodstone/bloodstone-gp64028
170,https://www.gempundit.com/gemstones/bloodstone/bloodstone-gp64088
171,https://www.gempundit.com/gemstones/bloodstone/bloodstone-gp63999
172,https://www.gempundit.com/gemstones/bloodstone/bloodstone-gp64041
173,https://www.gempundit.com/gemstones/bloodstone/bloodstone-gp63994
174,https://www.gempundit.com/gemstones/bloodstone/bloodstone-gp64017
175,https://www.gempundit.com/gemstones/bloodstone/bloodstone-gp63957
176,https://www.gempundit.com/gemstones/bloodstone/bloodstone-gp64012
177,https://www.gempundit.com/gemstones/bloodstone/bloodstone-gp64022
178,https://www.gempundit.com/gemstones/bloodstone/bloodstone-gp64049
179,https://www.gempundit.com/gemstones/bloodstone/bloodstone-gp63958
180,https://www.gempundit.com/gemstones/bloodstone/bloodstone-gp64080
181,https://www.gempundit.com/gemstones/bloodstone/bloodstone-gp64037
182,https://www.gempundit.com/gemstones/bloodstone/bloodstone-gp64047
183,https://www.gempundit.com/gemstones/bloodstone/bloodstone-gp63932
184,https://www.gempundit.com/gemstones/bloodstone/bloodstone-gp64040
185,https://www.gempundit.com/gemstones/bloodstone/bloodstone-gp64050
186,https://www.gempundit.com/gemstones/bloodstone/bloodstone-gp64089
187,https://www.gempundit.com/gemstones/bloodstone/bloodstone-gp63978
188,https://www.gempundit.com/gemstones/bloodstone/bloodstone-gp64042
189,https://www.gempundit.com/gemstones/bloodstone/bloodstone-gp63937
190,https://www.gempundit.com/gemstones/bloodstone/bloodstone-gp64036
191,https://www.gempundit.com/gemstones/bloodstone/bloodstone-gp64038
192,https://www.gempundit.com/gemstones/bloodstone/bloodstone-gp64026
193,https://www.gempundit.com/gemstones/bloodstone/bloodstone-gp63977
194,https://www.gempundit.com/gemstones/bloodstone/bloodstone-gp64011
195,https://www.gempundit.com/gemstones/bloodstone/bloodstone-gp64013
196,https://www.gempundit.com/gemstones/bloodstone/bloodstone-gp63973
197,https://www.gempundit.com/gemstones/bloodstone/bloodstone-gp64034
198,https://www.gempundit.com/gemstones/bloodstone/bloodstone-gp64045
199,https://www.gempundit.com/gemstones/bloodstone/bloodstone-gp64003
200,https://www.gempundit.com/gemstones/bloodstone/bloodstone-gp63936
201,https://www.gempundit.com/gemstones/bloodstone/bloodstone-gp64076
202,https://www.gempundit.com/gemstones/bloodstone/bloodstone-gp64044
203,https://www.gempundit.com/gemstones/bloodstone/bloodstone-gp63983
204,https://www.gempundit.com/gemstones/bloodstone/bloodstone-gp63984
205,https://www.gempundit.com/gemstones/bloodstone/bloodstone-gp64027
206,https://www.gempundit.com/gemstones/bloodstone/bloodstone-gp64048
207,https://www.gempundit.com/gemstones/bloodstone/bloodstone-gp64024
208,https://www.gempundit.com/gemstones/bloodstone/bloodstone-gp64010
209,https://www.gempundit.com/gemstones/bloodstone/bloodstone-gp64004
210,https://www.gempundit.com/gemstones/bloodstone/bloodstone-gp64014
211,https://www.gempundit.com/gemstones/bloodstone/bloodstone-gp64053
212,https://www.gempundit.com/gemstones/bloodstone/bloodstone-gp63931
213,https://www.gempundit.com/gemstones/bloodstone/bloodstone-gp63981
214,https://www.gempundit.com/gemstones/bloodstone/bloodstone-gp63995
215,https://www.gempundit.com/gemstones/bloodstone/bloodstone-gp63967
216,https://www.gempundit.com/gemstones/bloodstone/bloodstone-gp63985
217,https://www.gempundit.com/gemstones/bloodstone/bloodstone-gp64018
218,https://www.gempundit.com/gemstones/bloodstone/bloodstone-gp64039
219,https://www.gempundit.com/gemstones/bloodstone/bloodstone-gp63988
220,https://www.gempundit.com/gemstones/bloodstone/bloodstone-gp63924
221,https://www.gempundit.com/gemstones/bloodstone/bloodstone-gp64005
222,https://www.gempundit.com/gemstones/bloodstone/bloodstone-gp64030
223,https://www.gempundit.com/gemstones/bloodstone/bloodstone-gp63972
224,https://www.gempundit.com/gemstones/bloodstone/bloodstone-gp63934
225,https://www.gempundit.com/gemstones/bloodstone/bloodstone-gp63964
226,https://www.gempundit.com/gemstones/bloodstone/bloodstone-gp63989
227,https://www.gempundit.com/gemstones/bloodstone/bloodstone-gp63976
228,https://www.gempundit.com/gemstones/bloodstone/bloodstone-gp64109
229,https://www.gempundit.com/gemstones/bloodstone/bloodstone-gp63993
230,https://www.gempundit.com/gemstones/bloodstone/bloodstone-gp63925
231,https://www.gempundit.com/gemstones/bloodstone/bloodstone-gp63953
232,https://www.gempundit.com/gemstones/bloodstone/bloodstone-gp63952
233,https://www.gempundit.com/gemstones/bloodstone/bloodstone-gp64090
234,https://www.gempundit.com/gemstones/bloodstone/bloodstone-gp63968
235,https://www.gempundit.com/gemstones/bloodstone/bloodstone-gp63998
236,https://www.gempundit.com/gemstones/bloodstone/bloodstone-gp63996
237,https://www.gempundit.com/gemstones/bloodstone/bloodstone-gp63971
238,https://www.gempundit.com/gemstones/bloodstone/bloodstone-gp63948
239,https://www.gempundit.com/gemstones/bloodstone/bloodstone-gp64001
240,https://www.gempundit.com/gemstones/bloodstone/bloodstone-gp64077
241,https://www.gempundit.com/gemstones/bloodstone/bloodstone-gp63992
242,https://www.gempundit.com/gemstones/bloodstone/bloodstone-gp64033
243,https://www.gempundit.com/gemstones/bloodstone/bloodstone-gp63950
244,https://www.gempundit.com/gemstones/bloodstone/bloodstone-gp63944
245,https://www.gempundit.com/gemstones/bloodstone/bloodstone-gp63990
246,https://www.gempundit.com/gemstones/bloodstone/bloodstone-gp63928
247,https://www.gempundit.com/gemstones/bloodstone/bloodstone-gp63926
248,https://www.gempundit.com/gemstones/bloodstone/bloodstone-gp63980
249,https://www.gempundit.com/gemstones/bloodstone/bloodstone-gp63946
250,https://www.gempundit.com/gemstones/bloodstone/bloodstone-gp63933
251,https://www.gempundit.com/gemstones/bloodstone/bloodstone-gp64079
252,https://www.gempundit.com/gemstones/bloodstone/bloodstone-gp63927
253,https://www.gempundit.com/gemstones/bloodstone/bloodstone-gp64000
254,https://www.gempundit.com/gemstones/bloodstone/bloodstone-gp64016
255,https://www.gempundit.com/gemstones/bloodstone/bloodstone-gp63991
256,https://www.gempundit.com/gemstones/bloodstone/bloodstone-gp63941
257,https://www.gempundit.com/gemstones/bloodstone/bloodstone-gp63945
258,https://www.gempundit.com/gemstones/bloodstone/bloodstone-gp63947
259,https://www.gempundit.com/gemstones/bloodstone/bloodstone-gp63949
260,https://www.gempundit.com/gemstones/bloodstone/bloodstone-gp63920
261,https://www.gempundit.com/gemstones/bloodstone/bloodstone-gp63921
262,https://www.gempundit.com/gemstones/bloodstone/bloodstone-gp63943
263,https://www.gempundit.com/gemstones/bloodstone/bloodstone-gp64006
264,https://www.gempundit.com/gemstones/bloodstone/bloodstone-gp63965
265,https://www.gempundit.com/gemstones/bloodstone/bloodstone-gp63922
266,https://www.gempundit.com/gemstones/bloodstone/bloodstone-gp63929
267,https://www.gempundit.com/gemstones/bloodstone/bloodstone-gp64110
268,https://www.gempundit.com/gemstones/bloodstone/bloodstone-gp63986
269,https://www.gempundit.com/gemstones/bloodstone/bloodstone-gp63923
270,https://www.gempundit.com/gemstones/bloodstone/bloodstone-gp63942
271,https://www.gempundit.com/gemstones/bloodstone/bloodstone-gp63918
