,Blue Zircon
0,https://www.gempundit.com/gemstones/blue-zircon/zircon-blue-premium-quality-4653
1,https://www.gempundit.com/gemstones/blue-zircon/zircon-blue-economy-quality-4651
2,https://www.gempundit.com/gemstones/blue-zircon/zircon-gp84771
3,https://www.gempundit.com/gemstones/blue-zircon/zircon-gp84768
4,https://www.gempundit.com/gemstones/blue-zircon/zircon-gp105689
5,https://www.gempundit.com/gemstones/blue-zircon/zircon-gp84770
6,https://www.gempundit.com/gemstones/blue-zircon/zircon-gp93944
7,https://www.gempundit.com/gemstones/blue-zircon/zircon-gp93938
8,https://www.gempundit.com/gemstones/blue-zircon/zircon-gp93945
9,https://www.gempundit.com/gemstones/blue-zircon/zircon-gp84769
10,https://www.gempundit.com/gemstones/blue-zircon/zircon-gp105683
11,https://www.gempundit.com/gemstones/blue-zircon/zircon-gp105687
12,https://www.gempundit.com/gemstones/blue-zircon/zircon-gp93942
13,https://www.gempundit.com/gemstones/blue-zircon/zircon-gp93943
14,https://www.gempundit.com/gemstones/blue-zircon/zircon-gp84774
15,https://www.gempundit.com/gemstones/blue-zircon/zircon-gp103332
16,https://www.gempundit.com/gemstones/blue-zircon/zircon-gp51120
17,https://www.gempundit.com/gemstones/blue-zircon/zircon-gp89776
18,https://www.gempundit.com/gemstones/blue-zircon/zircon-gp51127
19,https://www.gempundit.com/gemstones/blue-zircon/zircon-gp93940
20,https://www.gempundit.com/gemstones/blue-zircon/zircon-gp99653
21,https://www.gempundit.com/gemstones/blue-zircon/zircon-gp51124
22,https://www.gempundit.com/gemstones/blue-zircon/zircon-gp89779
23,https://www.gempundit.com/gemstones/blue-zircon/zircon-gp99652
24,https://www.gempundit.com/gemstones/blue-zircon/zircon-gp99703
25,https://www.gempundit.com/gemstones/blue-zircon/zircon-gp89780
26,https://www.gempundit.com/gemstones/blue-zircon/zircon-blue-premium-quality-4653
27,https://www.gempundit.com/gemstones/blue-zircon/zircon-blue-economy-quality-4651
28,https://www.gempundit.com/gemstones/blue-zircon/zircon-gp51123
29,https://www.gempundit.com/gemstones/blue-zircon/zircon-gp99704
30,https://www.gempundit.com/gemstones/blue-zircon/zircon-gp93939
31,https://www.gempundit.com/gemstones/blue-zircon/zircon-gp51130
32,https://www.gempundit.com/gemstones/blue-zircon/zircon-gp99656
33,https://www.gempundit.com/gemstones/blue-zircon/zircon-gp99706
34,https://www.gempundit.com/gemstones/blue-zircon/zircon-gp99657
35,https://www.gempundit.com/gemstones/blue-zircon/zircon-gp99658
36,https://www.gempundit.com/gemstones/blue-zircon/zircon-gp51128
37,https://www.gempundit.com/gemstones/blue-zircon/zircon-gp50009
38,https://www.gempundit.com/gemstones/blue-zircon/zircon-gp99654
39,https://www.gempundit.com/gemstones/blue-zircon/zircon-gp51141
40,https://www.gempundit.com/gemstones/blue-zircon/zircon-gp51138
41,https://www.gempundit.com/gemstones/blue-zircon/zircon-gp99660
42,https://www.gempundit.com/gemstones/blue-zircon/zircon-gp50022
43,https://www.gempundit.com/gemstones/blue-zircon/zircon-gp99655
44,https://www.gempundit.com/gemstones/blue-zircon/zircon-gp99709
45,https://www.gempundit.com/gemstones/blue-zircon/zircon-gp50029
46,https://www.gempundit.com/gemstones/blue-zircon/zircon-gp51129
47,https://www.gempundit.com/gemstones/blue-zircon/zircon-gp50023
48,https://www.gempundit.com/gemstones/blue-zircon/zircon-gp50014
49,https://www.gempundit.com/gemstones/blue-zircon/zircon-gp51137
50,https://www.gempundit.com/gemstones/blue-zircon/zircon-gp105677
51,https://www.gempundit.com/gemstones/blue-zircon/zircon-gp105671
52,https://www.gempundit.com/gemstones/blue-zircon/zircon-blue-premium-quality-4653
53,https://www.gempundit.com/gemstones/blue-zircon/zircon-blue-economy-quality-4651
54,https://www.gempundit.com/gemstones/blue-zircon/zircon-gp105672
55,https://www.gempundit.com/gemstones/blue-zircon/zircon-gp50024
56,https://www.gempundit.com/gemstones/blue-zircon/zircon-gp57021
57,https://www.gempundit.com/gemstones/blue-zircon/zircon-gp50015
58,https://www.gempundit.com/gemstones/blue-zircon/zircon-gp99659
59,https://www.gempundit.com/gemstones/blue-zircon/zircon-gp50030
60,https://www.gempundit.com/gemstones/blue-zircon/zircon-gp51139
61,https://www.gempundit.com/gemstones/blue-zircon/zircon-gp50018
62,https://www.gempundit.com/gemstones/blue-zircon/zircon-gp50020
63,https://www.gempundit.com/gemstones/blue-zircon/zircon-gp51135
64,https://www.gempundit.com/gemstones/blue-zircon/zircon-gp105681
65,https://www.gempundit.com/gemstones/blue-zircon/zircon-gp99702
66,https://www.gempundit.com/gemstones/blue-zircon/zircon-gp35536
67,https://www.gempundit.com/gemstones/blue-zircon/zircon-gp99707
68,https://www.gempundit.com/gemstones/blue-zircon/zircon-gp99708
69,https://www.gempundit.com/gemstones/blue-zircon/zircon-gp43126
70,https://www.gempundit.com/gemstones/blue-zircon/zircon-gp35534
71,https://www.gempundit.com/gemstones/blue-zircon/zircon-gp43128
72,https://www.gempundit.com/gemstones/blue-zircon/zircon-gp43109
73,https://www.gempundit.com/gemstones/blue-zircon/zircon-gp98655
74,https://www.gempundit.com/gemstones/blue-zircon/zircon-gp98654
75,https://www.gempundit.com/gemstones/blue-zircon/zircon-gp43110
76,https://www.gempundit.com/gemstones/blue-zircon/zircon-gp43115
77,https://www.gempundit.com/gemstones/blue-zircon/zircon-gp43114
78,https://www.gempundit.com/gemstones/blue-zircon/zircon-blue-premium-quality-4653
79,https://www.gempundit.com/gemstones/blue-zircon/zircon-blue-economy-quality-4651
80,https://www.gempundit.com/gemstones/blue-zircon/zircon-gp35539
81,https://www.gempundit.com/gemstones/blue-zircon/zircon-gp89765
82,https://www.gempundit.com/gemstones/blue-zircon/zircon-gp89762
83,https://www.gempundit.com/gemstones/blue-zircon/zircon-gp105664
84,https://www.gempundit.com/gemstones/blue-zircon/zircon-gp98601
85,https://www.gempundit.com/gemstones/blue-zircon/zircon-gp105665
86,https://www.gempundit.com/gemstones/blue-zircon/zircon-gp99712
87,https://www.gempundit.com/gemstones/blue-zircon/zircon-gp105680
88,https://www.gempundit.com/gemstones/blue-zircon/zircon-gp89763
89,https://www.gempundit.com/gemstones/blue-zircon/zircon-gp98600
90,https://www.gempundit.com/gemstones/blue-zircon/zircon-gp98603
91,https://www.gempundit.com/gemstones/blue-zircon/zircon-gp89759
92,https://www.gempundit.com/gemstones/blue-zircon/zircon-gp89758
93,https://www.gempundit.com/gemstones/blue-zircon/zircon-gp98602
94,https://www.gempundit.com/gemstones/blue-zircon/zircon-gp99711
95,https://www.gempundit.com/gemstones/blue-zircon/zircon-gp105692
96,https://www.gempundit.com/gemstones/blue-zircon/zircon-gp99710
97,https://www.gempundit.com/gemstones/blue-zircon/zircon-gp89757
98,https://www.gempundit.com/gemstones/blue-zircon/zircon-gp70198
99,https://www.gempundit.com/gemstones/blue-zircon/zircon-gp105697
100,https://www.gempundit.com/gemstones/blue-zircon/zircon-gp89769
101,https://www.gempundit.com/gemstones/blue-zircon/zircon-gp70199
102,https://www.gempundit.com/gemstones/blue-zircon/zircon-gp70192
103,https://www.gempundit.com/gemstones/blue-zircon/zircon-gp89768
104,https://www.gempundit.com/gemstones/blue-zircon/zircon-blue-premium-quality-4653
105,https://www.gempundit.com/gemstones/blue-zircon/zircon-blue-economy-quality-4651
106,https://www.gempundit.com/gemstones/blue-zircon/zircon-gp70194
107,https://www.gempundit.com/gemstones/blue-zircon/zircon-gp70193
108,https://www.gempundit.com/gemstones/blue-zircon/zircon-gp89767
109,https://www.gempundit.com/gemstones/blue-zircon/zircon-gp94282
110,https://www.gempundit.com/gemstones/blue-zircon/zircon-gp94284
111,https://www.gempundit.com/gemstones/blue-zircon/zircon-gp94283
112,https://www.gempundit.com/gemstones/blue-zircon/zircon-gp94280
