,Blue Topaz
0,https://www.gempundit.com/gemstones/blue-topaz/london-blue-topaz-aaa-grade
1,https://www.gempundit.com/gemstones/blue-topaz/swiss-blue-topaz-aaa-grade
2,https://www.gempundit.com/gemstones/blue-topaz/blue-topaz-gp93383
3,https://www.gempundit.com/gemstones/blue-topaz/blue-topaz-gp19254
4,https://www.gempundit.com/gemstones/blue-topaz/blue-topaz-gp81839
5,https://www.gempundit.com/gemstones/blue-topaz/blue-topaz-gp81841
6,https://www.gempundit.com/gemstones/blue-topaz/blue-topaz-gp81848
7,https://www.gempundit.com/gemstones/blue-topaz/blue-topaz-gp81827
8,https://www.gempundit.com/gemstones/blue-topaz/blue-topaz-gp81825
9,https://www.gempundit.com/gemstones/blue-topaz/blue-topaz-gp81838
10,https://www.gempundit.com/gemstones/blue-topaz/blue-topaz-gp81832
11,https://www.gempundit.com/gemstones/blue-topaz/blue-topaz-gp81677
12,https://www.gempundit.com/gemstones/blue-topaz/blue-topaz-gp81850
13,https://www.gempundit.com/gemstones/blue-topaz/blue-topaz-gp81713
14,https://www.gempundit.com/gemstones/blue-topaz/blue-topaz-gp81826
15,https://www.gempundit.com/gemstones/blue-topaz/blue-topaz-gp81683
16,https://www.gempundit.com/gemstones/blue-topaz/blue-topaz-gp81692
17,https://www.gempundit.com/gemstones/blue-topaz/blue-topaz-gp81672
18,https://www.gempundit.com/gemstones/blue-topaz/blue-topaz-gp81702
19,https://www.gempundit.com/gemstones/blue-topaz/blue-topaz-gp81691
20,https://www.gempundit.com/gemstones/blue-topaz/blue-topaz-gp81714
21,https://www.gempundit.com/gemstones/blue-topaz/blue-topaz-gp81688
22,https://www.gempundit.com/gemstones/blue-topaz/blue-topaz-gp81703
23,https://www.gempundit.com/gemstones/blue-topaz/blue-topaz-gp81686
24,https://www.gempundit.com/gemstones/blue-topaz/blue-topaz-gp81696
25,https://www.gempundit.com/gemstones/blue-topaz/blue-topaz-gp81712
26,https://www.gempundit.com/gemstones/blue-topaz/london-blue-topaz-aaa-grade
27,https://www.gempundit.com/gemstones/blue-topaz/swiss-blue-topaz-aaa-grade
28,https://www.gempundit.com/gemstones/blue-topaz/blue-topaz-gp81693
29,https://www.gempundit.com/gemstones/blue-topaz/blue-topaz-gp81698
30,https://www.gempundit.com/gemstones/blue-topaz/blue-topaz-gp81709
31,https://www.gempundit.com/gemstones/blue-topaz/blue-topaz-gp81801
32,https://www.gempundit.com/gemstones/blue-topaz/blue-topaz-gp81701
33,https://www.gempundit.com/gemstones/blue-topaz/blue-topaz-gp81675
34,https://www.gempundit.com/gemstones/blue-topaz/blue-topaz-gp81700
35,https://www.gempundit.com/gemstones/blue-topaz/blue-topaz-gp98054
36,https://www.gempundit.com/gemstones/blue-topaz/blue-topaz-gp81699
37,https://www.gempundit.com/gemstones/blue-topaz/blue-topaz-gp81706
38,https://www.gempundit.com/gemstones/blue-topaz/blue-topaz-gp81806
39,https://www.gempundit.com/gemstones/blue-topaz/blue-topaz-gp81695
40,https://www.gempundit.com/gemstones/blue-topaz/blue-topaz-gp81813
41,https://www.gempundit.com/gemstones/blue-topaz/blue-topaz-gp81710
42,https://www.gempundit.com/gemstones/blue-topaz/blue-topaz-gp81678
43,https://www.gempundit.com/gemstones/blue-topaz/blue-topaz-gp81708
44,https://www.gempundit.com/gemstones/blue-topaz/blue-topaz-gp81680
45,https://www.gempundit.com/gemstones/blue-topaz/blue-topaz-gp81711
46,https://www.gempundit.com/gemstones/blue-topaz/blue-topaz-gp81707
47,https://www.gempundit.com/gemstones/blue-topaz/blue-topaz-gp81687
48,https://www.gempundit.com/gemstones/blue-topaz/blue-topaz-gp81682
49,https://www.gempundit.com/gemstones/blue-topaz/blue-topaz-gp81704
50,https://www.gempundit.com/gemstones/blue-topaz/blue-topaz-gp81705
51,https://www.gempundit.com/gemstones/blue-topaz/blue-topaz-gp81822
52,https://www.gempundit.com/gemstones/blue-topaz/london-blue-topaz-aaa-grade
53,https://www.gempundit.com/gemstones/blue-topaz/swiss-blue-topaz-aaa-grade
54,https://www.gempundit.com/gemstones/blue-topaz/blue-topaz-gp81689
55,https://www.gempundit.com/gemstones/blue-topaz/blue-topaz-gp81684
56,https://www.gempundit.com/gemstones/blue-topaz/blue-topaz-gp81671
57,https://www.gempundit.com/gemstones/blue-topaz/blue-topaz-gp81803
58,https://www.gempundit.com/gemstones/blue-topaz/blue-topaz-gp81799
59,https://www.gempundit.com/gemstones/blue-topaz/blue-topaz-gp81694
60,https://www.gempundit.com/gemstones/blue-topaz/blue-topaz-gp81676
61,https://www.gempundit.com/gemstones/blue-topaz/blue-topaz-gp81685
62,https://www.gempundit.com/gemstones/blue-topaz/blue-topaz-gp81681
63,https://www.gempundit.com/gemstones/blue-topaz/blue-topaz-gp81817
64,https://www.gempundit.com/gemstones/blue-topaz/blue-topaz-gp81802
65,https://www.gempundit.com/gemstones/blue-topaz/blue-topaz-gp81814
66,https://www.gempundit.com/gemstones/blue-topaz/blue-topaz-gp81697
67,https://www.gempundit.com/gemstones/blue-topaz/blue-topaz-gp81690
68,https://www.gempundit.com/gemstones/blue-topaz/blue-topaz-gp81674
69,https://www.gempundit.com/gemstones/blue-topaz/blue-topaz-gp81812
70,https://www.gempundit.com/gemstones/blue-topaz/blue-topaz-gp81804
71,https://www.gempundit.com/gemstones/blue-topaz/blue-topaz-gp81819
72,https://www.gempundit.com/gemstones/blue-topaz/blue-topaz-gp81820
73,https://www.gempundit.com/gemstones/blue-topaz/blue-topaz-gp81821
74,https://www.gempundit.com/gemstones/blue-topaz/blue-topaz-gp81673
75,https://www.gempundit.com/gemstones/blue-topaz/blue-topaz-gp81818
76,https://www.gempundit.com/gemstones/blue-topaz/blue-topaz-gp81808
77,https://www.gempundit.com/gemstones/blue-topaz/blue-topaz-gp81657
78,https://www.gempundit.com/gemstones/blue-topaz/london-blue-topaz-aaa-grade
79,https://www.gempundit.com/gemstones/blue-topaz/swiss-blue-topaz-aaa-grade
80,https://www.gempundit.com/gemstones/blue-topaz/blue-topaz-gp81815
81,https://www.gempundit.com/gemstones/blue-topaz/blue-topaz-gp81811
82,https://www.gempundit.com/gemstones/blue-topaz/blue-topaz-gp81654
83,https://www.gempundit.com/gemstones/blue-topaz/blue-topaz-gp81668
84,https://www.gempundit.com/gemstones/blue-topaz/blue-topaz-gp81782
85,https://www.gempundit.com/gemstones/blue-topaz/blue-topaz-gp81645
86,https://www.gempundit.com/gemstones/blue-topaz/blue-topaz-gp81651
87,https://www.gempundit.com/gemstones/blue-topaz/blue-topaz-gp81800
88,https://www.gempundit.com/gemstones/blue-topaz/blue-topaz-gp81816
89,https://www.gempundit.com/gemstones/blue-topaz/blue-topaz-gp22935
90,https://www.gempundit.com/gemstones/blue-topaz/blue-topaz-gp22948
91,https://www.gempundit.com/gemstones/blue-topaz/blue-topaz-gp81648
92,https://www.gempundit.com/gemstones/blue-topaz/blue-topaz-gp56544
93,https://www.gempundit.com/gemstones/blue-topaz/blue-topaz-gp81661
94,https://www.gempundit.com/gemstones/blue-topaz/blue-topaz-gp81670
95,https://www.gempundit.com/gemstones/blue-topaz/blue-topaz-gp56552
96,https://www.gempundit.com/gemstones/blue-topaz/blue-topaz-gp22928
97,https://www.gempundit.com/gemstones/blue-topaz/blue-topaz-gp81656
98,https://www.gempundit.com/gemstones/blue-topaz/blue-topaz-gp81658
99,https://www.gempundit.com/gemstones/blue-topaz/blue-topaz-gp81662
100,https://www.gempundit.com/gemstones/blue-topaz/blue-topaz-gp81653
101,https://www.gempundit.com/gemstones/blue-topaz/blue-topaz-gp81664
102,https://www.gempundit.com/gemstones/blue-topaz/blue-topaz-gp22943
103,https://www.gempundit.com/gemstones/blue-topaz/blue-topaz-gp81659
104,https://www.gempundit.com/gemstones/blue-topaz/london-blue-topaz-aaa-grade
105,https://www.gempundit.com/gemstones/blue-topaz/swiss-blue-topaz-aaa-grade
106,https://www.gempundit.com/gemstones/blue-topaz/blue-topaz-gp56540
107,https://www.gempundit.com/gemstones/blue-topaz/blue-topaz-gp81665
108,https://www.gempundit.com/gemstones/blue-topaz/blue-topaz-gp98058
109,https://www.gempundit.com/gemstones/blue-topaz/blue-topaz-gp56550
110,https://www.gempundit.com/gemstones/blue-topaz/blue-topaz-gp81669
111,https://www.gempundit.com/gemstones/blue-topaz/blue-topaz-gp56541
112,https://www.gempundit.com/gemstones/blue-topaz/blue-topaz-gp81667
113,https://www.gempundit.com/gemstones/blue-topaz/blue-topaz-gp81646
114,https://www.gempundit.com/gemstones/blue-topaz/blue-topaz-gp22921
115,https://www.gempundit.com/gemstones/blue-topaz/blue-topaz-gp22932
116,https://www.gempundit.com/gemstones/blue-topaz/blue-topaz-gp81649
117,https://www.gempundit.com/gemstones/blue-topaz/blue-topaz-gp22942
118,https://www.gempundit.com/gemstones/blue-topaz/blue-topaz-gp56539
119,https://www.gempundit.com/gemstones/blue-topaz/blue-topaz-gp81650
120,https://www.gempundit.com/gemstones/blue-topaz/blue-topaz-gp22945
121,https://www.gempundit.com/gemstones/blue-topaz/blue-topaz-gp81792
122,https://www.gempundit.com/gemstones/blue-topaz/blue-topaz-gp81785
123,https://www.gempundit.com/gemstones/blue-topaz/blue-topaz-gp81660
124,https://www.gempundit.com/gemstones/blue-topaz/blue-topaz-gp81655
125,https://www.gempundit.com/gemstones/blue-topaz/blue-topaz-gp81652
126,https://www.gempundit.com/gemstones/blue-topaz/blue-topaz-gp81623
127,https://www.gempundit.com/gemstones/blue-topaz/blue-topaz-gp22927
128,https://www.gempundit.com/gemstones/blue-topaz/blue-topaz-gp81795
129,https://www.gempundit.com/gemstones/blue-topaz/blue-topaz-gp81616
130,https://www.gempundit.com/gemstones/blue-topaz/london-blue-topaz-aaa-grade
131,https://www.gempundit.com/gemstones/blue-topaz/swiss-blue-topaz-aaa-grade
132,https://www.gempundit.com/gemstones/blue-topaz/blue-topaz-gp22922
133,https://www.gempundit.com/gemstones/blue-topaz/blue-topaz-gp81786
134,https://www.gempundit.com/gemstones/blue-topaz/blue-topaz-gp81626
135,https://www.gempundit.com/gemstones/blue-topaz/blue-topaz-gp22941
136,https://www.gempundit.com/gemstones/blue-topaz/blue-topaz-gp103387
137,https://www.gempundit.com/gemstones/blue-topaz/blue-topaz-gp22930
138,https://www.gempundit.com/gemstones/blue-topaz/blue-topaz-gp81642
139,https://www.gempundit.com/gemstones/blue-topaz/blue-topaz-gp81618
140,https://www.gempundit.com/gemstones/blue-topaz/blue-topaz-gp22924
141,https://www.gempundit.com/gemstones/blue-topaz/blue-topaz-gp81621
142,https://www.gempundit.com/gemstones/blue-topaz/blue-topaz-gp103374
143,https://www.gempundit.com/gemstones/blue-topaz/blue-topaz-gp81634
144,https://www.gempundit.com/gemstones/blue-topaz/blue-topaz-gp56595
145,https://www.gempundit.com/gemstones/blue-topaz/blue-topaz-gp81790
146,https://www.gempundit.com/gemstones/blue-topaz/blue-topaz-gp81788
147,https://www.gempundit.com/gemstones/blue-topaz/blue-topaz-gp56596
148,https://www.gempundit.com/gemstones/blue-topaz/blue-topaz-gp56589
149,https://www.gempundit.com/gemstones/blue-topaz/blue-topaz-gp56590
150,https://www.gempundit.com/gemstones/blue-topaz/blue-topaz-gp81784
151,https://www.gempundit.com/gemstones/blue-topaz/blue-topaz-gp81571
152,https://www.gempundit.com/gemstones/blue-topaz/blue-topaz-gp81794
153,https://www.gempundit.com/gemstones/blue-topaz/blue-topaz-gp81791
154,https://www.gempundit.com/gemstones/blue-topaz/blue-topaz-gp81569
155,https://www.gempundit.com/gemstones/blue-topaz/blue-topaz-gp81630
156,https://www.gempundit.com/gemstones/blue-topaz/london-blue-topaz-aaa-grade
157,https://www.gempundit.com/gemstones/blue-topaz/swiss-blue-topaz-aaa-grade
158,https://www.gempundit.com/gemstones/blue-topaz/blue-topaz-gp81624
159,https://www.gempundit.com/gemstones/blue-topaz/blue-topaz-gp81787
160,https://www.gempundit.com/gemstones/blue-topaz/blue-topaz-gp52875
161,https://www.gempundit.com/gemstones/blue-topaz/blue-topaz-gp81796
162,https://www.gempundit.com/gemstones/blue-topaz/blue-topaz-gp81797
163,https://www.gempundit.com/gemstones/blue-topaz/blue-topaz-gp81627
164,https://www.gempundit.com/gemstones/blue-topaz/blue-topaz-gp81629
165,https://www.gempundit.com/gemstones/blue-topaz/blue-topaz-gp81617
166,https://www.gempundit.com/gemstones/blue-topaz/blue-topaz-gp81638
167,https://www.gempundit.com/gemstones/blue-topaz/blue-topaz-gp56594
168,https://www.gempundit.com/gemstones/blue-topaz/blue-topaz-gp81620
169,https://www.gempundit.com/gemstones/blue-topaz/blue-topaz-gp22946
170,https://www.gempundit.com/gemstones/blue-topaz/blue-topaz-gp81625
171,https://www.gempundit.com/gemstones/blue-topaz/blue-topaz-gp81631
172,https://www.gempundit.com/gemstones/blue-topaz/blue-topaz-gp103382
173,https://www.gempundit.com/gemstones/blue-topaz/blue-topaz-gp22940
174,https://www.gempundit.com/gemstones/blue-topaz/blue-topaz-gp80069
175,https://www.gempundit.com/gemstones/blue-topaz/blue-topaz-gp56588
176,https://www.gempundit.com/gemstones/blue-topaz/blue-topaz-gp22944
177,https://www.gempundit.com/gemstones/blue-topaz/blue-topaz-gp80070
178,https://www.gempundit.com/gemstones/blue-topaz/blue-topaz-gp81768
179,https://www.gempundit.com/gemstones/blue-topaz/blue-topaz-gp81633
180,https://www.gempundit.com/gemstones/blue-topaz/blue-topaz-gp93443
181,https://www.gempundit.com/gemstones/blue-topaz/blue-topaz-gp81636
182,https://www.gempundit.com/gemstones/blue-topaz/london-blue-topaz-aaa-grade
183,https://www.gempundit.com/gemstones/blue-topaz/swiss-blue-topaz-aaa-grade
184,https://www.gempundit.com/gemstones/blue-topaz/blue-topaz-gp81574
185,https://www.gempundit.com/gemstones/blue-topaz/blue-topaz-gp81640
186,https://www.gempundit.com/gemstones/blue-topaz/blue-topaz-gp81641
187,https://www.gempundit.com/gemstones/blue-topaz/blue-topaz-gp103383
188,https://www.gempundit.com/gemstones/blue-topaz/blue-topaz-gp81639
189,https://www.gempundit.com/gemstones/blue-topaz/blue-topaz-gp81764
190,https://www.gempundit.com/gemstones/blue-topaz/blue-topaz-gp81570
191,https://www.gempundit.com/gemstones/blue-topaz/blue-topaz-gp81879
192,https://www.gempundit.com/gemstones/blue-topaz/blue-topaz-gp81566
193,https://www.gempundit.com/gemstones/blue-topaz/blue-topaz-gp56565
194,https://www.gempundit.com/gemstones/blue-topaz/blue-topaz-gp81781
195,https://www.gempundit.com/gemstones/blue-topaz/blue-topaz-gp81567
196,https://www.gempundit.com/gemstones/blue-topaz/blue-topaz-gp80092
197,https://www.gempundit.com/gemstones/blue-topaz/blue-topaz-gp56575
198,https://www.gempundit.com/gemstones/blue-topaz/blue-topaz-gp81637
199,https://www.gempundit.com/gemstones/blue-topaz/blue-topaz-gp81632
200,https://www.gempundit.com/gemstones/blue-topaz/blue-topaz-gp81778
201,https://www.gempundit.com/gemstones/blue-topaz/blue-topaz-gp81774
202,https://www.gempundit.com/gemstones/blue-topaz/blue-topaz-gp81776
203,https://www.gempundit.com/gemstones/blue-topaz/blue-topaz-gp81615
204,https://www.gempundit.com/gemstones/blue-topaz/blue-topaz-gp81766
205,https://www.gempundit.com/gemstones/blue-topaz/blue-topaz-gp98063
206,https://www.gempundit.com/gemstones/blue-topaz/blue-topaz-gp81619
207,https://www.gempundit.com/gemstones/blue-topaz/blue-topaz-gp103373
208,https://www.gempundit.com/gemstones/blue-topaz/london-blue-topaz-aaa-grade
209,https://www.gempundit.com/gemstones/blue-topaz/swiss-blue-topaz-aaa-grade
210,https://www.gempundit.com/gemstones/blue-topaz/blue-topaz-gp81767
211,https://www.gempundit.com/gemstones/blue-topaz/blue-topaz-gp81568
212,https://www.gempundit.com/gemstones/blue-topaz/blue-topaz-gp81874
213,https://www.gempundit.com/gemstones/blue-topaz/blue-topaz-gp81565
214,https://www.gempundit.com/gemstones/blue-topaz/blue-topaz-gp56566
215,https://www.gempundit.com/gemstones/blue-topaz/blue-topaz-gp81878
216,https://www.gempundit.com/gemstones/blue-topaz/blue-topaz-gp81573
217,https://www.gempundit.com/gemstones/blue-topaz/blue-topaz-gp81882
218,https://www.gempundit.com/gemstones/blue-topaz/blue-topaz-gp81779
219,https://www.gempundit.com/gemstones/blue-topaz/blue-topaz-gp81877
220,https://www.gempundit.com/gemstones/blue-topaz/blue-topaz-gp81729
221,https://www.gempundit.com/gemstones/blue-topaz/blue-topaz-gp81769
222,https://www.gempundit.com/gemstones/blue-topaz/blue-topaz-gp81772
223,https://www.gempundit.com/gemstones/blue-topaz/blue-topaz-gp81744
224,https://www.gempundit.com/gemstones/blue-topaz/blue-topaz-gp81731
225,https://www.gempundit.com/gemstones/blue-topaz/blue-topaz-gp84760
226,https://www.gempundit.com/gemstones/blue-topaz/blue-topaz-gp81890
227,https://www.gempundit.com/gemstones/blue-topaz/blue-topaz-gp81635
228,https://www.gempundit.com/gemstones/blue-topaz/blue-topaz-gp81765
229,https://www.gempundit.com/gemstones/blue-topaz/blue-topaz-gp81724
230,https://www.gempundit.com/gemstones/blue-topaz/blue-topaz-gp84758
231,https://www.gempundit.com/gemstones/blue-topaz/blue-topaz-gp81891
232,https://www.gempundit.com/gemstones/blue-topaz/blue-topaz-gp81884
233,https://www.gempundit.com/gemstones/blue-topaz/blue-topaz-gp81880
234,https://www.gempundit.com/gemstones/blue-topaz/london-blue-topaz-aaa-grade
235,https://www.gempundit.com/gemstones/blue-topaz/swiss-blue-topaz-aaa-grade
236,https://www.gempundit.com/gemstones/blue-topaz/blue-topaz-gp81876
237,https://www.gempundit.com/gemstones/blue-topaz/blue-topaz-gp81886
238,https://www.gempundit.com/gemstones/blue-topaz/blue-topaz-gp81775
239,https://www.gempundit.com/gemstones/blue-topaz/blue-topaz-gp81770
240,https://www.gempundit.com/gemstones/blue-topaz/blue-topaz-gp81735
241,https://www.gempundit.com/gemstones/blue-topaz/blue-topaz-gp81888
242,https://www.gempundit.com/gemstones/blue-topaz/blue-topaz-gp81743
243,https://www.gempundit.com/gemstones/blue-topaz/blue-topaz-gp81889
244,https://www.gempundit.com/gemstones/blue-topaz/blue-topaz-gp81723
245,https://www.gempundit.com/gemstones/blue-topaz/blue-topaz-gp84759
246,https://www.gempundit.com/gemstones/blue-topaz/blue-topaz-gp81873
247,https://www.gempundit.com/gemstones/blue-topaz/blue-topaz-gp84757
248,https://www.gempundit.com/gemstones/blue-topaz/blue-topaz-gp81741
249,https://www.gempundit.com/gemstones/blue-topaz/blue-topaz-gp81885
250,https://www.gempundit.com/gemstones/blue-topaz/blue-topaz-gp81722
251,https://www.gempundit.com/gemstones/blue-topaz/blue-topaz-gp81718
252,https://www.gempundit.com/gemstones/blue-topaz/blue-topaz-gp81734
253,https://www.gempundit.com/gemstones/blue-topaz/blue-topaz-gp81728
254,https://www.gempundit.com/gemstones/blue-topaz/blue-topaz-gp103378
255,https://www.gempundit.com/gemstones/blue-topaz/blue-topaz-gp81715
256,https://www.gempundit.com/gemstones/blue-topaz/blue-topaz-gp81736
257,https://www.gempundit.com/gemstones/blue-topaz/blue-topaz-gp81730
258,https://www.gempundit.com/gemstones/blue-topaz/blue-topaz-gp80034
259,https://www.gempundit.com/gemstones/blue-topaz/blue-topaz-gp84754
260,https://www.gempundit.com/gemstones/blue-topaz/london-blue-topaz-aaa-grade
261,https://www.gempundit.com/gemstones/blue-topaz/swiss-blue-topaz-aaa-grade
262,https://www.gempundit.com/gemstones/blue-topaz/blue-topaz-gp81740
263,https://www.gempundit.com/gemstones/blue-topaz/blue-topaz-gp81732
264,https://www.gempundit.com/gemstones/blue-topaz/blue-topaz-gp81726
265,https://www.gempundit.com/gemstones/blue-topaz/blue-topaz-gp81739
266,https://www.gempundit.com/gemstones/blue-topaz/blue-topaz-gp81716
267,https://www.gempundit.com/gemstones/blue-topaz/blue-topaz-gp81762
268,https://www.gempundit.com/gemstones/blue-topaz/blue-topaz-gp56606
269,https://www.gempundit.com/gemstones/blue-topaz/blue-topaz-gp81738
270,https://www.gempundit.com/gemstones/blue-topaz/blue-topaz-gp81860
271,https://www.gempundit.com/gemstones/blue-topaz/blue-topaz-gp81757
272,https://www.gempundit.com/gemstones/blue-topaz/blue-topaz-gp81733
273,https://www.gempundit.com/gemstones/blue-topaz/blue-topaz-gp81745
274,https://www.gempundit.com/gemstones/blue-topaz/blue-topaz-gp81858
275,https://www.gempundit.com/gemstones/blue-topaz/blue-topaz-gp81763
276,https://www.gempundit.com/gemstones/blue-topaz/blue-topaz-gp56599
277,https://www.gempundit.com/gemstones/blue-topaz/blue-topaz-gp81758
278,https://www.gempundit.com/gemstones/blue-topaz/blue-topaz-gp81861
279,https://www.gempundit.com/gemstones/blue-topaz/blue-topaz-gp80033
280,https://www.gempundit.com/gemstones/blue-topaz/blue-topaz-gp98069
281,https://www.gempundit.com/gemstones/blue-topaz/blue-topaz-gp81752
282,https://www.gempundit.com/gemstones/blue-topaz/blue-topaz-gp81859
283,https://www.gempundit.com/gemstones/blue-topaz/blue-topaz-gp81717
284,https://www.gempundit.com/gemstones/blue-topaz/blue-topaz-gp81742
285,https://www.gempundit.com/gemstones/blue-topaz/blue-topaz-gp56607
286,https://www.gempundit.com/gemstones/blue-topaz/london-blue-topaz-aaa-grade
287,https://www.gempundit.com/gemstones/blue-topaz/swiss-blue-topaz-aaa-grade
288,https://www.gempundit.com/gemstones/blue-topaz/blue-topaz-gp98067
289,https://www.gempundit.com/gemstones/blue-topaz/blue-topaz-gp81751
290,https://www.gempundit.com/gemstones/blue-topaz/blue-topaz-gp81854
291,https://www.gempundit.com/gemstones/blue-topaz/blue-topaz-gp81720
292,https://www.gempundit.com/gemstones/blue-topaz/blue-topaz-gp81719
293,https://www.gempundit.com/gemstones/blue-topaz/blue-topaz-gp56604
294,https://www.gempundit.com/gemstones/blue-topaz/blue-topaz-gp98068
295,https://www.gempundit.com/gemstones/blue-topaz/blue-topaz-gp81725
296,https://www.gempundit.com/gemstones/blue-topaz/blue-topaz-gp56603
297,https://www.gempundit.com/gemstones/blue-topaz/blue-topaz-gp81561
298,https://www.gempundit.com/gemstones/blue-topaz/blue-topaz-gp81749
299,https://www.gempundit.com/gemstones/blue-topaz/blue-topaz-gp81761
300,https://www.gempundit.com/gemstones/blue-topaz/blue-topaz-gp81855
301,https://www.gempundit.com/gemstones/blue-topaz/blue-topaz-gp81856
302,https://www.gempundit.com/gemstones/blue-topaz/blue-topaz-gp81614
303,https://www.gempundit.com/gemstones/blue-topaz/blue-topaz-gp81747
304,https://www.gempundit.com/gemstones/blue-topaz/blue-topaz-gp81759
305,https://www.gempundit.com/gemstones/blue-topaz/blue-topaz-gp48875
306,https://www.gempundit.com/gemstones/blue-topaz/blue-topaz-gp81727
307,https://www.gempundit.com/gemstones/blue-topaz/blue-topaz-gp81558
308,https://www.gempundit.com/gemstones/blue-topaz/blue-topaz-gp81753
309,https://www.gempundit.com/gemstones/blue-topaz/blue-topaz-gp56600
310,https://www.gempundit.com/gemstones/blue-topaz/blue-topaz-gp81857
311,https://www.gempundit.com/gemstones/blue-topaz/blue-topaz-gp84752
312,https://www.gempundit.com/gemstones/blue-topaz/london-blue-topaz-aaa-grade
313,https://www.gempundit.com/gemstones/blue-topaz/swiss-blue-topaz-aaa-grade
314,https://www.gempundit.com/gemstones/blue-topaz/blue-topaz-gp81559
315,https://www.gempundit.com/gemstones/blue-topaz/blue-topaz-gp81746
316,https://www.gempundit.com/gemstones/blue-topaz/blue-topaz-gp81760
317,https://www.gempundit.com/gemstones/blue-topaz/blue-topaz-gp81755
318,https://www.gempundit.com/gemstones/blue-topaz/blue-topaz-gp56692
319,https://www.gempundit.com/gemstones/blue-topaz/blue-topaz-gp84747
320,https://www.gempundit.com/gemstones/blue-topaz/blue-topaz-gp81613
321,https://www.gempundit.com/gemstones/blue-topaz/blue-topaz-gp81748
322,https://www.gempundit.com/gemstones/blue-topaz/blue-topaz-gp81607
323,https://www.gempundit.com/gemstones/blue-topaz/blue-topaz-gp81563
324,https://www.gempundit.com/gemstones/blue-topaz/blue-topaz-gp81602
325,https://www.gempundit.com/gemstones/blue-topaz/blue-topaz-gp84750
326,https://www.gempundit.com/gemstones/blue-topaz/blue-topaz-gp98071
327,https://www.gempundit.com/gemstones/blue-topaz/blue-topaz-gp81754
328,https://www.gempundit.com/gemstones/blue-topaz/blue-topaz-gp81560
329,https://www.gempundit.com/gemstones/blue-topaz/blue-topaz-gp56626
330,https://www.gempundit.com/gemstones/blue-topaz/blue-topaz-gp81605
331,https://www.gempundit.com/gemstones/blue-topaz/blue-topaz-gp84748
332,https://www.gempundit.com/gemstones/blue-topaz/blue-topaz-gp81604
333,https://www.gempundit.com/gemstones/blue-topaz/blue-topaz-gp93413
334,https://www.gempundit.com/gemstones/blue-topaz/blue-topaz-gp84751
335,https://www.gempundit.com/gemstones/blue-topaz/blue-topaz-gp33741
336,https://www.gempundit.com/gemstones/blue-topaz/blue-topaz-gp81608
337,https://www.gempundit.com/gemstones/blue-topaz/blue-topaz-gp56639
338,https://www.gempundit.com/gemstones/blue-topaz/london-blue-topaz-aaa-grade
339,https://www.gempundit.com/gemstones/blue-topaz/swiss-blue-topaz-aaa-grade
340,https://www.gempundit.com/gemstones/blue-topaz/blue-topaz-gp81601
341,https://www.gempundit.com/gemstones/blue-topaz/blue-topaz-gp98070
342,https://www.gempundit.com/gemstones/blue-topaz/blue-topaz-gp81600
343,https://www.gempundit.com/gemstones/blue-topaz/blue-topaz-gp56640
344,https://www.gempundit.com/gemstones/blue-topaz/blue-topaz-gp84741
345,https://www.gempundit.com/gemstones/blue-topaz/blue-topaz-gp103395
346,https://www.gempundit.com/gemstones/blue-topaz/blue-topaz-gp81868
347,https://www.gempundit.com/gemstones/blue-topaz/blue-topaz-gp84740
348,https://www.gempundit.com/gemstones/blue-topaz/blue-topaz-gp56642
349,https://www.gempundit.com/gemstones/blue-topaz/blue-topaz-gp81610
350,https://www.gempundit.com/gemstones/blue-topaz/blue-topaz-gp81603
351,https://www.gempundit.com/gemstones/blue-topaz/blue-topaz-gp81598
352,https://www.gempundit.com/gemstones/blue-topaz/blue-topaz-gp80036
353,https://www.gempundit.com/gemstones/blue-topaz/blue-topaz-gp81609
354,https://www.gempundit.com/gemstones/blue-topaz/blue-topaz-gp56647
355,https://www.gempundit.com/gemstones/blue-topaz/blue-topaz-gp81865
356,https://www.gempundit.com/gemstones/blue-topaz/blue-topaz-gp22884
357,https://www.gempundit.com/gemstones/blue-topaz/blue-topaz-gp98072
358,https://www.gempundit.com/gemstones/blue-topaz/blue-topaz-gp81867
359,https://www.gempundit.com/gemstones/blue-topaz/blue-topaz-gp81870
360,https://www.gempundit.com/gemstones/blue-topaz/blue-topaz-gp81869
361,https://www.gempundit.com/gemstones/blue-topaz/blue-topaz-gp84745
362,https://www.gempundit.com/gemstones/blue-topaz/blue-topaz-gp56645
363,https://www.gempundit.com/gemstones/blue-topaz/blue-topaz-gp81557
364,https://www.gempundit.com/gemstones/blue-topaz/london-blue-topaz-aaa-grade
365,https://www.gempundit.com/gemstones/blue-topaz/swiss-blue-topaz-aaa-grade
366,https://www.gempundit.com/gemstones/blue-topaz/blue-topaz-gp22879
367,https://www.gempundit.com/gemstones/blue-topaz/blue-topaz-gp81562
368,https://www.gempundit.com/gemstones/blue-topaz/blue-topaz-gp103369
369,https://www.gempundit.com/gemstones/blue-topaz/blue-topaz-gp93410
370,https://www.gempundit.com/gemstones/blue-topaz/blue-topaz-gp81581
371,https://www.gempundit.com/gemstones/blue-topaz/blue-topaz-gp81583
372,https://www.gempundit.com/gemstones/blue-topaz/blue-topaz-gp81576
373,https://www.gempundit.com/gemstones/blue-topaz/blue-topaz-gp93411
374,https://www.gempundit.com/gemstones/blue-topaz/blue-topaz-gp81582
375,https://www.gempundit.com/gemstones/blue-topaz/blue-topaz-gp99386
376,https://www.gempundit.com/gemstones/blue-topaz/blue-topaz-gp95225
377,https://www.gempundit.com/gemstones/blue-topaz/blue-topaz-gp99388
378,https://www.gempundit.com/gemstones/blue-topaz/blue-topaz-gp81579
379,https://www.gempundit.com/gemstones/blue-topaz/blue-topaz-gp103377
380,https://www.gempundit.com/gemstones/blue-topaz/blue-topaz-gp81592
381,https://www.gempundit.com/gemstones/blue-topaz/blue-topaz-gp23167
382,https://www.gempundit.com/gemstones/blue-topaz/blue-topaz-gp84744
383,https://www.gempundit.com/gemstones/blue-topaz/blue-topaz-gp81578
384,https://www.gempundit.com/gemstones/blue-topaz/blue-topaz-gp99393
385,https://www.gempundit.com/gemstones/blue-topaz/blue-topaz-gp95226
386,https://www.gempundit.com/gemstones/blue-topaz/blue-topaz-gp80096
387,https://www.gempundit.com/gemstones/blue-topaz/blue-topaz-gp81587
388,https://www.gempundit.com/gemstones/blue-topaz/blue-topaz-gp22876
389,https://www.gempundit.com/gemstones/blue-topaz/blue-topaz-gp81584
390,https://www.gempundit.com/gemstones/blue-topaz/london-blue-topaz-aaa-grade
391,https://www.gempundit.com/gemstones/blue-topaz/swiss-blue-topaz-aaa-grade
392,https://www.gempundit.com/gemstones/blue-topaz/blue-topaz-gp95228
393,https://www.gempundit.com/gemstones/blue-topaz/blue-topaz-gp81591
394,https://www.gempundit.com/gemstones/blue-topaz/blue-topaz-gp80099
395,https://www.gempundit.com/gemstones/blue-topaz/blue-topaz-gp80097
396,https://www.gempundit.com/gemstones/blue-topaz/blue-topaz-gp81580
397,https://www.gempundit.com/gemstones/blue-topaz/blue-topaz-gp81590
398,https://www.gempundit.com/gemstones/blue-topaz/blue-topaz-gp80098
399,https://www.gempundit.com/gemstones/blue-topaz/blue-topaz-gp81585
400,https://www.gempundit.com/gemstones/blue-topaz/blue-topaz-gp84766
401,https://www.gempundit.com/gemstones/blue-topaz/blue-topaz-gp99387
402,https://www.gempundit.com/gemstones/blue-topaz/blue-topaz-gp84743
403,https://www.gempundit.com/gemstones/blue-topaz/blue-topaz-gp103367
404,https://www.gempundit.com/gemstones/blue-topaz/blue-topaz-gp80179
405,https://www.gempundit.com/gemstones/blue-topaz/blue-topaz-gp99391
406,https://www.gempundit.com/gemstones/blue-topaz/blue-topaz-gp81577
407,https://www.gempundit.com/gemstones/blue-topaz/blue-topaz-gp81589
408,https://www.gempundit.com/gemstones/blue-topaz/blue-topaz-gp22882
409,https://www.gempundit.com/gemstones/blue-topaz/blue-topaz-gp22891
410,https://www.gempundit.com/gemstones/blue-topaz/blue-topaz-gp84742
411,https://www.gempundit.com/gemstones/blue-topaz/blue-topaz-gp103368
412,https://www.gempundit.com/gemstones/blue-topaz/blue-topaz-gp81586
413,https://www.gempundit.com/gemstones/blue-topaz/topaz-gp105761
414,https://www.gempundit.com/gemstones/blue-topaz/blue-topaz-gp81588
415,https://www.gempundit.com/gemstones/blue-topaz/blue-topaz-gp81575
416,https://www.gempundit.com/gemstones/blue-topaz/london-blue-topaz-aaa-grade
417,https://www.gempundit.com/gemstones/blue-topaz/swiss-blue-topaz-aaa-grade
418,https://www.gempundit.com/gemstones/blue-topaz/blue-topaz-gp81593
419,https://www.gempundit.com/gemstones/blue-topaz/blue-topaz-gp103365
420,https://www.gempundit.com/gemstones/blue-topaz/blue-topaz-gp23163
421,https://www.gempundit.com/gemstones/blue-topaz/blue-topaz-gp22888
422,https://www.gempundit.com/gemstones/blue-topaz/blue-topaz-gp99392
423,https://www.gempundit.com/gemstones/blue-topaz/blue-topaz-gp22870
424,https://www.gempundit.com/gemstones/blue-topaz/blue-topaz-gp81596
425,https://www.gempundit.com/gemstones/blue-topaz/blue-topaz-gp84767
426,https://www.gempundit.com/gemstones/blue-topaz/blue-topaz-gp103359
427,https://www.gempundit.com/gemstones/blue-topaz/blue-topaz-gp81594
428,https://www.gempundit.com/gemstones/blue-topaz/blue-topaz-gp103366
429,https://www.gempundit.com/gemstones/blue-topaz/blue-topaz-gp84765
430,https://www.gempundit.com/gemstones/blue-topaz/blue-topaz-gp103364
431,https://www.gempundit.com/gemstones/blue-topaz/blue-topaz-gp22889
432,https://www.gempundit.com/gemstones/blue-topaz/blue-topaz-gp80174
433,https://www.gempundit.com/gemstones/blue-topaz/blue-topaz-gp103357
434,https://www.gempundit.com/gemstones/blue-topaz/blue-topaz-gp103363
435,https://www.gempundit.com/gemstones/blue-topaz/blue-topaz-gp103396
436,https://www.gempundit.com/gemstones/blue-topaz/blue-topaz-gp96824
437,https://www.gempundit.com/gemstones/blue-topaz/blue-topaz-gp84763
438,https://www.gempundit.com/gemstones/blue-topaz/blue-topaz-gp84764
439,https://www.gempundit.com/gemstones/blue-topaz/blue-topaz-gp96827
440,https://www.gempundit.com/gemstones/blue-topaz/blue-topaz-gp96830
441,https://www.gempundit.com/gemstones/blue-topaz/blue-topaz-gp62670
442,https://www.gempundit.com/gemstones/blue-topaz/london-blue-topaz-aaa-grade
443,https://www.gempundit.com/gemstones/blue-topaz/swiss-blue-topaz-aaa-grade
444,https://www.gempundit.com/gemstones/blue-topaz/blue-topaz-gp62671
445,https://www.gempundit.com/gemstones/blue-topaz/blue-topaz-gp62672
446,https://www.gempundit.com/gemstones/blue-topaz/blue-topaz-gp62675
447,https://www.gempundit.com/gemstones/blue-topaz/blue-topaz-gp62677
448,https://www.gempundit.com/gemstones/blue-topaz/blue-topaz-gp62681
449,https://www.gempundit.com/gemstones/blue-topaz/blue-topaz-gp62682
450,https://www.gempundit.com/gemstones/blue-topaz/blue-topaz-gp62684
451,https://www.gempundit.com/gemstones/blue-topaz/blue-topaz-gp96829
452,https://www.gempundit.com/gemstones/blue-topaz/blue-topaz-gp62690
453,https://www.gempundit.com/gemstones/blue-topaz/blue-topaz-gp96833
454,https://www.gempundit.com/gemstones/blue-topaz/blue-topaz-gp62698
455,https://www.gempundit.com/gemstones/blue-topaz/blue-topaz-gp96828
456,https://www.gempundit.com/gemstones/blue-topaz/blue-topaz-gp102705
