,Blue Moonstone
0,https://www.gempundit.com/gemstones/blue-moonstone/moonstone-gp77306
1,https://www.gempundit.com/gemstones/blue-moonstone/moonstone-gp77292
2,https://www.gempundit.com/gemstones/blue-moonstone/moonstone-gp77309
3,https://www.gempundit.com/gemstones/blue-moonstone/moonstone-gp77286
4,https://www.gempundit.com/gemstones/blue-moonstone/moonstone-gp77287
5,https://www.gempundit.com/gemstones/blue-moonstone/moonstone-gp77302
6,https://www.gempundit.com/gemstones/blue-moonstone/moonstone-gp77295
7,https://www.gempundit.com/gemstones/blue-moonstone/moonstone-gp77307
8,https://www.gempundit.com/gemstones/blue-moonstone/moonstone-gp77299
9,https://www.gempundit.com/gemstones/blue-moonstone/moonstone-gp77308
10,https://www.gempundit.com/gemstones/blue-moonstone/moonstone-gp77304
11,https://www.gempundit.com/gemstones/blue-moonstone/moonstone-gp77296
12,https://www.gempundit.com/gemstones/blue-moonstone/moonstone-gp77301
13,https://www.gempundit.com/gemstones/blue-moonstone/moonstone-gp77276
14,https://www.gempundit.com/gemstones/blue-moonstone/moonstone-gp77279
15,https://www.gempundit.com/gemstones/blue-moonstone/moonstone-gp77297
16,https://www.gempundit.com/gemstones/blue-moonstone/moonstone-gp77278
17,https://www.gempundit.com/gemstones/blue-moonstone/moonstone-gp77282
18,https://www.gempundit.com/gemstones/blue-moonstone/moonstone-gp77281
19,https://www.gempundit.com/gemstones/blue-moonstone/moonstone-gp77283
20,https://www.gempundit.com/gemstones/blue-moonstone/moonstone-gp77280
21,https://www.gempundit.com/gemstones/blue-moonstone/moonstone-gp39786
22,https://www.gempundit.com/gemstones/blue-moonstone/moonstone-gp39797
23,https://www.gempundit.com/gemstones/blue-moonstone/moonstone-gp39802
24,https://www.gempundit.com/gemstones/blue-moonstone/moonstone-gp39801
25,https://www.gempundit.com/gemstones/blue-moonstone/moonstone-gp39796
26,https://www.gempundit.com/gemstones/blue-moonstone/moonstone-gp39780
