,Brazilian Emerald
0,https://www.gempundit.com/gemstones/brazilian-emerald/emerald-brazil-luxury-quality-1
1,https://www.gempundit.com/gemstones/brazilian-emerald/emerald-brazil-super-premium-quality-1
2,https://www.gempundit.com/gemstones/brazilian-emerald/emerald-brazil-premium-quality-1
3,https://www.gempundit.com/gemstones/brazilian-emerald/emerald-gp39662
4,https://www.gempundit.com/gemstones/brazilian-emerald/emerald-gp87147
5,https://www.gempundit.com/gemstones/brazilian-emerald/emerald-gp87142
6,https://www.gempundit.com/gemstones/brazilian-emerald/emerald-gp87143
7,https://www.gempundit.com/gemstones/brazilian-emerald/emerald-gp87250
8,https://www.gempundit.com/gemstones/brazilian-emerald/emerald-gp87123
9,https://www.gempundit.com/gemstones/brazilian-emerald/emerald-gp87145
10,https://www.gempundit.com/gemstones/brazilian-emerald/emerald-gp87181
11,https://www.gempundit.com/gemstones/brazilian-emerald/emerald-gp87217
12,https://www.gempundit.com/gemstones/brazilian-emerald/emerald-gp87162
13,https://www.gempundit.com/gemstones/brazilian-emerald/emerald-gp87136
14,https://www.gempundit.com/gemstones/brazilian-emerald/emerald-gp87130
15,https://www.gempundit.com/gemstones/brazilian-emerald/emerald-gp100273
16,https://www.gempundit.com/gemstones/brazilian-emerald/emerald-gp87122
17,https://www.gempundit.com/gemstones/brazilian-emerald/emerald-gp87176
18,https://www.gempundit.com/gemstones/brazilian-emerald/emerald-gp87135
19,https://www.gempundit.com/gemstones/brazilian-emerald/emerald-gp79408
20,https://www.gempundit.com/gemstones/brazilian-emerald/emerald-gp87167
21,https://www.gempundit.com/gemstones/brazilian-emerald/emerald-gp100299
22,https://www.gempundit.com/gemstones/brazilian-emerald/emerald-gp87118
23,https://www.gempundit.com/gemstones/brazilian-emerald/emerald-gp87152
24,https://www.gempundit.com/gemstones/brazilian-emerald/emerald-gp39660
25,https://www.gempundit.com/gemstones/brazilian-emerald/emerald-gp50991
26,https://www.gempundit.com/gemstones/brazilian-emerald/emerald-gp100272
27,https://www.gempundit.com/gemstones/brazilian-emerald/emerald-brazil-luxury-quality-1
28,https://www.gempundit.com/gemstones/brazilian-emerald/emerald-brazil-super-premium-quality-1
29,https://www.gempundit.com/gemstones/brazilian-emerald/emerald-brazil-premium-quality-1
30,https://www.gempundit.com/gemstones/brazilian-emerald/emerald-gp87126
31,https://www.gempundit.com/gemstones/brazilian-emerald/emerald-gp101894
32,https://www.gempundit.com/gemstones/brazilian-emerald/emerald-gp87169
33,https://www.gempundit.com/gemstones/brazilian-emerald/emerald-gp100295
34,https://www.gempundit.com/gemstones/brazilian-emerald/emerald-gp88123
35,https://www.gempundit.com/gemstones/brazilian-emerald/emerald-gp101783
36,https://www.gempundit.com/gemstones/brazilian-emerald/emerald-gp87120
37,https://www.gempundit.com/gemstones/brazilian-emerald/emerald-gp39567
38,https://www.gempundit.com/gemstones/brazilian-emerald/emerald-gp88098
39,https://www.gempundit.com/gemstones/brazilian-emerald/emerald-gp71629
40,https://www.gempundit.com/gemstones/brazilian-emerald/emerald-gp101891
41,https://www.gempundit.com/gemstones/brazilian-emerald/emerald-gp100268
42,https://www.gempundit.com/gemstones/brazilian-emerald/emerald-gp39509
43,https://www.gempundit.com/gemstones/brazilian-emerald/emerald-gp39558
44,https://www.gempundit.com/gemstones/brazilian-emerald/emerald-gp39516
45,https://www.gempundit.com/gemstones/brazilian-emerald/emerald-gp100294
46,https://www.gempundit.com/gemstones/brazilian-emerald/emerald-gp100297
47,https://www.gempundit.com/gemstones/brazilian-emerald/emerald-gp101678
48,https://www.gempundit.com/gemstones/brazilian-emerald/emerald-gp18863
49,https://www.gempundit.com/gemstones/brazilian-emerald/emerald-gp39566
50,https://www.gempundit.com/gemstones/brazilian-emerald/emerald-gp71760
51,https://www.gempundit.com/gemstones/brazilian-emerald/emerald-gp39568
52,https://www.gempundit.com/gemstones/brazilian-emerald/emerald-gp50983
53,https://www.gempundit.com/gemstones/brazilian-emerald/emerald-gp39523
54,https://www.gempundit.com/gemstones/brazilian-emerald/emerald-brazil-luxury-quality-1
55,https://www.gempundit.com/gemstones/brazilian-emerald/emerald-brazil-super-premium-quality-1
56,https://www.gempundit.com/gemstones/brazilian-emerald/emerald-brazil-premium-quality-1
57,https://www.gempundit.com/gemstones/brazilian-emerald/emerald-gp39544
58,https://www.gempundit.com/gemstones/brazilian-emerald/emerald-gp37339
59,https://www.gempundit.com/gemstones/brazilian-emerald/emerald-gp88074
60,https://www.gempundit.com/gemstones/brazilian-emerald/emerald-gp39557
61,https://www.gempundit.com/gemstones/brazilian-emerald/emerald-gp101804
62,https://www.gempundit.com/gemstones/brazilian-emerald/emerald-gp71757
63,https://www.gempundit.com/gemstones/brazilian-emerald/emerald-gp39506
64,https://www.gempundit.com/gemstones/brazilian-emerald/emerald-gp88099
65,https://www.gempundit.com/gemstones/brazilian-emerald/emerald-gp101765
66,https://www.gempundit.com/gemstones/brazilian-emerald/emerald-gp71631
67,https://www.gempundit.com/gemstones/brazilian-emerald/emerald-gp88076
68,https://www.gempundit.com/gemstones/brazilian-emerald/emerald-gp88070
69,https://www.gempundit.com/gemstones/brazilian-emerald/emerald-gp38358
70,https://www.gempundit.com/gemstones/brazilian-emerald/emerald-gp38198
71,https://www.gempundit.com/gemstones/brazilian-emerald/emerald-gp37392
72,https://www.gempundit.com/gemstones/brazilian-emerald/emerald-gp18727
73,https://www.gempundit.com/gemstones/brazilian-emerald/emerald-gp37338
74,https://www.gempundit.com/gemstones/brazilian-emerald/emerald-gp88078
75,https://www.gempundit.com/gemstones/brazilian-emerald/emerald-gp39517
76,https://www.gempundit.com/gemstones/brazilian-emerald/emerald-gp39560
77,https://www.gempundit.com/gemstones/brazilian-emerald/emerald-gp100280
78,https://www.gempundit.com/gemstones/brazilian-emerald/emerald-gp100266
79,https://www.gempundit.com/gemstones/brazilian-emerald/emerald-gp38197
80,https://www.gempundit.com/gemstones/brazilian-emerald/emerald-gp78437
81,https://www.gempundit.com/gemstones/brazilian-emerald/emerald-brazil-luxury-quality-1
82,https://www.gempundit.com/gemstones/brazilian-emerald/emerald-brazil-super-premium-quality-1
83,https://www.gempundit.com/gemstones/brazilian-emerald/emerald-brazil-premium-quality-1
84,https://www.gempundit.com/gemstones/brazilian-emerald/emerald-gp38362
85,https://www.gempundit.com/gemstones/brazilian-emerald/emerald-gp38086
86,https://www.gempundit.com/gemstones/brazilian-emerald/emerald-gp39518
87,https://www.gempundit.com/gemstones/brazilian-emerald/emerald-gp38194
88,https://www.gempundit.com/gemstones/brazilian-emerald/emerald-gp38372
89,https://www.gempundit.com/gemstones/brazilian-emerald/emerald-gp71747
90,https://www.gempundit.com/gemstones/brazilian-emerald/emerald-gp71746
91,https://www.gempundit.com/gemstones/brazilian-emerald/emerald-gp38101
92,https://www.gempundit.com/gemstones/brazilian-emerald/emerald-gp37340
93,https://www.gempundit.com/gemstones/brazilian-emerald/emerald-gp71636
94,https://www.gempundit.com/gemstones/brazilian-emerald/emerald-gp39563
95,https://www.gempundit.com/gemstones/brazilian-emerald/emerald-gp38103
96,https://www.gempundit.com/gemstones/brazilian-emerald/emerald-gp38304
97,https://www.gempundit.com/gemstones/brazilian-emerald/emerald-gp101616
98,https://www.gempundit.com/gemstones/brazilian-emerald/emerald-gp78394
99,https://www.gempundit.com/gemstones/brazilian-emerald/emerald-gp50987
100,https://www.gempundit.com/gemstones/brazilian-emerald/emerald-gp39565
101,https://www.gempundit.com/gemstones/brazilian-emerald/emerald-gp71753
102,https://www.gempundit.com/gemstones/brazilian-emerald/emerald-gp88087
103,https://www.gempundit.com/gemstones/brazilian-emerald/emerald-gp101749
104,https://www.gempundit.com/gemstones/brazilian-emerald/emerald-gp71755
105,https://www.gempundit.com/gemstones/brazilian-emerald/emerald-gp39489
106,https://www.gempundit.com/gemstones/brazilian-emerald/emerald-gp79387
107,https://www.gempundit.com/gemstones/brazilian-emerald/emerald-gp46739
108,https://www.gempundit.com/gemstones/brazilian-emerald/emerald-brazil-luxury-quality-1
109,https://www.gempundit.com/gemstones/brazilian-emerald/emerald-brazil-super-premium-quality-1
110,https://www.gempundit.com/gemstones/brazilian-emerald/emerald-brazil-premium-quality-1
111,https://www.gempundit.com/gemstones/brazilian-emerald/emerald-gp101746
112,https://www.gempundit.com/gemstones/brazilian-emerald/emerald-gp100900
113,https://www.gempundit.com/gemstones/brazilian-emerald/emerald-gp38271
114,https://www.gempundit.com/gemstones/brazilian-emerald/emerald-gp38196
115,https://www.gempundit.com/gemstones/brazilian-emerald/emerald-gp39519
116,https://www.gempundit.com/gemstones/brazilian-emerald/emerald-gp38081
117,https://www.gempundit.com/gemstones/brazilian-emerald/emerald-gp37384
118,https://www.gempundit.com/gemstones/brazilian-emerald/emerald-gp71756
119,https://www.gempundit.com/gemstones/brazilian-emerald/emerald-gp46719
120,https://www.gempundit.com/gemstones/brazilian-emerald/emerald-gp39507
121,https://www.gempundit.com/gemstones/brazilian-emerald/emerald-gp46756
122,https://www.gempundit.com/gemstones/brazilian-emerald/emerald-gp39564
123,https://www.gempundit.com/gemstones/brazilian-emerald/emerald-gp38154
124,https://www.gempundit.com/gemstones/brazilian-emerald/emerald-gp88120
125,https://www.gempundit.com/gemstones/brazilian-emerald/emerald-gp100859
126,https://www.gempundit.com/gemstones/brazilian-emerald/emerald-gp38373
127,https://www.gempundit.com/gemstones/brazilian-emerald/emerald-gp38337
128,https://www.gempundit.com/gemstones/brazilian-emerald/emerald-gp38227
129,https://www.gempundit.com/gemstones/brazilian-emerald/emerald-gp50980
130,https://www.gempundit.com/gemstones/brazilian-emerald/emerald-gp101006
131,https://www.gempundit.com/gemstones/brazilian-emerald/emerald-gp100888
132,https://www.gempundit.com/gemstones/brazilian-emerald/emerald-gp50985
133,https://www.gempundit.com/gemstones/brazilian-emerald/emerald-gp20479
134,https://www.gempundit.com/gemstones/brazilian-emerald/emerald-gp100816
135,https://www.gempundit.com/gemstones/brazilian-emerald/emerald-brazil-luxury-quality-1
136,https://www.gempundit.com/gemstones/brazilian-emerald/emerald-brazil-super-premium-quality-1
137,https://www.gempundit.com/gemstones/brazilian-emerald/emerald-brazil-premium-quality-1
138,https://www.gempundit.com/gemstones/brazilian-emerald/emerald-gp100800
139,https://www.gempundit.com/gemstones/brazilian-emerald/emerald-gp88072
140,https://www.gempundit.com/gemstones/brazilian-emerald/emerald-gp38094
141,https://www.gempundit.com/gemstones/brazilian-emerald/emerald-gp101041
142,https://www.gempundit.com/gemstones/brazilian-emerald/emerald-gp16045
143,https://www.gempundit.com/gemstones/brazilian-emerald/emerald-gp71630
144,https://www.gempundit.com/gemstones/brazilian-emerald/emerald-gp88293
145,https://www.gempundit.com/gemstones/brazilian-emerald/emerald-gp39556
146,https://www.gempundit.com/gemstones/brazilian-emerald/emerald-gp37369
147,https://www.gempundit.com/gemstones/brazilian-emerald/emerald-gp78023
148,https://www.gempundit.com/gemstones/brazilian-emerald/emerald-gp38075
149,https://www.gempundit.com/gemstones/brazilian-emerald/emerald-gp100890
150,https://www.gempundit.com/gemstones/brazilian-emerald/emerald-gp51361
151,https://www.gempundit.com/gemstones/brazilian-emerald/emerald-gp38368
152,https://www.gempundit.com/gemstones/brazilian-emerald/emerald-gp37394
153,https://www.gempundit.com/gemstones/brazilian-emerald/emerald-gp101040
154,https://www.gempundit.com/gemstones/brazilian-emerald/emerald-gp38321
155,https://www.gempundit.com/gemstones/brazilian-emerald/emerald-gp100944
156,https://www.gempundit.com/gemstones/brazilian-emerald/emerald-gp100803
157,https://www.gempundit.com/gemstones/brazilian-emerald/emerald-gp38325
158,https://www.gempundit.com/gemstones/brazilian-emerald/emerald-gp101018
159,https://www.gempundit.com/gemstones/brazilian-emerald/emerald-gp100984
160,https://www.gempundit.com/gemstones/brazilian-emerald/emerald-gp50934
161,https://www.gempundit.com/gemstones/brazilian-emerald/emerald-gp88275
162,https://www.gempundit.com/gemstones/brazilian-emerald/emerald-brazil-luxury-quality-1
163,https://www.gempundit.com/gemstones/brazilian-emerald/emerald-brazil-super-premium-quality-1
164,https://www.gempundit.com/gemstones/brazilian-emerald/emerald-brazil-premium-quality-1
165,https://www.gempundit.com/gemstones/brazilian-emerald/emerald-gp38157
166,https://www.gempundit.com/gemstones/brazilian-emerald/emerald-gp38341
167,https://www.gempundit.com/gemstones/brazilian-emerald/emerald-gp100986
168,https://www.gempundit.com/gemstones/brazilian-emerald/emerald-gp100817
169,https://www.gempundit.com/gemstones/brazilian-emerald/emerald-gp78013
170,https://www.gempundit.com/gemstones/brazilian-emerald/emerald-gp38295
171,https://www.gempundit.com/gemstones/brazilian-emerald/emerald-gp71624
172,https://www.gempundit.com/gemstones/brazilian-emerald/emerald-gp71751
173,https://www.gempundit.com/gemstones/brazilian-emerald/emerald-gp46656
174,https://www.gempundit.com/gemstones/brazilian-emerald/emerald-gp100821
175,https://www.gempundit.com/gemstones/brazilian-emerald/emerald-gp78012
176,https://www.gempundit.com/gemstones/brazilian-emerald/emerald-gp71546
177,https://www.gempundit.com/gemstones/brazilian-emerald/emerald-gp38267
178,https://www.gempundit.com/gemstones/brazilian-emerald/emerald-gp100945
179,https://www.gempundit.com/gemstones/brazilian-emerald/emerald-gp52302
180,https://www.gempundit.com/gemstones/brazilian-emerald/emerald-gp79950
181,https://www.gempundit.com/gemstones/brazilian-emerald/emerald-gp71558
182,https://www.gempundit.com/gemstones/brazilian-emerald/emerald-gp46736
183,https://www.gempundit.com/gemstones/brazilian-emerald/emerald-gp38256
184,https://www.gempundit.com/gemstones/brazilian-emerald/emerald-gp38195
185,https://www.gempundit.com/gemstones/brazilian-emerald/emerald-gp100994
186,https://www.gempundit.com/gemstones/brazilian-emerald/emerald-gp71628
187,https://www.gempundit.com/gemstones/brazilian-emerald/emerald-gp101003
188,https://www.gempundit.com/gemstones/brazilian-emerald/emerald-gp38355
189,https://www.gempundit.com/gemstones/brazilian-emerald/emerald-brazil-luxury-quality-1
190,https://www.gempundit.com/gemstones/brazilian-emerald/emerald-brazil-super-premium-quality-1
191,https://www.gempundit.com/gemstones/brazilian-emerald/emerald-brazil-premium-quality-1
192,https://www.gempundit.com/gemstones/brazilian-emerald/emerald-gp38328
193,https://www.gempundit.com/gemstones/brazilian-emerald/emerald-gp38319
194,https://www.gempundit.com/gemstones/brazilian-emerald/emerald-gp38282
195,https://www.gempundit.com/gemstones/brazilian-emerald/emerald-gp38180
196,https://www.gempundit.com/gemstones/brazilian-emerald/emerald-gp88309
197,https://www.gempundit.com/gemstones/brazilian-emerald/emerald-gp46741
198,https://www.gempundit.com/gemstones/brazilian-emerald/emerald-gp38283
199,https://www.gempundit.com/gemstones/brazilian-emerald/emerald-gp38080
200,https://www.gempundit.com/gemstones/brazilian-emerald/emerald-gp101604
201,https://www.gempundit.com/gemstones/brazilian-emerald/emerald-gp78395
202,https://www.gempundit.com/gemstones/brazilian-emerald/emerald-gp71554
203,https://www.gempundit.com/gemstones/brazilian-emerald/emerald-gp38299
204,https://www.gempundit.com/gemstones/brazilian-emerald/emerald-gp38176
205,https://www.gempundit.com/gemstones/brazilian-emerald/emerald-gp77969
206,https://www.gempundit.com/gemstones/brazilian-emerald/emerald-gp71745
207,https://www.gempundit.com/gemstones/brazilian-emerald/emerald-gp46742
208,https://www.gempundit.com/gemstones/brazilian-emerald/emerald-gp101805
209,https://www.gempundit.com/gemstones/brazilian-emerald/emerald-gp100963
210,https://www.gempundit.com/gemstones/brazilian-emerald/emerald-gp101621
211,https://www.gempundit.com/gemstones/brazilian-emerald/emerald-gp101760
212,https://www.gempundit.com/gemstones/brazilian-emerald/emerald-gp100855
213,https://www.gempundit.com/gemstones/brazilian-emerald/emerald-gp79958
214,https://www.gempundit.com/gemstones/brazilian-emerald/emerald-gp38366
215,https://www.gempundit.com/gemstones/brazilian-emerald/emerald-gp38175
216,https://www.gempundit.com/gemstones/brazilian-emerald/emerald-brazil-luxury-quality-1
217,https://www.gempundit.com/gemstones/brazilian-emerald/emerald-brazil-super-premium-quality-1
218,https://www.gempundit.com/gemstones/brazilian-emerald/emerald-brazil-premium-quality-1
219,https://www.gempundit.com/gemstones/brazilian-emerald/emerald-gp101666
220,https://www.gempundit.com/gemstones/brazilian-emerald/emerald-gp101039
221,https://www.gempundit.com/gemstones/brazilian-emerald/emerald-gp38359
222,https://www.gempundit.com/gemstones/brazilian-emerald/emerald-gp38105
223,https://www.gempundit.com/gemstones/brazilian-emerald/emerald-gp101677
224,https://www.gempundit.com/gemstones/brazilian-emerald/emerald-gp46738
225,https://www.gempundit.com/gemstones/brazilian-emerald/emerald-gp101082
226,https://www.gempundit.com/gemstones/brazilian-emerald/emerald-gp71625
227,https://www.gempundit.com/gemstones/brazilian-emerald/emerald-gp37389
228,https://www.gempundit.com/gemstones/brazilian-emerald/emerald-gp92118
229,https://www.gempundit.com/gemstones/brazilian-emerald/emerald-gp88107
230,https://www.gempundit.com/gemstones/brazilian-emerald/emerald-gp71761
231,https://www.gempundit.com/gemstones/brazilian-emerald/emerald-gp38360
232,https://www.gempundit.com/gemstones/brazilian-emerald/emerald-gp38160
233,https://www.gempundit.com/gemstones/brazilian-emerald/emerald-gp101081
234,https://www.gempundit.com/gemstones/brazilian-emerald/emerald-gp101016
235,https://www.gempundit.com/gemstones/brazilian-emerald/emerald-gp79414
236,https://www.gempundit.com/gemstones/brazilian-emerald/emerald-gp38269
237,https://www.gempundit.com/gemstones/brazilian-emerald/emerald-gp88276
238,https://www.gempundit.com/gemstones/brazilian-emerald/emerald-gp71729
239,https://www.gempundit.com/gemstones/brazilian-emerald/emerald-gp39505
240,https://www.gempundit.com/gemstones/brazilian-emerald/emerald-gp38199
241,https://www.gempundit.com/gemstones/brazilian-emerald/emerald-gp13978
242,https://www.gempundit.com/gemstones/brazilian-emerald/emerald-gp16044
243,https://www.gempundit.com/gemstones/brazilian-emerald/emerald-brazil-luxury-quality-1
244,https://www.gempundit.com/gemstones/brazilian-emerald/emerald-brazil-super-premium-quality-1
245,https://www.gempundit.com/gemstones/brazilian-emerald/emerald-brazil-premium-quality-1
246,https://www.gempundit.com/gemstones/brazilian-emerald/emerald-gp37375
247,https://www.gempundit.com/gemstones/brazilian-emerald/emerald-gp69799
248,https://www.gempundit.com/gemstones/brazilian-emerald/emerald-gp38182
249,https://www.gempundit.com/gemstones/brazilian-emerald/emerald-gp37390
250,https://www.gempundit.com/gemstones/brazilian-emerald/emerald-gp100799
251,https://www.gempundit.com/gemstones/brazilian-emerald/emerald-gp71622
252,https://www.gempundit.com/gemstones/brazilian-emerald/emerald-gp37343
253,https://www.gempundit.com/gemstones/brazilian-emerald/emerald-gp101062
254,https://www.gempundit.com/gemstones/brazilian-emerald/emerald-gp38088
255,https://www.gempundit.com/gemstones/brazilian-emerald/emerald-gp38331
256,https://www.gempundit.com/gemstones/brazilian-emerald/emerald-gp38279
257,https://www.gempundit.com/gemstones/brazilian-emerald/emerald-gp51280
258,https://www.gempundit.com/gemstones/brazilian-emerald/emerald-gp38316
259,https://www.gempundit.com/gemstones/brazilian-emerald/emerald-gp37391
260,https://www.gempundit.com/gemstones/brazilian-emerald/emerald-gp37335
261,https://www.gempundit.com/gemstones/brazilian-emerald/emerald-gp101688
262,https://www.gempundit.com/gemstones/brazilian-emerald/emerald-gp100985
263,https://www.gempundit.com/gemstones/brazilian-emerald/emerald-gp100811
264,https://www.gempundit.com/gemstones/brazilian-emerald/emerald-gp71659
265,https://www.gempundit.com/gemstones/brazilian-emerald/emerald-gp50932
266,https://www.gempundit.com/gemstones/brazilian-emerald/emerald-gp29996
267,https://www.gempundit.com/gemstones/brazilian-emerald/emerald-gp77971
268,https://www.gempundit.com/gemstones/brazilian-emerald/emerald-gp71781
269,https://www.gempundit.com/gemstones/brazilian-emerald/emerald-gp77940
270,https://www.gempundit.com/gemstones/brazilian-emerald/emerald-brazil-luxury-quality-1
271,https://www.gempundit.com/gemstones/brazilian-emerald/emerald-brazil-super-premium-quality-1
272,https://www.gempundit.com/gemstones/brazilian-emerald/emerald-brazil-premium-quality-1
273,https://www.gempundit.com/gemstones/brazilian-emerald/emerald-gp46648
274,https://www.gempundit.com/gemstones/brazilian-emerald/emerald-gp79955
275,https://www.gempundit.com/gemstones/brazilian-emerald/emerald-gp69801
276,https://www.gempundit.com/gemstones/brazilian-emerald/emerald-gp38181
277,https://www.gempundit.com/gemstones/brazilian-emerald/emerald-gp38339
278,https://www.gempundit.com/gemstones/brazilian-emerald/emerald-gp101046
279,https://www.gempundit.com/gemstones/brazilian-emerald/emerald-gp71733
280,https://www.gempundit.com/gemstones/brazilian-emerald/emerald-gp38307
281,https://www.gempundit.com/gemstones/brazilian-emerald/emerald-gp100796
282,https://www.gempundit.com/gemstones/brazilian-emerald/emerald-gp46743
283,https://www.gempundit.com/gemstones/brazilian-emerald/emerald-gp71551
284,https://www.gempundit.com/gemstones/brazilian-emerald/emerald-gp38247
285,https://www.gempundit.com/gemstones/brazilian-emerald/emerald-gp78440
286,https://www.gempundit.com/gemstones/brazilian-emerald/emerald-gp38179
287,https://www.gempundit.com/gemstones/brazilian-emerald/emerald-gp101601
288,https://www.gempundit.com/gemstones/brazilian-emerald/emerald-gp100874
289,https://www.gempundit.com/gemstones/brazilian-emerald/emerald-gp38367
290,https://www.gempundit.com/gemstones/brazilian-emerald/emerald-gp100869
291,https://www.gempundit.com/gemstones/brazilian-emerald/emerald-gp71559
292,https://www.gempundit.com/gemstones/brazilian-emerald/emerald-gp101781
293,https://www.gempundit.com/gemstones/brazilian-emerald/emerald-gp71673
294,https://www.gempundit.com/gemstones/brazilian-emerald/emerald-gp78397
295,https://www.gempundit.com/gemstones/brazilian-emerald/emerald-gp71665
296,https://www.gempundit.com/gemstones/brazilian-emerald/emerald-gp38158
297,https://www.gempundit.com/gemstones/brazilian-emerald/emerald-brazil-luxury-quality-1
298,https://www.gempundit.com/gemstones/brazilian-emerald/emerald-brazil-super-premium-quality-1
299,https://www.gempundit.com/gemstones/brazilian-emerald/emerald-brazil-premium-quality-1
300,https://www.gempundit.com/gemstones/brazilian-emerald/emerald-gp51277
301,https://www.gempundit.com/gemstones/brazilian-emerald/emerald-gp71722
302,https://www.gempundit.com/gemstones/brazilian-emerald/emerald-gp71727
303,https://www.gempundit.com/gemstones/brazilian-emerald/emerald-gp71679
304,https://www.gempundit.com/gemstones/brazilian-emerald/emerald-gp39555
305,https://www.gempundit.com/gemstones/brazilian-emerald/emerald-gp101670
306,https://www.gempundit.com/gemstones/brazilian-emerald/emerald-gp92275
307,https://www.gempundit.com/gemstones/brazilian-emerald/emerald-gp92161
308,https://www.gempundit.com/gemstones/brazilian-emerald/emerald-gp78459
309,https://www.gempundit.com/gemstones/brazilian-emerald/emerald-gp40312
310,https://www.gempundit.com/gemstones/brazilian-emerald/emerald-gp37342
311,https://www.gempundit.com/gemstones/brazilian-emerald/emerald-gp100981
312,https://www.gempundit.com/gemstones/brazilian-emerald/emerald-gp71600
313,https://www.gempundit.com/gemstones/brazilian-emerald/emerald-gp37347
314,https://www.gempundit.com/gemstones/brazilian-emerald/emerald-gp38234
315,https://www.gempundit.com/gemstones/brazilian-emerald/emerald-gp37336
316,https://www.gempundit.com/gemstones/brazilian-emerald/emerald-gp71549
317,https://www.gempundit.com/gemstones/brazilian-emerald/emerald-gp78011
318,https://www.gempundit.com/gemstones/brazilian-emerald/emerald-gp37399
319,https://www.gempundit.com/gemstones/brazilian-emerald/emerald-gp38089
320,https://www.gempundit.com/gemstones/brazilian-emerald/emerald-gp92229
321,https://www.gempundit.com/gemstones/brazilian-emerald/emerald-gp71661
322,https://www.gempundit.com/gemstones/brazilian-emerald/emerald-gp38342
323,https://www.gempundit.com/gemstones/brazilian-emerald/emerald-gp101060
324,https://www.gempundit.com/gemstones/brazilian-emerald/emerald-brazil-luxury-quality-1
325,https://www.gempundit.com/gemstones/brazilian-emerald/emerald-brazil-super-premium-quality-1
326,https://www.gempundit.com/gemstones/brazilian-emerald/emerald-brazil-premium-quality-1
327,https://www.gempundit.com/gemstones/brazilian-emerald/emerald-gp77968
328,https://www.gempundit.com/gemstones/brazilian-emerald/emerald-gp37402
329,https://www.gempundit.com/gemstones/brazilian-emerald/emerald-gp100871
330,https://www.gempundit.com/gemstones/brazilian-emerald/emerald-gp101624
331,https://www.gempundit.com/gemstones/brazilian-emerald/emerald-gp77992
332,https://www.gempundit.com/gemstones/brazilian-emerald/emerald-gp78441
333,https://www.gempundit.com/gemstones/brazilian-emerald/emerald-gp71667
334,https://www.gempundit.com/gemstones/brazilian-emerald/emerald-gp101709
335,https://www.gempundit.com/gemstones/brazilian-emerald/emerald-gp100943
336,https://www.gempundit.com/gemstones/brazilian-emerald/emerald-gp71644
337,https://www.gempundit.com/gemstones/brazilian-emerald/emerald-gp69786
338,https://www.gempundit.com/gemstones/brazilian-emerald/emerald-gp37385
339,https://www.gempundit.com/gemstones/brazilian-emerald/emerald-gp100907
340,https://www.gempundit.com/gemstones/brazilian-emerald/emerald-gp50882
341,https://www.gempundit.com/gemstones/brazilian-emerald/emerald-gp38164
342,https://www.gempundit.com/gemstones/brazilian-emerald/emerald-gp38090
343,https://www.gempundit.com/gemstones/brazilian-emerald/emerald-gp78436
344,https://www.gempundit.com/gemstones/brazilian-emerald/emerald-gp100868
345,https://www.gempundit.com/gemstones/brazilian-emerald/emerald-gp39561
346,https://www.gempundit.com/gemstones/brazilian-emerald/emerald-gp37396
347,https://www.gempundit.com/gemstones/brazilian-emerald/emerald-gp78020
348,https://www.gempundit.com/gemstones/brazilian-emerald/emerald-gp100793
349,https://www.gempundit.com/gemstones/brazilian-emerald/emerald-gp39659
350,https://www.gempundit.com/gemstones/brazilian-emerald/emerald-gp77997
351,https://www.gempundit.com/gemstones/brazilian-emerald/emerald-brazil-luxury-quality-1
352,https://www.gempundit.com/gemstones/brazilian-emerald/emerald-brazil-super-premium-quality-1
353,https://www.gempundit.com/gemstones/brazilian-emerald/emerald-brazil-premium-quality-1
354,https://www.gempundit.com/gemstones/brazilian-emerald/emerald-gp101742
355,https://www.gempundit.com/gemstones/brazilian-emerald/emerald-gp100918
356,https://www.gempundit.com/gemstones/brazilian-emerald/emerald-gp78007
357,https://www.gempundit.com/gemstones/brazilian-emerald/emerald-gp101654
358,https://www.gempundit.com/gemstones/brazilian-emerald/emerald-gp78402
359,https://www.gempundit.com/gemstones/brazilian-emerald/emerald-gp78457
360,https://www.gempundit.com/gemstones/brazilian-emerald/emerald-gp100978
361,https://www.gempundit.com/gemstones/brazilian-emerald/emerald-gp78003
362,https://www.gempundit.com/gemstones/brazilian-emerald/emerald-gp100896
363,https://www.gempundit.com/gemstones/brazilian-emerald/emerald-gp50912
364,https://www.gempundit.com/gemstones/brazilian-emerald/emerald-gp100904
365,https://www.gempundit.com/gemstones/brazilian-emerald/emerald-gp50999
366,https://www.gempundit.com/gemstones/brazilian-emerald/emerald-gp101658
367,https://www.gempundit.com/gemstones/brazilian-emerald/emerald-gp37334
368,https://www.gempundit.com/gemstones/brazilian-emerald/emerald-gp77991
369,https://www.gempundit.com/gemstones/brazilian-emerald/emerald-gp78006
370,https://www.gempundit.com/gemstones/brazilian-emerald/emerald-gp92245
371,https://www.gempundit.com/gemstones/brazilian-emerald/emerald-gp50930
372,https://www.gempundit.com/gemstones/brazilian-emerald/emerald-gp79396
373,https://www.gempundit.com/gemstones/brazilian-emerald/emerald-gp100911
374,https://www.gempundit.com/gemstones/brazilian-emerald/emerald-gp50657
375,https://www.gempundit.com/gemstones/brazilian-emerald/emerald-gp52017
376,https://www.gempundit.com/gemstones/brazilian-emerald/emerald-gp100313
377,https://www.gempundit.com/gemstones/brazilian-emerald/emerald-gp88334
378,https://www.gempundit.com/gemstones/brazilian-emerald/emerald-brazil-luxury-quality-1
379,https://www.gempundit.com/gemstones/brazilian-emerald/emerald-brazil-super-premium-quality-1
380,https://www.gempundit.com/gemstones/brazilian-emerald/emerald-brazil-premium-quality-1
381,https://www.gempundit.com/gemstones/brazilian-emerald/emerald-gp50663
382,https://www.gempundit.com/gemstones/brazilian-emerald/emerald-gp100885
383,https://www.gempundit.com/gemstones/brazilian-emerald/emerald-gp101671
384,https://www.gempundit.com/gemstones/brazilian-emerald/emerald-gp78452
385,https://www.gempundit.com/gemstones/brazilian-emerald/emerald-gp50651
386,https://www.gempundit.com/gemstones/brazilian-emerald/emerald-gp37388
387,https://www.gempundit.com/gemstones/brazilian-emerald/emerald-gp50827
388,https://www.gempundit.com/gemstones/brazilian-emerald/emerald-gp50777
389,https://www.gempundit.com/gemstones/brazilian-emerald/emerald-gp50856
390,https://www.gempundit.com/gemstones/brazilian-emerald/emerald-gp77995
391,https://www.gempundit.com/gemstones/brazilian-emerald/emerald-gp71721
392,https://www.gempundit.com/gemstones/brazilian-emerald/emerald-gp50694
393,https://www.gempundit.com/gemstones/brazilian-emerald/emerald-gp78455
394,https://www.gempundit.com/gemstones/brazilian-emerald/emerald-gp71663
395,https://www.gempundit.com/gemstones/brazilian-emerald/emerald-gp50995
396,https://www.gempundit.com/gemstones/brazilian-emerald/emerald-gp92298
397,https://www.gempundit.com/gemstones/brazilian-emerald/emerald-gp92251
398,https://www.gempundit.com/gemstones/brazilian-emerald/emerald-gp78453
399,https://www.gempundit.com/gemstones/brazilian-emerald/emerald-gp50695
400,https://www.gempundit.com/gemstones/brazilian-emerald/emerald-gp50826
401,https://www.gempundit.com/gemstones/brazilian-emerald/emerald-gp92110
402,https://www.gempundit.com/gemstones/brazilian-emerald/emerald-gp71662
403,https://www.gempundit.com/gemstones/brazilian-emerald/emerald-gp79386
404,https://www.gempundit.com/gemstones/brazilian-emerald/emerald-gp78449
405,https://www.gempundit.com/gemstones/brazilian-emerald/emerald-brazil-luxury-quality-1
406,https://www.gempundit.com/gemstones/brazilian-emerald/emerald-brazil-super-premium-quality-1
407,https://www.gempundit.com/gemstones/brazilian-emerald/emerald-brazil-premium-quality-1
408,https://www.gempundit.com/gemstones/brazilian-emerald/emerald-gp79338
409,https://www.gempundit.com/gemstones/brazilian-emerald/emerald-gp78451
410,https://www.gempundit.com/gemstones/brazilian-emerald/emerald-gp50721
411,https://www.gempundit.com/gemstones/brazilian-emerald/emerald-gp79951
412,https://www.gempundit.com/gemstones/brazilian-emerald/emerald-gp78450
413,https://www.gempundit.com/gemstones/brazilian-emerald/emerald-gp50720
414,https://www.gempundit.com/gemstones/brazilian-emerald/emerald-gp37366
415,https://www.gempundit.com/gemstones/brazilian-emerald/emerald-gp101020
416,https://www.gempundit.com/gemstones/brazilian-emerald/emerald-gp92271
417,https://www.gempundit.com/gemstones/brazilian-emerald/emerald-gp50690
418,https://www.gempundit.com/gemstones/brazilian-emerald/emerald-gp51937
419,https://www.gempundit.com/gemstones/brazilian-emerald/emerald-gp50692
420,https://www.gempundit.com/gemstones/brazilian-emerald/emerald-gp71702
421,https://www.gempundit.com/gemstones/brazilian-emerald/emerald-gp77994
422,https://www.gempundit.com/gemstones/brazilian-emerald/emerald-gp78017
423,https://www.gempundit.com/gemstones/brazilian-emerald/emerald-gp77973
424,https://www.gempundit.com/gemstones/brazilian-emerald/emerald-gp50831
425,https://www.gempundit.com/gemstones/brazilian-emerald/emerald-gp51929
426,https://www.gempundit.com/gemstones/brazilian-emerald/emerald-gp79342
427,https://www.gempundit.com/gemstones/brazilian-emerald/emerald-gp77965
428,https://www.gempundit.com/gemstones/brazilian-emerald/emerald-gp101704
429,https://www.gempundit.com/gemstones/brazilian-emerald/emerald-gp77972
430,https://www.gempundit.com/gemstones/brazilian-emerald/emerald-gp100951
431,https://www.gempundit.com/gemstones/brazilian-emerald/emerald-gp77996
432,https://www.gempundit.com/gemstones/brazilian-emerald/emerald-brazil-luxury-quality-1
433,https://www.gempundit.com/gemstones/brazilian-emerald/emerald-brazil-super-premium-quality-1
434,https://www.gempundit.com/gemstones/brazilian-emerald/emerald-brazil-premium-quality-1
435,https://www.gempundit.com/gemstones/brazilian-emerald/emerald-gp101754
436,https://www.gempundit.com/gemstones/brazilian-emerald/emerald-gp30031
437,https://www.gempundit.com/gemstones/brazilian-emerald/emerald-gp101644
438,https://www.gempundit.com/gemstones/brazilian-emerald/emerald-gp51352
439,https://www.gempundit.com/gemstones/brazilian-emerald/emerald-gp79385
440,https://www.gempundit.com/gemstones/brazilian-emerald/emerald-gp78016
441,https://www.gempundit.com/gemstones/brazilian-emerald/emerald-gp78447
442,https://www.gempundit.com/gemstones/brazilian-emerald/emerald-gp50710
443,https://www.gempundit.com/gemstones/brazilian-emerald/emerald-gp100960
444,https://www.gempundit.com/gemstones/brazilian-emerald/emerald-gp100954
445,https://www.gempundit.com/gemstones/brazilian-emerald/emerald-gp50947
446,https://www.gempundit.com/gemstones/brazilian-emerald/emerald-gp50803
447,https://www.gempundit.com/gemstones/brazilian-emerald/emerald-gp79415
448,https://www.gempundit.com/gemstones/brazilian-emerald/emerald-gp79339
449,https://www.gempundit.com/gemstones/brazilian-emerald/emerald-gp50997
450,https://www.gempundit.com/gemstones/brazilian-emerald/emerald-gp100992
451,https://www.gempundit.com/gemstones/brazilian-emerald/emerald-gp79402
452,https://www.gempundit.com/gemstones/brazilian-emerald/emerald-gp50964
453,https://www.gempundit.com/gemstones/brazilian-emerald/emerald-gp77993
454,https://www.gempundit.com/gemstones/brazilian-emerald/emerald-gp50993
455,https://www.gempundit.com/gemstones/brazilian-emerald/emerald-gp50869
456,https://www.gempundit.com/gemstones/brazilian-emerald/emerald-gp50959
457,https://www.gempundit.com/gemstones/brazilian-emerald/emerald-gp92086
458,https://www.gempundit.com/gemstones/brazilian-emerald/emerald-gp50835
459,https://www.gempundit.com/gemstones/brazilian-emerald/emerald-brazil-luxury-quality-1
460,https://www.gempundit.com/gemstones/brazilian-emerald/emerald-brazil-super-premium-quality-1
461,https://www.gempundit.com/gemstones/brazilian-emerald/emerald-brazil-premium-quality-1
462,https://www.gempundit.com/gemstones/brazilian-emerald/emerald-gp50821
463,https://www.gempundit.com/gemstones/brazilian-emerald/emerald-gp51933
464,https://www.gempundit.com/gemstones/brazilian-emerald/emerald-gp79400
465,https://www.gempundit.com/gemstones/brazilian-emerald/emerald-gp50981
466,https://www.gempundit.com/gemstones/brazilian-emerald/emerald-gp78423
467,https://www.gempundit.com/gemstones/brazilian-emerald/emerald-gp79335
468,https://www.gempundit.com/gemstones/brazilian-emerald/emerald-gp50958
469,https://www.gempundit.com/gemstones/brazilian-emerald/emerald-gp51254
470,https://www.gempundit.com/gemstones/brazilian-emerald/emerald-gp50885
471,https://www.gempundit.com/gemstones/brazilian-emerald/emerald-gp79401
472,https://www.gempundit.com/gemstones/brazilian-emerald/emerald-gp50846
473,https://www.gempundit.com/gemstones/brazilian-emerald/emerald-gp50834
474,https://www.gempundit.com/gemstones/brazilian-emerald/emerald-gp79356
475,https://www.gempundit.com/gemstones/brazilian-emerald/emerald-gp50702
476,https://www.gempundit.com/gemstones/brazilian-emerald/emerald-gp50810
477,https://www.gempundit.com/gemstones/brazilian-emerald/emerald-gp52005
478,https://www.gempundit.com/gemstones/brazilian-emerald/emerald-gp71653
479,https://www.gempundit.com/gemstones/brazilian-emerald/emerald-gp77989
480,https://www.gempundit.com/gemstones/brazilian-emerald/emerald-gp77939
481,https://www.gempundit.com/gemstones/brazilian-emerald/emerald-gp50963
482,https://www.gempundit.com/gemstones/brazilian-emerald/emerald-gp46740
483,https://www.gempundit.com/gemstones/brazilian-emerald/emerald-gp50984
484,https://www.gempundit.com/gemstones/brazilian-emerald/emerald-gp79375
485,https://www.gempundit.com/gemstones/brazilian-emerald/emerald-gp79398
