,Carnelian
0,https://www.gempundit.com/gemstones/carnelian/carnelian-gp74504
1,https://www.gempundit.com/gemstones/carnelian/carnelian-gp74503
2,https://www.gempundit.com/gemstones/carnelian/carnelian-gp74502
3,https://www.gempundit.com/gemstones/carnelian/carnelian-gp74499
4,https://www.gempundit.com/gemstones/carnelian/carnelian-gp74508
5,https://www.gempundit.com/gemstones/carnelian/carnelian-gp74500
6,https://www.gempundit.com/gemstones/carnelian/carnelian-gp74350
7,https://www.gempundit.com/gemstones/carnelian/carnelian-gp74495
8,https://www.gempundit.com/gemstones/carnelian/carnelian-gp74337
9,https://www.gempundit.com/gemstones/carnelian/carnelian-gp74332
10,https://www.gempundit.com/gemstones/carnelian/carnelian-gp74492
11,https://www.gempundit.com/gemstones/carnelian/carnelian-gp74340
12,https://www.gempundit.com/gemstones/carnelian/carnelian-gp74472
13,https://www.gempundit.com/gemstones/carnelian/carnelian-gp74471
14,https://www.gempundit.com/gemstones/carnelian/carnelian-gp74342
15,https://www.gempundit.com/gemstones/carnelian/carnelian-gp74444
16,https://www.gempundit.com/gemstones/carnelian/carnelian-gp74333
17,https://www.gempundit.com/gemstones/carnelian/carnelian-gp74462
18,https://www.gempundit.com/gemstones/carnelian/carnelian-gp74400
19,https://www.gempundit.com/gemstones/carnelian/carnelian-gp74436
20,https://www.gempundit.com/gemstones/carnelian/carnelian-gp74464
21,https://www.gempundit.com/gemstones/carnelian/carnelian-gp74347
22,https://www.gempundit.com/gemstones/carnelian/carnelian-gp74488
23,https://www.gempundit.com/gemstones/carnelian/carnelian-gp74323
24,https://www.gempundit.com/gemstones/carnelian/carnelian-gp74469
25,https://www.gempundit.com/gemstones/carnelian/carnelian-gp74334
26,https://www.gempundit.com/gemstones/carnelian/carnelian-gp74449
27,https://www.gempundit.com/gemstones/carnelian/carnelian-gp74348
28,https://www.gempundit.com/gemstones/carnelian/carnelian-gp74399
29,https://www.gempundit.com/gemstones/carnelian/carnelian-gp74331
30,https://www.gempundit.com/gemstones/carnelian/carnelian-gp74321
31,https://www.gempundit.com/gemstones/carnelian/carnelian-gp74463
32,https://www.gempundit.com/gemstones/carnelian/carnelian-gp74468
33,https://www.gempundit.com/gemstones/carnelian/carnelian-gp74346
34,https://www.gempundit.com/gemstones/carnelian/carnelian-gp74335
35,https://www.gempundit.com/gemstones/carnelian/carnelian-gp74349
36,https://www.gempundit.com/gemstones/carnelian/carnelian-gp74319
37,https://www.gempundit.com/gemstones/carnelian/carnelian-gp74299
38,https://www.gempundit.com/gemstones/carnelian/carnelian-gp74450
39,https://www.gempundit.com/gemstones/carnelian/carnelian-gp74344
40,https://www.gempundit.com/gemstones/carnelian/carnelian-gp74398
41,https://www.gempundit.com/gemstones/carnelian/carnelian-gp74329
42,https://www.gempundit.com/gemstones/carnelian/carnelian-gp74440
43,https://www.gempundit.com/gemstones/carnelian/carnelian-gp74430
44,https://www.gempundit.com/gemstones/carnelian/carnelian-gp74326
45,https://www.gempundit.com/gemstones/carnelian/carnelian-gp74339
46,https://www.gempundit.com/gemstones/carnelian/carnelian-gp74467
47,https://www.gempundit.com/gemstones/carnelian/carnelian-gp74437
48,https://www.gempundit.com/gemstones/carnelian/carnelian-gp74316
49,https://www.gempundit.com/gemstones/carnelian/carnelian-gp74431
50,https://www.gempundit.com/gemstones/carnelian/carnelian-gp74487
51,https://www.gempundit.com/gemstones/carnelian/carnelian-gp74470
52,https://www.gempundit.com/gemstones/carnelian/carnelian-gp74465
53,https://www.gempundit.com/gemstones/carnelian/carnelian-gp74341
54,https://www.gempundit.com/gemstones/carnelian/carnelian-gp74474
55,https://www.gempundit.com/gemstones/carnelian/carnelian-gp74322
56,https://www.gempundit.com/gemstones/carnelian/carnelian-gp74419
57,https://www.gempundit.com/gemstones/carnelian/carnelian-gp74439
58,https://www.gempundit.com/gemstones/carnelian/carnelian-gp74414
59,https://www.gempundit.com/gemstones/carnelian/carnelian-gp74314
60,https://www.gempundit.com/gemstones/carnelian/carnelian-gp74490
61,https://www.gempundit.com/gemstones/carnelian/carnelian-gp74473
62,https://www.gempundit.com/gemstones/carnelian/carnelian-gp74426
63,https://www.gempundit.com/gemstones/carnelian/carnelian-gp74311
64,https://www.gempundit.com/gemstones/carnelian/carnelian-gp74317
65,https://www.gempundit.com/gemstones/carnelian/carnelian-gp74318
66,https://www.gempundit.com/gemstones/carnelian/carnelian-gp74353
67,https://www.gempundit.com/gemstones/carnelian/carnelian-gp74338
68,https://www.gempundit.com/gemstones/carnelian/carnelian-gp74325
69,https://www.gempundit.com/gemstones/carnelian/carnelian-gp74413
70,https://www.gempundit.com/gemstones/carnelian/carnelian-gp74428
71,https://www.gempundit.com/gemstones/carnelian/carnelian-gp74336
72,https://www.gempundit.com/gemstones/carnelian/carnelian-gp74425
73,https://www.gempundit.com/gemstones/carnelian/carnelian-gp74409
74,https://www.gempundit.com/gemstones/carnelian/carnelian-gp74293
75,https://www.gempundit.com/gemstones/carnelian/carnelian-gp74324
76,https://www.gempundit.com/gemstones/carnelian/carnelian-gp74313
77,https://www.gempundit.com/gemstones/carnelian/carnelian-gp74309
78,https://www.gempundit.com/gemstones/carnelian/carnelian-gp74297
79,https://www.gempundit.com/gemstones/carnelian/carnelian-gp74393
80,https://www.gempundit.com/gemstones/carnelian/carnelian-gp74485
81,https://www.gempundit.com/gemstones/carnelian/carnelian-gp74482
82,https://www.gempundit.com/gemstones/carnelian/carnelian-gp74328
83,https://www.gempundit.com/gemstones/carnelian/carnelian-gp74477
84,https://www.gempundit.com/gemstones/carnelian/carnelian-gp74420
85,https://www.gempundit.com/gemstones/carnelian/carnelian-gp74427
86,https://www.gempundit.com/gemstones/carnelian/carnelian-gp74394
87,https://www.gempundit.com/gemstones/carnelian/carnelian-gp74459
88,https://www.gempundit.com/gemstones/carnelian/carnelian-gp74385
89,https://www.gempundit.com/gemstones/carnelian/carnelian-gp74407
90,https://www.gempundit.com/gemstones/carnelian/carnelian-gp74315
91,https://www.gempundit.com/gemstones/carnelian/carnelian-gp74383
92,https://www.gempundit.com/gemstones/carnelian/carnelian-gp74296
93,https://www.gempundit.com/gemstones/carnelian/carnelian-gp74397
94,https://www.gempundit.com/gemstones/carnelian/carnelian-gp74307
95,https://www.gempundit.com/gemstones/carnelian/carnelian-gp74408
96,https://www.gempundit.com/gemstones/carnelian/carnelian-gp74451
97,https://www.gempundit.com/gemstones/carnelian/carnelian-gp74457
98,https://www.gempundit.com/gemstones/carnelian/carnelian-gp74386
99,https://www.gempundit.com/gemstones/carnelian/carnelian-gp74310
100,https://www.gempundit.com/gemstones/carnelian/carnelian-gp74458
101,https://www.gempundit.com/gemstones/carnelian/carnelian-gp74304
102,https://www.gempundit.com/gemstones/carnelian/carnelian-gp74367
103,https://www.gempundit.com/gemstones/carnelian/carnelian-gp74402
104,https://www.gempundit.com/gemstones/carnelian/carnelian-gp74292
105,https://www.gempundit.com/gemstones/carnelian/carnelian-gp74405
106,https://www.gempundit.com/gemstones/carnelian/carnelian-gp74365
107,https://www.gempundit.com/gemstones/carnelian/carnelian-gp74364
108,https://www.gempundit.com/gemstones/carnelian/carnelian-gp74403
109,https://www.gempundit.com/gemstones/carnelian/carnelian-gp74370
110,https://www.gempundit.com/gemstones/carnelian/carnelian-gp74368
111,https://www.gempundit.com/gemstones/carnelian/carnelian-gp74301
112,https://www.gempundit.com/gemstones/carnelian/carnelian-gp74421
113,https://www.gempundit.com/gemstones/carnelian/carnelian-gp74422
114,https://www.gempundit.com/gemstones/carnelian/carnelian-gp74372
115,https://www.gempundit.com/gemstones/carnelian/carnelian-gp74286
116,https://www.gempundit.com/gemstones/carnelian/carnelian-gp74373
117,https://www.gempundit.com/gemstones/carnelian/carnelian-gp74289
118,https://www.gempundit.com/gemstones/carnelian/carnelian-gp31646
119,https://www.gempundit.com/gemstones/carnelian/carnelian-gp74363
120,https://www.gempundit.com/gemstones/carnelian/carnelian-gp74396
121,https://www.gempundit.com/gemstones/carnelian/carnelian-gp74375
122,https://www.gempundit.com/gemstones/carnelian/carnelian-gp74360
123,https://www.gempundit.com/gemstones/carnelian/carnelian-gp74362
124,https://www.gempundit.com/gemstones/carnelian/carnelian-gp74366
125,https://www.gempundit.com/gemstones/carnelian/carnelian-gp31551
126,https://www.gempundit.com/gemstones/carnelian/carnelian-gp31610
127,https://www.gempundit.com/gemstones/carnelian/carnelian-gp31590
