,Cats Eye Moonstone
0,https://www.gempundit.com/gemstones/cats-eye-moonstone/moonstone-gp68669
1,https://www.gempundit.com/gemstones/cats-eye-moonstone/moonstone-gp68656
2,https://www.gempundit.com/gemstones/cats-eye-moonstone/moonstone-gp68666
3,https://www.gempundit.com/gemstones/cats-eye-moonstone/moonstone-gp68645
4,https://www.gempundit.com/gemstones/cats-eye-moonstone/moonstone-gp68667
5,https://www.gempundit.com/gemstones/cats-eye-moonstone/moonstone-gp68658
6,https://www.gempundit.com/gemstones/cats-eye-moonstone/moonstone-gp68650
7,https://www.gempundit.com/gemstones/cats-eye-moonstone/moonstone-gp68670
8,https://www.gempundit.com/gemstones/cats-eye-moonstone/moonstone-gp68662
9,https://www.gempundit.com/gemstones/cats-eye-moonstone/moonstone-gp68644
10,https://www.gempundit.com/gemstones/cats-eye-moonstone/moonstone-gp68649
11,https://www.gempundit.com/gemstones/cats-eye-moonstone/moonstone-gp68659
12,https://www.gempundit.com/gemstones/cats-eye-moonstone/moonstone-gp68651
13,https://www.gempundit.com/gemstones/cats-eye-moonstone/moonstone-gp68654
14,https://www.gempundit.com/gemstones/cats-eye-moonstone/moonstone-gp68643
15,https://www.gempundit.com/gemstones/cats-eye-moonstone/moonstone-gp68647
16,https://www.gempundit.com/gemstones/cats-eye-moonstone/moonstone-gp68639
17,https://www.gempundit.com/gemstones/cats-eye-moonstone/moonstone-gp68683
18,https://www.gempundit.com/gemstones/cats-eye-moonstone/moonstone-gp68688
19,https://www.gempundit.com/gemstones/cats-eye-moonstone/moonstone-gp68680
20,https://www.gempundit.com/gemstones/cats-eye-moonstone/moonstone-gp68677
21,https://www.gempundit.com/gemstones/cats-eye-moonstone/moonstone-gp68607
22,https://www.gempundit.com/gemstones/cats-eye-moonstone/moonstone-gp64566
23,https://www.gempundit.com/gemstones/cats-eye-moonstone/moonstone-gp68618
24,https://www.gempundit.com/gemstones/cats-eye-moonstone/moonstone-gp68614
25,https://www.gempundit.com/gemstones/cats-eye-moonstone/moonstone-gp64577
26,https://www.gempundit.com/gemstones/cats-eye-moonstone/moonstone-gp68611
27,https://www.gempundit.com/gemstones/cats-eye-moonstone/moonstone-gp68615
28,https://www.gempundit.com/gemstones/cats-eye-moonstone/moonstone-gp64567
29,https://www.gempundit.com/gemstones/cats-eye-moonstone/moonstone-gp68621
30,https://www.gempundit.com/gemstones/cats-eye-moonstone/moonstone-gp64585
31,https://www.gempundit.com/gemstones/cats-eye-moonstone/moonstone-gp64576
32,https://www.gempundit.com/gemstones/cats-eye-moonstone/moonstone-gp64564
33,https://www.gempundit.com/gemstones/cats-eye-moonstone/moonstone-gp64575
34,https://www.gempundit.com/gemstones/cats-eye-moonstone/moonstone-gp64573
35,https://www.gempundit.com/gemstones/cats-eye-moonstone/moonstone-gp64570
36,https://www.gempundit.com/gemstones/cats-eye-moonstone/moonstone-gp64583
37,https://www.gempundit.com/gemstones/cats-eye-moonstone/moonstone-gp68619
38,https://www.gempundit.com/gemstones/cats-eye-moonstone/moonstone-gp68608
39,https://www.gempundit.com/gemstones/cats-eye-moonstone/moonstone-gp68672
40,https://www.gempundit.com/gemstones/cats-eye-moonstone/moonstone-gp68674
41,https://www.gempundit.com/gemstones/cats-eye-moonstone/moonstone-gp16379
42,https://www.gempundit.com/gemstones/cats-eye-moonstone/moonstone-gp68676
43,https://www.gempundit.com/gemstones/cats-eye-moonstone/moonstone-gp68675
44,https://www.gempundit.com/gemstones/cats-eye-moonstone/moonstone-gp68673
