,Cats Eye Opal
0,https://www.gempundit.com/gemstones/cats-eye-opal/cats-eye-gp81178
1,https://www.gempundit.com/gemstones/cats-eye-opal/cats-eye-gp81179
2,https://www.gempundit.com/gemstones/cats-eye-opal/cats-eye-gp81173
3,https://www.gempundit.com/gemstones/cats-eye-opal/cats-eye-gp81172
4,https://www.gempundit.com/gemstones/cats-eye-opal/cats-eye-gp81189
5,https://www.gempundit.com/gemstones/cats-eye-opal/cats-eye-gp81170
6,https://www.gempundit.com/gemstones/cats-eye-opal/cats-eye-gp81168
7,https://www.gempundit.com/gemstones/cats-eye-opal/cats-eye-gp81192
8,https://www.gempundit.com/gemstones/cats-eye-opal/cats-eye-gp81169
9,https://www.gempundit.com/gemstones/cats-eye-opal/cats-eye-gp81184
10,https://www.gempundit.com/gemstones/cats-eye-opal/cats-eye-gp81188
11,https://www.gempundit.com/gemstones/cats-eye-opal/cats-eye-gp81194
12,https://www.gempundit.com/gemstones/cats-eye-opal/cats-eye-gp81166
13,https://www.gempundit.com/gemstones/cats-eye-opal/cats-eye-gp81191
14,https://www.gempundit.com/gemstones/cats-eye-opal/cats-eye-gp81187
15,https://www.gempundit.com/gemstones/cats-eye-opal/cats-eye-gp81183
16,https://www.gempundit.com/gemstones/cats-eye-opal/cats-eye-gp81181
17,https://www.gempundit.com/gemstones/cats-eye-opal/cats-eye-gp81185
