,Cats Eye Quartz
0,https://www.gempundit.com/gemstones/cats-eye-quartz/cats-eye-gp79499
1,https://www.gempundit.com/gemstones/cats-eye-quartz/cats-eye-gp79541
2,https://www.gempundit.com/gemstones/cats-eye-quartz/cats-eye-quartz-gp50525
3,https://www.gempundit.com/gemstones/cats-eye-quartz/cats-eye-gp79549
4,https://www.gempundit.com/gemstones/cats-eye-quartz/cats-eye-quartz-gp50530
5,https://www.gempundit.com/gemstones/cats-eye-quartz/cats-eye-gp79494
6,https://www.gempundit.com/gemstones/cats-eye-quartz/cats-eye-gp79506
7,https://www.gempundit.com/gemstones/cats-eye-quartz/cats-eye-gp79503
8,https://www.gempundit.com/gemstones/cats-eye-quartz/cats-eye-quartz-gp50471
9,https://www.gempundit.com/gemstones/cats-eye-quartz/cats-eye-gp79512
10,https://www.gempundit.com/gemstones/cats-eye-quartz/cats-eye-quartz-gp50519
11,https://www.gempundit.com/gemstones/cats-eye-quartz/cats-eye-quartz-gp50531
12,https://www.gempundit.com/gemstones/cats-eye-quartz/cats-eye-quartz-gp50479
13,https://www.gempundit.com/gemstones/cats-eye-quartz/cats-eye-quartz-gp50523
14,https://www.gempundit.com/gemstones/cats-eye-quartz/cats-eye-quartz-gp50516
15,https://www.gempundit.com/gemstones/cats-eye-quartz/cats-eye-quartz-gp50515
16,https://www.gempundit.com/gemstones/cats-eye-quartz/cats-eye-quartz-gp50485
17,https://www.gempundit.com/gemstones/cats-eye-quartz/cats-eye-quartz-gp50520
18,https://www.gempundit.com/gemstones/cats-eye-quartz/cats-eye-gp79531
19,https://www.gempundit.com/gemstones/cats-eye-quartz/cats-eye-gp79547
20,https://www.gempundit.com/gemstones/cats-eye-quartz/cats-eye-gp79534
21,https://www.gempundit.com/gemstones/cats-eye-quartz/cats-eye-gp79546
22,https://www.gempundit.com/gemstones/cats-eye-quartz/cats-eye-quartz-gp50526
23,https://www.gempundit.com/gemstones/cats-eye-quartz/cats-eye-quartz-gp50468
24,https://www.gempundit.com/gemstones/cats-eye-quartz/cats-eye-quartz-gp50517
25,https://www.gempundit.com/gemstones/cats-eye-quartz/cats-eye-gp79515
26,https://www.gempundit.com/gemstones/cats-eye-quartz/cats-eye-gp79516
27,https://www.gempundit.com/gemstones/cats-eye-quartz/cats-eye-quartz-gp50514
28,https://www.gempundit.com/gemstones/cats-eye-quartz/cats-eye-gp79496
29,https://www.gempundit.com/gemstones/cats-eye-quartz/cats-eye-quartz-gp50466
30,https://www.gempundit.com/gemstones/cats-eye-quartz/cats-eye-quartz-gp50509
31,https://www.gempundit.com/gemstones/cats-eye-quartz/cats-eye-quartz-gp50444
32,https://www.gempundit.com/gemstones/cats-eye-quartz/cats-eye-quartz-gp50510
33,https://www.gempundit.com/gemstones/cats-eye-quartz/cats-eye-quartz-gp50481
34,https://www.gempundit.com/gemstones/cats-eye-quartz/cats-eye-quartz-gp50442
35,https://www.gempundit.com/gemstones/cats-eye-quartz/cats-eye-quartz-gp50489
36,https://www.gempundit.com/gemstones/cats-eye-quartz/cats-eye-quartz-gp50446
37,https://www.gempundit.com/gemstones/cats-eye-quartz/cats-eye-quartz-gp50513
38,https://www.gempundit.com/gemstones/cats-eye-quartz/cats-eye-quartz-gp50483
39,https://www.gempundit.com/gemstones/cats-eye-quartz/cats-eye-quartz-gp50518
40,https://www.gempundit.com/gemstones/cats-eye-quartz/cats-eye-quartz-gp50452
41,https://www.gempundit.com/gemstones/cats-eye-quartz/cats-eye-quartz-gp50504
42,https://www.gempundit.com/gemstones/cats-eye-quartz/cats-eye-quartz-gp50538
43,https://www.gempundit.com/gemstones/cats-eye-quartz/cats-eye-quartz-gp50511
44,https://www.gempundit.com/gemstones/cats-eye-quartz/cats-eye-quartz-gp50464
45,https://www.gempundit.com/gemstones/cats-eye-quartz/cats-eye-quartz-gp50512
46,https://www.gempundit.com/gemstones/cats-eye-quartz/cats-eye-quartz-gp50465
47,https://www.gempundit.com/gemstones/cats-eye-quartz/cats-eye-quartz-gp50441
48,https://www.gempundit.com/gemstones/cats-eye-quartz/cats-eye-quartz-gp50505
49,https://www.gempundit.com/gemstones/cats-eye-quartz/cats-eye-quartz-gp50502
50,https://www.gempundit.com/gemstones/cats-eye-quartz/cats-eye-quartz-gp50501
51,https://www.gempundit.com/gemstones/cats-eye-quartz/cats-eye-quartz-gp50457
52,https://www.gempundit.com/gemstones/cats-eye-quartz/cats-eye-quartz-gp50460
53,https://www.gempundit.com/gemstones/cats-eye-quartz/cats-eye-quartz-gp50461
54,https://www.gempundit.com/gemstones/cats-eye-quartz/cats-eye-quartz-gp50440
55,https://www.gempundit.com/gemstones/cats-eye-quartz/cats-eye-quartz-gp50463
56,https://www.gempundit.com/gemstones/cats-eye-quartz/cats-eye-quartz-gp50462
57,https://www.gempundit.com/gemstones/cats-eye-quartz/cats-eye-quartz-gp50536
58,https://www.gempundit.com/gemstones/cats-eye-quartz/cats-eye-quartz-gp50503
59,https://www.gempundit.com/gemstones/cats-eye-quartz/cats-eye-quartz-gp50436
60,https://www.gempundit.com/gemstones/cats-eye-quartz/cats-eye-quartz-gp50443
61,https://www.gempundit.com/gemstones/cats-eye-quartz/cats-eye-quartz-gp50499
62,https://www.gempundit.com/gemstones/cats-eye-quartz/cats-eye-quartz-gp50439
63,https://www.gempundit.com/gemstones/cats-eye-quartz/cats-eye-quartz-gp50456
64,https://www.gempundit.com/gemstones/cats-eye-quartz/cats-eye-quartz-gp50537
65,https://www.gempundit.com/gemstones/cats-eye-quartz/cats-eye-quartz-gp42263
66,https://www.gempundit.com/gemstones/cats-eye-quartz/cats-eye-quartz-gp50500
67,https://www.gempundit.com/gemstones/cats-eye-quartz/cats-eye-quartz-gp50458
68,https://www.gempundit.com/gemstones/cats-eye-quartz/cats-eye-quartz-gp50453
69,https://www.gempundit.com/gemstones/cats-eye-quartz/cats-eye-quartz-gp50455
70,https://www.gempundit.com/gemstones/cats-eye-quartz/cats-eye-quartz-gp50498
71,https://www.gempundit.com/gemstones/cats-eye-quartz/cats-eye-quartz-gp50459
