,Chrysocolla
0,https://www.gempundit.com/gemstones/chrysocolla/chrysocolla-gp82570
1,https://www.gempundit.com/gemstones/chrysocolla/chrysocolla-gp82550
2,https://www.gempundit.com/gemstones/chrysocolla/chrysocolla-gp82546
3,https://www.gempundit.com/gemstones/chrysocolla/chrysocolla-gp82563
4,https://www.gempundit.com/gemstones/chrysocolla/chrysocolla-gp82528
5,https://www.gempundit.com/gemstones/chrysocolla/chrysocolla-gp82499
6,https://www.gempundit.com/gemstones/chrysocolla/chrysocolla-gp82569
7,https://www.gempundit.com/gemstones/chrysocolla/chrysocolla-gp82501
8,https://www.gempundit.com/gemstones/chrysocolla/chrysocolla-gp82500
9,https://www.gempundit.com/gemstones/chrysocolla/chrysocolla-gp82506
10,https://www.gempundit.com/gemstones/chrysocolla/chrysocolla-gp82519
11,https://www.gempundit.com/gemstones/chrysocolla/chrysocolla-gp82520
12,https://www.gempundit.com/gemstones/chrysocolla/chrysocolla-gp82508
13,https://www.gempundit.com/gemstones/chrysocolla/chrysocolla-gp82555
14,https://www.gempundit.com/gemstones/chrysocolla/chrysocolla-gp82507
15,https://www.gempundit.com/gemstones/chrysocolla/chrysocolla-gp82545
16,https://www.gempundit.com/gemstones/chrysocolla/chrysocolla-gp82541
17,https://www.gempundit.com/gemstones/chrysocolla/chrysocolla-gp82529
18,https://www.gempundit.com/gemstones/chrysocolla/chrysocolla-gp82566
19,https://www.gempundit.com/gemstones/chrysocolla/chrysocolla-gp82522
20,https://www.gempundit.com/gemstones/chrysocolla/chrysocolla-gp82516
21,https://www.gempundit.com/gemstones/chrysocolla/chrysocolla-gp82530
22,https://www.gempundit.com/gemstones/chrysocolla/chrysocolla-gp82542
23,https://www.gempundit.com/gemstones/chrysocolla/chrysocolla-gp82518
24,https://www.gempundit.com/gemstones/chrysocolla/chrysocolla-gp82568
25,https://www.gempundit.com/gemstones/chrysocolla/chrysocolla-gp82523
26,https://www.gempundit.com/gemstones/chrysocolla/chrysocolla-gp82533
27,https://www.gempundit.com/gemstones/chrysocolla/chrysocolla-gp82527
28,https://www.gempundit.com/gemstones/chrysocolla/chrysocolla-gp82513
29,https://www.gempundit.com/gemstones/chrysocolla/chrysocolla-gp82571
30,https://www.gempundit.com/gemstones/chrysocolla/chrysocolla-gp82512
31,https://www.gempundit.com/gemstones/chrysocolla/chrysocolla-gp82554
32,https://www.gempundit.com/gemstones/chrysocolla/chrysocolla-gp82517
33,https://www.gempundit.com/gemstones/chrysocolla/chrysocolla-gp82534
34,https://www.gempundit.com/gemstones/chrysocolla/chrysocolla-gp82548
35,https://www.gempundit.com/gemstones/chrysocolla/chrysocolla-gp82560
36,https://www.gempundit.com/gemstones/chrysocolla/chrysocolla-gp82538
37,https://www.gempundit.com/gemstones/chrysocolla/chrysocolla-gp82540
38,https://www.gempundit.com/gemstones/chrysocolla/chrysocolla-gp82547
39,https://www.gempundit.com/gemstones/chrysocolla/chrysocolla-gp82557
40,https://www.gempundit.com/gemstones/chrysocolla/chrysocolla-gp82544
41,https://www.gempundit.com/gemstones/chrysocolla/chrysocolla-gp82543
42,https://www.gempundit.com/gemstones/chrysocolla/chrysocolla-gp82551
43,https://www.gempundit.com/gemstones/chrysocolla/chrysocolla-gp82502
44,https://www.gempundit.com/gemstones/chrysocolla/chrysocolla-gp82525
45,https://www.gempundit.com/gemstones/chrysocolla/chrysocolla-gp82531
46,https://www.gempundit.com/gemstones/chrysocolla/chrysocolla-gp82549
47,https://www.gempundit.com/gemstones/chrysocolla/chrysocolla-gp82503
48,https://www.gempundit.com/gemstones/chrysocolla/chrysocolla-gp82567
49,https://www.gempundit.com/gemstones/chrysocolla/chrysocolla-gp82556
50,https://www.gempundit.com/gemstones/chrysocolla/chrysocolla-gp82561
51,https://www.gempundit.com/gemstones/chrysocolla/chrysocolla-gp82558
52,https://www.gempundit.com/gemstones/chrysocolla/chrysocolla-gp82537
53,https://www.gempundit.com/gemstones/chrysocolla/chrysocolla-gp82510
54,https://www.gempundit.com/gemstones/chrysocolla/chrysocolla-gp82565
55,https://www.gempundit.com/gemstones/chrysocolla/chrysocolla-gp82509
56,https://www.gempundit.com/gemstones/chrysocolla/chrysocolla-gp82511
57,https://www.gempundit.com/gemstones/chrysocolla/chrysocolla-gp82514
58,https://www.gempundit.com/gemstones/chrysocolla/chrysocolla-gp82535
59,https://www.gempundit.com/gemstones/chrysocolla/chrysocolla-gp82515
60,https://www.gempundit.com/gemstones/chrysocolla/chrysocolla-gp82521
61,https://www.gempundit.com/gemstones/chrysocolla/chrysocolla-gp81305
62,https://www.gempundit.com/gemstones/chrysocolla/chrysocolla-gp82504
63,https://www.gempundit.com/gemstones/chrysocolla/chrysocolla-gp82562
64,https://www.gempundit.com/gemstones/chrysocolla/chrysocolla-gp82524
65,https://www.gempundit.com/gemstones/chrysocolla/chrysocolla-gp82539
66,https://www.gempundit.com/gemstones/chrysocolla/chrysocolla-gp82505
67,https://www.gempundit.com/gemstones/chrysocolla/chrysocolla-gp81304
68,https://www.gempundit.com/gemstones/chrysocolla/chrysocolla-gp82564
69,https://www.gempundit.com/gemstones/chrysocolla/chrysocolla-gp82553
70,https://www.gempundit.com/gemstones/chrysocolla/chrysocolla-gp81310
71,https://www.gempundit.com/gemstones/chrysocolla/chrysocolla-gp81302
72,https://www.gempundit.com/gemstones/chrysocolla/chrysocolla-gp81318
73,https://www.gempundit.com/gemstones/chrysocolla/chrysocolla-gp81301
74,https://www.gempundit.com/gemstones/chrysocolla/chrysocolla-gp81311
75,https://www.gempundit.com/gemstones/chrysocolla/chrysocolla-gp81309
76,https://www.gempundit.com/gemstones/chrysocolla/chrysocolla-gp81314
77,https://www.gempundit.com/gemstones/chrysocolla/chrysocolla-gp81308
78,https://www.gempundit.com/gemstones/chrysocolla/chrysocolla-gp81315
79,https://www.gempundit.com/gemstones/chrysocolla/chrysocolla-gp81307
80,https://www.gempundit.com/gemstones/chrysocolla/chrysocolla-gp81306
81,https://www.gempundit.com/gemstones/chrysocolla/chrysocolla-gp81298
82,https://www.gempundit.com/gemstones/chrysocolla/chrysocolla-gp81321
83,https://www.gempundit.com/gemstones/chrysocolla/chrysocolla-gp81300
84,https://www.gempundit.com/gemstones/chrysocolla/chrysocolla-gp81312
85,https://www.gempundit.com/gemstones/chrysocolla/chrysocolla-gp81317
86,https://www.gempundit.com/gemstones/chrysocolla/chrysocolla-gp81297
87,https://www.gempundit.com/gemstones/chrysocolla/chrysocolla-gp81319
88,https://www.gempundit.com/gemstones/chrysocolla/chrysocolla-gp81295
89,https://www.gempundit.com/gemstones/chrysocolla/chrysocolla-gp81316
90,https://www.gempundit.com/gemstones/chrysocolla/chrysocolla-gp81293
91,https://www.gempundit.com/gemstones/chrysocolla/chrysocolla-gp81313
