,Danburite
0,https://www.gempundit.com/gemstones/danburite/danburite-gp43894
1,https://www.gempundit.com/gemstones/danburite/danburite-gp43893
2,https://www.gempundit.com/gemstones/danburite/danburite-gp43889
3,https://www.gempundit.com/gemstones/danburite/danburite-gp43883
4,https://www.gempundit.com/gemstones/danburite/danburite-gp43891
5,https://www.gempundit.com/gemstones/danburite/danburite-gp43886
6,https://www.gempundit.com/gemstones/danburite/danburite-gp43885
7,https://www.gempundit.com/gemstones/danburite/danburite-gp88609
