,Fluorite
0,https://www.gempundit.com/gemstones/fluorite/fluorite-gp93503
1,https://www.gempundit.com/gemstones/fluorite/fluorite-gp93492
2,https://www.gempundit.com/gemstones/fluorite/fluorite-gp93489
3,https://www.gempundit.com/gemstones/fluorite/fluorite-gp93494
4,https://www.gempundit.com/gemstones/fluorite/fluorite-gp93477
5,https://www.gempundit.com/gemstones/fluorite/fluorite-gp93479
6,https://www.gempundit.com/gemstones/fluorite/fluorite-gp93495
7,https://www.gempundit.com/gemstones/fluorite/fluorite-gp93515
8,https://www.gempundit.com/gemstones/fluorite/fluorite-gp93467
9,https://www.gempundit.com/gemstones/fluorite/fluorite-gp93529
10,https://www.gempundit.com/gemstones/fluorite/fluorite-gp93469
11,https://www.gempundit.com/gemstones/fluorite/fluorite-gp93483
12,https://www.gempundit.com/gemstones/fluorite/fluorite-gp93468
13,https://www.gempundit.com/gemstones/fluorite/fluorite-gp93516
14,https://www.gempundit.com/gemstones/fluorite/fluorite-gp93497
15,https://www.gempundit.com/gemstones/fluorite/fluorite-gp93498
16,https://www.gempundit.com/gemstones/fluorite/fluorite-gp93490
17,https://www.gempundit.com/gemstones/fluorite/fluorite-gp93521
18,https://www.gempundit.com/gemstones/fluorite/fluorite-gp93517
19,https://www.gempundit.com/gemstones/fluorite/fluorite-gp93518
20,https://www.gempundit.com/gemstones/fluorite/fluorite-gp93524
21,https://www.gempundit.com/gemstones/fluorite/fluorite-gp93475
22,https://www.gempundit.com/gemstones/fluorite/fluorite-gp93478
23,https://www.gempundit.com/gemstones/fluorite/fluorite-gp93465
24,https://www.gempundit.com/gemstones/fluorite/fluorite-gp93487
25,https://www.gempundit.com/gemstones/fluorite/fluorite-gp93476
26,https://www.gempundit.com/gemstones/fluorite/fluorite-gp93474
27,https://www.gempundit.com/gemstones/fluorite/fluorite-gp93482
28,https://www.gempundit.com/gemstones/fluorite/fluorite-gp93513
29,https://www.gempundit.com/gemstones/fluorite/fluorite-gp93464
30,https://www.gempundit.com/gemstones/fluorite/fluorite-gp93504
31,https://www.gempundit.com/gemstones/fluorite/fluorite-gp93523
32,https://www.gempundit.com/gemstones/fluorite/fluorite-gp93522
33,https://www.gempundit.com/gemstones/fluorite/fluorite-gp93491
34,https://www.gempundit.com/gemstones/fluorite/fluorite-gp93473
35,https://www.gempundit.com/gemstones/fluorite/fluorite-gp93510
36,https://www.gempundit.com/gemstones/fluorite/fluorite-gp93525
37,https://www.gempundit.com/gemstones/fluorite/fluorite-gp93462
38,https://www.gempundit.com/gemstones/fluorite/fluorite-gp93493
39,https://www.gempundit.com/gemstones/fluorite/fluorite-gp93450
40,https://www.gempundit.com/gemstones/fluorite/fluorite-gp93520
41,https://www.gempundit.com/gemstones/fluorite/fluorite-gp93466
42,https://www.gempundit.com/gemstones/fluorite/fluorite-gp93511
43,https://www.gempundit.com/gemstones/fluorite/fluorite-gp93499
44,https://www.gempundit.com/gemstones/fluorite/fluorite-gp93455
45,https://www.gempundit.com/gemstones/fluorite/fluorite-gp93453
46,https://www.gempundit.com/gemstones/fluorite/fluorite-gp93526
47,https://www.gempundit.com/gemstones/fluorite/fluorite-gp93463
48,https://www.gempundit.com/gemstones/fluorite/fluorite-gp93451
49,https://www.gempundit.com/gemstones/fluorite/fluorite-gp93461
50,https://www.gempundit.com/gemstones/fluorite/fluorite-gp93452
51,https://www.gempundit.com/gemstones/fluorite/fluorite-gp93508
52,https://www.gempundit.com/gemstones/fluorite/fluorite-gp93484
53,https://www.gempundit.com/gemstones/fluorite/fluorite-gp93460
54,https://www.gempundit.com/gemstones/fluorite/fluorite-gp93500
55,https://www.gempundit.com/gemstones/fluorite/fluorite-gp93527
56,https://www.gempundit.com/gemstones/fluorite/fluorite-gp93514
57,https://www.gempundit.com/gemstones/fluorite/fluorite-gp93454
58,https://www.gempundit.com/gemstones/fluorite/fluorite-gp93459
59,https://www.gempundit.com/gemstones/fluorite/fluorite-gp93485
60,https://www.gempundit.com/gemstones/fluorite/fluorite-gp76769
61,https://www.gempundit.com/gemstones/fluorite/fluorite-gp93457
62,https://www.gempundit.com/gemstones/fluorite/fluorite-gp93456
