,Garnet
0,https://www.gempundit.com/gemstones/garnet/garnet-gp91207
1,https://www.gempundit.com/gemstones/garnet/garnet-gp95256
2,https://www.gempundit.com/gemstones/garnet/garnet-gp91206
3,https://www.gempundit.com/gemstones/garnet/garnet-gp95257
4,https://www.gempundit.com/gemstones/garnet/garnet-gp91208
5,https://www.gempundit.com/gemstones/garnet/garnet-gp95255
6,https://www.gempundit.com/gemstones/garnet/tsavorite-gp105402
7,https://www.gempundit.com/gemstones/garnet/garnet-gp98564
8,https://www.gempundit.com/gemstones/garnet/garnet-gp95097
9,https://www.gempundit.com/gemstones/garnet/garnet-gp64408
10,https://www.gempundit.com/gemstones/garnet/garnet-gp64397
11,https://www.gempundit.com/gemstones/garnet/garnet-gp64513
12,https://www.gempundit.com/gemstones/garnet/garnet-gp64401
13,https://www.gempundit.com/gemstones/garnet/garnet-gp64509
14,https://www.gempundit.com/gemstones/garnet/garnet-gp64507
15,https://www.gempundit.com/gemstones/garnet/garnet-gp64520
16,https://www.gempundit.com/gemstones/garnet/garnet-gp64428
17,https://www.gempundit.com/gemstones/garnet/garnet-gp64407
18,https://www.gempundit.com/gemstones/garnet/garnet-gp64508
19,https://www.gempundit.com/gemstones/garnet/garnet-gp64410
20,https://www.gempundit.com/gemstones/garnet/garnet-gp95098
21,https://www.gempundit.com/gemstones/garnet/garnet-gp64502
22,https://www.gempundit.com/gemstones/garnet/garnet-gp64427
23,https://www.gempundit.com/gemstones/garnet/garnet-gp64419
24,https://www.gempundit.com/gemstones/garnet/garnet-gp64416
25,https://www.gempundit.com/gemstones/garnet/garnet-gp64413
26,https://www.gempundit.com/gemstones/garnet/garnet-gp64514
27,https://www.gempundit.com/gemstones/garnet/garnet-gp64423
28,https://www.gempundit.com/gemstones/garnet/garnet-gp64515
29,https://www.gempundit.com/gemstones/garnet/garnet-gp64504
30,https://www.gempundit.com/gemstones/garnet/garnet-gp64430
31,https://www.gempundit.com/gemstones/garnet/garnet-gp64396
32,https://www.gempundit.com/gemstones/garnet/tsavorite-gp105409
33,https://www.gempundit.com/gemstones/garnet/garnet-gp64420
34,https://www.gempundit.com/gemstones/garnet/garnet-gp95096
35,https://www.gempundit.com/gemstones/garnet/garnet-gp64429
36,https://www.gempundit.com/gemstones/garnet/garnet-gp64418
37,https://www.gempundit.com/gemstones/garnet/garnet-gp64414
38,https://www.gempundit.com/gemstones/garnet/garnet-gp64405
39,https://www.gempundit.com/gemstones/garnet/garnet-gp95095
40,https://www.gempundit.com/gemstones/garnet/garnet-gp95094
41,https://www.gempundit.com/gemstones/garnet/tsavorite-gp105405
42,https://www.gempundit.com/gemstones/garnet/garnet-gp64421
43,https://www.gempundit.com/gemstones/garnet/garnet-gp64409
44,https://www.gempundit.com/gemstones/garnet/garnet-gp64406
45,https://www.gempundit.com/gemstones/garnet/garnet-gp95086
46,https://www.gempundit.com/gemstones/garnet/garnet-gp64432
47,https://www.gempundit.com/gemstones/garnet/garnet-gp64422
48,https://www.gempundit.com/gemstones/garnet/garnet-gp64415
49,https://www.gempundit.com/gemstones/garnet/garnet-gp64511
50,https://www.gempundit.com/gemstones/garnet/garnet-gp95254
51,https://www.gempundit.com/gemstones/garnet/garnet-gp64424
52,https://www.gempundit.com/gemstones/garnet/garnet-gp64404
53,https://www.gempundit.com/gemstones/garnet/garnet-gp95263
54,https://www.gempundit.com/gemstones/garnet/garnet-gp64412
55,https://www.gempundit.com/gemstones/garnet/garnet-gp64425
56,https://www.gempundit.com/gemstones/garnet/garnet-gp64402
57,https://www.gempundit.com/gemstones/garnet/garnet-gp64399
58,https://www.gempundit.com/gemstones/garnet/garnet-gp64506
59,https://www.gempundit.com/gemstones/garnet/garnet-gp64522
60,https://www.gempundit.com/gemstones/garnet/garnet-gp64517
61,https://www.gempundit.com/gemstones/garnet/garnet-gp64431
62,https://www.gempundit.com/gemstones/garnet/garnet-gp98551
63,https://www.gempundit.com/gemstones/garnet/garnet-gp64403
64,https://www.gempundit.com/gemstones/garnet/garnet-gp98550
65,https://www.gempundit.com/gemstones/garnet/garnet-gp64417
66,https://www.gempundit.com/gemstones/garnet/garnet-gp95085
67,https://www.gempundit.com/gemstones/garnet/garnet-gp64411
68,https://www.gempundit.com/gemstones/garnet/garnet-gp95253
69,https://www.gempundit.com/gemstones/garnet/garnet-gp64400
70,https://www.gempundit.com/gemstones/garnet/garnet-gp88714
71,https://www.gempundit.com/gemstones/garnet/garnet-gp64512
72,https://www.gempundit.com/gemstones/garnet/garnet-gp64398
73,https://www.gempundit.com/gemstones/garnet/garnet-gp88711
74,https://www.gempundit.com/gemstones/garnet/garnet-gp85004
75,https://www.gempundit.com/gemstones/garnet/garnet-gp98567
76,https://www.gempundit.com/gemstones/garnet/garnet-gp64461
77,https://www.gempundit.com/gemstones/garnet/garnet-gp64455
78,https://www.gempundit.com/gemstones/garnet/tsavorite-gp105408
79,https://www.gempundit.com/gemstones/garnet/garnet-gp98552
80,https://www.gempundit.com/gemstones/garnet/garnet-gp64466
81,https://www.gempundit.com/gemstones/garnet/garnet-gp98549
82,https://www.gempundit.com/gemstones/garnet/garnet-gp95087
83,https://www.gempundit.com/gemstones/garnet/garnet-gp64446
84,https://www.gempundit.com/gemstones/garnet/garnet-gp95082
85,https://www.gempundit.com/gemstones/garnet/garnet-gp95088
86,https://www.gempundit.com/gemstones/garnet/garnet-gp95259
87,https://www.gempundit.com/gemstones/garnet/garnet-gp64444
88,https://www.gempundit.com/gemstones/garnet/garnet-gp88712
89,https://www.gempundit.com/gemstones/garnet/garnet-gp64468
90,https://www.gempundit.com/gemstones/garnet/garnet-gp95083
91,https://www.gempundit.com/gemstones/garnet/garnet-gp64449
92,https://www.gempundit.com/gemstones/garnet/garnet-gp64453
93,https://www.gempundit.com/gemstones/garnet/garnet-gp95089
94,https://www.gempundit.com/gemstones/garnet/garnet-gp98556
95,https://www.gempundit.com/gemstones/garnet/garnet-gp95258
96,https://www.gempundit.com/gemstones/garnet/garnet-gp63381
97,https://www.gempundit.com/gemstones/garnet/garnet-gp95090
98,https://www.gempundit.com/gemstones/garnet/garnet-gp85005
99,https://www.gempundit.com/gemstones/garnet/garnet-gp95092
100,https://www.gempundit.com/gemstones/garnet/garnet-gp64465
101,https://www.gempundit.com/gemstones/garnet/garnet-gp95091
102,https://www.gempundit.com/gemstones/garnet/garnet-gp95084
103,https://www.gempundit.com/gemstones/garnet/garnet-gp95260
104,https://www.gempundit.com/gemstones/garnet/garnet-gp64456
105,https://www.gempundit.com/gemstones/garnet/garnet-gp64457
106,https://www.gempundit.com/gemstones/garnet/garnet-gp64467
107,https://www.gempundit.com/gemstones/garnet/garnet-gp64544
108,https://www.gempundit.com/gemstones/garnet/garnet-gp64463
109,https://www.gempundit.com/gemstones/garnet/garnet-gp64464
110,https://www.gempundit.com/gemstones/garnet/garnet-gp95093
111,https://www.gempundit.com/gemstones/garnet/tsavorite-gp105412
112,https://www.gempundit.com/gemstones/garnet/garnet-gp64535
113,https://www.gempundit.com/gemstones/garnet/garnet-gp64452
114,https://www.gempundit.com/gemstones/garnet/garnet-gp64545
115,https://www.gempundit.com/gemstones/garnet/garnet-gp85003
116,https://www.gempundit.com/gemstones/garnet/garnet-gp64447
117,https://www.gempundit.com/gemstones/garnet/garnet-gp64450
118,https://www.gempundit.com/gemstones/garnet/garnet-gp64537
119,https://www.gempundit.com/gemstones/garnet/garnet-gp64541
120,https://www.gempundit.com/gemstones/garnet/garnet-gp64460
121,https://www.gempundit.com/gemstones/garnet/garnet-gp88710
122,https://www.gempundit.com/gemstones/garnet/garnet-gp64454
123,https://www.gempundit.com/gemstones/garnet/garnet-gp64458
124,https://www.gempundit.com/gemstones/garnet/garnet-gp95077
125,https://www.gempundit.com/gemstones/garnet/garnet-gp64448
126,https://www.gempundit.com/gemstones/garnet/garnet-gp64443
127,https://www.gempundit.com/gemstones/garnet/garnet-gp95261
128,https://www.gempundit.com/gemstones/garnet/garnet-gp64536
129,https://www.gempundit.com/gemstones/garnet/garnet-gp95252
130,https://www.gempundit.com/gemstones/garnet/garnet-gp64459
131,https://www.gempundit.com/gemstones/garnet/garnet-gp64445
132,https://www.gempundit.com/gemstones/garnet/garnet-gp95251
133,https://www.gempundit.com/gemstones/garnet/garnet-gp64469
134,https://www.gempundit.com/gemstones/garnet/garnet-gp15431
135,https://www.gempundit.com/gemstones/garnet/garnet-gp64451
136,https://www.gempundit.com/gemstones/garnet/garnet-gp15469
137,https://www.gempundit.com/gemstones/garnet/garnet-gp15429
138,https://www.gempundit.com/gemstones/garnet/garnet-gp95076
139,https://www.gempundit.com/gemstones/garnet/garnet-gp98558
140,https://www.gempundit.com/gemstones/garnet/garnet-gp88698
141,https://www.gempundit.com/gemstones/garnet/garnet-gp64484
142,https://www.gempundit.com/gemstones/garnet/garnet-gp64483
143,https://www.gempundit.com/gemstones/garnet/garnet-gp64491
144,https://www.gempundit.com/gemstones/garnet/garnet-gp14236
145,https://www.gempundit.com/gemstones/garnet/garnet-gp98555
146,https://www.gempundit.com/gemstones/garnet/garnet-gp64489
147,https://www.gempundit.com/gemstones/garnet/garnet-gp15432
148,https://www.gempundit.com/gemstones/garnet/garnet-gp95265
149,https://www.gempundit.com/gemstones/garnet/garnet-gp98563
150,https://www.gempundit.com/gemstones/garnet/garnet-gp57452
151,https://www.gempundit.com/gemstones/garnet/garnet-gp64481
152,https://www.gempundit.com/gemstones/garnet/garnet-gp64485
153,https://www.gempundit.com/gemstones/garnet/garnet-gp98559
154,https://www.gempundit.com/gemstones/garnet/garnet-gp98561
155,https://www.gempundit.com/gemstones/garnet/garnet-gp98554
156,https://www.gempundit.com/gemstones/garnet/garnet-gp64490
157,https://www.gempundit.com/gemstones/garnet/garnet-gp64487
158,https://www.gempundit.com/gemstones/garnet/garnet-gp95078
159,https://www.gempundit.com/gemstones/garnet/garnet-gp64480
160,https://www.gempundit.com/gemstones/garnet/garnet-gp98557
161,https://www.gempundit.com/gemstones/garnet/garnet-gp24363
162,https://www.gempundit.com/gemstones/garnet/garnet-gp98570
163,https://www.gempundit.com/gemstones/garnet/garnet-gp98571
164,https://www.gempundit.com/gemstones/garnet/garnet-gp98553
165,https://www.gempundit.com/gemstones/garnet/garnet-gp15458
166,https://www.gempundit.com/gemstones/garnet/garnet-gp64479
167,https://www.gempundit.com/gemstones/garnet/garnet-gp98562
168,https://www.gempundit.com/gemstones/garnet/garnet-gp64472
169,https://www.gempundit.com/gemstones/garnet/imperial-garnet-gp15426
170,https://www.gempundit.com/gemstones/garnet/garnet-gp98566
171,https://www.gempundit.com/gemstones/garnet/garnet-gp98565
172,https://www.gempundit.com/gemstones/garnet/garnet-gp98572
173,https://www.gempundit.com/gemstones/garnet/garnet-gp15164
174,https://www.gempundit.com/gemstones/garnet/garnet-gp89580
175,https://www.gempundit.com/gemstones/garnet/garnet-gp89603
176,https://www.gempundit.com/gemstones/garnet/garnet-gp98568
177,https://www.gempundit.com/gemstones/garnet/garnet-gp12600
178,https://www.gempundit.com/gemstones/garnet/garnet-gp64470
179,https://www.gempundit.com/gemstones/garnet/garnet-gp63345
180,https://www.gempundit.com/gemstones/garnet/garnet-gp98560
181,https://www.gempundit.com/gemstones/garnet/garnet-gp64476
182,https://www.gempundit.com/gemstones/garnet/garnet-gp98569
183,https://www.gempundit.com/gemstones/garnet/garnet-gp95075
184,https://www.gempundit.com/gemstones/garnet/garnet-gp95074
185,https://www.gempundit.com/gemstones/garnet/garnet-gp95072
186,https://www.gempundit.com/gemstones/garnet/garnet-gp95073
187,https://www.gempundit.com/gemstones/garnet/garnet-gp88697
188,https://www.gempundit.com/gemstones/garnet/garnet-gp63366
189,https://www.gempundit.com/gemstones/garnet/garnet-gp95079
190,https://www.gempundit.com/gemstones/garnet/garnet-gp63359
191,https://www.gempundit.com/gemstones/garnet/garnet-gp89604
192,https://www.gempundit.com/gemstones/garnet/garnet-gp84796
193,https://www.gempundit.com/gemstones/garnet/garnet-gp24348
194,https://www.gempundit.com/gemstones/garnet/garnet-gp95069
195,https://www.gempundit.com/gemstones/garnet/garnet-gp15172
196,https://www.gempundit.com/gemstones/garnet/garnet-gp95070
197,https://www.gempundit.com/gemstones/garnet/garnet-gp89605
198,https://www.gempundit.com/gemstones/garnet/kunzite-gp104822
199,https://www.gempundit.com/gemstones/garnet/kunzite-gp104836
200,https://www.gempundit.com/gemstones/garnet/garnet-gp24349
201,https://www.gempundit.com/gemstones/garnet/garnet-gp29885
202,https://www.gempundit.com/gemstones/garnet/garnet-gp63360
203,https://www.gempundit.com/gemstones/garnet/garnet-gp24343
204,https://www.gempundit.com/gemstones/garnet/garnet-gp15176
205,https://www.gempundit.com/gemstones/garnet/garnet-gp63363
206,https://www.gempundit.com/gemstones/garnet/garnet-gp63370
207,https://www.gempundit.com/gemstones/garnet/garnet-gp24355
208,https://www.gempundit.com/gemstones/garnet/garnet-gp63344
209,https://www.gempundit.com/gemstones/garnet/garnet-gp29895
210,https://www.gempundit.com/gemstones/garnet/garnet-gp63338
211,https://www.gempundit.com/gemstones/garnet/garnet-gp63364
212,https://www.gempundit.com/gemstones/garnet/garnet-gp89573
213,https://www.gempundit.com/gemstones/garnet/garnet-gp95071
214,https://www.gempundit.com/gemstones/garnet/garnet-gp88702
215,https://www.gempundit.com/gemstones/garnet/garnet-gp63342
216,https://www.gempundit.com/gemstones/garnet/garnet-gp89577
217,https://www.gempundit.com/gemstones/garnet/kunzite-gp104837
218,https://www.gempundit.com/gemstones/garnet/garnet-gp63362
219,https://www.gempundit.com/gemstones/garnet/garnet-gp63335
220,https://www.gempundit.com/gemstones/garnet/garnet-gp15158
221,https://www.gempundit.com/gemstones/garnet/garnet-gp88716
222,https://www.gempundit.com/gemstones/garnet/garnet-gp15167
223,https://www.gempundit.com/gemstones/garnet/garnet-gp88717
224,https://www.gempundit.com/gemstones/garnet/garnet-gp15180
225,https://www.gempundit.com/gemstones/garnet/garnet-gp63367
226,https://www.gempundit.com/gemstones/garnet/garnet-gp63369
227,https://www.gempundit.com/gemstones/garnet/garnet-gp63357
228,https://www.gempundit.com/gemstones/garnet/garnet-gp95081
229,https://www.gempundit.com/gemstones/garnet/garnet-gp95268
230,https://www.gempundit.com/gemstones/garnet/garnet-gp57454
231,https://www.gempundit.com/gemstones/garnet/garnet-gp84797
232,https://www.gempundit.com/gemstones/garnet/garnet-gp63339
233,https://www.gempundit.com/gemstones/garnet/garnet-gp89574
234,https://www.gempundit.com/gemstones/garnet/garnet-gp63365
235,https://www.gempundit.com/gemstones/garnet/garnet-gp15178
236,https://www.gempundit.com/gemstones/garnet/garnet-gp15170
237,https://www.gempundit.com/gemstones/garnet/garnet-gp88701
238,https://www.gempundit.com/gemstones/garnet/garnet-gp63355
239,https://www.gempundit.com/gemstones/garnet/garnet-gp15492
240,https://www.gempundit.com/gemstones/garnet/garnet-gp95080
241,https://www.gempundit.com/gemstones/garnet/garnet-gp88718
242,https://www.gempundit.com/gemstones/garnet/garnet-gp15428
243,https://www.gempundit.com/gemstones/garnet/kunzite-gp104865
244,https://www.gempundit.com/gemstones/garnet/garnet-gp28189
245,https://www.gempundit.com/gemstones/garnet/garnet-gp28188
246,https://www.gempundit.com/gemstones/garnet/garnet-gp95266
247,https://www.gempundit.com/gemstones/garnet/garnet-gp88707
248,https://www.gempundit.com/gemstones/garnet/garnet-gp29876
249,https://www.gempundit.com/gemstones/garnet/garnet-gp29896
250,https://www.gempundit.com/gemstones/garnet/imperial-garnet-gp15438
251,https://www.gempundit.com/gemstones/garnet/garnet-gp57434
252,https://www.gempundit.com/gemstones/garnet/garnet-gp28195
253,https://www.gempundit.com/gemstones/garnet/garnet-gp29898
254,https://www.gempundit.com/gemstones/garnet/kunzite-gp104852
255,https://www.gempundit.com/gemstones/garnet/garnet-gp57436
256,https://www.gempundit.com/gemstones/garnet/garnet-gp24342
257,https://www.gempundit.com/gemstones/garnet/kunzite-gp104834
258,https://www.gempundit.com/gemstones/garnet/kunzite-gp104821
259,https://www.gempundit.com/gemstones/garnet/garnet-gp29890
260,https://www.gempundit.com/gemstones/garnet/kunzite-gp104889
261,https://www.gempundit.com/gemstones/garnet/garnet-gp89594
262,https://www.gempundit.com/gemstones/garnet/garnet-gp14231
263,https://www.gempundit.com/gemstones/garnet/garnet-gp95267
264,https://www.gempundit.com/gemstones/garnet/garnet-gp64553
265,https://www.gempundit.com/gemstones/garnet/kunzite-gp104861
266,https://www.gempundit.com/gemstones/garnet/kunzite-gp104872
267,https://www.gempundit.com/gemstones/garnet/garnet-gp15449
268,https://www.gempundit.com/gemstones/garnet/garnet-gp88708
269,https://www.gempundit.com/gemstones/garnet/kunzite-gp104854
270,https://www.gempundit.com/gemstones/garnet/garnet-gp89589
271,https://www.gempundit.com/gemstones/garnet/garnet-gp88703
272,https://www.gempundit.com/gemstones/garnet/garnet-gp88715
273,https://www.gempundit.com/gemstones/garnet/garnet-gp15175
274,https://www.gempundit.com/gemstones/garnet/garnet-gp89600
275,https://www.gempundit.com/gemstones/garnet/garnet-gp84795
276,https://www.gempundit.com/gemstones/garnet/garnet-gp88694
277,https://www.gempundit.com/gemstones/garnet/garnet-gp89598
278,https://www.gempundit.com/gemstones/garnet/garnet-gp84791
279,https://www.gempundit.com/gemstones/garnet/garnet-gp63333
280,https://www.gempundit.com/gemstones/garnet/garnet-gp63332
281,https://www.gempundit.com/gemstones/garnet/kunzite-gp104868
282,https://www.gempundit.com/gemstones/garnet/garnet-gp89583
283,https://www.gempundit.com/gemstones/garnet/garnet-gp84790
284,https://www.gempundit.com/gemstones/garnet/garnet-gp84794
285,https://www.gempundit.com/gemstones/garnet/garnet-gp89593
286,https://www.gempundit.com/gemstones/garnet/garnet-gp84789
287,https://www.gempundit.com/gemstones/garnet/garnet-gp89599
288,https://www.gempundit.com/gemstones/garnet/garnet-gp89606
289,https://www.gempundit.com/gemstones/garnet/garnet-gp29878
290,https://www.gempundit.com/gemstones/garnet/garnet-gp84783
291,https://www.gempundit.com/gemstones/garnet/garnet-gp84793
292,https://www.gempundit.com/gemstones/garnet/garnet-gp84786
293,https://www.gempundit.com/gemstones/garnet/garnet-gp84792
294,https://www.gempundit.com/gemstones/garnet/garnet-gp84787
295,https://www.gempundit.com/gemstones/garnet/garnet-gp89592
296,https://www.gempundit.com/gemstones/garnet/garnet-gp84785
297,https://www.gempundit.com/gemstones/garnet/garnet-gp89564
298,https://www.gempundit.com/gemstones/garnet/garnet-gp89559
299,https://www.gempundit.com/gemstones/garnet/garnet-gp53502
300,https://www.gempundit.com/gemstones/garnet/garnet-gp89566
301,https://www.gempundit.com/gemstones/garnet/garnet-gp89556
302,https://www.gempundit.com/gemstones/garnet/garnet-gp53477
303,https://www.gempundit.com/gemstones/garnet/garnet-gp89560
304,https://www.gempundit.com/gemstones/garnet/garnet-gp89582
305,https://www.gempundit.com/gemstones/garnet/garnet-gp89569
306,https://www.gempundit.com/gemstones/garnet/garnet-gp89563
307,https://www.gempundit.com/gemstones/garnet/garnet-gp39233
