,Glass Filled Ruby
0,https://www.gempundit.com/gemstones/glass-filled-ruby/ruby-gp87538
1,https://www.gempundit.com/gemstones/glass-filled-ruby/ruby-gp87534
2,https://www.gempundit.com/gemstones/glass-filled-ruby/ruby-gp87528
3,https://www.gempundit.com/gemstones/glass-filled-ruby/ruby-gp89527
4,https://www.gempundit.com/gemstones/glass-filled-ruby/ruby-gp87533
5,https://www.gempundit.com/gemstones/glass-filled-ruby/ruby-gp87529
6,https://www.gempundit.com/gemstones/glass-filled-ruby/ruby-gp87536
7,https://www.gempundit.com/gemstones/glass-filled-ruby/ruby-gp106300
8,https://www.gempundit.com/gemstones/glass-filled-ruby/ruby-gp104752
9,https://www.gempundit.com/gemstones/glass-filled-ruby/ruby-gp104750
10,https://www.gempundit.com/gemstones/glass-filled-ruby/ruby-gp104753
11,https://www.gempundit.com/gemstones/glass-filled-ruby/ruby-gp60130
12,https://www.gempundit.com/gemstones/glass-filled-ruby/ruby-gp59504
13,https://www.gempundit.com/gemstones/glass-filled-ruby/ruby-gp37273
14,https://www.gempundit.com/gemstones/glass-filled-ruby/ruby-gp60132
15,https://www.gempundit.com/gemstones/glass-filled-ruby/ruby-gp103328
16,https://www.gempundit.com/gemstones/glass-filled-ruby/ruby-gp106305
17,https://www.gempundit.com/gemstones/glass-filled-ruby/ruby-gp106299
18,https://www.gempundit.com/gemstones/glass-filled-ruby/ruby-gp93744
19,https://www.gempundit.com/gemstones/glass-filled-ruby/ruby-gp106304
20,https://www.gempundit.com/gemstones/glass-filled-ruby/ruby-gp106298
21,https://www.gempundit.com/gemstones/glass-filled-ruby/ruby-gp104751
22,https://www.gempundit.com/gemstones/glass-filled-ruby/ruby-gp37204
23,https://www.gempundit.com/gemstones/glass-filled-ruby/ruby-gp106292
24,https://www.gempundit.com/gemstones/glass-filled-ruby/ruby-gp89522
25,https://www.gempundit.com/gemstones/glass-filled-ruby/ruby-gp106302
26,https://www.gempundit.com/gemstones/glass-filled-ruby/ruby-gp60128
27,https://www.gempundit.com/gemstones/glass-filled-ruby/ruby-gp106295
28,https://www.gempundit.com/gemstones/glass-filled-ruby/ruby-gp89521
29,https://www.gempundit.com/gemstones/glass-filled-ruby/ruby-gp106297
30,https://www.gempundit.com/gemstones/glass-filled-ruby/ruby-gp59517
31,https://www.gempundit.com/gemstones/glass-filled-ruby/ruby-gp89528
32,https://www.gempundit.com/gemstones/glass-filled-ruby/ruby-gp60134
33,https://www.gempundit.com/gemstones/glass-filled-ruby/ruby-gp37174
34,https://www.gempundit.com/gemstones/glass-filled-ruby/ruby-gp106306
35,https://www.gempundit.com/gemstones/glass-filled-ruby/ruby-gp60162
36,https://www.gempundit.com/gemstones/glass-filled-ruby/ruby-gp60133
37,https://www.gempundit.com/gemstones/glass-filled-ruby/ruby-gp60195
38,https://www.gempundit.com/gemstones/glass-filled-ruby/ruby-gp16589
39,https://www.gempundit.com/gemstones/glass-filled-ruby/ruby-gp60122
40,https://www.gempundit.com/gemstones/glass-filled-ruby/ruby-gp93731
41,https://www.gempundit.com/gemstones/glass-filled-ruby/ruby-gp59502
42,https://www.gempundit.com/gemstones/glass-filled-ruby/ruby-gp106296
43,https://www.gempundit.com/gemstones/glass-filled-ruby/ruby-gp106294
44,https://www.gempundit.com/gemstones/glass-filled-ruby/ruby-gp37168
45,https://www.gempundit.com/gemstones/glass-filled-ruby/ruby-gp106303
46,https://www.gempundit.com/gemstones/glass-filled-ruby/ruby-gp37226
47,https://www.gempundit.com/gemstones/glass-filled-ruby/ruby-gp50341
48,https://www.gempundit.com/gemstones/glass-filled-ruby/ruby-gp60120
49,https://www.gempundit.com/gemstones/glass-filled-ruby/ruby-gp106301
50,https://www.gempundit.com/gemstones/glass-filled-ruby/ruby-gp104301
51,https://www.gempundit.com/gemstones/glass-filled-ruby/ruby-gp40494
52,https://www.gempundit.com/gemstones/glass-filled-ruby/ruby-gp106308
53,https://www.gempundit.com/gemstones/glass-filled-ruby/ruby-gp106307
54,https://www.gempundit.com/gemstones/glass-filled-ruby/ruby-gp37265
55,https://www.gempundit.com/gemstones/glass-filled-ruby/ruby-gp87531
56,https://www.gempundit.com/gemstones/glass-filled-ruby/ruby-gp60139
57,https://www.gempundit.com/gemstones/glass-filled-ruby/ruby-gp104299
58,https://www.gempundit.com/gemstones/glass-filled-ruby/ruby-gp59475
59,https://www.gempundit.com/gemstones/glass-filled-ruby/ruby-gp60131
60,https://www.gempundit.com/gemstones/glass-filled-ruby/ruby-gp37280
61,https://www.gempundit.com/gemstones/glass-filled-ruby/ruby-gp106293
62,https://www.gempundit.com/gemstones/glass-filled-ruby/ruby-gp104749
63,https://www.gempundit.com/gemstones/glass-filled-ruby/ruby-gp93730
64,https://www.gempundit.com/gemstones/glass-filled-ruby/ruby-gp93741
65,https://www.gempundit.com/gemstones/glass-filled-ruby/ruby-gp37288
66,https://www.gempundit.com/gemstones/glass-filled-ruby/ruby-gp90132
67,https://www.gempundit.com/gemstones/glass-filled-ruby/ruby-gp37284
68,https://www.gempundit.com/gemstones/glass-filled-ruby/ruby-gp89525
69,https://www.gempundit.com/gemstones/glass-filled-ruby/ruby-gp104300
70,https://www.gempundit.com/gemstones/glass-filled-ruby/ruby-gp50345
71,https://www.gempundit.com/gemstones/glass-filled-ruby/ruby-gp60137
72,https://www.gempundit.com/gemstones/glass-filled-ruby/ruby-gp50346
73,https://www.gempundit.com/gemstones/glass-filled-ruby/ruby-gp60119
74,https://www.gempundit.com/gemstones/glass-filled-ruby/ruby-gp104757
75,https://www.gempundit.com/gemstones/glass-filled-ruby/ruby-gp90608
76,https://www.gempundit.com/gemstones/glass-filled-ruby/ruby-gp60152
77,https://www.gempundit.com/gemstones/glass-filled-ruby/ruby-gp50340
78,https://www.gempundit.com/gemstones/glass-filled-ruby/ruby-gp41133
79,https://www.gempundit.com/gemstones/glass-filled-ruby/ruby-gp60154
80,https://www.gempundit.com/gemstones/glass-filled-ruby/ruby-gp50338
81,https://www.gempundit.com/gemstones/glass-filled-ruby/ruby-gp103324
82,https://www.gempundit.com/gemstones/glass-filled-ruby/ruby-gp37260
83,https://www.gempundit.com/gemstones/glass-filled-ruby/ruby-gp37262
84,https://www.gempundit.com/gemstones/glass-filled-ruby/ruby-gp104581
85,https://www.gempundit.com/gemstones/glass-filled-ruby/ruby-gp104580
86,https://www.gempundit.com/gemstones/glass-filled-ruby/ruby-gp40485
87,https://www.gempundit.com/gemstones/glass-filled-ruby/ruby-gp41122
88,https://www.gempundit.com/gemstones/glass-filled-ruby/ruby-gp87532
89,https://www.gempundit.com/gemstones/glass-filled-ruby/ruby-gp41138
90,https://www.gempundit.com/gemstones/glass-filled-ruby/ruby-gp37266
91,https://www.gempundit.com/gemstones/glass-filled-ruby/ruby-gp37251
92,https://www.gempundit.com/gemstones/glass-filled-ruby/ruby-gp41135
93,https://www.gempundit.com/gemstones/glass-filled-ruby/ruby-gp37272
94,https://www.gempundit.com/gemstones/glass-filled-ruby/ruby-gp37219
95,https://www.gempundit.com/gemstones/glass-filled-ruby/ruby-gp90136
96,https://www.gempundit.com/gemstones/glass-filled-ruby/ruby-gp60156
97,https://www.gempundit.com/gemstones/glass-filled-ruby/ruby-gp50307
98,https://www.gempundit.com/gemstones/glass-filled-ruby/ruby-gp103459
99,https://www.gempundit.com/gemstones/glass-filled-ruby/ruby-gp41136
100,https://www.gempundit.com/gemstones/glass-filled-ruby/ruby-gp104578
101,https://www.gempundit.com/gemstones/glass-filled-ruby/ruby-gp37286
102,https://www.gempundit.com/gemstones/glass-filled-ruby/ruby-gp60144
103,https://www.gempundit.com/gemstones/glass-filled-ruby/ruby-gp50306
104,https://www.gempundit.com/gemstones/glass-filled-ruby/ruby-gp93728
105,https://www.gempundit.com/gemstones/glass-filled-ruby/ruby-gp93735
106,https://www.gempundit.com/gemstones/glass-filled-ruby/ruby-gp93729
107,https://www.gempundit.com/gemstones/glass-filled-ruby/ruby-gp40459
108,https://www.gempundit.com/gemstones/glass-filled-ruby/ruby-gp40521
109,https://www.gempundit.com/gemstones/glass-filled-ruby/ruby-gp60155
110,https://www.gempundit.com/gemstones/glass-filled-ruby/ruby-gp37289
111,https://www.gempundit.com/gemstones/glass-filled-ruby/ruby-gp50329
112,https://www.gempundit.com/gemstones/glass-filled-ruby/ruby-gp93748
113,https://www.gempundit.com/gemstones/glass-filled-ruby/ruby-gp60157
114,https://www.gempundit.com/gemstones/glass-filled-ruby/ruby-gp60121
115,https://www.gempundit.com/gemstones/glass-filled-ruby/ruby-gp40496
116,https://www.gempundit.com/gemstones/glass-filled-ruby/ruby-gp103088
117,https://www.gempundit.com/gemstones/glass-filled-ruby/ruby-gp41130
118,https://www.gempundit.com/gemstones/glass-filled-ruby/ruby-gp104297
119,https://www.gempundit.com/gemstones/glass-filled-ruby/ruby-gp95679
120,https://www.gempundit.com/gemstones/glass-filled-ruby/ruby-gp60161
121,https://www.gempundit.com/gemstones/glass-filled-ruby/ruby-gp50302
122,https://www.gempundit.com/gemstones/glass-filled-ruby/ruby-gp104744
123,https://www.gempundit.com/gemstones/glass-filled-ruby/ruby-gp104741
124,https://www.gempundit.com/gemstones/glass-filled-ruby/ruby-gp104293
125,https://www.gempundit.com/gemstones/glass-filled-ruby/ruby-gp60200
126,https://www.gempundit.com/gemstones/glass-filled-ruby/ruby-gp33072
127,https://www.gempundit.com/gemstones/glass-filled-ruby/ruby-gp41140
128,https://www.gempundit.com/gemstones/glass-filled-ruby/ruby-gp60151
129,https://www.gempundit.com/gemstones/glass-filled-ruby/ruby-gp103318
130,https://www.gempundit.com/gemstones/glass-filled-ruby/ruby-gp50332
131,https://www.gempundit.com/gemstones/glass-filled-ruby/ruby-gp104743
132,https://www.gempundit.com/gemstones/glass-filled-ruby/ruby-gp41129
133,https://www.gempundit.com/gemstones/glass-filled-ruby/ruby-gp95680
134,https://www.gempundit.com/gemstones/glass-filled-ruby/ruby-gp18892
135,https://www.gempundit.com/gemstones/glass-filled-ruby/ruby-gp60141
136,https://www.gempundit.com/gemstones/glass-filled-ruby/ruby-gp95682
137,https://www.gempundit.com/gemstones/glass-filled-ruby/ruby-gp37250
138,https://www.gempundit.com/gemstones/glass-filled-ruby/ruby-gp37224
139,https://www.gempundit.com/gemstones/glass-filled-ruby/ruby-gp103326
140,https://www.gempundit.com/gemstones/glass-filled-ruby/ruby-gp103087
141,https://www.gempundit.com/gemstones/glass-filled-ruby/ruby-gp60140
142,https://www.gempundit.com/gemstones/glass-filled-ruby/ruby-gp60160
143,https://www.gempundit.com/gemstones/glass-filled-ruby/ruby-gp90139
144,https://www.gempundit.com/gemstones/glass-filled-ruby/ruby-gp104285
145,https://www.gempundit.com/gemstones/glass-filled-ruby/ruby-gp50297
146,https://www.gempundit.com/gemstones/glass-filled-ruby/ruby-gp41134
147,https://www.gempundit.com/gemstones/glass-filled-ruby/ruby-gp50294
148,https://www.gempundit.com/gemstones/glass-filled-ruby/ruby-gp37240
149,https://www.gempundit.com/gemstones/glass-filled-ruby/ruby-gp50334
150,https://www.gempundit.com/gemstones/glass-filled-ruby/ruby-gp104291
151,https://www.gempundit.com/gemstones/glass-filled-ruby/ruby-gp37279
152,https://www.gempundit.com/gemstones/glass-filled-ruby/ruby-gp37258
153,https://www.gempundit.com/gemstones/glass-filled-ruby/ruby-gp104758
154,https://www.gempundit.com/gemstones/glass-filled-ruby/ruby-gp90135
155,https://www.gempundit.com/gemstones/glass-filled-ruby/ruby-gp104754
156,https://www.gempundit.com/gemstones/glass-filled-ruby/ruby-gp104748
157,https://www.gempundit.com/gemstones/glass-filled-ruby/ruby-gp104295
158,https://www.gempundit.com/gemstones/glass-filled-ruby/ruby-gp40489
159,https://www.gempundit.com/gemstones/glass-filled-ruby/ruby-gp37264
160,https://www.gempundit.com/gemstones/glass-filled-ruby/ruby-gp60145
161,https://www.gempundit.com/gemstones/glass-filled-ruby/ruby-gp50300
162,https://www.gempundit.com/gemstones/glass-filled-ruby/ruby-gp50292
163,https://www.gempundit.com/gemstones/glass-filled-ruby/ruby-gp104298
164,https://www.gempundit.com/gemstones/glass-filled-ruby/ruby-gp40523
165,https://www.gempundit.com/gemstones/glass-filled-ruby/ruby-gp40483
166,https://www.gempundit.com/gemstones/glass-filled-ruby/ruby-gp37149
167,https://www.gempundit.com/gemstones/glass-filled-ruby/ruby-gp37239
168,https://www.gempundit.com/gemstones/glass-filled-ruby/ruby-gp104747
169,https://www.gempundit.com/gemstones/glass-filled-ruby/ruby-gp104746
170,https://www.gempundit.com/gemstones/glass-filled-ruby/ruby-gp104294
171,https://www.gempundit.com/gemstones/glass-filled-ruby/ruby-gp60192
172,https://www.gempundit.com/gemstones/glass-filled-ruby/ruby-gp16544
173,https://www.gempundit.com/gemstones/glass-filled-ruby/ruby-gp59512
174,https://www.gempundit.com/gemstones/glass-filled-ruby/ruby-gp104579
175,https://www.gempundit.com/gemstones/glass-filled-ruby/ruby-gp60148
176,https://www.gempundit.com/gemstones/glass-filled-ruby/ruby-gp50339
177,https://www.gempundit.com/gemstones/glass-filled-ruby/ruby-gp59511
178,https://www.gempundit.com/gemstones/glass-filled-ruby/ruby-gp37255
179,https://www.gempundit.com/gemstones/glass-filled-ruby/ruby-gp41126
180,https://www.gempundit.com/gemstones/glass-filled-ruby/ruby-gp103310
181,https://www.gempundit.com/gemstones/glass-filled-ruby/ruby-gp37245
182,https://www.gempundit.com/gemstones/glass-filled-ruby/ruby-gp93747
183,https://www.gempundit.com/gemstones/glass-filled-ruby/ruby-gp60158
184,https://www.gempundit.com/gemstones/glass-filled-ruby/ruby-gp40522
185,https://www.gempundit.com/gemstones/glass-filled-ruby/ruby-gp50304
186,https://www.gempundit.com/gemstones/glass-filled-ruby/ruby-gp40520
187,https://www.gempundit.com/gemstones/glass-filled-ruby/ruby-gp60142
188,https://www.gempundit.com/gemstones/glass-filled-ruby/ruby-gp95681
189,https://www.gempundit.com/gemstones/glass-filled-ruby/ruby-gp60138
190,https://www.gempundit.com/gemstones/glass-filled-ruby/ruby-gp104763
191,https://www.gempundit.com/gemstones/glass-filled-ruby/ruby-gp50289
192,https://www.gempundit.com/gemstones/glass-filled-ruby/ruby-gp60196
193,https://www.gempundit.com/gemstones/glass-filled-ruby/ruby-gp37257
194,https://www.gempundit.com/gemstones/glass-filled-ruby/ruby-gp37271
195,https://www.gempundit.com/gemstones/glass-filled-ruby/ruby-gp60146
196,https://www.gempundit.com/gemstones/glass-filled-ruby/ruby-gp104296
197,https://www.gempundit.com/gemstones/glass-filled-ruby/ruby-gp60150
198,https://www.gempundit.com/gemstones/glass-filled-ruby/ruby-gp50301
199,https://www.gempundit.com/gemstones/glass-filled-ruby/ruby-gp104762
200,https://www.gempundit.com/gemstones/glass-filled-ruby/ruby-gp90138
201,https://www.gempundit.com/gemstones/glass-filled-ruby/ruby-gp37244
202,https://www.gempundit.com/gemstones/glass-filled-ruby/ruby-gp103322
203,https://www.gempundit.com/gemstones/glass-filled-ruby/ruby-gp104577
204,https://www.gempundit.com/gemstones/glass-filled-ruby/ruby-gp60185
205,https://www.gempundit.com/gemstones/glass-filled-ruby/ruby-gp60126
206,https://www.gempundit.com/gemstones/glass-filled-ruby/ruby-gp40449
207,https://www.gempundit.com/gemstones/glass-filled-ruby/ruby-gp60143
208,https://www.gempundit.com/gemstones/glass-filled-ruby/ruby-gp33060
209,https://www.gempundit.com/gemstones/glass-filled-ruby/ruby-gp50303
210,https://www.gempundit.com/gemstones/glass-filled-ruby/ruby-gp104310
211,https://www.gempundit.com/gemstones/glass-filled-ruby/ruby-gp50290
212,https://www.gempundit.com/gemstones/glass-filled-ruby/ruby-gp37159
213,https://www.gempundit.com/gemstones/glass-filled-ruby/ruby-gp33059
214,https://www.gempundit.com/gemstones/glass-filled-ruby/ruby-gp33024
215,https://www.gempundit.com/gemstones/glass-filled-ruby/ruby-gp29728
216,https://www.gempundit.com/gemstones/glass-filled-ruby/ruby-gp50286
217,https://www.gempundit.com/gemstones/glass-filled-ruby/ruby-gp60201
218,https://www.gempundit.com/gemstones/glass-filled-ruby/ruby-gp50322
219,https://www.gempundit.com/gemstones/glass-filled-ruby/ruby-gp40509
220,https://www.gempundit.com/gemstones/glass-filled-ruby/ruby-gp16579
221,https://www.gempundit.com/gemstones/glass-filled-ruby/ruby-gp60159
222,https://www.gempundit.com/gemstones/glass-filled-ruby/ruby-gp37232
223,https://www.gempundit.com/gemstones/glass-filled-ruby/ruby-gp87524
224,https://www.gempundit.com/gemstones/glass-filled-ruby/ruby-gp37319
225,https://www.gempundit.com/gemstones/glass-filled-ruby/ruby-gp87572
226,https://www.gempundit.com/gemstones/glass-filled-ruby/ruby-gp60198
227,https://www.gempundit.com/gemstones/glass-filled-ruby/ruby-gp60188
228,https://www.gempundit.com/gemstones/glass-filled-ruby/ruby-gp60184
229,https://www.gempundit.com/gemstones/glass-filled-ruby/ruby-gp59431
230,https://www.gempundit.com/gemstones/glass-filled-ruby/ruby-gp103309
231,https://www.gempundit.com/gemstones/glass-filled-ruby/ruby-gp60191
232,https://www.gempundit.com/gemstones/glass-filled-ruby/ruby-gp60124
233,https://www.gempundit.com/gemstones/glass-filled-ruby/ruby-gp104304
234,https://www.gempundit.com/gemstones/glass-filled-ruby/ruby-gp37223
235,https://www.gempundit.com/gemstones/glass-filled-ruby/ruby-gp50313
236,https://www.gempundit.com/gemstones/glass-filled-ruby/ruby-gp39857
237,https://www.gempundit.com/gemstones/glass-filled-ruby/ruby-gp50288
238,https://www.gempundit.com/gemstones/glass-filled-ruby/ruby-gp103453
239,https://www.gempundit.com/gemstones/glass-filled-ruby/ruby-gp60187
240,https://www.gempundit.com/gemstones/glass-filled-ruby/ruby-gp50305
241,https://www.gempundit.com/gemstones/glass-filled-ruby/ruby-gp103317
242,https://www.gempundit.com/gemstones/glass-filled-ruby/ruby-gp59413
243,https://www.gempundit.com/gemstones/glass-filled-ruby/ruby-gp37322
244,https://www.gempundit.com/gemstones/glass-filled-ruby/ruby-gp95677
245,https://www.gempundit.com/gemstones/glass-filled-ruby/ruby-gp95678
246,https://www.gempundit.com/gemstones/glass-filled-ruby/ruby-gp59421
247,https://www.gempundit.com/gemstones/glass-filled-ruby/ruby-gp50331
248,https://www.gempundit.com/gemstones/glass-filled-ruby/ruby-gp40474
249,https://www.gempundit.com/gemstones/glass-filled-ruby/ruby-gp16575
250,https://www.gempundit.com/gemstones/glass-filled-ruby/ruby-gp59417
251,https://www.gempundit.com/gemstones/glass-filled-ruby/ruby-gp40444
252,https://www.gempundit.com/gemstones/glass-filled-ruby/ruby-gp103457
253,https://www.gempundit.com/gemstones/glass-filled-ruby/ruby-gp90133
254,https://www.gempundit.com/gemstones/glass-filled-ruby/ruby-gp41125
255,https://www.gempundit.com/gemstones/glass-filled-ruby/ruby-gp104322
256,https://www.gempundit.com/gemstones/glass-filled-ruby/ruby-gp104320
257,https://www.gempundit.com/gemstones/glass-filled-ruby/ruby-gp95689
258,https://www.gempundit.com/gemstones/glass-filled-ruby/ruby-gp50336
259,https://www.gempundit.com/gemstones/glass-filled-ruby/ruby-gp50280
260,https://www.gempundit.com/gemstones/glass-filled-ruby/ruby-gp95690
261,https://www.gempundit.com/gemstones/glass-filled-ruby/ruby-gp103081
262,https://www.gempundit.com/gemstones/glass-filled-ruby/ruby-gp50284
263,https://www.gempundit.com/gemstones/glass-filled-ruby/ruby-gp104742
264,https://www.gempundit.com/gemstones/glass-filled-ruby/ruby-gp41121
265,https://www.gempundit.com/gemstones/glass-filled-ruby/ruby-gp104318
266,https://www.gempundit.com/gemstones/glass-filled-ruby/ruby-gp95688
267,https://www.gempundit.com/gemstones/glass-filled-ruby/ruby-gp41120
268,https://www.gempundit.com/gemstones/glass-filled-ruby/ruby-gp104321
269,https://www.gempundit.com/gemstones/glass-filled-ruby/ruby-gp50309
270,https://www.gempundit.com/gemstones/glass-filled-ruby/ruby-gp41132
271,https://www.gempundit.com/gemstones/glass-filled-ruby/ruby-gp37333
272,https://www.gempundit.com/gemstones/glass-filled-ruby/ruby-gp104262
273,https://www.gempundit.com/gemstones/glass-filled-ruby/ruby-gp104290
274,https://www.gempundit.com/gemstones/glass-filled-ruby/ruby-gp93734
275,https://www.gempundit.com/gemstones/glass-filled-ruby/ruby-gp104745
276,https://www.gempundit.com/gemstones/glass-filled-ruby/ruby-gp59400
277,https://www.gempundit.com/gemstones/glass-filled-ruby/ruby-gp103323
278,https://www.gempundit.com/gemstones/glass-filled-ruby/ruby-gp59440
279,https://www.gempundit.com/gemstones/glass-filled-ruby/ruby-gp40458
280,https://www.gempundit.com/gemstones/glass-filled-ruby/ruby-gp103092
281,https://www.gempundit.com/gemstones/glass-filled-ruby/ruby-gp50327
282,https://www.gempundit.com/gemstones/glass-filled-ruby/ruby-gp104259
283,https://www.gempundit.com/gemstones/glass-filled-ruby/ruby-gp59405
284,https://www.gempundit.com/gemstones/glass-filled-ruby/ruby-gp50293
285,https://www.gempundit.com/gemstones/glass-filled-ruby/ruby-gp93733
286,https://www.gempundit.com/gemstones/glass-filled-ruby/ruby-gp104324
287,https://www.gempundit.com/gemstones/glass-filled-ruby/ruby-gp59426
288,https://www.gempundit.com/gemstones/glass-filled-ruby/ruby-gp104272
289,https://www.gempundit.com/gemstones/glass-filled-ruby/ruby-gp37148
290,https://www.gempundit.com/gemstones/glass-filled-ruby/ruby-gp103319
291,https://www.gempundit.com/gemstones/glass-filled-ruby/ruby-gp95672
292,https://www.gempundit.com/gemstones/glass-filled-ruby/ruby-gp59516
293,https://www.gempundit.com/gemstones/glass-filled-ruby/ruby-gp104274
294,https://www.gempundit.com/gemstones/glass-filled-ruby/ruby-gp103320
295,https://www.gempundit.com/gemstones/glass-filled-ruby/ruby-gp59427
296,https://www.gempundit.com/gemstones/glass-filled-ruby/ruby-gp40491
297,https://www.gempundit.com/gemstones/glass-filled-ruby/ruby-gp104327
298,https://www.gempundit.com/gemstones/glass-filled-ruby/ruby-gp59425
299,https://www.gempundit.com/gemstones/glass-filled-ruby/ruby-gp33066
300,https://www.gempundit.com/gemstones/glass-filled-ruby/ruby-gp104258
301,https://www.gempundit.com/gemstones/glass-filled-ruby/ruby-gp104317
302,https://www.gempundit.com/gemstones/glass-filled-ruby/ruby-gp50287
303,https://www.gempundit.com/gemstones/glass-filled-ruby/ruby-gp18894
304,https://www.gempundit.com/gemstones/glass-filled-ruby/ruby-gp59509
305,https://www.gempundit.com/gemstones/glass-filled-ruby/ruby-gp59686
306,https://www.gempundit.com/gemstones/glass-filled-ruby/ruby-gp50324
307,https://www.gempundit.com/gemstones/glass-filled-ruby/ruby-gp104288
308,https://www.gempundit.com/gemstones/glass-filled-ruby/ruby-gp37229
309,https://www.gempundit.com/gemstones/glass-filled-ruby/ruby-gp50296
310,https://www.gempundit.com/gemstones/glass-filled-ruby/ruby-gp104325
311,https://www.gempundit.com/gemstones/glass-filled-ruby/ruby-gp87548
312,https://www.gempundit.com/gemstones/glass-filled-ruby/ruby-gp50299
313,https://www.gempundit.com/gemstones/glass-filled-ruby/ruby-gp106284
314,https://www.gempundit.com/gemstones/glass-filled-ruby/ruby-gp59667
315,https://www.gempundit.com/gemstones/glass-filled-ruby/ruby-gp104326
316,https://www.gempundit.com/gemstones/glass-filled-ruby/ruby-gp103086
317,https://www.gempundit.com/gemstones/glass-filled-ruby/ruby-gp104315
318,https://www.gempundit.com/gemstones/glass-filled-ruby/ruby-gp103080
319,https://www.gempundit.com/gemstones/glass-filled-ruby/ruby-gp104760
320,https://www.gempundit.com/gemstones/glass-filled-ruby/ruby-gp95684
321,https://www.gempundit.com/gemstones/glass-filled-ruby/ruby-gp41131
322,https://www.gempundit.com/gemstones/glass-filled-ruby/ruby-gp104765
323,https://www.gempundit.com/gemstones/glass-filled-ruby/ruby-gp50283
324,https://www.gempundit.com/gemstones/glass-filled-ruby/ruby-gp50281
325,https://www.gempundit.com/gemstones/glass-filled-ruby/ruby-gp104761
326,https://www.gempundit.com/gemstones/glass-filled-ruby/ruby-gp50335
327,https://www.gempundit.com/gemstones/glass-filled-ruby/ruby-gp104256
328,https://www.gempundit.com/gemstones/glass-filled-ruby/ruby-gp104264
329,https://www.gempundit.com/gemstones/glass-filled-ruby/ruby-gp103313
330,https://www.gempundit.com/gemstones/glass-filled-ruby/ruby-gp37172
331,https://www.gempundit.com/gemstones/glass-filled-ruby/ruby-gp104261
332,https://www.gempundit.com/gemstones/glass-filled-ruby/ruby-gp87559
333,https://www.gempundit.com/gemstones/glass-filled-ruby/ruby-gp50404
334,https://www.gempundit.com/gemstones/glass-filled-ruby/ruby-gp95676
335,https://www.gempundit.com/gemstones/glass-filled-ruby/ruby-gp104311
336,https://www.gempundit.com/gemstones/glass-filled-ruby/ruby-gp92858
337,https://www.gempundit.com/gemstones/glass-filled-ruby/ruby-gp50315
338,https://www.gempundit.com/gemstones/glass-filled-ruby/ruby-gp104755
339,https://www.gempundit.com/gemstones/glass-filled-ruby/ruby-gp104266
340,https://www.gempundit.com/gemstones/glass-filled-ruby/ruby-gp93727
341,https://www.gempundit.com/gemstones/glass-filled-ruby/ruby-gp104323
342,https://www.gempundit.com/gemstones/glass-filled-ruby/ruby-gp103082
343,https://www.gempundit.com/gemstones/glass-filled-ruby/ruby-gp104281
344,https://www.gempundit.com/gemstones/glass-filled-ruby/ruby-gp59666
345,https://www.gempundit.com/gemstones/glass-filled-ruby/ruby-gp92856
346,https://www.gempundit.com/gemstones/glass-filled-ruby/ruby-gp104303
347,https://www.gempundit.com/gemstones/glass-filled-ruby/ruby-gp103315
348,https://www.gempundit.com/gemstones/glass-filled-ruby/ruby-gp87558
349,https://www.gempundit.com/gemstones/glass-filled-ruby/ruby-gp95687
350,https://www.gempundit.com/gemstones/glass-filled-ruby/ruby-gp89671
351,https://www.gempundit.com/gemstones/glass-filled-ruby/ruby-gp41142
352,https://www.gempundit.com/gemstones/glass-filled-ruby/ruby-gp95671
353,https://www.gempundit.com/gemstones/glass-filled-ruby/ruby-gp104286
354,https://www.gempundit.com/gemstones/glass-filled-ruby/ruby-gp59513
355,https://www.gempundit.com/gemstones/glass-filled-ruby/ruby-gp50348
356,https://www.gempundit.com/gemstones/glass-filled-ruby/ruby-gp95686
357,https://www.gempundit.com/gemstones/glass-filled-ruby/ruby-gp50282
358,https://www.gempundit.com/gemstones/glass-filled-ruby/ruby-gp104759
359,https://www.gempundit.com/gemstones/glass-filled-ruby/ruby-gp93743
360,https://www.gempundit.com/gemstones/glass-filled-ruby/ruby-gp59678
361,https://www.gempundit.com/gemstones/glass-filled-ruby/ruby-gp40468
362,https://www.gempundit.com/gemstones/glass-filled-ruby/ruby-gp104278
363,https://www.gempundit.com/gemstones/glass-filled-ruby/ruby-gp104271
364,https://www.gempundit.com/gemstones/glass-filled-ruby/ruby-gp104275
365,https://www.gempundit.com/gemstones/glass-filled-ruby/ruby-gp104767
366,https://www.gempundit.com/gemstones/glass-filled-ruby/ruby-gp59497
367,https://www.gempundit.com/gemstones/glass-filled-ruby/ruby-gp50409
368,https://www.gempundit.com/gemstones/glass-filled-ruby/ruby-gp106283
369,https://www.gempundit.com/gemstones/glass-filled-ruby/ruby-gp59476
370,https://www.gempundit.com/gemstones/glass-filled-ruby/ruby-gp104251
371,https://www.gempundit.com/gemstones/glass-filled-ruby/ruby-gp104764
372,https://www.gempundit.com/gemstones/glass-filled-ruby/ruby-gp104273
373,https://www.gempundit.com/gemstones/glass-filled-ruby/ruby-gp104257
374,https://www.gempundit.com/gemstones/glass-filled-ruby/ruby-gp104309
375,https://www.gempundit.com/gemstones/glass-filled-ruby/ruby-gp41143
376,https://www.gempundit.com/gemstones/glass-filled-ruby/ruby-gp50337
377,https://www.gempundit.com/gemstones/glass-filled-ruby/ruby-gp50310
378,https://www.gempundit.com/gemstones/glass-filled-ruby/ruby-gp104302
379,https://www.gempundit.com/gemstones/glass-filled-ruby/ruby-gp59469
380,https://www.gempundit.com/gemstones/glass-filled-ruby/ruby-gp50312
381,https://www.gempundit.com/gemstones/glass-filled-ruby/ruby-gp103078
382,https://www.gempundit.com/gemstones/glass-filled-ruby/ruby-gp93726
383,https://www.gempundit.com/gemstones/glass-filled-ruby/ruby-gp59661
384,https://www.gempundit.com/gemstones/glass-filled-ruby/ruby-gp103085
385,https://www.gempundit.com/gemstones/glass-filled-ruby/ruby-gp95691
386,https://www.gempundit.com/gemstones/glass-filled-ruby/ruby-gp93732
387,https://www.gempundit.com/gemstones/glass-filled-ruby/ruby-gp87544
388,https://www.gempundit.com/gemstones/glass-filled-ruby/ruby-gp104287
389,https://www.gempundit.com/gemstones/glass-filled-ruby/ruby-gp103083
390,https://www.gempundit.com/gemstones/glass-filled-ruby/ruby-gp50400
391,https://www.gempundit.com/gemstones/glass-filled-ruby/ruby-gp106281
392,https://www.gempundit.com/gemstones/glass-filled-ruby/ruby-gp104289
393,https://www.gempundit.com/gemstones/glass-filled-ruby/ruby-gp92854
394,https://www.gempundit.com/gemstones/glass-filled-ruby/ruby-gp104255
395,https://www.gempundit.com/gemstones/glass-filled-ruby/ruby-gp50418
396,https://www.gempundit.com/gemstones/glass-filled-ruby/ruby-gp50320
397,https://www.gempundit.com/gemstones/glass-filled-ruby/ruby-gp50318
398,https://www.gempundit.com/gemstones/glass-filled-ruby/ruby-gp50285
399,https://www.gempundit.com/gemstones/glass-filled-ruby/ruby-gp104265
400,https://www.gempundit.com/gemstones/glass-filled-ruby/ruby-gp104308
401,https://www.gempundit.com/gemstones/glass-filled-ruby/ruby-gp104316
402,https://www.gempundit.com/gemstones/glass-filled-ruby/ruby-gp59664
403,https://www.gempundit.com/gemstones/glass-filled-ruby/ruby-gp93737
404,https://www.gempundit.com/gemstones/glass-filled-ruby/ruby-gp59458
405,https://www.gempundit.com/gemstones/glass-filled-ruby/ruby-gp106285
406,https://www.gempundit.com/gemstones/glass-filled-ruby/ruby-gp103475
407,https://www.gempundit.com/gemstones/glass-filled-ruby/ruby-gp40478
408,https://www.gempundit.com/gemstones/glass-filled-ruby/ruby-gp59455
409,https://www.gempundit.com/gemstones/glass-filled-ruby/ruby-gp40470
410,https://www.gempundit.com/gemstones/glass-filled-ruby/ruby-gp103455
411,https://www.gempundit.com/gemstones/glass-filled-ruby/ruby-gp104313
412,https://www.gempundit.com/gemstones/glass-filled-ruby/ruby-gp59492
413,https://www.gempundit.com/gemstones/glass-filled-ruby/ruby-gp50311
414,https://www.gempundit.com/gemstones/glass-filled-ruby/ruby-gp89523
415,https://www.gempundit.com/gemstones/glass-filled-ruby/ruby-gp50316
416,https://www.gempundit.com/gemstones/glass-filled-ruby/ruby-gp103452
417,https://www.gempundit.com/gemstones/glass-filled-ruby/ruby-gp104283
418,https://www.gempundit.com/gemstones/glass-filled-ruby/ruby-gp41127
419,https://www.gempundit.com/gemstones/glass-filled-ruby/ruby-gp40475
420,https://www.gempundit.com/gemstones/glass-filled-ruby/ruby-gp37155
421,https://www.gempundit.com/gemstones/glass-filled-ruby/ruby-gp37179
422,https://www.gempundit.com/gemstones/glass-filled-ruby/ruby-gp92855
423,https://www.gempundit.com/gemstones/glass-filled-ruby/ruby-gp103321
424,https://www.gempundit.com/gemstones/glass-filled-ruby/ruby-gp87570
425,https://www.gempundit.com/gemstones/glass-filled-ruby/ruby-gp103450
426,https://www.gempundit.com/gemstones/glass-filled-ruby/ruby-gp104260
427,https://www.gempundit.com/gemstones/glass-filled-ruby/ruby-gp104254
428,https://www.gempundit.com/gemstones/glass-filled-ruby/ruby-gp104284
429,https://www.gempundit.com/gemstones/glass-filled-ruby/ruby-gp40487
430,https://www.gempundit.com/gemstones/glass-filled-ruby/ruby-gp50295
431,https://www.gempundit.com/gemstones/glass-filled-ruby/ruby-gp40518
432,https://www.gempundit.com/gemstones/glass-filled-ruby/ruby-gp50419
433,https://www.gempundit.com/gemstones/glass-filled-ruby/ruby-gp50396
434,https://www.gempundit.com/gemstones/glass-filled-ruby/ruby-gp104282
435,https://www.gempundit.com/gemstones/glass-filled-ruby/ruby-gp41144
436,https://www.gempundit.com/gemstones/glass-filled-ruby/ruby-gp37184
437,https://www.gempundit.com/gemstones/glass-filled-ruby/ruby-gp104253
438,https://www.gempundit.com/gemstones/glass-filled-ruby/ruby-gp106282
439,https://www.gempundit.com/gemstones/glass-filled-ruby/ruby-gp103312
440,https://www.gempundit.com/gemstones/glass-filled-ruby/ruby-gp59665
441,https://www.gempundit.com/gemstones/glass-filled-ruby/ruby-gp40482
442,https://www.gempundit.com/gemstones/glass-filled-ruby/ruby-gp39855
443,https://www.gempundit.com/gemstones/glass-filled-ruby/ruby-gp50298
444,https://www.gempundit.com/gemstones/glass-filled-ruby/ruby-gp103311
445,https://www.gempundit.com/gemstones/glass-filled-ruby/ruby-gp59453
446,https://www.gempundit.com/gemstones/glass-filled-ruby/ruby-gp50413
447,https://www.gempundit.com/gemstones/glass-filled-ruby/ruby-gp50412
448,https://www.gempundit.com/gemstones/glass-filled-ruby/ruby-gp104280
449,https://www.gempundit.com/gemstones/glass-filled-ruby/ruby-gp59663
450,https://www.gempundit.com/gemstones/glass-filled-ruby/ruby-gp59436
451,https://www.gempundit.com/gemstones/glass-filled-ruby/ruby-gp89519
452,https://www.gempundit.com/gemstones/glass-filled-ruby/ruby-gp87573
453,https://www.gempundit.com/gemstones/glass-filled-ruby/ruby-gp59656
454,https://www.gempundit.com/gemstones/glass-filled-ruby/ruby-gp50314
455,https://www.gempundit.com/gemstones/glass-filled-ruby/ruby-gp33065
456,https://www.gempundit.com/gemstones/glass-filled-ruby/ruby-gp103476
457,https://www.gempundit.com/gemstones/glass-filled-ruby/ruby-gp50398
458,https://www.gempundit.com/gemstones/glass-filled-ruby/ruby-gp40120
459,https://www.gempundit.com/gemstones/glass-filled-ruby/ruby-gp40480
460,https://www.gempundit.com/gemstones/glass-filled-ruby/ruby-gp50416
461,https://www.gempundit.com/gemstones/glass-filled-ruby/ruby-gp50401
462,https://www.gempundit.com/gemstones/glass-filled-ruby/ruby-gp40446
463,https://www.gempundit.com/gemstones/glass-filled-ruby/ruby-gp104306
464,https://www.gempundit.com/gemstones/glass-filled-ruby/ruby-gp50410
465,https://www.gempundit.com/gemstones/glass-filled-ruby/ruby-gp103084
466,https://www.gempundit.com/gemstones/glass-filled-ruby/ruby-gp37298
467,https://www.gempundit.com/gemstones/glass-filled-ruby/ruby-gp87557
468,https://www.gempundit.com/gemstones/glass-filled-ruby/ruby-gp87542
469,https://www.gempundit.com/gemstones/glass-filled-ruby/ruby-gp93725
470,https://www.gempundit.com/gemstones/glass-filled-ruby/ruby-gp50393
471,https://www.gempundit.com/gemstones/glass-filled-ruby/ruby-gp103091
472,https://www.gempundit.com/gemstones/glass-filled-ruby/ruby-gp87514
473,https://www.gempundit.com/gemstones/glass-filled-ruby/ruby-gp37158
474,https://www.gempundit.com/gemstones/glass-filled-ruby/ruby-gp87567
475,https://www.gempundit.com/gemstones/glass-filled-ruby/ruby-gp106286
476,https://www.gempundit.com/gemstones/glass-filled-ruby/ruby-gp106280
477,https://www.gempundit.com/gemstones/glass-filled-ruby/ruby-gp95685
478,https://www.gempundit.com/gemstones/glass-filled-ruby/ruby-gp40461
479,https://www.gempundit.com/gemstones/glass-filled-ruby/ruby-gp33067
480,https://www.gempundit.com/gemstones/glass-filled-ruby/ruby-gp59456
481,https://www.gempundit.com/gemstones/glass-filled-ruby/ruby-gp87555
482,https://www.gempundit.com/gemstones/glass-filled-ruby/ruby-gp87543
483,https://www.gempundit.com/gemstones/glass-filled-ruby/ruby-gp50417
484,https://www.gempundit.com/gemstones/glass-filled-ruby/ruby-gp50387
485,https://www.gempundit.com/gemstones/glass-filled-ruby/ruby-gp92857
486,https://www.gempundit.com/gemstones/glass-filled-ruby/ruby-gp50421
487,https://www.gempundit.com/gemstones/glass-filled-ruby/ruby-gp40476
488,https://www.gempundit.com/gemstones/glass-filled-ruby/ruby-gp59480
489,https://www.gempundit.com/gemstones/glass-filled-ruby/ruby-gp103463
490,https://www.gempundit.com/gemstones/glass-filled-ruby/ruby-gp59487
491,https://www.gempundit.com/gemstones/glass-filled-ruby/ruby-gp59463
492,https://www.gempundit.com/gemstones/glass-filled-ruby/ruby-gp87556
493,https://www.gempundit.com/gemstones/glass-filled-ruby/ruby-gp50399
494,https://www.gempundit.com/gemstones/glass-filled-ruby/ruby-gp87549
495,https://www.gempundit.com/gemstones/glass-filled-ruby/ruby-gp33081
496,https://www.gempundit.com/gemstones/glass-filled-ruby/ruby-gp87553
497,https://www.gempundit.com/gemstones/glass-filled-ruby/ruby-gp87551
498,https://www.gempundit.com/gemstones/glass-filled-ruby/ruby-gp59677
499,https://www.gempundit.com/gemstones/glass-filled-ruby/ruby-gp59676
500,https://www.gempundit.com/gemstones/glass-filled-ruby/ruby-gp59662
501,https://www.gempundit.com/gemstones/glass-filled-ruby/ruby-gp50379
502,https://www.gempundit.com/gemstones/glass-filled-ruby/ruby-gp104305
503,https://www.gempundit.com/gemstones/glass-filled-ruby/ruby-gp50388
504,https://www.gempundit.com/gemstones/glass-filled-ruby/ruby-gp103089
505,https://www.gempundit.com/gemstones/glass-filled-ruby/ruby-gp40455
506,https://www.gempundit.com/gemstones/glass-filled-ruby/ruby-gp59491
507,https://www.gempundit.com/gemstones/glass-filled-ruby/ruby-gp50395
508,https://www.gempundit.com/gemstones/glass-filled-ruby/ruby-gp40515
509,https://www.gempundit.com/gemstones/glass-filled-ruby/ruby-gp59474
510,https://www.gempundit.com/gemstones/glass-filled-ruby/ruby-gp59672
511,https://www.gempundit.com/gemstones/glass-filled-ruby/ruby-gp37331
512,https://www.gempundit.com/gemstones/glass-filled-ruby/ruby-gp87554
513,https://www.gempundit.com/gemstones/glass-filled-ruby/ruby-gp50390
514,https://www.gempundit.com/gemstones/glass-filled-ruby/ruby-gp40457
515,https://www.gempundit.com/gemstones/glass-filled-ruby/ruby-gp37303
516,https://www.gempundit.com/gemstones/glass-filled-ruby/ruby-gp59660
517,https://www.gempundit.com/gemstones/glass-filled-ruby/ruby-gp50392
518,https://www.gempundit.com/gemstones/glass-filled-ruby/ruby-gp98695
519,https://www.gempundit.com/gemstones/glass-filled-ruby/ruby-gp50411
520,https://www.gempundit.com/gemstones/glass-filled-ruby/ruby-gp59514
521,https://www.gempundit.com/gemstones/glass-filled-ruby/ruby-gp104314
522,https://www.gempundit.com/gemstones/glass-filled-ruby/ruby-gp37247
523,https://www.gempundit.com/gemstones/glass-filled-ruby/ruby-gp40524
524,https://www.gempundit.com/gemstones/glass-filled-ruby/ruby-gp40447
525,https://www.gempundit.com/gemstones/glass-filled-ruby/ruby-gp59490
526,https://www.gempundit.com/gemstones/glass-filled-ruby/ruby-gp59454
527,https://www.gempundit.com/gemstones/glass-filled-ruby/ruby-gp33078
528,https://www.gempundit.com/gemstones/glass-filled-ruby/ruby-gp93746
529,https://www.gempundit.com/gemstones/glass-filled-ruby/ruby-gp59462
530,https://www.gempundit.com/gemstones/glass-filled-ruby/ruby-gp37156
531,https://www.gempundit.com/gemstones/glass-filled-ruby/ruby-gp104292
532,https://www.gempundit.com/gemstones/glass-filled-ruby/ruby-gp50391
533,https://www.gempundit.com/gemstones/glass-filled-ruby/ruby-gp104766
534,https://www.gempundit.com/gemstones/glass-filled-ruby/ruby-gp103077
535,https://www.gempundit.com/gemstones/glass-filled-ruby/ruby-gp93736
536,https://www.gempundit.com/gemstones/glass-filled-ruby/ruby-gp59399
537,https://www.gempundit.com/gemstones/glass-filled-ruby/ruby-gp59448
538,https://www.gempundit.com/gemstones/glass-filled-ruby/ruby-gp103307
539,https://www.gempundit.com/gemstones/glass-filled-ruby/ruby-gp50432
540,https://www.gempundit.com/gemstones/glass-filled-ruby/ruby-gp59507
541,https://www.gempundit.com/gemstones/glass-filled-ruby/ruby-gp104276
542,https://www.gempundit.com/gemstones/glass-filled-ruby/ruby-gp87546
543,https://www.gempundit.com/gemstones/glass-filled-ruby/ruby-gp59389
544,https://www.gempundit.com/gemstones/glass-filled-ruby/ruby-gp90137
545,https://www.gempundit.com/gemstones/glass-filled-ruby/ruby-gp50433
546,https://www.gempundit.com/gemstones/glass-filled-ruby/ruby-gp59395
547,https://www.gempundit.com/gemstones/glass-filled-ruby/ruby-gp40452
548,https://www.gempundit.com/gemstones/glass-filled-ruby/ruby-gp37287
549,https://www.gempundit.com/gemstones/glass-filled-ruby/ruby-gp95674
550,https://www.gempundit.com/gemstones/glass-filled-ruby/ruby-gp59391
551,https://www.gempundit.com/gemstones/glass-filled-ruby/ruby-gp104279
552,https://www.gempundit.com/gemstones/glass-filled-ruby/ruby-gp81272
553,https://www.gempundit.com/gemstones/glass-filled-ruby/ruby-gp50428
554,https://www.gempundit.com/gemstones/glass-filled-ruby/ruby-gp104307
555,https://www.gempundit.com/gemstones/glass-filled-ruby/ruby-gp37208
556,https://www.gempundit.com/gemstones/glass-filled-ruby/ruby-gp50397
557,https://www.gempundit.com/gemstones/glass-filled-ruby/ruby-gp50394
558,https://www.gempundit.com/gemstones/glass-filled-ruby/ruby-gp37304
559,https://www.gempundit.com/gemstones/glass-filled-ruby/ruby-gp81267
560,https://www.gempundit.com/gemstones/glass-filled-ruby/ruby-gp50415
561,https://www.gempundit.com/gemstones/glass-filled-ruby/ruby-gp37256
562,https://www.gempundit.com/gemstones/glass-filled-ruby/ruby-gp59659
563,https://www.gempundit.com/gemstones/glass-filled-ruby/ruby-gp50429
564,https://www.gempundit.com/gemstones/glass-filled-ruby/ruby-gp59670
565,https://www.gempundit.com/gemstones/glass-filled-ruby/ruby-gp50414
566,https://www.gempundit.com/gemstones/glass-filled-ruby/ruby-gp37218
567,https://www.gempundit.com/gemstones/glass-filled-ruby/ruby-gp106279
568,https://www.gempundit.com/gemstones/glass-filled-ruby/ruby-gp95675
569,https://www.gempundit.com/gemstones/glass-filled-ruby/ruby-gp59673
570,https://www.gempundit.com/gemstones/glass-filled-ruby/ruby-gp98872
571,https://www.gempundit.com/gemstones/glass-filled-ruby/ruby-gp37214
572,https://www.gempundit.com/gemstones/glass-filled-ruby/ruby-gp104312
573,https://www.gempundit.com/gemstones/glass-filled-ruby/ruby-gp103090
574,https://www.gempundit.com/gemstones/glass-filled-ruby/ruby-gp28150
575,https://www.gempundit.com/gemstones/glass-filled-ruby/ruby-gp98694
576,https://www.gempundit.com/gemstones/glass-filled-ruby/ruby-gp81270
577,https://www.gempundit.com/gemstones/glass-filled-ruby/ruby-gp40526
578,https://www.gempundit.com/gemstones/glass-filled-ruby/ruby-gp103308
579,https://www.gempundit.com/gemstones/glass-filled-ruby/ruby-gp81269
580,https://www.gempundit.com/gemstones/glass-filled-ruby/ruby-gp81264
581,https://www.gempundit.com/gemstones/glass-filled-ruby/ruby-gp50407
582,https://www.gempundit.com/gemstones/glass-filled-ruby/ruby-gp104270
583,https://www.gempundit.com/gemstones/glass-filled-ruby/ruby-gp59470
584,https://www.gempundit.com/gemstones/glass-filled-ruby/ruby-gp37311
585,https://www.gempundit.com/gemstones/glass-filled-ruby/ruby-gp95670
586,https://www.gempundit.com/gemstones/glass-filled-ruby/ruby-gp59432
587,https://www.gempundit.com/gemstones/glass-filled-ruby/ruby-gp50426
588,https://www.gempundit.com/gemstones/glass-filled-ruby/ruby-gp40519
589,https://www.gempundit.com/gemstones/glass-filled-ruby/ruby-gp50359
590,https://www.gempundit.com/gemstones/glass-filled-ruby/ruby-gp95669
591,https://www.gempundit.com/gemstones/glass-filled-ruby/ruby-gp37285
592,https://www.gempundit.com/gemstones/glass-filled-ruby/ruby-gp104252
593,https://www.gempundit.com/gemstones/glass-filled-ruby/ruby-gp81260
594,https://www.gempundit.com/gemstones/glass-filled-ruby/ruby-gp39853
595,https://www.gempundit.com/gemstones/glass-filled-ruby/ruby-gp103314
596,https://www.gempundit.com/gemstones/glass-filled-ruby/ruby-gp28160
597,https://www.gempundit.com/gemstones/glass-filled-ruby/ruby-gp50430
598,https://www.gempundit.com/gemstones/glass-filled-ruby/ruby-gp106278
599,https://www.gempundit.com/gemstones/glass-filled-ruby/ruby-gp104268
600,https://www.gempundit.com/gemstones/glass-filled-ruby/ruby-gp81263
601,https://www.gempundit.com/gemstones/glass-filled-ruby/ruby-gp103325
602,https://www.gempundit.com/gemstones/glass-filled-ruby/ruby-gp98691
603,https://www.gempundit.com/gemstones/glass-filled-ruby/ruby-gp87541
604,https://www.gempundit.com/gemstones/glass-filled-ruby/ruby-gp104277
605,https://www.gempundit.com/gemstones/glass-filled-ruby/ruby-gp81265
606,https://www.gempundit.com/gemstones/glass-filled-ruby/ruby-gp50431
607,https://www.gempundit.com/gemstones/glass-filled-ruby/ruby-gp81261
608,https://www.gempundit.com/gemstones/glass-filled-ruby/ruby-gp50425
609,https://www.gempundit.com/gemstones/glass-filled-ruby/ruby-gp37198
610,https://www.gempundit.com/gemstones/glass-filled-ruby/ruby-gp104269
611,https://www.gempundit.com/gemstones/glass-filled-ruby/ruby-gp98690
612,https://www.gempundit.com/gemstones/glass-filled-ruby/ruby-gp98874
613,https://www.gempundit.com/gemstones/glass-filled-ruby/ruby-gp98693
614,https://www.gempundit.com/gemstones/glass-filled-ruby/ruby-gp37197
615,https://www.gempundit.com/gemstones/glass-filled-ruby/ruby-gp98692
616,https://www.gempundit.com/gemstones/glass-filled-ruby/ruby-gp50422
617,https://www.gempundit.com/gemstones/glass-filled-ruby/ruby-gp80024
618,https://www.gempundit.com/gemstones/glass-filled-ruby/ruby-gp59654
619,https://www.gempundit.com/gemstones/glass-filled-ruby/ruby-gp104263
620,https://www.gempundit.com/gemstones/glass-filled-ruby/ruby-gp50424
621,https://www.gempundit.com/gemstones/glass-filled-ruby/ruby-gp87574
622,https://www.gempundit.com/gemstones/glass-filled-ruby/ruby-gp50408
623,https://www.gempundit.com/gemstones/glass-filled-ruby/ruby-gp37166
624,https://www.gempundit.com/gemstones/glass-filled-ruby/ruby-gp81262
625,https://www.gempundit.com/gemstones/glass-filled-ruby/ruby-gp59658
626,https://www.gempundit.com/gemstones/glass-filled-ruby/ruby-gp87577
627,https://www.gempundit.com/gemstones/glass-filled-ruby/ruby-gp50363
628,https://www.gempundit.com/gemstones/glass-filled-ruby/ruby-gp37328
629,https://www.gempundit.com/gemstones/glass-filled-ruby/ruby-gp37211
630,https://www.gempundit.com/gemstones/glass-filled-ruby/ruby-gp37171
631,https://www.gempundit.com/gemstones/glass-filled-ruby/ruby-gp37196
632,https://www.gempundit.com/gemstones/glass-filled-ruby/ruby-gp87517
633,https://www.gempundit.com/gemstones/glass-filled-ruby/ruby-gp37192
634,https://www.gempundit.com/gemstones/glass-filled-ruby/ruby-gp59383
635,https://www.gempundit.com/gemstones/glass-filled-ruby/ruby-gp79868
636,https://www.gempundit.com/gemstones/glass-filled-ruby/ruby-gp50427
637,https://www.gempundit.com/gemstones/glass-filled-ruby/ruby-gp37205
638,https://www.gempundit.com/gemstones/glass-filled-ruby/ruby-gp50386
639,https://www.gempundit.com/gemstones/glass-filled-ruby/ruby-gp98877
640,https://www.gempundit.com/gemstones/glass-filled-ruby/ruby-gp79872
641,https://www.gempundit.com/gemstones/glass-filled-ruby/ruby-gp80026
642,https://www.gempundit.com/gemstones/glass-filled-ruby/ruby-gp87569
643,https://www.gempundit.com/gemstones/glass-filled-ruby/ruby-gp59396
644,https://www.gempundit.com/gemstones/glass-filled-ruby/ruby-gp80025
645,https://www.gempundit.com/gemstones/glass-filled-ruby/ruby-gp59477
646,https://www.gempundit.com/gemstones/glass-filled-ruby/ruby-gp59384
647,https://www.gempundit.com/gemstones/glass-filled-ruby/ruby-gp59382
648,https://www.gempundit.com/gemstones/glass-filled-ruby/ruby-gp95683
649,https://www.gempundit.com/gemstones/glass-filled-ruby/ruby-gp87547
650,https://www.gempundit.com/gemstones/glass-filled-ruby/ruby-gp37200
651,https://www.gempundit.com/gemstones/glass-filled-ruby/ruby-gp18903
652,https://www.gempundit.com/gemstones/glass-filled-ruby/ruby-gp87518
653,https://www.gempundit.com/gemstones/glass-filled-ruby/ruby-gp37201
654,https://www.gempundit.com/gemstones/glass-filled-ruby/ruby-gp50360
655,https://www.gempundit.com/gemstones/glass-filled-ruby/ruby-gp98875
656,https://www.gempundit.com/gemstones/glass-filled-ruby/ruby-gp103076
657,https://www.gempundit.com/gemstones/glass-filled-ruby/ruby-gp79869
658,https://www.gempundit.com/gemstones/glass-filled-ruby/ruby-gp104267
659,https://www.gempundit.com/gemstones/glass-filled-ruby/ruby-gp50357
660,https://www.gempundit.com/gemstones/glass-filled-ruby/ruby-gp50380
661,https://www.gempundit.com/gemstones/glass-filled-ruby/ruby-gp50361
662,https://www.gempundit.com/gemstones/glass-filled-ruby/ruby-gp81266
663,https://www.gempundit.com/gemstones/glass-filled-ruby/ruby-gp80023
664,https://www.gempundit.com/gemstones/glass-filled-ruby/ruby-gp79871
665,https://www.gempundit.com/gemstones/glass-filled-ruby/ruby-gp103095
666,https://www.gempundit.com/gemstones/glass-filled-ruby/ruby-gp80027
667,https://www.gempundit.com/gemstones/glass-filled-ruby/ruby-gp50356
668,https://www.gempundit.com/gemstones/glass-filled-ruby/ruby-gp81258
669,https://www.gempundit.com/gemstones/glass-filled-ruby/ruby-gp50382
670,https://www.gempundit.com/gemstones/glass-filled-ruby/ruby-gp59385
671,https://www.gempundit.com/gemstones/glass-filled-ruby/ruby-gp50355
672,https://www.gempundit.com/gemstones/glass-filled-ruby/ruby-gp79867
673,https://www.gempundit.com/gemstones/glass-filled-ruby/ruby-gp59381
674,https://www.gempundit.com/gemstones/glass-filled-ruby/ruby-gp50353
675,https://www.gempundit.com/gemstones/glass-filled-ruby/ruby-gp50423
676,https://www.gempundit.com/gemstones/glass-filled-ruby/ruby-gp50381
677,https://www.gempundit.com/gemstones/glass-filled-ruby/ruby-gp50358
678,https://www.gempundit.com/gemstones/glass-filled-ruby/ruby-gp50384
679,https://www.gempundit.com/gemstones/glass-filled-ruby/ruby-gp59657
680,https://www.gempundit.com/gemstones/glass-filled-ruby/ruby-gp50383
681,https://www.gempundit.com/gemstones/glass-filled-ruby/ruby-gp81255
682,https://www.gempundit.com/gemstones/glass-filled-ruby/ruby-gp81256
683,https://www.gempundit.com/gemstones/glass-filled-ruby/ruby-gp59380
684,https://www.gempundit.com/gemstones/glass-filled-ruby/ruby-gp81254
685,https://www.gempundit.com/gemstones/glass-filled-ruby/ruby-gp81257
686,https://www.gempundit.com/gemstones/glass-filled-ruby/ruby-gp50352
687,https://www.gempundit.com/gemstones/glass-filled-ruby/ruby-gp50372
688,https://www.gempundit.com/gemstones/glass-filled-ruby/ruby-gp50371
689,https://www.gempundit.com/gemstones/glass-filled-ruby/ruby-gp50376
690,https://www.gempundit.com/gemstones/glass-filled-ruby/ruby-gp60423
691,https://www.gempundit.com/gemstones/glass-filled-ruby/ruby-gp87580
692,https://www.gempundit.com/gemstones/glass-filled-ruby/ruby-gp50365
693,https://www.gempundit.com/gemstones/glass-filled-ruby/ruby-gp50366
694,https://www.gempundit.com/gemstones/glass-filled-ruby/ruby-gp87576
695,https://www.gempundit.com/gemstones/glass-filled-ruby/ruby-gp50375
696,https://www.gempundit.com/gemstones/glass-filled-ruby/ruby-gp50369
697,https://www.gempundit.com/gemstones/glass-filled-ruby/ruby-gp50370
698,https://www.gempundit.com/gemstones/glass-filled-ruby/ruby-gp50374
699,https://www.gempundit.com/gemstones/glass-filled-ruby/ruby-gp87579
700,https://www.gempundit.com/gemstones/glass-filled-ruby/ruby-gp50364
701,https://www.gempundit.com/gemstones/glass-filled-ruby/ruby-gp87578
702,https://www.gempundit.com/gemstones/glass-filled-ruby/ruby-gp50367
703,https://www.gempundit.com/gemstones/glass-filled-ruby/ruby-gp98403
704,https://www.gempundit.com/gemstones/glass-filled-ruby/ruby-gp72434
