,Golden Topaz
0,https://www.gempundit.com/gemstones/golden-topaz/golden-topaz-gp99157
1,https://www.gempundit.com/gemstones/golden-topaz/golden-topaz-gp99123
2,https://www.gempundit.com/gemstones/golden-topaz/topaz-gp103337
3,https://www.gempundit.com/gemstones/golden-topaz/golden-topaz-gp99103
4,https://www.gempundit.com/gemstones/golden-topaz/golden-topaz-gp99165
5,https://www.gempundit.com/gemstones/golden-topaz/golden-topaz-gp99154
6,https://www.gempundit.com/gemstones/golden-topaz/golden-topaz-gp99107
7,https://www.gempundit.com/gemstones/golden-topaz/golden-topaz-gp99111
8,https://www.gempundit.com/gemstones/golden-topaz/golden-topaz-gp99156
9,https://www.gempundit.com/gemstones/golden-topaz/golden-topaz-gp99118
10,https://www.gempundit.com/gemstones/golden-topaz/golden-topaz-gp99167
11,https://www.gempundit.com/gemstones/golden-topaz/golden-topaz-gp99166
12,https://www.gempundit.com/gemstones/golden-topaz/golden-topaz-gp99153
13,https://www.gempundit.com/gemstones/golden-topaz/golden-topaz-gp99109
14,https://www.gempundit.com/gemstones/golden-topaz/golden-topaz-gp99151
15,https://www.gempundit.com/gemstones/golden-topaz/golden-topaz-gp99106
16,https://www.gempundit.com/gemstones/golden-topaz/golden-topaz-gp99110
17,https://www.gempundit.com/gemstones/golden-topaz/golden-topaz-gp99105
18,https://www.gempundit.com/gemstones/golden-topaz/golden-topaz-gp99104
19,https://www.gempundit.com/gemstones/golden-topaz/golden-topaz-gp99108
20,https://www.gempundit.com/gemstones/golden-topaz/golden-topaz-gp99129
21,https://www.gempundit.com/gemstones/golden-topaz/golden-topaz-gp99134
22,https://www.gempundit.com/gemstones/golden-topaz/golden-topaz-gp99124
23,https://www.gempundit.com/gemstones/golden-topaz/golden-topaz-gp99155
24,https://www.gempundit.com/gemstones/golden-topaz/golden-topaz-gp99133
25,https://www.gempundit.com/gemstones/golden-topaz/golden-topaz-gp99121
26,https://www.gempundit.com/gemstones/golden-topaz/golden-topaz-gp99101
27,https://www.gempundit.com/gemstones/golden-topaz/golden-topaz-gp99141
28,https://www.gempundit.com/gemstones/golden-topaz/golden-topaz-gp99138
29,https://www.gempundit.com/gemstones/golden-topaz/golden-topaz-gp99130
30,https://www.gempundit.com/gemstones/golden-topaz/golden-topaz-gp99126
31,https://www.gempundit.com/gemstones/golden-topaz/golden-topaz-gp99143
32,https://www.gempundit.com/gemstones/golden-topaz/golden-topaz-gp99102
33,https://www.gempundit.com/gemstones/golden-topaz/golden-topaz-gp99152
34,https://www.gempundit.com/gemstones/golden-topaz/golden-topaz-gp99095
35,https://www.gempundit.com/gemstones/golden-topaz/golden-topaz-gp99158
36,https://www.gempundit.com/gemstones/golden-topaz/golden-topaz-gp99115
37,https://www.gempundit.com/gemstones/golden-topaz/golden-topaz-gp99144
38,https://www.gempundit.com/gemstones/golden-topaz/golden-topaz-gp99142
39,https://www.gempundit.com/gemstones/golden-topaz/golden-topaz-gp99132
40,https://www.gempundit.com/gemstones/golden-topaz/golden-topaz-gp99097
41,https://www.gempundit.com/gemstones/golden-topaz/golden-topaz-gp99128
42,https://www.gempundit.com/gemstones/golden-topaz/golden-topaz-gp99089
43,https://www.gempundit.com/gemstones/golden-topaz/golden-topaz-gp88963
44,https://www.gempundit.com/gemstones/golden-topaz/golden-topaz-gp99116
45,https://www.gempundit.com/gemstones/golden-topaz/golden-topaz-gp88947
46,https://www.gempundit.com/gemstones/golden-topaz/golden-topaz-gp99119
47,https://www.gempundit.com/gemstones/golden-topaz/golden-topaz-gp99150
48,https://www.gempundit.com/gemstones/golden-topaz/golden-topaz-gp99136
49,https://www.gempundit.com/gemstones/golden-topaz/golden-topaz-gp99169
50,https://www.gempundit.com/gemstones/golden-topaz/golden-topaz-gp99099
51,https://www.gempundit.com/gemstones/golden-topaz/golden-topaz-gp99131
52,https://www.gempundit.com/gemstones/golden-topaz/golden-topaz-gp99088
53,https://www.gempundit.com/gemstones/golden-topaz/golden-topaz-gp99140
54,https://www.gempundit.com/gemstones/golden-topaz/golden-topaz-gp99125
55,https://www.gempundit.com/gemstones/golden-topaz/golden-topaz-gp99100
56,https://www.gempundit.com/gemstones/golden-topaz/golden-topaz-gp99149
57,https://www.gempundit.com/gemstones/golden-topaz/golden-topaz-gp99137
58,https://www.gempundit.com/gemstones/golden-topaz/topaz-gp99120
59,https://www.gempundit.com/gemstones/golden-topaz/golden-topaz-gp99170
60,https://www.gempundit.com/gemstones/golden-topaz/golden-topaz-gp99127
61,https://www.gempundit.com/gemstones/golden-topaz/golden-topaz-gp99094
62,https://www.gempundit.com/gemstones/golden-topaz/golden-topaz-gp99091
63,https://www.gempundit.com/gemstones/golden-topaz/golden-topaz-gp99090
64,https://www.gempundit.com/gemstones/golden-topaz/golden-topaz-gp88966
65,https://www.gempundit.com/gemstones/golden-topaz/golden-topaz-gp99122
66,https://www.gempundit.com/gemstones/golden-topaz/golden-topaz-gp88967
67,https://www.gempundit.com/gemstones/golden-topaz/golden-topaz-gp88951
68,https://www.gempundit.com/gemstones/golden-topaz/golden-topaz-gp88946
69,https://www.gempundit.com/gemstones/golden-topaz/topaz-gp103336
70,https://www.gempundit.com/gemstones/golden-topaz/golden-topaz-gp99164
71,https://www.gempundit.com/gemstones/golden-topaz/golden-topaz-gp99087
72,https://www.gempundit.com/gemstones/golden-topaz/golden-topaz-gp99113
73,https://www.gempundit.com/gemstones/golden-topaz/golden-topaz-gp99096
74,https://www.gempundit.com/gemstones/golden-topaz/golden-topaz-gp88964
75,https://www.gempundit.com/gemstones/golden-topaz/golden-topaz-gp99171
76,https://www.gempundit.com/gemstones/golden-topaz/golden-topaz-gp99147
77,https://www.gempundit.com/gemstones/golden-topaz/golden-topaz-gp99114
78,https://www.gempundit.com/gemstones/golden-topaz/golden-topaz-gp99093
79,https://www.gempundit.com/gemstones/golden-topaz/golden-topaz-gp88945
80,https://www.gempundit.com/gemstones/golden-topaz/golden-topaz-gp99148
81,https://www.gempundit.com/gemstones/golden-topaz/golden-topaz-gp99086
82,https://www.gempundit.com/gemstones/golden-topaz/golden-topaz-gp99135
83,https://www.gempundit.com/gemstones/golden-topaz/golden-topaz-gp99117
84,https://www.gempundit.com/gemstones/golden-topaz/golden-topaz-gp99098
85,https://www.gempundit.com/gemstones/golden-topaz/golden-topaz-gp99145
86,https://www.gempundit.com/gemstones/golden-topaz/golden-topaz-gp99146
87,https://www.gempundit.com/gemstones/golden-topaz/golden-topaz-gp99112
88,https://www.gempundit.com/gemstones/golden-topaz/golden-topaz-gp88943
89,https://www.gempundit.com/gemstones/golden-topaz/golden-topaz-gp88944
90,https://www.gempundit.com/gemstones/golden-topaz/golden-topaz-gp99092
91,https://www.gempundit.com/gemstones/golden-topaz/golden-topaz-gp99168
92,https://www.gempundit.com/gemstones/golden-topaz/golden-topaz-gp99139
93,https://www.gempundit.com/gemstones/golden-topaz/golden-topaz-gp99159
94,https://www.gempundit.com/gemstones/golden-topaz/golden-topaz-gp88952
95,https://www.gempundit.com/gemstones/golden-topaz/golden-topaz-gp88949
96,https://www.gempundit.com/gemstones/golden-topaz/golden-topaz-gp88948
97,https://www.gempundit.com/gemstones/golden-topaz/golden-topaz-gp88965
98,https://www.gempundit.com/gemstones/golden-topaz/golden-topaz-gp88968
