,Goshenite
0,https://www.gempundit.com/gemstones/goshenite/goshenite-gp68462
1,https://www.gempundit.com/gemstones/goshenite/goshenite-gp68460
2,https://www.gempundit.com/gemstones/goshenite/goshenite-gp68461
3,https://www.gempundit.com/gemstones/goshenite/goshenite-gp98456
4,https://www.gempundit.com/gemstones/goshenite/goshenite-gp67883
5,https://www.gempundit.com/gemstones/goshenite/goshenite-gp98457
6,https://www.gempundit.com/gemstones/goshenite/goshenite-gp98444
7,https://www.gempundit.com/gemstones/goshenite/goshenite-gp68694
8,https://www.gempundit.com/gemstones/goshenite/goshenite-gp98455
9,https://www.gempundit.com/gemstones/goshenite/goshenite-gp68692
10,https://www.gempundit.com/gemstones/goshenite/goshenite-gp67880
11,https://www.gempundit.com/gemstones/goshenite/goshenite-gp98449
12,https://www.gempundit.com/gemstones/goshenite/goshenite-gp105535
13,https://www.gempundit.com/gemstones/goshenite/goshenite-gp98448
14,https://www.gempundit.com/gemstones/goshenite/goshenite-gp98458
15,https://www.gempundit.com/gemstones/goshenite/goshenite-gp105537
16,https://www.gempundit.com/gemstones/goshenite/goshenite-gp98447
17,https://www.gempundit.com/gemstones/goshenite/goshenite-gp98453
18,https://www.gempundit.com/gemstones/goshenite/goshenite-gp98452
19,https://www.gempundit.com/gemstones/goshenite/goshenite-gp88472
20,https://www.gempundit.com/gemstones/goshenite/goshenite-gp98440
21,https://www.gempundit.com/gemstones/goshenite/goshenite-gp98442
22,https://www.gempundit.com/gemstones/goshenite/goshenite-gp67879
23,https://www.gempundit.com/gemstones/goshenite/goshenite-gp98443
24,https://www.gempundit.com/gemstones/goshenite/goshenite-gp98439
25,https://www.gempundit.com/gemstones/goshenite/goshenite-gp98445
26,https://www.gempundit.com/gemstones/goshenite/goshenite-gp98451
27,https://www.gempundit.com/gemstones/goshenite/goshenite-gp98454
28,https://www.gempundit.com/gemstones/goshenite/goshenite-gp98450
29,https://www.gempundit.com/gemstones/goshenite/goshenite-gp98438
30,https://www.gempundit.com/gemstones/goshenite/goshenite-gp98446
31,https://www.gempundit.com/gemstones/goshenite/goshenite-gp68459
