,Green Tourmaline (Verdelite)
0,https://www.gempundit.com/gemstones/green-tourmaline/tourmaline-gp102744
1,https://www.gempundit.com/gemstones/green-tourmaline/tourmaline-gp102743
2,https://www.gempundit.com/gemstones/green-tourmaline/tourmaline-gp102768
3,https://www.gempundit.com/gemstones/green-tourmaline/tourmaline-gp102808
4,https://www.gempundit.com/gemstones/green-tourmaline/tourmaline-gp102758
5,https://www.gempundit.com/gemstones/green-tourmaline/tourmaline-gp94737
6,https://www.gempundit.com/gemstones/green-tourmaline/tourmaline-gp102829
7,https://www.gempundit.com/gemstones/green-tourmaline/tourmaline-gp102726
8,https://www.gempundit.com/gemstones/green-tourmaline/tourmaline-gp102742
9,https://www.gempundit.com/gemstones/green-tourmaline/tourmaline-gp102739
10,https://www.gempundit.com/gemstones/green-tourmaline/tourmaline-gp102718
11,https://www.gempundit.com/gemstones/green-tourmaline/tsavorite-gp105450
12,https://www.gempundit.com/gemstones/green-tourmaline/tourmaline-gp102755
13,https://www.gempundit.com/gemstones/green-tourmaline/tourmaline-gp102753
14,https://www.gempundit.com/gemstones/green-tourmaline/tsavorite-gp105435
15,https://www.gempundit.com/gemstones/green-tourmaline/tsavorite-gp105449
16,https://www.gempundit.com/gemstones/green-tourmaline/tsavorite-gp105466
17,https://www.gempundit.com/gemstones/green-tourmaline/tourmaline-gp102736
18,https://www.gempundit.com/gemstones/green-tourmaline/tourmaline-gp102715
19,https://www.gempundit.com/gemstones/green-tourmaline/tourmaline-gp102809
20,https://www.gempundit.com/gemstones/green-tourmaline/tourmaline-gp102728
21,https://www.gempundit.com/gemstones/green-tourmaline/tsavorite-gp105440
22,https://www.gempundit.com/gemstones/green-tourmaline/tourmaline-gp102785
23,https://www.gempundit.com/gemstones/green-tourmaline/tourmaline-gp102757
24,https://www.gempundit.com/gemstones/green-tourmaline/tsavorite-gp105446
25,https://www.gempundit.com/gemstones/green-tourmaline/tourmaline-gp102714
26,https://www.gempundit.com/gemstones/green-tourmaline/tourmaline-gp102730
27,https://www.gempundit.com/gemstones/green-tourmaline/tourmaline-gp102754
28,https://www.gempundit.com/gemstones/green-tourmaline/tourmaline-gp102725
29,https://www.gempundit.com/gemstones/green-tourmaline/tourmaline-gp102738
30,https://www.gempundit.com/gemstones/green-tourmaline/tourmaline-gp98523
31,https://www.gempundit.com/gemstones/green-tourmaline/tourmaline-gp102735
32,https://www.gempundit.com/gemstones/green-tourmaline/tourmaline-gp102822
33,https://www.gempundit.com/gemstones/green-tourmaline/tourmaline-gp102734
34,https://www.gempundit.com/gemstones/green-tourmaline/tourmaline-gp102824
35,https://www.gempundit.com/gemstones/green-tourmaline/tourmaline-gp40173
36,https://www.gempundit.com/gemstones/green-tourmaline/tsavorite-gp105464
37,https://www.gempundit.com/gemstones/green-tourmaline/tourmaline-gp102770
38,https://www.gempundit.com/gemstones/green-tourmaline/tourmaline-gp94727
39,https://www.gempundit.com/gemstones/green-tourmaline/tsavorite-gp105455
40,https://www.gempundit.com/gemstones/green-tourmaline/tourmaline-gp102741
41,https://www.gempundit.com/gemstones/green-tourmaline/tourmaline-gp94724
42,https://www.gempundit.com/gemstones/green-tourmaline/tourmaline-gp40174
43,https://www.gempundit.com/gemstones/green-tourmaline/tsavorite-gp105471
44,https://www.gempundit.com/gemstones/green-tourmaline/tsavorite-gp105465
45,https://www.gempundit.com/gemstones/green-tourmaline/tourmaline-gp102810
46,https://www.gempundit.com/gemstones/green-tourmaline/tsavorite-gp105418
47,https://www.gempundit.com/gemstones/green-tourmaline/tourmaline-gp40201
48,https://www.gempundit.com/gemstones/green-tourmaline/tourmaline-gp102732
49,https://www.gempundit.com/gemstones/green-tourmaline/tourmaline-gp94743
50,https://www.gempundit.com/gemstones/green-tourmaline/tourmaline-gp40202
51,https://www.gempundit.com/gemstones/green-tourmaline/tourmaline-gp94726
52,https://www.gempundit.com/gemstones/green-tourmaline/tourmaline-gp102729
53,https://www.gempundit.com/gemstones/green-tourmaline/tourmaline-gp40193
54,https://www.gempundit.com/gemstones/green-tourmaline/tourmaline-gp102820
55,https://www.gempundit.com/gemstones/green-tourmaline/tourmaline-gp102832
56,https://www.gempundit.com/gemstones/green-tourmaline/tourmaline-gp102733
57,https://www.gempundit.com/gemstones/green-tourmaline/tourmaline-gp85031
58,https://www.gempundit.com/gemstones/green-tourmaline/tourmaline-gp64863
59,https://www.gempundit.com/gemstones/green-tourmaline/tourmaline-gp94718
60,https://www.gempundit.com/gemstones/green-tourmaline/tourmaline-gp102737
61,https://www.gempundit.com/gemstones/green-tourmaline/tourmaline-gp102752
62,https://www.gempundit.com/gemstones/green-tourmaline/tourmaline-gp94738
63,https://www.gempundit.com/gemstones/green-tourmaline/tourmaline-gp94717
64,https://www.gempundit.com/gemstones/green-tourmaline/tourmaline-gp94742
65,https://www.gempundit.com/gemstones/green-tourmaline/tourmaline-gp94736
66,https://www.gempundit.com/gemstones/green-tourmaline/tourmaline-gp94725
67,https://www.gempundit.com/gemstones/green-tourmaline/tourmaline-gp102712
68,https://www.gempundit.com/gemstones/green-tourmaline/tourmaline-gp102771
69,https://www.gempundit.com/gemstones/green-tourmaline/tourmaline-gp94753
70,https://www.gempundit.com/gemstones/green-tourmaline/tourmaline-gp94744
71,https://www.gempundit.com/gemstones/green-tourmaline/tourmaline-gp94722
72,https://www.gempundit.com/gemstones/green-tourmaline/tourmaline-gp41293
73,https://www.gempundit.com/gemstones/green-tourmaline/tourmaline-gp94719
74,https://www.gempundit.com/gemstones/green-tourmaline/tourmaline-gp64855
75,https://www.gempundit.com/gemstones/green-tourmaline/tourmaline-gp41498
76,https://www.gempundit.com/gemstones/green-tourmaline/tourmaline-gp41515
77,https://www.gempundit.com/gemstones/green-tourmaline/tourmaline-gp40170
78,https://www.gempundit.com/gemstones/green-tourmaline/tourmaline-gp102713
79,https://www.gempundit.com/gemstones/green-tourmaline/tourmaline-gp94747
80,https://www.gempundit.com/gemstones/green-tourmaline/tourmaline-gp41518
81,https://www.gempundit.com/gemstones/green-tourmaline/tourmaline-gp41292
82,https://www.gempundit.com/gemstones/green-tourmaline/tourmaline-gp102731
83,https://www.gempundit.com/gemstones/green-tourmaline/tourmaline-gp41291
84,https://www.gempundit.com/gemstones/green-tourmaline/tourmaline-gp102740
85,https://www.gempundit.com/gemstones/green-tourmaline/tourmaline-gp41504
86,https://www.gempundit.com/gemstones/green-tourmaline/tourmaline-gp41503
87,https://www.gempundit.com/gemstones/green-tourmaline/tourmaline-gp41520
88,https://www.gempundit.com/gemstones/green-tourmaline/tourmaline-gp94739
89,https://www.gempundit.com/gemstones/green-tourmaline/tourmaline-gp102823
90,https://www.gempundit.com/gemstones/green-tourmaline/tourmaline-gp102727
91,https://www.gempundit.com/gemstones/green-tourmaline/tourmaline-gp98435
92,https://www.gempundit.com/gemstones/green-tourmaline/tourmaline-gp23456
93,https://www.gempundit.com/gemstones/green-tourmaline/tourmaline-gp41491
94,https://www.gempundit.com/gemstones/green-tourmaline/tourmaline-gp94748
95,https://www.gempundit.com/gemstones/green-tourmaline/tourmaline-gp40192
96,https://www.gempundit.com/gemstones/green-tourmaline/tourmaline-gp41570
97,https://www.gempundit.com/gemstones/green-tourmaline/tourmaline-gp102807
98,https://www.gempundit.com/gemstones/green-tourmaline/tourmaline-gp41501
99,https://www.gempundit.com/gemstones/green-tourmaline/tourmaline-gp41526
100,https://www.gempundit.com/gemstones/green-tourmaline/tourmaline-gp94723
101,https://www.gempundit.com/gemstones/green-tourmaline/tourmaline-gp41308d
102,https://www.gempundit.com/gemstones/green-tourmaline/tourmaline-gp85015
103,https://www.gempundit.com/gemstones/green-tourmaline/tourmaline-gp41524
104,https://www.gempundit.com/gemstones/green-tourmaline/tourmaline-gp41287
105,https://www.gempundit.com/gemstones/green-tourmaline/tourmaline-gp41528
106,https://www.gempundit.com/gemstones/green-tourmaline/tourmaline-gp41490
107,https://www.gempundit.com/gemstones/green-tourmaline/tourmaline-gp41489
108,https://www.gempundit.com/gemstones/green-tourmaline/tourmaline-gp41484
109,https://www.gempundit.com/gemstones/green-tourmaline/tourmaline-gp41519
110,https://www.gempundit.com/gemstones/green-tourmaline/tourmaline-gp94721
111,https://www.gempundit.com/gemstones/green-tourmaline/tourmaline-gp41525
112,https://www.gempundit.com/gemstones/green-tourmaline/tourmaline-gp41521
113,https://www.gempundit.com/gemstones/green-tourmaline/tourmaline-gp41514
114,https://www.gempundit.com/gemstones/green-tourmaline/tourmaline-gp41509
115,https://www.gempundit.com/gemstones/green-tourmaline/tourmaline-gp41312h
116,https://www.gempundit.com/gemstones/green-tourmaline/tourmaline-gp85032
117,https://www.gempundit.com/gemstones/green-tourmaline/tourmaline-gp41555c
118,https://www.gempundit.com/gemstones/green-tourmaline/tourmaline-gp64887
119,https://www.gempundit.com/gemstones/green-tourmaline/tourmaline-gp41487
120,https://www.gempundit.com/gemstones/green-tourmaline/tourmaline-gp41290
121,https://www.gempundit.com/gemstones/green-tourmaline/tourmaline-gp102845
122,https://www.gempundit.com/gemstones/green-tourmaline/tourmaline-gp23459
123,https://www.gempundit.com/gemstones/green-tourmaline/tourmaline-gp41315k
124,https://www.gempundit.com/gemstones/green-tourmaline/tourmaline-gp23462
125,https://www.gempundit.com/gemstones/green-tourmaline/tourmaline-gp41523
126,https://www.gempundit.com/gemstones/green-tourmaline/tourmaline-gp41522
127,https://www.gempundit.com/gemstones/green-tourmaline/tourmaline-gp41310f
128,https://www.gempundit.com/gemstones/green-tourmaline/tourmaline-gp85017
129,https://www.gempundit.com/gemstones/green-tourmaline/tourmaline-gp41511
130,https://www.gempundit.com/gemstones/green-tourmaline/tourmaline-gp41314j
131,https://www.gempundit.com/gemstones/green-tourmaline/tourmaline-gp41554b
132,https://www.gempundit.com/gemstones/green-tourmaline/tourmaline-gp41486
133,https://www.gempundit.com/gemstones/green-tourmaline/tourmaline-gp85016
134,https://www.gempundit.com/gemstones/green-tourmaline/tourmaline-gp41553a
135,https://www.gempundit.com/gemstones/green-tourmaline/tourmaline-gp40105
136,https://www.gempundit.com/gemstones/green-tourmaline/tourmaline-gp41492
137,https://www.gempundit.com/gemstones/green-tourmaline/tourmaline-gp85028
138,https://www.gempundit.com/gemstones/green-tourmaline/tourmaline-gp41294
139,https://www.gempundit.com/gemstones/green-tourmaline/tourmaline-gp41309e
140,https://www.gempundit.com/gemstones/green-tourmaline/tourmaline-gp94733
141,https://www.gempundit.com/gemstones/green-tourmaline/tourmaline-gp23466
142,https://www.gempundit.com/gemstones/green-tourmaline/tourmaline-gp85029
143,https://www.gempundit.com/gemstones/green-tourmaline/tourmaline-gp41507
144,https://www.gempundit.com/gemstones/green-tourmaline/tourmaline-gp41556d
145,https://www.gempundit.com/gemstones/green-tourmaline/tourmaline-gp18258
146,https://www.gempundit.com/gemstones/green-tourmaline/tourmaline-gp94732
147,https://www.gempundit.com/gemstones/green-tourmaline/tourmaline-gp64872
148,https://www.gempundit.com/gemstones/green-tourmaline/tourmaline-gp94749
149,https://www.gempundit.com/gemstones/green-tourmaline/tourmaline-gp23457
150,https://www.gempundit.com/gemstones/green-tourmaline/tourmaline-gp88732
151,https://www.gempundit.com/gemstones/green-tourmaline/tourmaline-gp102843
152,https://www.gempundit.com/gemstones/green-tourmaline/tourmaline-gp85038
153,https://www.gempundit.com/gemstones/green-tourmaline/tourmaline-gp85018
154,https://www.gempundit.com/gemstones/green-tourmaline/tourmaline-gp85019
155,https://www.gempundit.com/gemstones/green-tourmaline/tourmaline-gp85037
156,https://www.gempundit.com/gemstones/green-tourmaline/tourmaline-gp85039
157,https://www.gempundit.com/gemstones/green-tourmaline/tourmaline-gp85030
158,https://www.gempundit.com/gemstones/green-tourmaline/tourmaline-gp101948
159,https://www.gempundit.com/gemstones/green-tourmaline/tourmaline-gp64879
160,https://www.gempundit.com/gemstones/green-tourmaline/tourmaline-gp72446
161,https://www.gempundit.com/gemstones/green-tourmaline/tourmaline-gp41553
162,https://www.gempundit.com/gemstones/green-tourmaline/tourmaline-gp72444
163,https://www.gempundit.com/gemstones/green-tourmaline/tourmaline-gp72447
