,Indian Ruby
0,https://www.gempundit.com/gemstones/indian-ruby/ruby-indian-super-luxury-quality-1
1,https://www.gempundit.com/gemstones/indian-ruby/ruby-indian-luxury-quality-1
2,https://www.gempundit.com/gemstones/indian-ruby/ruby-indian-premium-quality-1
3,https://www.gempundit.com/gemstones/indian-ruby/ruby-gp102608
4,https://www.gempundit.com/gemstones/indian-ruby/ruby-gp101228
5,https://www.gempundit.com/gemstones/indian-ruby/ruby-gp101208
6,https://www.gempundit.com/gemstones/indian-ruby/ruby-gp101229
7,https://www.gempundit.com/gemstones/indian-ruby/ruby-gp102588
8,https://www.gempundit.com/gemstones/indian-ruby/ruby-gp69597
9,https://www.gempundit.com/gemstones/indian-ruby/ruby-gp101227
10,https://www.gempundit.com/gemstones/indian-ruby/ruby-gp102559
11,https://www.gempundit.com/gemstones/indian-ruby/ruby-gp101198
12,https://www.gempundit.com/gemstones/indian-ruby/ruby-gp69593
13,https://www.gempundit.com/gemstones/indian-ruby/ruby-gp101201
14,https://www.gempundit.com/gemstones/indian-ruby/ruby-gp69603
15,https://www.gempundit.com/gemstones/indian-ruby/ruby-gp105382
16,https://www.gempundit.com/gemstones/indian-ruby/ruby-gp101236
17,https://www.gempundit.com/gemstones/indian-ruby/ruby-gp69615
18,https://www.gempundit.com/gemstones/indian-ruby/ruby-gp92912
19,https://www.gempundit.com/gemstones/indian-ruby/ruby-gp101197
20,https://www.gempundit.com/gemstones/indian-ruby/ruby-gp69609
21,https://www.gempundit.com/gemstones/indian-ruby/ruby-gp101200
22,https://www.gempundit.com/gemstones/indian-ruby/ruby-gp101205
23,https://www.gempundit.com/gemstones/indian-ruby/ruby-gp69594
24,https://www.gempundit.com/gemstones/indian-ruby/ruby-gp92934
25,https://www.gempundit.com/gemstones/indian-ruby/ruby-gp33856
26,https://www.gempundit.com/gemstones/indian-ruby/ruby-gp101178
27,https://www.gempundit.com/gemstones/indian-ruby/ruby-indian-super-luxury-quality-1
28,https://www.gempundit.com/gemstones/indian-ruby/ruby-indian-luxury-quality-1
29,https://www.gempundit.com/gemstones/indian-ruby/ruby-indian-premium-quality-1
30,https://www.gempundit.com/gemstones/indian-ruby/ruby-gp91478
31,https://www.gempundit.com/gemstones/indian-ruby/ruby-gp102638
32,https://www.gempundit.com/gemstones/indian-ruby/ruby-gp46364
33,https://www.gempundit.com/gemstones/indian-ruby/ruby-gp102607
34,https://www.gempundit.com/gemstones/indian-ruby/ruby-gp102622
35,https://www.gempundit.com/gemstones/indian-ruby/ruby-gp101237
36,https://www.gempundit.com/gemstones/indian-ruby/ruby-gp101154
37,https://www.gempundit.com/gemstones/indian-ruby/ruby-gp101183
38,https://www.gempundit.com/gemstones/indian-ruby/ruby-gp101214
39,https://www.gempundit.com/gemstones/indian-ruby/ruby-gp101219
40,https://www.gempundit.com/gemstones/indian-ruby/ruby-gp92967
41,https://www.gempundit.com/gemstones/indian-ruby/ruby-gp91479
42,https://www.gempundit.com/gemstones/indian-ruby/ruby-gp91477
43,https://www.gempundit.com/gemstones/indian-ruby/ruby-gp46361
44,https://www.gempundit.com/gemstones/indian-ruby/ruby-gp92906
45,https://www.gempundit.com/gemstones/indian-ruby/ruby-gp46382
46,https://www.gempundit.com/gemstones/indian-ruby/ruby-gp102615
47,https://www.gempundit.com/gemstones/indian-ruby/ruby-gp102632
48,https://www.gempundit.com/gemstones/indian-ruby/ruby-gp101211
49,https://www.gempundit.com/gemstones/indian-ruby/ruby-gp101216
50,https://www.gempundit.com/gemstones/indian-ruby/ruby-gp101235
51,https://www.gempundit.com/gemstones/indian-ruby/ruby-gp101210
52,https://www.gempundit.com/gemstones/indian-ruby/ruby-gp101164
53,https://www.gempundit.com/gemstones/indian-ruby/ruby-gp101226
54,https://www.gempundit.com/gemstones/indian-ruby/ruby-indian-super-luxury-quality-1
55,https://www.gempundit.com/gemstones/indian-ruby/ruby-indian-luxury-quality-1
56,https://www.gempundit.com/gemstones/indian-ruby/ruby-indian-premium-quality-1
57,https://www.gempundit.com/gemstones/indian-ruby/ruby-gp101209
58,https://www.gempundit.com/gemstones/indian-ruby/ruby-gp102561
59,https://www.gempundit.com/gemstones/indian-ruby/ruby-gp101217
60,https://www.gempundit.com/gemstones/indian-ruby/ruby-gp101230
61,https://www.gempundit.com/gemstones/indian-ruby/ruby-gp102603
62,https://www.gempundit.com/gemstones/indian-ruby/ruby-gp102569
63,https://www.gempundit.com/gemstones/indian-ruby/ruby-gp101218
64,https://www.gempundit.com/gemstones/indian-ruby/ruby-gp102611
65,https://www.gempundit.com/gemstones/indian-ruby/ruby-gp101232
66,https://www.gempundit.com/gemstones/indian-ruby/ruby-gp101206
67,https://www.gempundit.com/gemstones/indian-ruby/ruby-gp101231
68,https://www.gempundit.com/gemstones/indian-ruby/ruby-gp101153
69,https://www.gempundit.com/gemstones/indian-ruby/ruby-gp101224
70,https://www.gempundit.com/gemstones/indian-ruby/ruby-gp101204
71,https://www.gempundit.com/gemstones/indian-ruby/ruby-gp92946
72,https://www.gempundit.com/gemstones/indian-ruby/ruby-gp102584
73,https://www.gempundit.com/gemstones/indian-ruby/ruby-gp101207
74,https://www.gempundit.com/gemstones/indian-ruby/ruby-gp101196
75,https://www.gempundit.com/gemstones/indian-ruby/ruby-gp33858
76,https://www.gempundit.com/gemstones/indian-ruby/ruby-gp102599
77,https://www.gempundit.com/gemstones/indian-ruby/ruby-gp46291
78,https://www.gempundit.com/gemstones/indian-ruby/ruby-gp46283
79,https://www.gempundit.com/gemstones/indian-ruby/ruby-gp101151
80,https://www.gempundit.com/gemstones/indian-ruby/ruby-gp101163
81,https://www.gempundit.com/gemstones/indian-ruby/ruby-indian-super-luxury-quality-1
82,https://www.gempundit.com/gemstones/indian-ruby/ruby-indian-luxury-quality-1
83,https://www.gempundit.com/gemstones/indian-ruby/ruby-indian-premium-quality-1
84,https://www.gempundit.com/gemstones/indian-ruby/ruby-gp46287
85,https://www.gempundit.com/gemstones/indian-ruby/ruby-gp46298
86,https://www.gempundit.com/gemstones/indian-ruby/ruby-gp46292
87,https://www.gempundit.com/gemstones/indian-ruby/ruby-gp101148
88,https://www.gempundit.com/gemstones/indian-ruby/ruby-gp46290
89,https://www.gempundit.com/gemstones/indian-ruby/ruby-gp93647
90,https://www.gempundit.com/gemstones/indian-ruby/ruby-gp46286
91,https://www.gempundit.com/gemstones/indian-ruby/ruby-gp46319
92,https://www.gempundit.com/gemstones/indian-ruby/ruby-gp46318
93,https://www.gempundit.com/gemstones/indian-ruby/ruby-gp46297
94,https://www.gempundit.com/gemstones/indian-ruby/ruby-gp91483
95,https://www.gempundit.com/gemstones/indian-ruby/ruby-gp46071
96,https://www.gempundit.com/gemstones/indian-ruby/ruby-gp91473
97,https://www.gempundit.com/gemstones/indian-ruby/ruby-gp34245
98,https://www.gempundit.com/gemstones/indian-ruby/ruby-gp46607
99,https://www.gempundit.com/gemstones/indian-ruby/ruby-gp46608
100,https://www.gempundit.com/gemstones/indian-ruby/ruby-gp34244
