,Iolite (Neeli)
0,https://www.gempundit.com/gemstones/iolite/iolite-gp105753
1,https://www.gempundit.com/gemstones/iolite/iolite-gp105751
2,https://www.gempundit.com/gemstones/iolite/iolite-gp105752
3,https://www.gempundit.com/gemstones/iolite/iolite-gp56371
4,https://www.gempundit.com/gemstones/iolite/iolite-gp82339
5,https://www.gempundit.com/gemstones/iolite/iolite-gp82344
6,https://www.gempundit.com/gemstones/iolite/iolite-gp84823
7,https://www.gempundit.com/gemstones/iolite/iolite-gp84830
8,https://www.gempundit.com/gemstones/iolite/iolite-gp84833
9,https://www.gempundit.com/gemstones/iolite/iolite-gp56310
10,https://www.gempundit.com/gemstones/iolite/iolite-gp56375
11,https://www.gempundit.com/gemstones/iolite/iolite-gp24594
12,https://www.gempundit.com/gemstones/iolite/iolite-gp82342
13,https://www.gempundit.com/gemstones/iolite/iolite-gp84816
14,https://www.gempundit.com/gemstones/iolite/iolite-gp84825
15,https://www.gempundit.com/gemstones/iolite/iolite-gp56337
16,https://www.gempundit.com/gemstones/iolite/iolite-gp56334
17,https://www.gempundit.com/gemstones/iolite/iolite-gp56367
18,https://www.gempundit.com/gemstones/iolite/iolite-gp56433
19,https://www.gempundit.com/gemstones/iolite/iolite-gp56332
20,https://www.gempundit.com/gemstones/iolite/iolite-gp56376
21,https://www.gempundit.com/gemstones/iolite/iolite-gp56335
22,https://www.gempundit.com/gemstones/iolite/iolite-gp84822
23,https://www.gempundit.com/gemstones/iolite/iolite-gp84814
24,https://www.gempundit.com/gemstones/iolite/iolite-gp56338
25,https://www.gempundit.com/gemstones/iolite/iolite-gp84824
26,https://www.gempundit.com/gemstones/iolite/iolite-gp84837
27,https://www.gempundit.com/gemstones/iolite/iolite-gp56464
28,https://www.gempundit.com/gemstones/iolite/iolite-gp56357
29,https://www.gempundit.com/gemstones/iolite/iolite-gp82368
30,https://www.gempundit.com/gemstones/iolite/iolite-gp81978
31,https://www.gempundit.com/gemstones/iolite/iolite-gp81977
32,https://www.gempundit.com/gemstones/iolite/iolite-gp56368
33,https://www.gempundit.com/gemstones/iolite/iolite-gp56469
34,https://www.gempundit.com/gemstones/iolite/iolite-gp56312
35,https://www.gempundit.com/gemstones/iolite/iolite-gp56422
36,https://www.gempundit.com/gemstones/iolite/iolite-gp24595
37,https://www.gempundit.com/gemstones/iolite/iolite-gp56385
38,https://www.gempundit.com/gemstones/iolite/iolite-gp24526
39,https://www.gempundit.com/gemstones/iolite/iolite-gp82367
40,https://www.gempundit.com/gemstones/iolite/iolite-gp84834
41,https://www.gempundit.com/gemstones/iolite/iolite-gp56268
42,https://www.gempundit.com/gemstones/iolite/iolite-gp56273
43,https://www.gempundit.com/gemstones/iolite/iolite-gp56374
44,https://www.gempundit.com/gemstones/iolite/iolite-gp24503
45,https://www.gempundit.com/gemstones/iolite/iolite-gp56420
46,https://www.gempundit.com/gemstones/iolite/iolite-gp82357
47,https://www.gempundit.com/gemstones/iolite/iolite-gp56434
48,https://www.gempundit.com/gemstones/iolite/iolite-gp56261
49,https://www.gempundit.com/gemstones/iolite/iolite-gp84828
50,https://www.gempundit.com/gemstones/iolite/iolite-gp56432
51,https://www.gempundit.com/gemstones/iolite/iolite-gp84826
52,https://www.gempundit.com/gemstones/iolite/iolite-gp56456
53,https://www.gempundit.com/gemstones/iolite/iolite-gp56425
54,https://www.gempundit.com/gemstones/iolite/iolite-gp56452
55,https://www.gempundit.com/gemstones/iolite/iolite-gp56468
56,https://www.gempundit.com/gemstones/iolite/iolite-gp84809
57,https://www.gempundit.com/gemstones/iolite/iolite-gp15573
58,https://www.gempundit.com/gemstones/iolite/iolite-gp81982
59,https://www.gempundit.com/gemstones/iolite/iolite-gp56380
60,https://www.gempundit.com/gemstones/iolite/iolite-gp14268
61,https://www.gempundit.com/gemstones/iolite/iolite-gp84806
62,https://www.gempundit.com/gemstones/iolite/iolite-gp82350
63,https://www.gempundit.com/gemstones/iolite/iolite-gp82358
64,https://www.gempundit.com/gemstones/iolite/iolite-gp81981
65,https://www.gempundit.com/gemstones/iolite/iolite-gp84807
66,https://www.gempundit.com/gemstones/iolite/iolite-gp56372
67,https://www.gempundit.com/gemstones/iolite/iolite-gp81975
68,https://www.gempundit.com/gemstones/iolite/iolite-gp84813
69,https://www.gempundit.com/gemstones/iolite/iolite-gp81979
70,https://www.gempundit.com/gemstones/iolite/iolite-gp84812
71,https://www.gempundit.com/gemstones/iolite/iolite-gp56251
72,https://www.gempundit.com/gemstones/iolite/iolite-gp56458
73,https://www.gempundit.com/gemstones/iolite/iolite-gp84808
74,https://www.gempundit.com/gemstones/iolite/iolite-gp56378
75,https://www.gempundit.com/gemstones/iolite/iolite-gp56342
76,https://www.gempundit.com/gemstones/iolite/iolite-gp24490
77,https://www.gempundit.com/gemstones/iolite/iolite-gp56333
78,https://www.gempundit.com/gemstones/iolite/iolite-gp56343
79,https://www.gempundit.com/gemstones/iolite/iolite-gp56330
80,https://www.gempundit.com/gemstones/iolite/iolite-gp56323
81,https://www.gempundit.com/gemstones/iolite/iolite-gp84811
82,https://www.gempundit.com/gemstones/iolite/iolite-gp56405
83,https://www.gempundit.com/gemstones/iolite/iolite-gp56398
84,https://www.gempundit.com/gemstones/iolite/iolite-gp84801
85,https://www.gempundit.com/gemstones/iolite/iolite-gp56340
86,https://www.gempundit.com/gemstones/iolite/iolite-gp56352
87,https://www.gempundit.com/gemstones/iolite/iolite-gp56331
88,https://www.gempundit.com/gemstones/iolite/iolite-gp82370
89,https://www.gempundit.com/gemstones/iolite/iolite-gp24484
90,https://www.gempundit.com/gemstones/iolite/iolite-gp24507
91,https://www.gempundit.com/gemstones/iolite/iolite-gp82366
92,https://www.gempundit.com/gemstones/iolite/iolite-gp24523
93,https://www.gempundit.com/gemstones/iolite/iolite-gp82332
94,https://www.gempundit.com/gemstones/iolite/iolite-gp84810
95,https://www.gempundit.com/gemstones/iolite/iolite-gp56406
