,Jade Nephrite
0,https://www.gempundit.com/gemstones/jade-nephrite/nephrite-jade-gp23943
1,https://www.gempundit.com/gemstones/jade-nephrite/nephrite-jade-gp23828
2,https://www.gempundit.com/gemstones/jade-nephrite/nephrite-jade-gp23909
3,https://www.gempundit.com/gemstones/jade-nephrite/nephrite-jade-gp23945
4,https://www.gempundit.com/gemstones/jade-nephrite/nephrite-jade-gp23853
5,https://www.gempundit.com/gemstones/jade-nephrite/nephrite-jade-gp23984
6,https://www.gempundit.com/gemstones/jade-nephrite/nephrite-jade-gp23918
7,https://www.gempundit.com/gemstones/jade-nephrite/nephrite-jade-gp23892
8,https://www.gempundit.com/gemstones/jade-nephrite/nephrite-jade-gp23884
9,https://www.gempundit.com/gemstones/jade-nephrite/nephrite-jade-gp23838
10,https://www.gempundit.com/gemstones/jade-nephrite/nephrite-jade-gp23952
11,https://www.gempundit.com/gemstones/jade-nephrite/nephrite-jade-gp23987
12,https://www.gempundit.com/gemstones/jade-nephrite/nephrite-jade-gp24017
13,https://www.gempundit.com/gemstones/jade-nephrite/nephrite-jade-gp23839
14,https://www.gempundit.com/gemstones/jade-nephrite/nephrite-jade-gp23900
15,https://www.gempundit.com/gemstones/jade-nephrite/nephrite-jade-gp23826
16,https://www.gempundit.com/gemstones/jade-nephrite/nephrite-jade-gp24015
17,https://www.gempundit.com/gemstones/jade-nephrite/nephrite-jade-gp24024
18,https://www.gempundit.com/gemstones/jade-nephrite/nephrite-jade-gp23833
19,https://www.gempundit.com/gemstones/jade-nephrite/nephrite-jade-gp23996
20,https://www.gempundit.com/gemstones/jade-nephrite/nephrite-jade-gp23876
21,https://www.gempundit.com/gemstones/jade-nephrite/nephrite-jade-gp24021
22,https://www.gempundit.com/gemstones/jade-nephrite/nephrite-jade-gp24026
23,https://www.gempundit.com/gemstones/jade-nephrite/nephrite-jade-gp23891
24,https://www.gempundit.com/gemstones/jade-nephrite/nephrite-jade-gp56981
25,https://www.gempundit.com/gemstones/jade-nephrite/nephrite-jade-gp56992
26,https://www.gempundit.com/gemstones/jade-nephrite/nephrite-jade-gp56989
27,https://www.gempundit.com/gemstones/jade-nephrite/nephrite-jade-gp23944
28,https://www.gempundit.com/gemstones/jade-nephrite/nephrite-jade-gp56974
29,https://www.gempundit.com/gemstones/jade-nephrite/nephrite-jade-gp24000
30,https://www.gempundit.com/gemstones/jade-nephrite/nephrite-jade-gp24010
31,https://www.gempundit.com/gemstones/jade-nephrite/nephrite-jade-gp23953
32,https://www.gempundit.com/gemstones/jade-nephrite/nephrite-jade-gp23983
33,https://www.gempundit.com/gemstones/jade-nephrite/nephrite-jade-gp23976
34,https://www.gempundit.com/gemstones/jade-nephrite/nephrite-jade-gp23936
35,https://www.gempundit.com/gemstones/jade-nephrite/nephrite-jade-gp23914
36,https://www.gempundit.com/gemstones/jade-nephrite/nephrite-jade-gp23979
37,https://www.gempundit.com/gemstones/jade-nephrite/nephrite-jade-gp23901
38,https://www.gempundit.com/gemstones/jade-nephrite/nephrite-jade-gp23843
39,https://www.gempundit.com/gemstones/jade-nephrite/nephrite-jade-gp23904
40,https://www.gempundit.com/gemstones/jade-nephrite/nephrite-jade-gp23998
41,https://www.gempundit.com/gemstones/jade-nephrite/nephrite-jade-gp23941
42,https://www.gempundit.com/gemstones/jade-nephrite/nephrite-jade-gp23850
43,https://www.gempundit.com/gemstones/jade-nephrite/nephrite-jade-gp24006
44,https://www.gempundit.com/gemstones/jade-nephrite/nephrite-jade-gp23861
45,https://www.gempundit.com/gemstones/jade-nephrite/jade-gp23824
46,https://www.gempundit.com/gemstones/jade-nephrite/nephrite-jade-gp23977
47,https://www.gempundit.com/gemstones/jade-nephrite/nephrite-jade-gp23931
48,https://www.gempundit.com/gemstones/jade-nephrite/nephrite-jade-gp23848
49,https://www.gempundit.com/gemstones/jade-nephrite/nephrite-jade-gp23910
50,https://www.gempundit.com/gemstones/jade-nephrite/nephrite-jade-gp23857
51,https://www.gempundit.com/gemstones/jade-nephrite/jade-gp76859
52,https://www.gempundit.com/gemstones/jade-nephrite/nephrite-jade-gp23924
53,https://www.gempundit.com/gemstones/jade-nephrite/nephrite-jade-gp23939
54,https://www.gempundit.com/gemstones/jade-nephrite/nephrite-jade-gp-22738
55,https://www.gempundit.com/gemstones/jade-nephrite/nephrite-jade-gp22757
56,https://www.gempundit.com/gemstones/jade-nephrite/nephrite-jade-gp22749
57,https://www.gempundit.com/gemstones/jade-nephrite/nephrite-jade-gp22744
58,https://www.gempundit.com/gemstones/jade-nephrite/nephrite-jade-6-41-carats-gp-22740
59,https://www.gempundit.com/gemstones/jade-nephrite/nephrite-jade-gp22731
60,https://www.gempundit.com/gemstones/jade-nephrite/nephrite-jade-gp22745
61,https://www.gempundit.com/gemstones/jade-nephrite/nephrite-jade-gp22747
62,https://www.gempundit.com/gemstones/jade-nephrite/nephrite-jade-gp22703
63,https://www.gempundit.com/gemstones/jade-nephrite/nephrite-jade-gp22732
64,https://www.gempundit.com/gemstones/jade-nephrite/jade-gp76840
65,https://www.gempundit.com/gemstones/jade-nephrite/nephrite-jade-gp56987
66,https://www.gempundit.com/gemstones/jade-nephrite/jade-gp76851
67,https://www.gempundit.com/gemstones/jade-nephrite/jade-gp76826
68,https://www.gempundit.com/gemstones/jade-nephrite/nephrite-jade-gp22702
69,https://www.gempundit.com/gemstones/jade-nephrite/jade-gp76854
70,https://www.gempundit.com/gemstones/jade-nephrite/jade-gp76823
71,https://www.gempundit.com/gemstones/jade-nephrite/nephrite-jade-gp22750
72,https://www.gempundit.com/gemstones/jade-nephrite/jade-gp76856
73,https://www.gempundit.com/gemstones/jade-nephrite/jade-gp76845
74,https://www.gempundit.com/gemstones/jade-nephrite/jade-gp76844
75,https://www.gempundit.com/gemstones/jade-nephrite/jade-gp76860
76,https://www.gempundit.com/gemstones/jade-nephrite/jade-gp76855
77,https://www.gempundit.com/gemstones/jade-nephrite/jade-gp76820
78,https://www.gempundit.com/gemstones/jade-nephrite/jade-gp76853
79,https://www.gempundit.com/gemstones/jade-nephrite/jade-gp76858
80,https://www.gempundit.com/gemstones/jade-nephrite/jade-gp76841
81,https://www.gempundit.com/gemstones/jade-nephrite/nephrite-jade-gp56961
82,https://www.gempundit.com/gemstones/jade-nephrite/jade-gp76850
83,https://www.gempundit.com/gemstones/jade-nephrite/nephrite-jade-gp57004
84,https://www.gempundit.com/gemstones/jade-nephrite/jade-gp76839
85,https://www.gempundit.com/gemstones/jade-nephrite/jade-gp76837
86,https://www.gempundit.com/gemstones/jade-nephrite/jade-gp76836
87,https://www.gempundit.com/gemstones/jade-nephrite/jade-gp76832
88,https://www.gempundit.com/gemstones/jade-nephrite/jade-gp76833
89,https://www.gempundit.com/gemstones/jade-nephrite/jade-gp76828
90,https://www.gempundit.com/gemstones/jade-nephrite/jade-gp76818
91,https://www.gempundit.com/gemstones/jade-nephrite/nephrite-jade-gp57005
92,https://www.gempundit.com/gemstones/jade-nephrite/jade-gp76849
93,https://www.gempundit.com/gemstones/jade-nephrite/nephrite-jade-gp56975
94,https://www.gempundit.com/gemstones/jade-nephrite/jade-gp76824
95,https://www.gempundit.com/gemstones/jade-nephrite/jade-gp76831
96,https://www.gempundit.com/gemstones/jade-nephrite/jade-gp76829
97,https://www.gempundit.com/gemstones/jade-nephrite/jade-gp76822
98,https://www.gempundit.com/gemstones/jade-nephrite/nephrite-jade-gp22741
99,https://www.gempundit.com/gemstones/jade-nephrite/nephrite-jade-gp22706
100,https://www.gempundit.com/gemstones/jade-nephrite/nephrite-jade-gp57003
101,https://www.gempundit.com/gemstones/jade-nephrite/nephrite-jade-gp22736
102,https://www.gempundit.com/gemstones/jade-nephrite/jade-gp29852
103,https://www.gempundit.com/gemstones/jade-nephrite/nephrite-jade-gp56990
104,https://www.gempundit.com/gemstones/jade-nephrite/nephrite-jade-gp23917
105,https://www.gempundit.com/gemstones/jade-nephrite/jade-gp76830
106,https://www.gempundit.com/gemstones/jade-nephrite/nephrite-jade-gp22730
107,https://www.gempundit.com/gemstones/jade-nephrite/jade-gp29854
108,https://www.gempundit.com/gemstones/jade-nephrite/nephrite-jade-gp56982
109,https://www.gempundit.com/gemstones/jade-nephrite/jade-gp76821
110,https://www.gempundit.com/gemstones/jade-nephrite/nephrite-jade-gp22734
111,https://www.gempundit.com/gemstones/jade-nephrite/nephrite-jade-14-47-carats-gp-22704
112,https://www.gempundit.com/gemstones/jade-nephrite/nephrite-jade-gp56988
113,https://www.gempundit.com/gemstones/jade-nephrite/jade-gp76814
114,https://www.gempundit.com/gemstones/jade-nephrite/nephrite-jade-gp56977
115,https://www.gempundit.com/gemstones/jade-nephrite/jade-gp76813
116,https://www.gempundit.com/gemstones/jade-nephrite/jade-gp76812
117,https://www.gempundit.com/gemstones/jade-nephrite/jade-gp76817
118,https://www.gempundit.com/gemstones/jade-nephrite/jade-gp76815
119,https://www.gempundit.com/gemstones/jade-nephrite/jade-gp76816
120,https://www.gempundit.com/gemstones/jade-nephrite/jade-gp76809
121,https://www.gempundit.com/gemstones/jade-nephrite/jade-gp76810
122,https://www.gempundit.com/gemstones/jade-nephrite/jade-gp76805
123,https://www.gempundit.com/gemstones/jade-nephrite/jade-gp76811
124,https://www.gempundit.com/gemstones/jade-nephrite/jade-gp76806
125,https://www.gempundit.com/gemstones/jade-nephrite/jade-gp76808
126,https://www.gempundit.com/gemstones/jade-nephrite/jade-gp76807
