,Kashmir Blue Sapphire
0,https://www.gempundit.com/gemstones/kashmir-blue-sapphire/blue-sapphire-gp72496
1,https://www.gempundit.com/gemstones/kashmir-blue-sapphire/blue-sapphire-gp72491
2,https://www.gempundit.com/gemstones/kashmir-blue-sapphire/blue-sapphire-gp72485
3,https://www.gempundit.com/gemstones/kashmir-blue-sapphire/blue-sapphire-gp72490
4,https://www.gempundit.com/gemstones/kashmir-blue-sapphire/blue-sapphire-gp72498
5,https://www.gempundit.com/gemstones/kashmir-blue-sapphire/blue-sapphire-gp72493
6,https://www.gempundit.com/gemstones/kashmir-blue-sapphire/blue-sapphire-gp62752
7,https://www.gempundit.com/gemstones/kashmir-blue-sapphire/blue-sapphire-gp72486
8,https://www.gempundit.com/gemstones/kashmir-blue-sapphire/blue-sapphire-gp72488
9,https://www.gempundit.com/gemstones/kashmir-blue-sapphire/blue-sapphire-gp72499
10,https://www.gempundit.com/gemstones/kashmir-blue-sapphire/blue-sapphire-gp72502
11,https://www.gempundit.com/gemstones/kashmir-blue-sapphire/blue-sapphire-gp72495
12,https://www.gempundit.com/gemstones/kashmir-blue-sapphire/blue-sapphire-gp96180
13,https://www.gempundit.com/gemstones/kashmir-blue-sapphire/blue-sapphire-gp72487
14,https://www.gempundit.com/gemstones/kashmir-blue-sapphire/blue-sapphire-gp72472
15,https://www.gempundit.com/gemstones/kashmir-blue-sapphire/blue-sapphire-gp55717
16,https://www.gempundit.com/gemstones/kashmir-blue-sapphire/blue-sapphire-gp96179
17,https://www.gempundit.com/gemstones/kashmir-blue-sapphire/blue-sapphire-gp62522
18,https://www.gempundit.com/gemstones/kashmir-blue-sapphire/blue-sapphire-gp62521
19,https://www.gempundit.com/gemstones/kashmir-blue-sapphire/blue-sapphire-gp36707
20,https://www.gempundit.com/gemstones/kashmir-blue-sapphire/blue-sapphire-gp72484
21,https://www.gempundit.com/gemstones/kashmir-blue-sapphire/blue-sapphire-gp72470
22,https://www.gempundit.com/gemstones/kashmir-blue-sapphire/blue-sapphire-gp72459
23,https://www.gempundit.com/gemstones/kashmir-blue-sapphire/blue-sapphire-gp36708
24,https://www.gempundit.com/gemstones/kashmir-blue-sapphire/blue-sapphire-gp72497
25,https://www.gempundit.com/gemstones/kashmir-blue-sapphire/blue-sapphire-gp33144
26,https://www.gempundit.com/gemstones/kashmir-blue-sapphire/blue-sapphire-gp62428
27,https://www.gempundit.com/gemstones/kashmir-blue-sapphire/blue-sapphire-gp21092
28,https://www.gempundit.com/gemstones/kashmir-blue-sapphire/blue-sapphire-gp72492
29,https://www.gempundit.com/gemstones/kashmir-blue-sapphire/blue-sapphire-gp90733
