,Khooni Neelam
0,https://www.gempundit.com/gemstones/khooni-neelam/purple-sapphire-gp57345
1,https://www.gempundit.com/gemstones/khooni-neelam/purple-sapphire-gp55249
2,https://www.gempundit.com/gemstones/khooni-neelam/purple-sapphire-gp39115
3,https://www.gempundit.com/gemstones/khooni-neelam/purple-sapphire-gp35245
4,https://www.gempundit.com/gemstones/khooni-neelam/purple-sapphire-gp47778
5,https://www.gempundit.com/gemstones/khooni-neelam/purple-sapphire-gp47779
6,https://www.gempundit.com/gemstones/khooni-neelam/purple-sapphire-gp47781
7,https://www.gempundit.com/gemstones/khooni-neelam/purple-sapphire-gp51460
8,https://www.gempundit.com/gemstones/khooni-neelam/purple-sapphire-gp35251
9,https://www.gempundit.com/gemstones/khooni-neelam/purple-sapphire-gp55730
10,https://www.gempundit.com/gemstones/khooni-neelam/purple-sapphire-gp55731
11,https://www.gempundit.com/gemstones/khooni-neelam/purple-sapphire-gp55732
12,https://www.gempundit.com/gemstones/khooni-neelam/purple-sapphire-gp55733
13,https://www.gempundit.com/gemstones/khooni-neelam/purple-sapphire-gp33356
