,Kunzite
0,https://www.gempundit.com/gemstones/kunzite/kunzite-gp104859
1,https://www.gempundit.com/gemstones/kunzite/kunzite-gp104841
2,https://www.gempundit.com/gemstones/kunzite/kunzite-gp104855
3,https://www.gempundit.com/gemstones/kunzite/kunzite-gp104853
4,https://www.gempundit.com/gemstones/kunzite/kunzite-gp104857
5,https://www.gempundit.com/gemstones/kunzite/kunzite-gp104848
6,https://www.gempundit.com/gemstones/kunzite/kunzite-gp104846
7,https://www.gempundit.com/gemstones/kunzite/kunzite-gp104842
8,https://www.gempundit.com/gemstones/kunzite/kunzite-gp104850
9,https://www.gempundit.com/gemstones/kunzite/kunzite-gp104838
10,https://www.gempundit.com/gemstones/kunzite/kunzite-gp104847
11,https://www.gempundit.com/gemstones/kunzite/kunzite-gp104851
12,https://www.gempundit.com/gemstones/kunzite/kunzite-gp104844
13,https://www.gempundit.com/gemstones/kunzite/kunzite-gp104849
14,https://www.gempundit.com/gemstones/kunzite/kunzite-gp104833
15,https://www.gempundit.com/gemstones/kunzite/kunzite-gp104839
16,https://www.gempundit.com/gemstones/kunzite/kunzite-gp104826
17,https://www.gempundit.com/gemstones/kunzite/kunzite-gp104860
18,https://www.gempundit.com/gemstones/kunzite/kunzite-gp104858
19,https://www.gempundit.com/gemstones/kunzite/kunzite-gp104840
20,https://www.gempundit.com/gemstones/kunzite/kunzite-gp104856
21,https://www.gempundit.com/gemstones/kunzite/kunzite-gp104869
22,https://www.gempundit.com/gemstones/kunzite/kunzite-gp104822
23,https://www.gempundit.com/gemstones/kunzite/kunzite-gp104836
24,https://www.gempundit.com/gemstones/kunzite/kunzite-gp104823
25,https://www.gempundit.com/gemstones/kunzite/kunzite-gp104837
26,https://www.gempundit.com/gemstones/kunzite/kunzite-gp104827
27,https://www.gempundit.com/gemstones/kunzite/kunzite-gp104865
28,https://www.gempundit.com/gemstones/kunzite/kunzite-gp104825
29,https://www.gempundit.com/gemstones/kunzite/kunzite-gp104701
30,https://www.gempundit.com/gemstones/kunzite/kunzite-gp104852
31,https://www.gempundit.com/gemstones/kunzite/kunzite-gp104834
32,https://www.gempundit.com/gemstones/kunzite/kunzite-gp104821
33,https://www.gempundit.com/gemstones/kunzite/kunzite-gp104876
34,https://www.gempundit.com/gemstones/kunzite/kunzite-gp104875
35,https://www.gempundit.com/gemstones/kunzite/kunzite-gp104829
36,https://www.gempundit.com/gemstones/kunzite/kunzite-gp104889
37,https://www.gempundit.com/gemstones/kunzite/kunzite-gp104861
38,https://www.gempundit.com/gemstones/kunzite/kunzite-gp104872
39,https://www.gempundit.com/gemstones/kunzite/kunzite-gp104854
40,https://www.gempundit.com/gemstones/kunzite/kunzite-gp104835
41,https://www.gempundit.com/gemstones/kunzite/kunzite-gp104828
42,https://www.gempundit.com/gemstones/kunzite/kunzite-gp104824
43,https://www.gempundit.com/gemstones/kunzite/kunzite-gp104866
44,https://www.gempundit.com/gemstones/kunzite/kunzite-gp104868
45,https://www.gempundit.com/gemstones/kunzite/kunzite-gp104862
46,https://www.gempundit.com/gemstones/kunzite/kunzite-gp104887
47,https://www.gempundit.com/gemstones/kunzite/kunzite-gp104873
48,https://www.gempundit.com/gemstones/kunzite/kunzite-gp104870
49,https://www.gempundit.com/gemstones/kunzite/kunzite-gp104893
50,https://www.gempundit.com/gemstones/kunzite/kunzite-gp104886
51,https://www.gempundit.com/gemstones/kunzite/kunzite-gp104892
52,https://www.gempundit.com/gemstones/kunzite/kunzite-gp104831
53,https://www.gempundit.com/gemstones/kunzite/kunzite-gp104867
54,https://www.gempundit.com/gemstones/kunzite/kunzite-gp104864
55,https://www.gempundit.com/gemstones/kunzite/kunzite-gp104871
56,https://www.gempundit.com/gemstones/kunzite/kunzite-gp104891
57,https://www.gempundit.com/gemstones/kunzite/kunzite-gp104874
58,https://www.gempundit.com/gemstones/kunzite/kunzite-gp104863
59,https://www.gempundit.com/gemstones/kunzite/kunzite-gp104894
60,https://www.gempundit.com/gemstones/kunzite/kunzite-gp104830
61,https://www.gempundit.com/gemstones/kunzite/kunzite-gp104877
62,https://www.gempundit.com/gemstones/kunzite/kunzite-gp104890
63,https://www.gempundit.com/gemstones/kunzite/kunzite-gp104888
64,https://www.gempundit.com/gemstones/kunzite/kunzite-gp104878
65,https://www.gempundit.com/gemstones/kunzite/kunzite-gp105819
66,https://www.gempundit.com/gemstones/kunzite/kunzite-gp104879
67,https://www.gempundit.com/gemstones/kunzite/kunzite-gp104832
68,https://www.gempundit.com/gemstones/kunzite/kunzite-gp104885
69,https://www.gempundit.com/gemstones/kunzite/kunzite-gp104881
70,https://www.gempundit.com/gemstones/kunzite/kunzite-gp104883
71,https://www.gempundit.com/gemstones/kunzite/kunzite-gp104884
72,https://www.gempundit.com/gemstones/kunzite/kunzite-gp104882
73,https://www.gempundit.com/gemstones/kunzite/kunzite-gp104700
