,Kyanite
0,https://www.gempundit.com/gemstones/kyanite/blue-kyanite-gp57766
1,https://www.gempundit.com/gemstones/kyanite/blue-kyanite-gp57888
2,https://www.gempundit.com/gemstones/kyanite/blue-kyanite-gp57776
3,https://www.gempundit.com/gemstones/kyanite/blue-kyanite-gp57765
4,https://www.gempundit.com/gemstones/kyanite/blue-kyanite-gp57849
5,https://www.gempundit.com/gemstones/kyanite/blue-kyanite-gp57851
6,https://www.gempundit.com/gemstones/kyanite/blue-kyanite-gp57777
7,https://www.gempundit.com/gemstones/kyanite/blue-kyanite-gp57823
8,https://www.gempundit.com/gemstones/kyanite/blue-kyanite-gp57915
9,https://www.gempundit.com/gemstones/kyanite/blue-kyanite-gp57854
10,https://www.gempundit.com/gemstones/kyanite/blue-kyanite-gp57785
11,https://www.gempundit.com/gemstones/kyanite/blue-kyanite-gp57882
12,https://www.gempundit.com/gemstones/kyanite/blue-kyanite-gp57856
13,https://www.gempundit.com/gemstones/kyanite/blue-kyanite-gp57845
14,https://www.gempundit.com/gemstones/kyanite/blue-kyanite-gp57887
15,https://www.gempundit.com/gemstones/kyanite/blue-kyanite-gp57885
16,https://www.gempundit.com/gemstones/kyanite/blue-kyanite-gp57873
17,https://www.gempundit.com/gemstones/kyanite/blue-kyanite-gp57858
18,https://www.gempundit.com/gemstones/kyanite/blue-kyanite-gp57831
19,https://www.gempundit.com/gemstones/kyanite/blue-kyanite-gp78739
20,https://www.gempundit.com/gemstones/kyanite/blue-kyanite-gp57816
21,https://www.gempundit.com/gemstones/kyanite/blue-kyanite-gp57877
22,https://www.gempundit.com/gemstones/kyanite/blue-kyanite-gp12289
23,https://www.gempundit.com/gemstones/kyanite/blue-kyanite-gp57859
24,https://www.gempundit.com/gemstones/kyanite/blue-kyanite-gp57835
25,https://www.gempundit.com/gemstones/kyanite/blue-kyanite-gp57814
26,https://www.gempundit.com/gemstones/kyanite/blue-kyanite-gp57904
27,https://www.gempundit.com/gemstones/kyanite/blue-kyanite-gp57784
28,https://www.gempundit.com/gemstones/kyanite/blue-kyanite-gp57901
29,https://www.gempundit.com/gemstones/kyanite/blue-kyanite-gp57868
30,https://www.gempundit.com/gemstones/kyanite/blue-kyanite-gp57840
31,https://www.gempundit.com/gemstones/kyanite/blue-kyanite-gp57815
32,https://www.gempundit.com/gemstones/kyanite/blue-kyanite-gp57812
33,https://www.gempundit.com/gemstones/kyanite/blue-kyanite-gp57843
34,https://www.gempundit.com/gemstones/kyanite/blue-kyanite-gp57833
35,https://www.gempundit.com/gemstones/kyanite/blue-kyanite-gp78740
36,https://www.gempundit.com/gemstones/kyanite/blue-kyanite-gp57867
37,https://www.gempundit.com/gemstones/kyanite/blue-kyanite-gp57841
38,https://www.gempundit.com/gemstones/kyanite/blue-kyanite-gp57825
39,https://www.gempundit.com/gemstones/kyanite/blue-kyanite-gp57910
40,https://www.gempundit.com/gemstones/kyanite/blue-kyanite-gp57909
41,https://www.gempundit.com/gemstones/kyanite/blue-kyanite-gp57876
42,https://www.gempundit.com/gemstones/kyanite/blue-kyanite-gp57874
43,https://www.gempundit.com/gemstones/kyanite/blue-kyanite-gp57870
44,https://www.gempundit.com/gemstones/kyanite/blue-kyanite-gp57827
45,https://www.gempundit.com/gemstones/kyanite/blue-kyanite-gp57862
46,https://www.gempundit.com/gemstones/kyanite/blue-kyanite-gp57822
47,https://www.gempundit.com/gemstones/kyanite/blue-kyanite-gp57775
48,https://www.gempundit.com/gemstones/kyanite/blue-kyanite-gp78737
49,https://www.gempundit.com/gemstones/kyanite/blue-kyanite-gp57853
50,https://www.gempundit.com/gemstones/kyanite/blue-kyanite-gp57847
51,https://www.gempundit.com/gemstones/kyanite/blue-kyanite-gp57878
52,https://www.gempundit.com/gemstones/kyanite/blue-kyanite-gp57898
53,https://www.gempundit.com/gemstones/kyanite/blue-kyanite-gp57764
54,https://www.gempundit.com/gemstones/kyanite/green-kyanite-gp65588
55,https://www.gempundit.com/gemstones/kyanite/blue-kyanite-gp57798
56,https://www.gempundit.com/gemstones/kyanite/blue-kyanite-gp57948
57,https://www.gempundit.com/gemstones/kyanite/blue-kyanite-gp57830
58,https://www.gempundit.com/gemstones/kyanite/green-kyanite-gp65582
59,https://www.gempundit.com/gemstones/kyanite/blue-kyanite-gp57871
60,https://www.gempundit.com/gemstones/kyanite/blue-kyanite-gp57869
61,https://www.gempundit.com/gemstones/kyanite/green-kyanite-gp65636
62,https://www.gempundit.com/gemstones/kyanite/kyanite-gp87005
63,https://www.gempundit.com/gemstones/kyanite/blue-kyanite-gp53918
64,https://www.gempundit.com/gemstones/kyanite/green-kyanite-gp65587
65,https://www.gempundit.com/gemstones/kyanite/green-kyanite-gp65585
66,https://www.gempundit.com/gemstones/kyanite/blue-kyanite-gp57796
67,https://www.gempundit.com/gemstones/kyanite/kyanite-gp87001
68,https://www.gempundit.com/gemstones/kyanite/green-kyanite-gp65589
69,https://www.gempundit.com/gemstones/kyanite/blue-kyanite-gp57889
70,https://www.gempundit.com/gemstones/kyanite/blue-kyanite-gp57881
71,https://www.gempundit.com/gemstones/kyanite/blue-kyanite-gp57964
72,https://www.gempundit.com/gemstones/kyanite/blue-kyanite-gp57884
73,https://www.gempundit.com/gemstones/kyanite/blue-kyanite-gp57790
74,https://www.gempundit.com/gemstones/kyanite/blue-kyanite-gp57768
75,https://www.gempundit.com/gemstones/kyanite/blue-kyanite-gp53912
76,https://www.gempundit.com/gemstones/kyanite/blue-kyanite-gp57855
77,https://www.gempundit.com/gemstones/kyanite/blue-kyanite-gp57770
78,https://www.gempundit.com/gemstones/kyanite/blue-kyanite-gp57767
79,https://www.gempundit.com/gemstones/kyanite/blue-kyanite-gp57973
80,https://www.gempundit.com/gemstones/kyanite/blue-kyanite-gp57968
81,https://www.gempundit.com/gemstones/kyanite/blue-kyanite-gp57778
82,https://www.gempundit.com/gemstones/kyanite/blue-kyanite-gp53902
83,https://www.gempundit.com/gemstones/kyanite/blue-kyanite-gp57911
84,https://www.gempundit.com/gemstones/kyanite/blue-kyanite-gp57893
85,https://www.gempundit.com/gemstones/kyanite/blue-kyanite-gp57787
86,https://www.gempundit.com/gemstones/kyanite/blue-kyanite-gp57907
87,https://www.gempundit.com/gemstones/kyanite/blue-kyanite-gp57897
88,https://www.gempundit.com/gemstones/kyanite/blue-kyanite-gp53905
89,https://www.gempundit.com/gemstones/kyanite/kyanite-gp87004
90,https://www.gempundit.com/gemstones/kyanite/blue-kyanite-gp57880
91,https://www.gempundit.com/gemstones/kyanite/blue-kyanite-gp57836
92,https://www.gempundit.com/gemstones/kyanite/blue-kyanite-gp57952
93,https://www.gempundit.com/gemstones/kyanite/blue-kyanite-gp57908
94,https://www.gempundit.com/gemstones/kyanite/blue-kyanite-gp53910
95,https://www.gempundit.com/gemstones/kyanite/blue-kyanite-gp57936
96,https://www.gempundit.com/gemstones/kyanite/blue-kyanite-gp57906
97,https://www.gempundit.com/gemstones/kyanite/blue-kyanite-gp57959
98,https://www.gempundit.com/gemstones/kyanite/blue-kyanite-gp57926
99,https://www.gempundit.com/gemstones/kyanite/blue-kyanite-gp53899
100,https://www.gempundit.com/gemstones/kyanite/green-kyanite-gp65579
101,https://www.gempundit.com/gemstones/kyanite/blue-kyanite-gp57832
102,https://www.gempundit.com/gemstones/kyanite/blue-kyanite-gp53909
103,https://www.gempundit.com/gemstones/kyanite/blue-kyanite-gp57829
104,https://www.gempundit.com/gemstones/kyanite/blue-kyanite-gp53911
105,https://www.gempundit.com/gemstones/kyanite/green-kyanite-gp65574
106,https://www.gempundit.com/gemstones/kyanite/blue-kyanite-gp57974
107,https://www.gempundit.com/gemstones/kyanite/blue-kyanite-gp57927
108,https://www.gempundit.com/gemstones/kyanite/blue-kyanite-gp53917
109,https://www.gempundit.com/gemstones/kyanite/green-kyanite-gp65634
110,https://www.gempundit.com/gemstones/kyanite/blue-kyanite-gp57828
111,https://www.gempundit.com/gemstones/kyanite/blue-kyanite-gp57810
112,https://www.gempundit.com/gemstones/kyanite/blue-kyanite-gp53898
113,https://www.gempundit.com/gemstones/kyanite/blue-kyanite-gp78732
114,https://www.gempundit.com/gemstones/kyanite/blue-kyanite-gp57844
115,https://www.gempundit.com/gemstones/kyanite/blue-kyanite-gp53908
116,https://www.gempundit.com/gemstones/kyanite/kyanite-gp87006
117,https://www.gempundit.com/gemstones/kyanite/blue-kyanite-gp57943
118,https://www.gempundit.com/gemstones/kyanite/blue-kyanite-gp57899
119,https://www.gempundit.com/gemstones/kyanite/blue-kyanite-gp57773
120,https://www.gempundit.com/gemstones/kyanite/blue-kyanite-gp78735
121,https://www.gempundit.com/gemstones/kyanite/blue-kyanite-gp78731
122,https://www.gempundit.com/gemstones/kyanite/blue-kyanite-gp57958
123,https://www.gempundit.com/gemstones/kyanite/blue-kyanite-gp57788
124,https://www.gempundit.com/gemstones/kyanite/blue-kyanite-gp57966
125,https://www.gempundit.com/gemstones/kyanite/blue-kyanite-gp57774
126,https://www.gempundit.com/gemstones/kyanite/blue-kyanite-gp53915
127,https://www.gempundit.com/gemstones/kyanite/blue-kyanite-gp78730
128,https://www.gempundit.com/gemstones/kyanite/blue-kyanite-gp57865
129,https://www.gempundit.com/gemstones/kyanite/blue-kyanite-gp53916
130,https://www.gempundit.com/gemstones/kyanite/green-kyanite-gp65576
131,https://www.gempundit.com/gemstones/kyanite/blue-kyanite-gp78733
132,https://www.gempundit.com/gemstones/kyanite/blue-kyanite-gp57967
133,https://www.gempundit.com/gemstones/kyanite/kyanite-gp87002
134,https://www.gempundit.com/gemstones/kyanite/green-kyanite-gp65632
135,https://www.gempundit.com/gemstones/kyanite/blue-kyanite-gp57803
136,https://www.gempundit.com/gemstones/kyanite/blue-kyanite-gp57794
137,https://www.gempundit.com/gemstones/kyanite/green-kyanite-gp65596
138,https://www.gempundit.com/gemstones/kyanite/green-kyanite-gp65570
139,https://www.gempundit.com/gemstones/kyanite/blue-kyanite-gp57819
140,https://www.gempundit.com/gemstones/kyanite/blue-kyanite-gp78736
141,https://www.gempundit.com/gemstones/kyanite/blue-kyanite-gp57957
142,https://www.gempundit.com/gemstones/kyanite/blue-kyanite-gp57932
143,https://www.gempundit.com/gemstones/kyanite/blue-kyanite-gp57972
144,https://www.gempundit.com/gemstones/kyanite/blue-kyanite-gp57886
145,https://www.gempundit.com/gemstones/kyanite/blue-kyanite-gp57780
146,https://www.gempundit.com/gemstones/kyanite/blue-kyanite-gp78744
147,https://www.gempundit.com/gemstones/kyanite/kyanite-gp87003
148,https://www.gempundit.com/gemstones/kyanite/green-kyanite-gp65578
149,https://www.gempundit.com/gemstones/kyanite/blue-kyanite-gp57809
150,https://www.gempundit.com/gemstones/kyanite/blue-kyanite-gp57895
151,https://www.gempundit.com/gemstones/kyanite/green-kyanite-gp65626
152,https://www.gempundit.com/gemstones/kyanite/blue-kyanite-gp12291
153,https://www.gempundit.com/gemstones/kyanite/blue-kyanite-gp53904
154,https://www.gempundit.com/gemstones/kyanite/blue-kyanite-gp53900
155,https://www.gempundit.com/gemstones/kyanite/blue-kyanite-gp57947
156,https://www.gempundit.com/gemstones/kyanite/green-kyanite-gp65625
157,https://www.gempundit.com/gemstones/kyanite/blue-kyanite-gp57963
158,https://www.gempundit.com/gemstones/kyanite/blue-kyanite-gp17962
159,https://www.gempundit.com/gemstones/kyanite/blue-kyanite-gp57944
160,https://www.gempundit.com/gemstones/kyanite/blue-kyanite-gp57808
161,https://www.gempundit.com/gemstones/kyanite/blue-kyanite-gp57970
162,https://www.gempundit.com/gemstones/kyanite/blue-kyanite-gp57969
163,https://www.gempundit.com/gemstones/kyanite/green-kyanite-gp65601
164,https://www.gempundit.com/gemstones/kyanite/blue-kyanite-gp57946
165,https://www.gempundit.com/gemstones/kyanite/blue-kyanite-gp57941
166,https://www.gempundit.com/gemstones/kyanite/blue-kyanite-gp53907
167,https://www.gempundit.com/gemstones/kyanite/green-kyanite-gp65571
168,https://www.gempundit.com/gemstones/kyanite/blue-kyanite-gp57791
169,https://www.gempundit.com/gemstones/kyanite/green-kyanite-gp65617
170,https://www.gempundit.com/gemstones/kyanite/blue-kyanite-gp57939
171,https://www.gempundit.com/gemstones/kyanite/blue-kyanite-gp57900
172,https://www.gempundit.com/gemstones/kyanite/blue-kyanite-gp57797
173,https://www.gempundit.com/gemstones/kyanite/blue-kyanite-gp57769
174,https://www.gempundit.com/gemstones/kyanite/blue-kyanite-gp57955
175,https://www.gempundit.com/gemstones/kyanite/blue-kyanite-gp57949
176,https://www.gempundit.com/gemstones/kyanite/blue-kyanite-gp57945
177,https://www.gempundit.com/gemstones/kyanite/blue-kyanite-gp57938
178,https://www.gempundit.com/gemstones/kyanite/kyanite-gp87007
179,https://www.gempundit.com/gemstones/kyanite/green-kyanite-gp65568
180,https://www.gempundit.com/gemstones/kyanite/green-kyanite-gp65629
181,https://www.gempundit.com/gemstones/kyanite/green-kyanite-gp65566
182,https://www.gempundit.com/gemstones/kyanite/blue-kyanite-gp57795
183,https://www.gempundit.com/gemstones/kyanite/blue-kyanite-gp57942
184,https://www.gempundit.com/gemstones/kyanite/green-kyanite-gp65577
185,https://www.gempundit.com/gemstones/kyanite/green-kyanite-gp65592
186,https://www.gempundit.com/gemstones/kyanite/green-kyanite-gp65618
187,https://www.gempundit.com/gemstones/kyanite/green-kyanite-gp65603
188,https://www.gempundit.com/gemstones/kyanite/blue-kyanite-gp57935
189,https://www.gempundit.com/gemstones/kyanite/blue-kyanite-gp57931
190,https://www.gempundit.com/gemstones/kyanite/kyanite-gp85100
191,https://www.gempundit.com/gemstones/kyanite/green-kyanite-gp65604
192,https://www.gempundit.com/gemstones/kyanite/kyanite-gp85105
193,https://www.gempundit.com/gemstones/kyanite/green-kyanite-gp65631
194,https://www.gempundit.com/gemstones/kyanite/blue-kyanite-gp57782
195,https://www.gempundit.com/gemstones/kyanite/green-kyanite-gp65633
196,https://www.gempundit.com/gemstones/kyanite/green-kyanite-gp65616
197,https://www.gempundit.com/gemstones/kyanite/blue-kyanite-gp57762
198,https://www.gempundit.com/gemstones/kyanite/green-kyanite-gp65563
199,https://www.gempundit.com/gemstones/kyanite/blue-kyanite-gp57916
200,https://www.gempundit.com/gemstones/kyanite/blue-kyanite-gp57848
201,https://www.gempundit.com/gemstones/kyanite/blue-kyanite-gp27802
202,https://www.gempundit.com/gemstones/kyanite/blue-kyanite-gp57991
203,https://www.gempundit.com/gemstones/kyanite/blue-kyanite-gp57954
204,https://www.gempundit.com/gemstones/kyanite/blue-kyanite-gp57821
205,https://www.gempundit.com/gemstones/kyanite/kyanite-gp85106
206,https://www.gempundit.com/gemstones/kyanite/blue-kyanite-gp57933
207,https://www.gempundit.com/gemstones/kyanite/blue-kyanite-gp12273
208,https://www.gempundit.com/gemstones/kyanite/green-kyanite-gp65594
209,https://www.gempundit.com/gemstones/kyanite/blue-kyanite-gp27789
210,https://www.gempundit.com/gemstones/kyanite/green-kyanite-gp65619
211,https://www.gempundit.com/gemstones/kyanite/blue-kyanite-gp57976
212,https://www.gempundit.com/gemstones/kyanite/blue-kyanite-gp57890
213,https://www.gempundit.com/gemstones/kyanite/blue-kyanite-gp57960
214,https://www.gempundit.com/gemstones/kyanite/blue-kyanite-gp17947
215,https://www.gempundit.com/gemstones/kyanite/kyanite-gp85108
216,https://www.gempundit.com/gemstones/kyanite/blue-kyanite-gp57834
217,https://www.gempundit.com/gemstones/kyanite/green-kyanite-gp65600
218,https://www.gempundit.com/gemstones/kyanite/blue-kyanite-gp57934
219,https://www.gempundit.com/gemstones/kyanite/blue-kyanite-gp57801
220,https://www.gempundit.com/gemstones/kyanite/blue-kyanite-gp57800
221,https://www.gempundit.com/gemstones/kyanite/blue-kyanite-gp17946
222,https://www.gempundit.com/gemstones/kyanite/blue-kyanite-gp57811
223,https://www.gempundit.com/gemstones/kyanite/blue-kyanite-gp12280
224,https://www.gempundit.com/gemstones/kyanite/kyanite-gp85107
225,https://www.gempundit.com/gemstones/kyanite/blue-kyanite-gp17957
226,https://www.gempundit.com/gemstones/kyanite/green-kyanite-gp65630
227,https://www.gempundit.com/gemstones/kyanite/blue-kyanite-gp17961
228,https://www.gempundit.com/gemstones/kyanite/blue-kyanite-gp27793
229,https://www.gempundit.com/gemstones/kyanite/blue-kyanite-gp57918
230,https://www.gempundit.com/gemstones/kyanite/blue-kyanite-gp57879
231,https://www.gempundit.com/gemstones/kyanite/blue-kyanite-gp57857
232,https://www.gempundit.com/gemstones/kyanite/green-kyanite-gp65627
233,https://www.gempundit.com/gemstones/kyanite/green-kyanite-gp65595
234,https://www.gempundit.com/gemstones/kyanite/blue-kyanite-gp57965
235,https://www.gempundit.com/gemstones/kyanite/green-kyanite-gp65622
236,https://www.gempundit.com/gemstones/kyanite/green-kyanite-gp65597
237,https://www.gempundit.com/gemstones/kyanite/kyanite-gp85101
238,https://www.gempundit.com/gemstones/kyanite/green-kyanite-gp65590
239,https://www.gempundit.com/gemstones/kyanite/blue-kyanite-gp57839
240,https://www.gempundit.com/gemstones/kyanite/blue-kyanite-gp57902
241,https://www.gempundit.com/gemstones/kyanite/green-kyanite-gp65628
242,https://www.gempundit.com/gemstones/kyanite/blue-kyanite-gp57896
243,https://www.gempundit.com/gemstones/kyanite/green-kyanite-gp65623
244,https://www.gempundit.com/gemstones/kyanite/blue-kyanite-gp57940
245,https://www.gempundit.com/gemstones/kyanite/blue-kyanite-gp57992
246,https://www.gempundit.com/gemstones/kyanite/blue-kyanite-gp56145
247,https://www.gempundit.com/gemstones/kyanite/green-kyanite-gp65572
248,https://www.gempundit.com/gemstones/kyanite/blue-kyanite-gp57807
249,https://www.gempundit.com/gemstones/kyanite/green-kyanite-gp65637
250,https://www.gempundit.com/gemstones/kyanite/green-kyanite-gp65612
251,https://www.gempundit.com/gemstones/kyanite/blue-kyanite-gp57953
252,https://www.gempundit.com/gemstones/kyanite/blue-kyanite-gp57923
253,https://www.gempundit.com/gemstones/kyanite/green-kyanite-gp65593
254,https://www.gempundit.com/gemstones/kyanite/blue-kyanite-gp57989
255,https://www.gempundit.com/gemstones/kyanite/blue-kyanite-gp78727
256,https://www.gempundit.com/gemstones/kyanite/green-kyanite-gp65573
257,https://www.gempundit.com/gemstones/kyanite/blue-kyanite-gp57892
258,https://www.gempundit.com/gemstones/kyanite/kyanite-gp87023
259,https://www.gempundit.com/gemstones/kyanite/blue-kyanite-gp56218
260,https://www.gempundit.com/gemstones/kyanite/kyanite-gp85102
261,https://www.gempundit.com/gemstones/kyanite/green-kyanite-gp65614
262,https://www.gempundit.com/gemstones/kyanite/green-kyanite-gp65569
263,https://www.gempundit.com/gemstones/kyanite/blue-kyanite-gp57971
264,https://www.gempundit.com/gemstones/kyanite/blue-kyanite-gp57837
265,https://www.gempundit.com/gemstones/kyanite/blue-kyanite-gp65642
266,https://www.gempundit.com/gemstones/kyanite/blue-kyanite-gp56215
267,https://www.gempundit.com/gemstones/kyanite/blue-kyanite-gp58003
268,https://www.gempundit.com/gemstones/kyanite/blue-kyanite-gp57792
269,https://www.gempundit.com/gemstones/kyanite/blue-kyanite-gp78726
270,https://www.gempundit.com/gemstones/kyanite/green-kyanite-gp65615
271,https://www.gempundit.com/gemstones/kyanite/blue-kyanite-gp65643
272,https://www.gempundit.com/gemstones/kyanite/green-kyanite-gp65624
273,https://www.gempundit.com/gemstones/kyanite/blue-kyanite-gp56216
274,https://www.gempundit.com/gemstones/kyanite/blue-kyanite-gp56208
275,https://www.gempundit.com/gemstones/kyanite/blue-kyanite-gp57951
276,https://www.gempundit.com/gemstones/kyanite/blue-kyanite-gp57981
277,https://www.gempundit.com/gemstones/kyanite/blue-kyanite-gp12278
278,https://www.gempundit.com/gemstones/kyanite/blue-kyanite-gp56229
279,https://www.gempundit.com/gemstones/kyanite/blue-kyanite-gp12283
280,https://www.gempundit.com/gemstones/kyanite/blue-kyanite-gp66555
281,https://www.gempundit.com/gemstones/kyanite/green-kyanite-gp65620
282,https://www.gempundit.com/gemstones/kyanite/blue-kyanite-gp57997
283,https://www.gempundit.com/gemstones/kyanite/blue-kyanite-gp56133
284,https://www.gempundit.com/gemstones/kyanite/blue-kyanite-gp56231
285,https://www.gempundit.com/gemstones/kyanite/green-kyanite-gp65567
286,https://www.gempundit.com/gemstones/kyanite/orange-kyanite-gp65558
287,https://www.gempundit.com/gemstones/kyanite/green-kyanite-gp65591
288,https://www.gempundit.com/gemstones/kyanite/blue-kyanite-gp56212
289,https://www.gempundit.com/gemstones/kyanite/green-kyanite-gp65605
290,https://www.gempundit.com/gemstones/kyanite/green-kyanite-gp65602
291,https://www.gempundit.com/gemstones/kyanite/blue-kyanite-gp58002
292,https://www.gempundit.com/gemstones/kyanite/blue-kyanite-gp57994
293,https://www.gempundit.com/gemstones/kyanite/blue-kyanite-gp57983
294,https://www.gempundit.com/gemstones/kyanite/blue-kyanite-gp57977
295,https://www.gempundit.com/gemstones/kyanite/green-kyanite-gp65613
296,https://www.gempundit.com/gemstones/kyanite/blue-kyanite-gp56139
297,https://www.gempundit.com/gemstones/kyanite/kyanite-gp62018
298,https://www.gempundit.com/gemstones/kyanite/blue-kyanite-gp57998
299,https://www.gempundit.com/gemstones/kyanite/blue-kyanite-gp66559
300,https://www.gempundit.com/gemstones/kyanite/blue-kyanite-gp57996
301,https://www.gempundit.com/gemstones/kyanite/blue-kyanite-gp57985
302,https://www.gempundit.com/gemstones/kyanite/blue-kyanite-gp57980
303,https://www.gempundit.com/gemstones/kyanite/orange-kyanite-gp65556
304,https://www.gempundit.com/gemstones/kyanite/blue-kyanite-gp56207
305,https://www.gempundit.com/gemstones/kyanite/green-kyanite-gp65621
306,https://www.gempundit.com/gemstones/kyanite/kyanite-gp85099
307,https://www.gempundit.com/gemstones/kyanite/green-kyanite-gp65575
308,https://www.gempundit.com/gemstones/kyanite/blue-kyanite-gp27796
309,https://www.gempundit.com/gemstones/kyanite/blue-kyanite-gp12290
310,https://www.gempundit.com/gemstones/kyanite/blue-kyanite-gp56225
311,https://www.gempundit.com/gemstones/kyanite/blue-kyanite-gp56143
312,https://www.gempundit.com/gemstones/kyanite/blue-kyanite-gp56169
313,https://www.gempundit.com/gemstones/kyanite/blue-kyanite-gp27779
314,https://www.gempundit.com/gemstones/kyanite/blue-kyanite-gp56209
315,https://www.gempundit.com/gemstones/kyanite/blue-kyanite-gp57987
316,https://www.gempundit.com/gemstones/kyanite/blue-kyanite-gp56141
317,https://www.gempundit.com/gemstones/kyanite/blue-kyanite-gp57986
318,https://www.gempundit.com/gemstones/kyanite/blue-kyanite-gp56130
319,https://www.gempundit.com/gemstones/kyanite/blue-kyanite-gp56210
320,https://www.gempundit.com/gemstones/kyanite/kyanite-gp62020
321,https://www.gempundit.com/gemstones/kyanite/orange-kyanite-gp65554
322,https://www.gempundit.com/gemstones/kyanite/blue-kyanite-gp66562
323,https://www.gempundit.com/gemstones/kyanite/blue-kyanite-gp56230
324,https://www.gempundit.com/gemstones/kyanite/kyanite-gp27797
325,https://www.gempundit.com/gemstones/kyanite/kyanite-gp87019
326,https://www.gempundit.com/gemstones/kyanite/kyanite-gp85103
327,https://www.gempundit.com/gemstones/kyanite/blue-kyanite-gp78723
328,https://www.gempundit.com/gemstones/kyanite/blue-kyanite-gp66561
329,https://www.gempundit.com/gemstones/kyanite/blue-kyanite-gp56167
330,https://www.gempundit.com/gemstones/kyanite/blue-kyanite-gp56224
331,https://www.gempundit.com/gemstones/kyanite/green-kyanite-gp65565
332,https://www.gempundit.com/gemstones/kyanite/blue-kyanite-gp57984
333,https://www.gempundit.com/gemstones/kyanite/kyanite-gp87022
334,https://www.gempundit.com/gemstones/kyanite/blue-kyanite-gp56223
335,https://www.gempundit.com/gemstones/kyanite/blue-kyanite-gp56168
336,https://www.gempundit.com/gemstones/kyanite/blue-kyanite-gp65639
337,https://www.gempundit.com/gemstones/kyanite/blue-kyanite-gp56233
338,https://www.gempundit.com/gemstones/kyanite/blue-kyanite-gp56205
339,https://www.gempundit.com/gemstones/kyanite/blue-kyanite-gp57990
340,https://www.gempundit.com/gemstones/kyanite/kyanite-gp87020
341,https://www.gempundit.com/gemstones/kyanite/blue-kyanite-gp66549
342,https://www.gempundit.com/gemstones/kyanite/blue-kyanite-gp65641
343,https://www.gempundit.com/gemstones/kyanite/green-kyanite-gp65584
344,https://www.gempundit.com/gemstones/kyanite/blue-kyanite-gp27811
345,https://www.gempundit.com/gemstones/kyanite/orange-kyanite-gp65561
346,https://www.gempundit.com/gemstones/kyanite/blue-kyanite-gp57988
347,https://www.gempundit.com/gemstones/kyanite/kyanite-gp87021
348,https://www.gempundit.com/gemstones/kyanite/blue-kyanite-gp56228
349,https://www.gempundit.com/gemstones/kyanite/blue-kyanite-gp57999
350,https://www.gempundit.com/gemstones/kyanite/blue-kyanite-gp58001
351,https://www.gempundit.com/gemstones/kyanite/blue-kyanite-gp56217
352,https://www.gempundit.com/gemstones/kyanite/blue-kyanite-gp56144
353,https://www.gempundit.com/gemstones/kyanite/blue-kyanite-gp56132
354,https://www.gempundit.com/gemstones/kyanite/blue-kyanite-gp56234
355,https://www.gempundit.com/gemstones/kyanite/blue-kyanite-gp56140
356,https://www.gempundit.com/gemstones/kyanite/blue-kyanite-gp78722
357,https://www.gempundit.com/gemstones/kyanite/blue-kyanite-gp57978
358,https://www.gempundit.com/gemstones/kyanite/blue-kyanite-gp56142
359,https://www.gempundit.com/gemstones/kyanite/blue-kyanite-gp56211
360,https://www.gempundit.com/gemstones/kyanite/blue-kyanite-gp66560
361,https://www.gempundit.com/gemstones/kyanite/kyanite-gp87026
362,https://www.gempundit.com/gemstones/kyanite/blue-kyanite-gp56159
363,https://www.gempundit.com/gemstones/kyanite/green-kyanite-gp65611
364,https://www.gempundit.com/gemstones/kyanite/blue-kyanite-gp56164
365,https://www.gempundit.com/gemstones/kyanite/orange-kyanite-gp65560
366,https://www.gempundit.com/gemstones/kyanite/blue-kyanite-gp56137
367,https://www.gempundit.com/gemstones/kyanite/blue-kyanite-gp66554
368,https://www.gempundit.com/gemstones/kyanite/green-kyanite-gp65580
369,https://www.gempundit.com/gemstones/kyanite/blue-kyanite-gp57995
370,https://www.gempundit.com/gemstones/kyanite/blue-kyanite-gp56162
371,https://www.gempundit.com/gemstones/kyanite/blue-kyanite-gp56157
372,https://www.gempundit.com/gemstones/kyanite/kyanite-gp87027
373,https://www.gempundit.com/gemstones/kyanite/green-kyanite-gp65599
374,https://www.gempundit.com/gemstones/kyanite/blue-kyanite-gp66547
375,https://www.gempundit.com/gemstones/kyanite/orange-kyanite-gp65562
376,https://www.gempundit.com/gemstones/kyanite/blue-kyanite-gp56221
377,https://www.gempundit.com/gemstones/kyanite/blue-kyanite-gp66546
378,https://www.gempundit.com/gemstones/kyanite/blue-kyanite-gp56163
379,https://www.gempundit.com/gemstones/kyanite/blue-kyanite-gp56220
380,https://www.gempundit.com/gemstones/kyanite/kyanite-gp87033
381,https://www.gempundit.com/gemstones/kyanite/blue-kyanite-gp57671
382,https://www.gempundit.com/gemstones/kyanite/blue-kyanite-gp56165
383,https://www.gempundit.com/gemstones/kyanite/blue-kyanite-gp65640
384,https://www.gempundit.com/gemstones/kyanite/blue-kyanite-gp57661
385,https://www.gempundit.com/gemstones/kyanite/kyanite-gp87028
386,https://www.gempundit.com/gemstones/kyanite/blue-kyanite-gp56191
387,https://www.gempundit.com/gemstones/kyanite/blue-kyanite-gp56222
388,https://www.gempundit.com/gemstones/kyanite/blue-kyanite-gp56179
389,https://www.gempundit.com/gemstones/kyanite/kyanite-gp87024
390,https://www.gempundit.com/gemstones/kyanite/blue-kyanite-gp59751
391,https://www.gempundit.com/gemstones/kyanite/kyanite-gp87032
392,https://www.gempundit.com/gemstones/kyanite/blue-kyanite-gp56182
393,https://www.gempundit.com/gemstones/kyanite/blue-kyanite-gp56160
394,https://www.gempundit.com/gemstones/kyanite/blue-kyanite-gp57660
395,https://www.gempundit.com/gemstones/kyanite/kyanite-gp85104
396,https://www.gempundit.com/gemstones/kyanite/blue-kyanite-gp66548
397,https://www.gempundit.com/gemstones/kyanite/blue-kyanite-gp66552
398,https://www.gempundit.com/gemstones/kyanite/blue-kyanite-gp57668
399,https://www.gempundit.com/gemstones/kyanite/blue-kyanite-gp56200
400,https://www.gempundit.com/gemstones/kyanite/blue-kyanite-gp56158
401,https://www.gempundit.com/gemstones/kyanite/blue-kyanite-gp56201
402,https://www.gempundit.com/gemstones/kyanite/blue-kyanite-gp27805
403,https://www.gempundit.com/gemstones/kyanite/blue-kyanite-gp56198
404,https://www.gempundit.com/gemstones/kyanite/blue-kyanite-gp56161
405,https://www.gempundit.com/gemstones/kyanite/blue-kyanite-gp56136
406,https://www.gempundit.com/gemstones/kyanite/kyanite-gp87016
407,https://www.gempundit.com/gemstones/kyanite/blue-kyanite-gp56199
408,https://www.gempundit.com/gemstones/kyanite/blue-kyanite-gp56175
409,https://www.gempundit.com/gemstones/kyanite/blue-kyanite-gp56197
410,https://www.gempundit.com/gemstones/kyanite/blue-kyanite-gp56156
411,https://www.gempundit.com/gemstones/kyanite/blue-kyanite-gp78721
412,https://www.gempundit.com/gemstones/kyanite/green-kyanite-gp65610
413,https://www.gempundit.com/gemstones/kyanite/green-kyanite-gp65598
414,https://www.gempundit.com/gemstones/kyanite/blue-kyanite-gp56193
415,https://www.gempundit.com/gemstones/kyanite/kyanite-gp87013
416,https://www.gempundit.com/gemstones/kyanite/blue-kyanite-gp57665
417,https://www.gempundit.com/gemstones/kyanite/kyanite-gp87030
418,https://www.gempundit.com/gemstones/kyanite/blue-kyanite-gp66558
419,https://www.gempundit.com/gemstones/kyanite/orange-kyanite-gp65559
420,https://www.gempundit.com/gemstones/kyanite/blue-kyanite-gp56155
421,https://www.gempundit.com/gemstones/kyanite/blue-kyanite-gp57667
422,https://www.gempundit.com/gemstones/kyanite/blue-kyanite-gp56153
423,https://www.gempundit.com/gemstones/kyanite/blue-kyanite-gp66545
424,https://www.gempundit.com/gemstones/kyanite/green-kyanite-gp65564
425,https://www.gempundit.com/gemstones/kyanite/blue-kyanite-gp56174
426,https://www.gempundit.com/gemstones/kyanite/kyanite-gp62019
427,https://www.gempundit.com/gemstones/kyanite/kyanite-gp87018
428,https://www.gempundit.com/gemstones/kyanite/blue-kyanite-gp12270
429,https://www.gempundit.com/gemstones/kyanite/blue-kyanite-gp66553
430,https://www.gempundit.com/gemstones/kyanite/green-kyanite-gp65608
431,https://www.gempundit.com/gemstones/kyanite/blue-kyanite-gp56192
432,https://www.gempundit.com/gemstones/kyanite/blue-kyanite-gp56135
433,https://www.gempundit.com/gemstones/kyanite/kyanite-gp87015
434,https://www.gempundit.com/gemstones/kyanite/blue-kyanite-gp56152
435,https://www.gempundit.com/gemstones/kyanite/kyanite-gp62017
436,https://www.gempundit.com/gemstones/kyanite/blue-kyanite-gp66550
437,https://www.gempundit.com/gemstones/kyanite/blue-kyanite-gp56189
438,https://www.gempundit.com/gemstones/kyanite/blue-kyanite-gp57663
439,https://www.gempundit.com/gemstones/kyanite/kyanite-gp87014
440,https://www.gempundit.com/gemstones/kyanite/orange-kyanite-gp65555
441,https://www.gempundit.com/gemstones/kyanite/blue-kyanite-gp56195
442,https://www.gempundit.com/gemstones/kyanite/blue-kyanite-gp57658
443,https://www.gempundit.com/gemstones/kyanite/blue-kyanite-gp56196
444,https://www.gempundit.com/gemstones/kyanite/blue-kyanite-gp56190
445,https://www.gempundit.com/gemstones/kyanite/blue-kyanite-gp56151
446,https://www.gempundit.com/gemstones/kyanite/blue-kyanite-gp56150
447,https://www.gempundit.com/gemstones/kyanite/blue-kyanite-gp56187
448,https://www.gempundit.com/gemstones/kyanite/blue-kyanite-gp78720
449,https://www.gempundit.com/gemstones/kyanite/blue-kyanite-gp78719
450,https://www.gempundit.com/gemstones/kyanite/blue-kyanite-gp66557
451,https://www.gempundit.com/gemstones/kyanite/green-kyanite-gp65583
452,https://www.gempundit.com/gemstones/kyanite/blue-kyanite-gp56185
453,https://www.gempundit.com/gemstones/kyanite/blue-kyanite-gp78718
454,https://www.gempundit.com/gemstones/kyanite/blue-kyanite-gp56181
455,https://www.gempundit.com/gemstones/kyanite/blue-kyanite-gp59750
456,https://www.gempundit.com/gemstones/kyanite/blue-kyanite-gp66563
457,https://www.gempundit.com/gemstones/kyanite/kyanite-gp87009
458,https://www.gempundit.com/gemstones/kyanite/blue-kyanite-gp59759
459,https://www.gempundit.com/gemstones/kyanite/kyanite-gp87029
460,https://www.gempundit.com/gemstones/kyanite/kyanite-gp87012
461,https://www.gempundit.com/gemstones/kyanite/kyanite-gp87034
462,https://www.gempundit.com/gemstones/kyanite/kyanite-gp87031
463,https://www.gempundit.com/gemstones/kyanite/blue-kyanite-gp56184
464,https://www.gempundit.com/gemstones/kyanite/kyanite-gp87035
465,https://www.gempundit.com/gemstones/kyanite/blue-kyanite-gp59745
466,https://www.gempundit.com/gemstones/kyanite/blue-kyanite-gp27808
467,https://www.gempundit.com/gemstones/kyanite/green-kyanite-gp65606
468,https://www.gempundit.com/gemstones/kyanite/blue-kyanite-gp59748
469,https://www.gempundit.com/gemstones/kyanite/blue-kyanite-gp66570
470,https://www.gempundit.com/gemstones/kyanite/blue-kyanite-gp59749
471,https://www.gempundit.com/gemstones/kyanite/blue-kyanite-gp59742
472,https://www.gempundit.com/gemstones/kyanite/blue-kyanite-gp66564
473,https://www.gempundit.com/gemstones/kyanite/blue-kyanite-gp59754
474,https://www.gempundit.com/gemstones/kyanite/blue-kyanite-gp59755
475,https://www.gempundit.com/gemstones/kyanite/blue-kyanite-gp66569
476,https://www.gempundit.com/gemstones/kyanite/blue-kyanite-gp66567
477,https://www.gempundit.com/gemstones/kyanite/blue-kyanite-gp59747
478,https://www.gempundit.com/gemstones/kyanite/blue-kyanite-gp59758
479,https://www.gempundit.com/gemstones/kyanite/blue-kyanite-gp59744
480,https://www.gempundit.com/gemstones/kyanite/blue-kyanite-gp59756
481,https://www.gempundit.com/gemstones/kyanite/blue-kyanite-gp66568
482,https://www.gempundit.com/gemstones/kyanite/blue-kyanite-gp59746
483,https://www.gempundit.com/gemstones/kyanite/blue-kyanite-gp59743
