,Lavender Quartz
0,https://www.gempundit.com/gemstones/lavender-quartz/lavender-quartz-gp67287
1,https://www.gempundit.com/gemstones/lavender-quartz/lavender-quartz-gp67286
2,https://www.gempundit.com/gemstones/lavender-quartz/lavender-quartz-gp67283
3,https://www.gempundit.com/gemstones/lavender-quartz/lavender-quartz-gp67274
4,https://www.gempundit.com/gemstones/lavender-quartz/lavender-quartz-gp67273
5,https://www.gempundit.com/gemstones/lavender-quartz/lavender-quartz-gp67271
6,https://www.gempundit.com/gemstones/lavender-quartz/lavender-quartz-gp67277
7,https://www.gempundit.com/gemstones/lavender-quartz/lavender-quartz-gp67268
8,https://www.gempundit.com/gemstones/lavender-quartz/lavender-quartz-gp67276
9,https://www.gempundit.com/gemstones/lavender-quartz/lavender-quartz-gp67267
10,https://www.gempundit.com/gemstones/lavender-quartz/lavender-quartz-gp67265
