,Lemon Quartz
0,https://www.gempundit.com/gemstones/lemon-quartz/lemon-quartz-gp67751
1,https://www.gempundit.com/gemstones/lemon-quartz/lemon-quartz-gp67772
2,https://www.gempundit.com/gemstones/lemon-quartz/lemon-quartz-gp67750
3,https://www.gempundit.com/gemstones/lemon-quartz/lemon-quartz-gp67770
4,https://www.gempundit.com/gemstones/lemon-quartz/lemon-quartz-gp67767
5,https://www.gempundit.com/gemstones/lemon-quartz/lemon-quartz-gp67759
6,https://www.gempundit.com/gemstones/lemon-quartz/lemon-quartz-gp67755
7,https://www.gempundit.com/gemstones/lemon-quartz/lemon-quartz-gp67745
8,https://www.gempundit.com/gemstones/lemon-quartz/lemon-quartz-gp67769
9,https://www.gempundit.com/gemstones/lemon-quartz/lemon-quartz-gp67741
10,https://www.gempundit.com/gemstones/lemon-quartz/lemon-quartz-gp67758
11,https://www.gempundit.com/gemstones/lemon-quartz/lemon-quartz-gp67749
12,https://www.gempundit.com/gemstones/lemon-quartz/lemon-quartz-gp67757
13,https://www.gempundit.com/gemstones/lemon-quartz/lemon-quartz-gp67746
14,https://www.gempundit.com/gemstones/lemon-quartz/lemon-quartz-gp67761
15,https://www.gempundit.com/gemstones/lemon-quartz/lemon-quartz-gp67784
16,https://www.gempundit.com/gemstones/lemon-quartz/lemon-quartz-gp67756
17,https://www.gempundit.com/gemstones/lemon-quartz/lemon-quartz-gp67773
18,https://www.gempundit.com/gemstones/lemon-quartz/lemon-quartz-gp67760
19,https://www.gempundit.com/gemstones/lemon-quartz/lemon-quartz-gp67785
20,https://www.gempundit.com/gemstones/lemon-quartz/lemon-quartz-gp67735
21,https://www.gempundit.com/gemstones/lemon-quartz/lemon-quartz-gp67742
22,https://www.gempundit.com/gemstones/lemon-quartz/lemon-quartz-gp67754
23,https://www.gempundit.com/gemstones/lemon-quartz/lemon-quartz-gp67762
24,https://www.gempundit.com/gemstones/lemon-quartz/lemon-quartz-gp67768
25,https://www.gempundit.com/gemstones/lemon-quartz/lemon-quartz-gp67737
26,https://www.gempundit.com/gemstones/lemon-quartz/lemon-quartz-gp67774
27,https://www.gempundit.com/gemstones/lemon-quartz/lemon-quartz-gp67739
28,https://www.gempundit.com/gemstones/lemon-quartz/lemon-quartz-gp67766
29,https://www.gempundit.com/gemstones/lemon-quartz/lemon-quartz-gp67779
30,https://www.gempundit.com/gemstones/lemon-quartz/lemon-quartz-gp67748
31,https://www.gempundit.com/gemstones/lemon-quartz/lemon-quartz-gp67783
32,https://www.gempundit.com/gemstones/lemon-quartz/lemon-quartz-gp67753
33,https://www.gempundit.com/gemstones/lemon-quartz/lemon-quartz-gp67747
34,https://www.gempundit.com/gemstones/lemon-quartz/lemon-quartz-gp67734
35,https://www.gempundit.com/gemstones/lemon-quartz/lemon-quartz-gp67776
36,https://www.gempundit.com/gemstones/lemon-quartz/lemon-quartz-gp67763
37,https://www.gempundit.com/gemstones/lemon-quartz/lemon-quartz-gp67738
38,https://www.gempundit.com/gemstones/lemon-quartz/lemon-quartz-gp67778
39,https://www.gempundit.com/gemstones/lemon-quartz/lemon-quartz-gp67743
40,https://www.gempundit.com/gemstones/lemon-quartz/lemon-quartz-gp67764
41,https://www.gempundit.com/gemstones/lemon-quartz/lemon-quartz-gp67732
42,https://www.gempundit.com/gemstones/lemon-quartz/lemon-quartz-gp67733
43,https://www.gempundit.com/gemstones/lemon-quartz/lemon-quartz-gp67775
44,https://www.gempundit.com/gemstones/lemon-quartz/lemon-quartz-gp67730
45,https://www.gempundit.com/gemstones/lemon-quartz/lemon-quartz-gp67731
46,https://www.gempundit.com/gemstones/lemon-quartz/lemon-quartz-gp49127
47,https://www.gempundit.com/gemstones/lemon-quartz/lemon-quartz-gp67728
48,https://www.gempundit.com/gemstones/lemon-quartz/lemon-quartz-gp67726
49,https://www.gempundit.com/gemstones/lemon-quartz/lemon-quartz-gp67724
50,https://www.gempundit.com/gemstones/lemon-quartz/lemon-quartz-gp67727
51,https://www.gempundit.com/gemstones/lemon-quartz/lemon-quartz-gp67729
52,https://www.gempundit.com/gemstones/lemon-quartz/lemon-quartz-gp67723
53,https://www.gempundit.com/gemstones/lemon-quartz/lemon-quartz-gp67781
