,London Blue Topaz
0,https://www.gempundit.com/gemstones/london-blue-topaz/london-blue-topaz-aaa-grade
1,https://www.gempundit.com/gemstones/london-blue-topaz/blue-topaz-gp93355
2,https://www.gempundit.com/gemstones/london-blue-topaz/blue-topaz-gp93364
3,https://www.gempundit.com/gemstones/london-blue-topaz/blue-topaz-gp93359
4,https://www.gempundit.com/gemstones/london-blue-topaz/blue-topaz-gp93365
5,https://www.gempundit.com/gemstones/london-blue-topaz/blue-topaz-gp93362
6,https://www.gempundit.com/gemstones/london-blue-topaz/blue-topaz-gp93351
7,https://www.gempundit.com/gemstones/london-blue-topaz/blue-topaz-gp93360
8,https://www.gempundit.com/gemstones/london-blue-topaz/blue-topaz-gp93363
9,https://www.gempundit.com/gemstones/london-blue-topaz/blue-topaz-gp93388
10,https://www.gempundit.com/gemstones/london-blue-topaz/blue-topaz-gp93389
11,https://www.gempundit.com/gemstones/london-blue-topaz/blue-topaz-gp93354
12,https://www.gempundit.com/gemstones/london-blue-topaz/blue-topaz-gp93352
13,https://www.gempundit.com/gemstones/london-blue-topaz/blue-topaz-gp93387
14,https://www.gempundit.com/gemstones/london-blue-topaz/blue-topaz-gp93385
15,https://www.gempundit.com/gemstones/london-blue-topaz/blue-topaz-gp93361
16,https://www.gempundit.com/gemstones/london-blue-topaz/blue-topaz-gp93353
17,https://www.gempundit.com/gemstones/london-blue-topaz/blue-topaz-gp93386
18,https://www.gempundit.com/gemstones/london-blue-topaz/blue-topaz-gp93358
19,https://www.gempundit.com/gemstones/london-blue-topaz/blue-topaz-gp93382
20,https://www.gempundit.com/gemstones/london-blue-topaz/blue-topaz-gp93357
21,https://www.gempundit.com/gemstones/london-blue-topaz/blue-topaz-gp93383
22,https://www.gempundit.com/gemstones/london-blue-topaz/blue-topaz-gp93368
23,https://www.gempundit.com/gemstones/london-blue-topaz/blue-topaz-gp93398
24,https://www.gempundit.com/gemstones/london-blue-topaz/blue-topaz-gp93401
25,https://www.gempundit.com/gemstones/london-blue-topaz/london-blue-topaz-aaa-grade
26,https://www.gempundit.com/gemstones/london-blue-topaz/blue-topaz-gp93400
27,https://www.gempundit.com/gemstones/london-blue-topaz/blue-topaz-gp93399
28,https://www.gempundit.com/gemstones/london-blue-topaz/blue-topaz-gp98054
29,https://www.gempundit.com/gemstones/london-blue-topaz/blue-topaz-gp93438
30,https://www.gempundit.com/gemstones/london-blue-topaz/blue-topaz-gp93439
31,https://www.gempundit.com/gemstones/london-blue-topaz/blue-topaz-gp93419
32,https://www.gempundit.com/gemstones/london-blue-topaz/blue-topaz-gp93415
33,https://www.gempundit.com/gemstones/london-blue-topaz/blue-topaz-gp93421
34,https://www.gempundit.com/gemstones/london-blue-topaz/blue-topaz-gp93414
35,https://www.gempundit.com/gemstones/london-blue-topaz/blue-topaz-gp93420
36,https://www.gempundit.com/gemstones/london-blue-topaz/blue-topaz-gp93416
37,https://www.gempundit.com/gemstones/london-blue-topaz/blue-topaz-gp93418
38,https://www.gempundit.com/gemstones/london-blue-topaz/blue-topaz-gp93426
39,https://www.gempundit.com/gemstones/london-blue-topaz/blue-topaz-gp52875
40,https://www.gempundit.com/gemstones/london-blue-topaz/blue-topaz-gp80069
41,https://www.gempundit.com/gemstones/london-blue-topaz/blue-topaz-gp80070
42,https://www.gempundit.com/gemstones/london-blue-topaz/blue-topaz-gp93425
43,https://www.gempundit.com/gemstones/london-blue-topaz/blue-topaz-gp93375
44,https://www.gempundit.com/gemstones/london-blue-topaz/blue-topaz-gp93443
45,https://www.gempundit.com/gemstones/london-blue-topaz/blue-topaz-gp93424
46,https://www.gempundit.com/gemstones/london-blue-topaz/blue-topaz-gp93380
47,https://www.gempundit.com/gemstones/london-blue-topaz/blue-topaz-gp93376
48,https://www.gempundit.com/gemstones/london-blue-topaz/blue-topaz-gp93381
49,https://www.gempundit.com/gemstones/london-blue-topaz/blue-topaz-gp80092
50,https://www.gempundit.com/gemstones/london-blue-topaz/london-blue-topaz-aaa-grade
51,https://www.gempundit.com/gemstones/london-blue-topaz/blue-topaz-gp93423
52,https://www.gempundit.com/gemstones/london-blue-topaz/blue-topaz-gp98063
53,https://www.gempundit.com/gemstones/london-blue-topaz/blue-topaz-gp93374
54,https://www.gempundit.com/gemstones/london-blue-topaz/blue-topaz-gp93377
55,https://www.gempundit.com/gemstones/london-blue-topaz/blue-topaz-gp80034
56,https://www.gempundit.com/gemstones/london-blue-topaz/blue-topaz-gp80033
57,https://www.gempundit.com/gemstones/london-blue-topaz/blue-topaz-gp98069
58,https://www.gempundit.com/gemstones/london-blue-topaz/blue-topaz-gp98067
59,https://www.gempundit.com/gemstones/london-blue-topaz/blue-topaz-gp98068
60,https://www.gempundit.com/gemstones/london-blue-topaz/blue-topaz-gp56692
61,https://www.gempundit.com/gemstones/london-blue-topaz/blue-topaz-gp98071
62,https://www.gempundit.com/gemstones/london-blue-topaz/blue-topaz-gp93413
63,https://www.gempundit.com/gemstones/london-blue-topaz/blue-topaz-gp98070
64,https://www.gempundit.com/gemstones/london-blue-topaz/blue-topaz-gp93407
65,https://www.gempundit.com/gemstones/london-blue-topaz/blue-topaz-gp80036
66,https://www.gempundit.com/gemstones/london-blue-topaz/blue-topaz-gp93408
67,https://www.gempundit.com/gemstones/london-blue-topaz/blue-topaz-gp98072
68,https://www.gempundit.com/gemstones/london-blue-topaz/blue-topaz-gp93410
69,https://www.gempundit.com/gemstones/london-blue-topaz/blue-topaz-gp93411
70,https://www.gempundit.com/gemstones/london-blue-topaz/blue-topaz-gp95225
71,https://www.gempundit.com/gemstones/london-blue-topaz/blue-topaz-gp93397
72,https://www.gempundit.com/gemstones/london-blue-topaz/blue-topaz-gp93406
73,https://www.gempundit.com/gemstones/london-blue-topaz/blue-topaz-gp93391
74,https://www.gempundit.com/gemstones/london-blue-topaz/blue-topaz-gp95226
75,https://www.gempundit.com/gemstones/london-blue-topaz/london-blue-topaz-aaa-grade
76,https://www.gempundit.com/gemstones/london-blue-topaz/blue-topaz-gp80096
77,https://www.gempundit.com/gemstones/london-blue-topaz/blue-topaz-gp93395
78,https://www.gempundit.com/gemstones/london-blue-topaz/blue-topaz-gp95228
79,https://www.gempundit.com/gemstones/london-blue-topaz/blue-topaz-gp80099
80,https://www.gempundit.com/gemstones/london-blue-topaz/blue-topaz-gp93396
81,https://www.gempundit.com/gemstones/london-blue-topaz/blue-topaz-gp93394
82,https://www.gempundit.com/gemstones/london-blue-topaz/blue-topaz-gp80097
83,https://www.gempundit.com/gemstones/london-blue-topaz/blue-topaz-gp80098
84,https://www.gempundit.com/gemstones/london-blue-topaz/blue-topaz-gp93392
85,https://www.gempundit.com/gemstones/london-blue-topaz/blue-topaz-gp80179
86,https://www.gempundit.com/gemstones/london-blue-topaz/blue-topaz-gp93393
87,https://www.gempundit.com/gemstones/london-blue-topaz/blue-topaz-gp80174
88,https://www.gempundit.com/gemstones/london-blue-topaz/blue-topaz-gp102705
