,Malachite
0,https://www.gempundit.com/gemstones/malachite/malachite-gp41423
1,https://www.gempundit.com/gemstones/malachite/malachite-gp41447
2,https://www.gempundit.com/gemstones/malachite/malachite-gp41347
3,https://www.gempundit.com/gemstones/malachite/malachite-gp41480
4,https://www.gempundit.com/gemstones/malachite/malachite-gp41395
5,https://www.gempundit.com/gemstones/malachite/malachite-gp41450
6,https://www.gempundit.com/gemstones/malachite/malachite-gp41460
7,https://www.gempundit.com/gemstones/malachite/malachite-gp20189
8,https://www.gempundit.com/gemstones/malachite/malachite-gp41462
9,https://www.gempundit.com/gemstones/malachite/malachite-gp41385
10,https://www.gempundit.com/gemstones/malachite/malachite-gp41386
11,https://www.gempundit.com/gemstones/malachite/malachite-gp41390
12,https://www.gempundit.com/gemstones/malachite/malachite-gp41387
13,https://www.gempundit.com/gemstones/malachite/malachite-gp20170
14,https://www.gempundit.com/gemstones/malachite/malachite-gp41349
15,https://www.gempundit.com/gemstones/malachite/malachite-gp41350
16,https://www.gempundit.com/gemstones/malachite/malachite-gp20209
17,https://www.gempundit.com/gemstones/malachite/malachite-gp20149
18,https://www.gempundit.com/gemstones/malachite/malachite-gp41402
19,https://www.gempundit.com/gemstones/malachite/malachite-gp41400
20,https://www.gempundit.com/gemstones/malachite/malachite-gp41401
21,https://www.gempundit.com/gemstones/malachite/malachite-gp41358
22,https://www.gempundit.com/gemstones/malachite/malachite-gp41446
23,https://www.gempundit.com/gemstones/malachite/malachite-gp20132
24,https://www.gempundit.com/gemstones/malachite/malachite-gp20207
25,https://www.gempundit.com/gemstones/malachite/malachite-gp41444
26,https://www.gempundit.com/gemstones/malachite/malachite-gp20133
27,https://www.gempundit.com/gemstones/malachite/malachite-gp41443
28,https://www.gempundit.com/gemstones/malachite/malachite-gp41472
29,https://www.gempundit.com/gemstones/malachite/malachite-gp41442
30,https://www.gempundit.com/gemstones/malachite/malachite-gp41478
31,https://www.gempundit.com/gemstones/malachite/malachite-gp20194
32,https://www.gempundit.com/gemstones/malachite/malachite-gp41479
33,https://www.gempundit.com/gemstones/malachite/malachite-gp41476
34,https://www.gempundit.com/gemstones/malachite/malachite-gp41380
35,https://www.gempundit.com/gemstones/malachite/malachite-gp20153
36,https://www.gempundit.com/gemstones/malachite/malachite-gp20205
37,https://www.gempundit.com/gemstones/malachite/malachite-gp20162
38,https://www.gempundit.com/gemstones/malachite/malachite-gp41477
39,https://www.gempundit.com/gemstones/malachite/malachite-gp41398
40,https://www.gempundit.com/gemstones/malachite/malachite-gp20190
41,https://www.gempundit.com/gemstones/malachite/malachite-gp41394
42,https://www.gempundit.com/gemstones/malachite/malachite-gp41382
43,https://www.gempundit.com/gemstones/malachite/malachite-gp41389
44,https://www.gempundit.com/gemstones/malachite/malachite-gp41383
45,https://www.gempundit.com/gemstones/malachite/malachite-gp20160
46,https://www.gempundit.com/gemstones/malachite/malachite-gp41320
47,https://www.gempundit.com/gemstones/malachite/malachite-gp20177
48,https://www.gempundit.com/gemstones/malachite/malachite-gp41435
49,https://www.gempundit.com/gemstones/malachite/malachite-gp20142
50,https://www.gempundit.com/gemstones/malachite/malachite-gp20171
51,https://www.gempundit.com/gemstones/malachite/malachite-gp20185
52,https://www.gempundit.com/gemstones/malachite/malachite-gp20178
53,https://www.gempundit.com/gemstones/malachite/malachite-gp20164
54,https://www.gempundit.com/gemstones/malachite/malachite-gp41463
55,https://www.gempundit.com/gemstones/malachite/malachite-gp41466
56,https://www.gempundit.com/gemstones/malachite/malachite-gp41457
57,https://www.gempundit.com/gemstones/malachite/malachite-gp41341
58,https://www.gempundit.com/gemstones/malachite/malachite-gp41456
59,https://www.gempundit.com/gemstones/malachite/malachite-gp20196
60,https://www.gempundit.com/gemstones/malachite/malachite-gp41455
61,https://www.gempundit.com/gemstones/malachite/malachite-gp41342
62,https://www.gempundit.com/gemstones/malachite/malachite-gp41333
63,https://www.gempundit.com/gemstones/malachite/malachite-gp20186
64,https://www.gempundit.com/gemstones/malachite/malachite-gp20176
65,https://www.gempundit.com/gemstones/malachite/malachite-gp41344
66,https://www.gempundit.com/gemstones/malachite/malachite-gp41336
67,https://www.gempundit.com/gemstones/malachite/malachite-gp41343
68,https://www.gempundit.com/gemstones/malachite/malachite-gp41346
69,https://www.gempundit.com/gemstones/malachite/malachite-gp41328
70,https://www.gempundit.com/gemstones/malachite/malachite-gp41329
71,https://www.gempundit.com/gemstones/malachite/malachite-gp41464
72,https://www.gempundit.com/gemstones/malachite/malachite-gp41324
73,https://www.gempundit.com/gemstones/malachite/malachite-gp41331
74,https://www.gempundit.com/gemstones/malachite/malachite-gp41325
75,https://www.gempundit.com/gemstones/malachite/malachite-gp41330
76,https://www.gempundit.com/gemstones/malachite/malachite-gp41412
77,https://www.gempundit.com/gemstones/malachite/malachite-gp41418
78,https://www.gempundit.com/gemstones/malachite/malachite-gp41415
79,https://www.gempundit.com/gemstones/malachite/malachite-gp20198
80,https://www.gempundit.com/gemstones/malachite/malachite-gp41419
81,https://www.gempundit.com/gemstones/malachite/malachite-gp41370
82,https://www.gempundit.com/gemstones/malachite/malachite-gp41366
83,https://www.gempundit.com/gemstones/malachite/malachite-gp41360
84,https://www.gempundit.com/gemstones/malachite/malachite-gp41364
85,https://www.gempundit.com/gemstones/malachite/malachite-gp41334
86,https://www.gempundit.com/gemstones/malachite/malachite-gp41335
87,https://www.gempundit.com/gemstones/malachite/malachite-gp20156
88,https://www.gempundit.com/gemstones/malachite/malachite-gp20165
89,https://www.gempundit.com/gemstones/malachite/malachite-gp20139
90,https://www.gempundit.com/gemstones/malachite/malachite-gp20200
91,https://www.gempundit.com/gemstones/malachite/malachite-gp20163
92,https://www.gempundit.com/gemstones/malachite/malachite-gp41326
93,https://www.gempundit.com/gemstones/malachite/malachite-gp20161
94,https://www.gempundit.com/gemstones/malachite/malachite-gp41411
95,https://www.gempundit.com/gemstones/malachite/malachite-gp20181
96,https://www.gempundit.com/gemstones/malachite/malachite-gp20144
97,https://www.gempundit.com/gemstones/malachite/malachite-gp41408
98,https://www.gempundit.com/gemstones/malachite/malachite-gp41407
99,https://www.gempundit.com/gemstones/malachite/malachite-gp41406
100,https://www.gempundit.com/gemstones/malachite/malachite-gp20151
101,https://www.gempundit.com/gemstones/malachite/malachite-gp41321
102,https://www.gempundit.com/gemstones/malachite/malachite-gp20191
103,https://www.gempundit.com/gemstones/malachite/malachite-gp41339
104,https://www.gempundit.com/gemstones/malachite/malachite-gp41337
105,https://www.gempundit.com/gemstones/malachite/malachite-gp41376
106,https://www.gempundit.com/gemstones/malachite/malachite-gp41362
107,https://www.gempundit.com/gemstones/malachite/malachite-gp41374
108,https://www.gempundit.com/gemstones/malachite/malachite-gp41368
109,https://www.gempundit.com/gemstones/malachite/malachite-gp41372
