,Mocha Scapolite
0,https://www.gempundit.com/gemstones/mocha-scapolite/scapolite-gp93963
1,https://www.gempundit.com/gemstones/mocha-scapolite/scapolite-gp93961
2,https://www.gempundit.com/gemstones/mocha-scapolite/scapolite-gp93959
3,https://www.gempundit.com/gemstones/mocha-scapolite/scapolite-gp93958
4,https://www.gempundit.com/gemstones/mocha-scapolite/scapolite-gp93960
5,https://www.gempundit.com/gemstones/mocha-scapolite/scapolite-gp93966
6,https://www.gempundit.com/gemstones/mocha-scapolite/scapolite-gp93967
7,https://www.gempundit.com/gemstones/mocha-scapolite/scapolite-gp93965
8,https://www.gempundit.com/gemstones/mocha-scapolite/scapolite-gp93964
