,Moldavite
0,https://www.gempundit.com/gemstones/moldavite/moldavite-gp66931
1,https://www.gempundit.com/gemstones/moldavite/moldavite-gp66923
2,https://www.gempundit.com/gemstones/moldavite/moldavite-gp66942
3,https://www.gempundit.com/gemstones/moldavite/moldavite-gp66979
4,https://www.gempundit.com/gemstones/moldavite/moldavite-gp66932
5,https://www.gempundit.com/gemstones/moldavite/moldavite-gp66967
6,https://www.gempundit.com/gemstones/moldavite/moldavite-gp66965
7,https://www.gempundit.com/gemstones/moldavite/moldavite-gp64285
8,https://www.gempundit.com/gemstones/moldavite/moldavite-gp64379
9,https://www.gempundit.com/gemstones/moldavite/moldavite-gp64373
10,https://www.gempundit.com/gemstones/moldavite/moldavite-gp64333
11,https://www.gempundit.com/gemstones/moldavite/moldavite-gp64332
12,https://www.gempundit.com/gemstones/moldavite/moldavite-gp64327
13,https://www.gempundit.com/gemstones/moldavite/moldavite-gp64316
14,https://www.gempundit.com/gemstones/moldavite/moldavite-gp64299
15,https://www.gempundit.com/gemstones/moldavite/moldavite-gp64290
16,https://www.gempundit.com/gemstones/moldavite/moldavite-gp64282
17,https://www.gempundit.com/gemstones/moldavite/moldavite-gp64277
18,https://www.gempundit.com/gemstones/moldavite/moldavite-gp64271
19,https://www.gempundit.com/gemstones/moldavite/moldavite-gp70187
20,https://www.gempundit.com/gemstones/moldavite/moldavite-gp70186
21,https://www.gempundit.com/gemstones/moldavite/moldavite-gp70183
22,https://www.gempundit.com/gemstones/moldavite/moldavite-gp70182
23,https://www.gempundit.com/gemstones/moldavite/moldavite-gp70180
24,https://www.gempundit.com/gemstones/moldavite/moldavite-gp70178
25,https://www.gempundit.com/gemstones/moldavite/moldavite-gp70176
26,https://www.gempundit.com/gemstones/moldavite/moldavite-gp70175
27,https://www.gempundit.com/gemstones/moldavite/moldavite-gp70174
28,https://www.gempundit.com/gemstones/moldavite/moldavite-gp70173
29,https://www.gempundit.com/gemstones/moldavite/moldavite-gp70172
30,https://www.gempundit.com/gemstones/moldavite/moldavite-gp70171
31,https://www.gempundit.com/gemstones/moldavite/moldavite-gp70170
32,https://www.gempundit.com/gemstones/moldavite/moldavite-gp70168
33,https://www.gempundit.com/gemstones/moldavite/moldavite-gp70167
34,https://www.gempundit.com/gemstones/moldavite/moldavite-gp70166
35,https://www.gempundit.com/gemstones/moldavite/moldavite-gp70165
36,https://www.gempundit.com/gemstones/moldavite/moldavite-gp70164
37,https://www.gempundit.com/gemstones/moldavite/moldavite-gp70163
38,https://www.gempundit.com/gemstones/moldavite/moldavite-gp70162
39,https://www.gempundit.com/gemstones/moldavite/moldavite-gp70161
40,https://www.gempundit.com/gemstones/moldavite/moldavite-gp70160
41,https://www.gempundit.com/gemstones/moldavite/moldavite-gp70158
42,https://www.gempundit.com/gemstones/moldavite/moldavite-gp70156
43,https://www.gempundit.com/gemstones/moldavite/moldavite-gp70155
44,https://www.gempundit.com/gemstones/moldavite/moldavite-gp70154
45,https://www.gempundit.com/gemstones/moldavite/moldavite-gp70153
46,https://www.gempundit.com/gemstones/moldavite/moldavite-gp70152
47,https://www.gempundit.com/gemstones/moldavite/moldavite-gp70150
48,https://www.gempundit.com/gemstones/moldavite/moldavite-gp70149
49,https://www.gempundit.com/gemstones/moldavite/moldavite-gp70148
50,https://www.gempundit.com/gemstones/moldavite/moldavite-gp70147
51,https://www.gempundit.com/gemstones/moldavite/moldavite-gp70146
52,https://www.gempundit.com/gemstones/moldavite/moldavite-gp70145
53,https://www.gempundit.com/gemstones/moldavite/moldavite-gp70144
54,https://www.gempundit.com/gemstones/moldavite/moldavite-gp70143
55,https://www.gempundit.com/gemstones/moldavite/moldavite-gp70142
56,https://www.gempundit.com/gemstones/moldavite/moldavite-gp70141
57,https://www.gempundit.com/gemstones/moldavite/moldavite-gp70140
58,https://www.gempundit.com/gemstones/moldavite/moldavite-gp70139
59,https://www.gempundit.com/gemstones/moldavite/moldavite-gp70138
60,https://www.gempundit.com/gemstones/moldavite/moldavite-gp70137
61,https://www.gempundit.com/gemstones/moldavite/moldavite-gp70136
62,https://www.gempundit.com/gemstones/moldavite/moldavite-gp70134
63,https://www.gempundit.com/gemstones/moldavite/moldavite-gp70133
64,https://www.gempundit.com/gemstones/moldavite/moldavite-gp70132
65,https://www.gempundit.com/gemstones/moldavite/moldavite-gp70130
66,https://www.gempundit.com/gemstones/moldavite/moldavite-gp70129
67,https://www.gempundit.com/gemstones/moldavite/moldavite-gp70128
68,https://www.gempundit.com/gemstones/moldavite/moldavite-gp70127
69,https://www.gempundit.com/gemstones/moldavite/moldavite-gp70126
70,https://www.gempundit.com/gemstones/moldavite/moldavite-gp70123
71,https://www.gempundit.com/gemstones/moldavite/moldavite-gp70122
72,https://www.gempundit.com/gemstones/moldavite/moldavite-gp70121
73,https://www.gempundit.com/gemstones/moldavite/moldavite-gp70119
74,https://www.gempundit.com/gemstones/moldavite/moldavite-gp70117
75,https://www.gempundit.com/gemstones/moldavite/moldavite-gp70116
76,https://www.gempundit.com/gemstones/moldavite/moldavite-gp70115
77,https://www.gempundit.com/gemstones/moldavite/moldavite-gp70114
78,https://www.gempundit.com/gemstones/moldavite/moldavite-gp70113
79,https://www.gempundit.com/gemstones/moldavite/moldavite-gp70112
80,https://www.gempundit.com/gemstones/moldavite/moldavite-gp70111
81,https://www.gempundit.com/gemstones/moldavite/moldavite-gp70110
82,https://www.gempundit.com/gemstones/moldavite/moldavite-gp70109
83,https://www.gempundit.com/gemstones/moldavite/moldavite-gp70107
84,https://www.gempundit.com/gemstones/moldavite/moldavite-gp70106
85,https://www.gempundit.com/gemstones/moldavite/moldavite-gp70105
86,https://www.gempundit.com/gemstones/moldavite/moldavite-gp70104
87,https://www.gempundit.com/gemstones/moldavite/moldavite-gp70102
88,https://www.gempundit.com/gemstones/moldavite/moldavite-gp70101
89,https://www.gempundit.com/gemstones/moldavite/moldavite-gp70100
90,https://www.gempundit.com/gemstones/moldavite/moldavite-gp70099
91,https://www.gempundit.com/gemstones/moldavite/moldavite-gp70097
92,https://www.gempundit.com/gemstones/moldavite/moldavite-gp70096
93,https://www.gempundit.com/gemstones/moldavite/moldavite-gp70095
94,https://www.gempundit.com/gemstones/moldavite/moldavite-gp70093
95,https://www.gempundit.com/gemstones/moldavite/moldavite-gp70091
96,https://www.gempundit.com/gemstones/moldavite/moldavite-gp70090
97,https://www.gempundit.com/gemstones/moldavite/moldavite-gp70089
98,https://www.gempundit.com/gemstones/moldavite/moldavite-gp70088
99,https://www.gempundit.com/gemstones/moldavite/moldavite-gp70087
100,https://www.gempundit.com/gemstones/moldavite/moldavite-gp70086
101,https://www.gempundit.com/gemstones/moldavite/moldavite-gp70084
102,https://www.gempundit.com/gemstones/moldavite/moldavite-gp70083
103,https://www.gempundit.com/gemstones/moldavite/moldavite-gp70082
104,https://www.gempundit.com/gemstones/moldavite/moldavite-gp70081
105,https://www.gempundit.com/gemstones/moldavite/moldavite-gp70080
106,https://www.gempundit.com/gemstones/moldavite/moldavite-gp70079
107,https://www.gempundit.com/gemstones/moldavite/moldavite-gp70078
108,https://www.gempundit.com/gemstones/moldavite/moldavite-gp70076
109,https://www.gempundit.com/gemstones/moldavite/moldavite-gp70075
110,https://www.gempundit.com/gemstones/moldavite/moldavite-gp70074
111,https://www.gempundit.com/gemstones/moldavite/moldavite-gp70073
112,https://www.gempundit.com/gemstones/moldavite/moldavite-gp70072
113,https://www.gempundit.com/gemstones/moldavite/moldavite-gp70071
114,https://www.gempundit.com/gemstones/moldavite/moldavite-gp70070
115,https://www.gempundit.com/gemstones/moldavite/moldavite-gp70069
116,https://www.gempundit.com/gemstones/moldavite/moldavite-gp70068
117,https://www.gempundit.com/gemstones/moldavite/moldavite-gp70066
118,https://www.gempundit.com/gemstones/moldavite/moldavite-gp70065
119,https://www.gempundit.com/gemstones/moldavite/moldavite-gp70064
120,https://www.gempundit.com/gemstones/moldavite/moldavite-gp70063
121,https://www.gempundit.com/gemstones/moldavite/moldavite-gp70062
122,https://www.gempundit.com/gemstones/moldavite/moldavite-gp70058
123,https://www.gempundit.com/gemstones/moldavite/moldavite-gp70056
124,https://www.gempundit.com/gemstones/moldavite/moldavite-gp70030
125,https://www.gempundit.com/gemstones/moldavite/moldavite-gp70029
126,https://www.gempundit.com/gemstones/moldavite/moldavite-gp70028
127,https://www.gempundit.com/gemstones/moldavite/moldavite-gp70027
128,https://www.gempundit.com/gemstones/moldavite/moldavite-gp70026
129,https://www.gempundit.com/gemstones/moldavite/moldavite-gp70025
130,https://www.gempundit.com/gemstones/moldavite/moldavite-gp70024
131,https://www.gempundit.com/gemstones/moldavite/moldavite-gp70023
132,https://www.gempundit.com/gemstones/moldavite/moldavite-gp70011
133,https://www.gempundit.com/gemstones/moldavite/moldavite-gp70010
134,https://www.gempundit.com/gemstones/moldavite/moldavite-gp70009
135,https://www.gempundit.com/gemstones/moldavite/moldavite-gp70006
136,https://www.gempundit.com/gemstones/moldavite/moldavite-gp70005
137,https://www.gempundit.com/gemstones/moldavite/moldavite-gp70004
138,https://www.gempundit.com/gemstones/moldavite/moldavite-gp70003
139,https://www.gempundit.com/gemstones/moldavite/moldavite-gp70002
140,https://www.gempundit.com/gemstones/moldavite/moldavite-gp70001
141,https://www.gempundit.com/gemstones/moldavite/moldavite-gp70000
142,https://www.gempundit.com/gemstones/moldavite/moldavite-gp69999
143,https://www.gempundit.com/gemstones/moldavite/moldavite-gp69998
144,https://www.gempundit.com/gemstones/moldavite/moldavite-gp69996
145,https://www.gempundit.com/gemstones/moldavite/moldavite-gp69995
146,https://www.gempundit.com/gemstones/moldavite/moldavite-gp69994
147,https://www.gempundit.com/gemstones/moldavite/moldavite-gp69993
148,https://www.gempundit.com/gemstones/moldavite/moldavite-gp69992
149,https://www.gempundit.com/gemstones/moldavite/moldavite-gp69990
150,https://www.gempundit.com/gemstones/moldavite/moldavite-gp69971
151,https://www.gempundit.com/gemstones/moldavite/moldavite-gp69970
152,https://www.gempundit.com/gemstones/moldavite/moldavite-gp69969
153,https://www.gempundit.com/gemstones/moldavite/moldavite-gp69968
154,https://www.gempundit.com/gemstones/moldavite/moldavite-gp69967
155,https://www.gempundit.com/gemstones/moldavite/moldavite-gp69965
156,https://www.gempundit.com/gemstones/moldavite/moldavite-gp69964
157,https://www.gempundit.com/gemstones/moldavite/moldavite-gp69960
158,https://www.gempundit.com/gemstones/moldavite/moldavite-gp69957
159,https://www.gempundit.com/gemstones/moldavite/moldavite-gp69951
160,https://www.gempundit.com/gemstones/moldavite/moldavite-gp69950
161,https://www.gempundit.com/gemstones/moldavite/moldavite-gp69947
162,https://www.gempundit.com/gemstones/moldavite/moldavite-gp70059
163,https://www.gempundit.com/gemstones/moldavite/moldavite-gp70057
164,https://www.gempundit.com/gemstones/moldavite/moldavite-gp70054
165,https://www.gempundit.com/gemstones/moldavite/moldavite-gp70051
166,https://www.gempundit.com/gemstones/moldavite/moldavite-gp70050
167,https://www.gempundit.com/gemstones/moldavite/moldavite-gp70049
168,https://www.gempundit.com/gemstones/moldavite/moldavite-gp70048
169,https://www.gempundit.com/gemstones/moldavite/moldavite-gp70047
170,https://www.gempundit.com/gemstones/moldavite/moldavite-gp70046
171,https://www.gempundit.com/gemstones/moldavite/moldavite-gp70045
172,https://www.gempundit.com/gemstones/moldavite/moldavite-gp70044
173,https://www.gempundit.com/gemstones/moldavite/moldavite-gp70043
174,https://www.gempundit.com/gemstones/moldavite/moldavite-gp70042
175,https://www.gempundit.com/gemstones/moldavite/moldavite-gp70041
176,https://www.gempundit.com/gemstones/moldavite/moldavite-gp70039
177,https://www.gempundit.com/gemstones/moldavite/moldavite-gp70037
178,https://www.gempundit.com/gemstones/moldavite/moldavite-gp70036
179,https://www.gempundit.com/gemstones/moldavite/moldavite-gp70034
180,https://www.gempundit.com/gemstones/moldavite/moldavite-gp70032
181,https://www.gempundit.com/gemstones/moldavite/moldavite-gp70021
182,https://www.gempundit.com/gemstones/moldavite/moldavite-gp70019
183,https://www.gempundit.com/gemstones/moldavite/moldavite-gp70018
184,https://www.gempundit.com/gemstones/moldavite/moldavite-gp70017
185,https://www.gempundit.com/gemstones/moldavite/moldavite-gp70016
186,https://www.gempundit.com/gemstones/moldavite/moldavite-gp70015
187,https://www.gempundit.com/gemstones/moldavite/moldavite-gp70014
188,https://www.gempundit.com/gemstones/moldavite/moldavite-gp70013
189,https://www.gempundit.com/gemstones/moldavite/moldavite-gp70012
190,https://www.gempundit.com/gemstones/moldavite/moldavite-gp69991
191,https://www.gempundit.com/gemstones/moldavite/moldavite-gp69989
192,https://www.gempundit.com/gemstones/moldavite/moldavite-gp69988
193,https://www.gempundit.com/gemstones/moldavite/moldavite-gp69987
194,https://www.gempundit.com/gemstones/moldavite/moldavite-gp69986
195,https://www.gempundit.com/gemstones/moldavite/moldavite-gp69985
196,https://www.gempundit.com/gemstones/moldavite/moldavite-gp69984
197,https://www.gempundit.com/gemstones/moldavite/moldavite-gp69982
198,https://www.gempundit.com/gemstones/moldavite/moldavite-gp69981
199,https://www.gempundit.com/gemstones/moldavite/moldavite-gp69980
200,https://www.gempundit.com/gemstones/moldavite/moldavite-gp69979
201,https://www.gempundit.com/gemstones/moldavite/moldavite-gp69977
202,https://www.gempundit.com/gemstones/moldavite/moldavite-gp69976
203,https://www.gempundit.com/gemstones/moldavite/moldavite-gp69975
204,https://www.gempundit.com/gemstones/moldavite/moldavite-gp69974
205,https://www.gempundit.com/gemstones/moldavite/moldavite-gp69973
206,https://www.gempundit.com/gemstones/moldavite/moldavite-gp69963
207,https://www.gempundit.com/gemstones/moldavite/moldavite-gp69962
208,https://www.gempundit.com/gemstones/moldavite/moldavite-gp69961
209,https://www.gempundit.com/gemstones/moldavite/moldavite-gp69959
210,https://www.gempundit.com/gemstones/moldavite/moldavite-gp69958
211,https://www.gempundit.com/gemstones/moldavite/moldavite-gp69956
212,https://www.gempundit.com/gemstones/moldavite/moldavite-gp69955
213,https://www.gempundit.com/gemstones/moldavite/moldavite-gp69952
214,https://www.gempundit.com/gemstones/moldavite/moldavite-gp66784
215,https://www.gempundit.com/gemstones/moldavite/moldavite-gp66781
216,https://www.gempundit.com/gemstones/moldavite/moldavite-gp66780
217,https://www.gempundit.com/gemstones/moldavite/moldavite-gp66779
218,https://www.gempundit.com/gemstones/moldavite/moldavite-gp66765
219,https://www.gempundit.com/gemstones/moldavite/moldavite-gp66758
220,https://www.gempundit.com/gemstones/moldavite/moldavite-gp66751
221,https://www.gempundit.com/gemstones/moldavite/moldavite-gp66750
222,https://www.gempundit.com/gemstones/moldavite/moldavite-gp66786
223,https://www.gempundit.com/gemstones/moldavite/moldavite-gp66785
224,https://www.gempundit.com/gemstones/moldavite/moldavite-gp66783
225,https://www.gempundit.com/gemstones/moldavite/moldavite-gp66782
226,https://www.gempundit.com/gemstones/moldavite/moldavite-gp66778
227,https://www.gempundit.com/gemstones/moldavite/moldavite-gp66777
228,https://www.gempundit.com/gemstones/moldavite/moldavite-gp66776
229,https://www.gempundit.com/gemstones/moldavite/moldavite-gp66766
230,https://www.gempundit.com/gemstones/moldavite/moldavite-gp66764
231,https://www.gempundit.com/gemstones/moldavite/moldavite-gp66763
232,https://www.gempundit.com/gemstones/moldavite/moldavite-gp66762
233,https://www.gempundit.com/gemstones/moldavite/moldavite-gp66761
234,https://www.gempundit.com/gemstones/moldavite/moldavite-gp66760
235,https://www.gempundit.com/gemstones/moldavite/moldavite-gp66759
236,https://www.gempundit.com/gemstones/moldavite/moldavite-gp66757
237,https://www.gempundit.com/gemstones/moldavite/moldavite-gp66755
238,https://www.gempundit.com/gemstones/moldavite/moldavite-gp66753
239,https://www.gempundit.com/gemstones/moldavite/moldavite-gp66752
240,https://www.gempundit.com/gemstones/moldavite/moldavite-gp66749
241,https://www.gempundit.com/gemstones/moldavite/moldavite-gp66748
242,https://www.gempundit.com/gemstones/moldavite/moldavite-gp66775
243,https://www.gempundit.com/gemstones/moldavite/moldavite-gp66886
244,https://www.gempundit.com/gemstones/moldavite/moldavite-gp66885
245,https://www.gempundit.com/gemstones/moldavite/moldavite-gp66884
246,https://www.gempundit.com/gemstones/moldavite/moldavite-gp66883
247,https://www.gempundit.com/gemstones/moldavite/moldavite-gp66882
248,https://www.gempundit.com/gemstones/moldavite/moldavite-gp66881
249,https://www.gempundit.com/gemstones/moldavite/moldavite-gp66880
250,https://www.gempundit.com/gemstones/moldavite/moldavite-gp66879
251,https://www.gempundit.com/gemstones/moldavite/moldavite-gp66878
252,https://www.gempundit.com/gemstones/moldavite/moldavite-gp66877
253,https://www.gempundit.com/gemstones/moldavite/moldavite-gp66876
254,https://www.gempundit.com/gemstones/moldavite/moldavite-gp66875
255,https://www.gempundit.com/gemstones/moldavite/moldavite-gp66873
256,https://www.gempundit.com/gemstones/moldavite/moldavite-gp66872
257,https://www.gempundit.com/gemstones/moldavite/moldavite-gp66870
258,https://www.gempundit.com/gemstones/moldavite/moldavite-gp66869
259,https://www.gempundit.com/gemstones/moldavite/moldavite-gp66868
260,https://www.gempundit.com/gemstones/moldavite/moldavite-gp66867
261,https://www.gempundit.com/gemstones/moldavite/moldavite-gp66865
262,https://www.gempundit.com/gemstones/moldavite/moldavite-gp66863
263,https://www.gempundit.com/gemstones/moldavite/moldavite-gp66862
264,https://www.gempundit.com/gemstones/moldavite/moldavite-gp66861
265,https://www.gempundit.com/gemstones/moldavite/moldavite-gp66860
266,https://www.gempundit.com/gemstones/moldavite/moldavite-gp66858
267,https://www.gempundit.com/gemstones/moldavite/moldavite-gp66856
268,https://www.gempundit.com/gemstones/moldavite/moldavite-gp66855
269,https://www.gempundit.com/gemstones/moldavite/moldavite-gp66854
270,https://www.gempundit.com/gemstones/moldavite/moldavite-gp66853
271,https://www.gempundit.com/gemstones/moldavite/moldavite-gp66852
272,https://www.gempundit.com/gemstones/moldavite/moldavite-gp66851
273,https://www.gempundit.com/gemstones/moldavite/moldavite-gp66850
274,https://www.gempundit.com/gemstones/moldavite/moldavite-gp66849
275,https://www.gempundit.com/gemstones/moldavite/moldavite-gp66848
276,https://www.gempundit.com/gemstones/moldavite/moldavite-gp66846
277,https://www.gempundit.com/gemstones/moldavite/moldavite-gp66845
278,https://www.gempundit.com/gemstones/moldavite/moldavite-gp66844
279,https://www.gempundit.com/gemstones/moldavite/moldavite-gp66843
280,https://www.gempundit.com/gemstones/moldavite/moldavite-gp66842
281,https://www.gempundit.com/gemstones/moldavite/moldavite-gp66841
282,https://www.gempundit.com/gemstones/moldavite/moldavite-gp66840
283,https://www.gempundit.com/gemstones/moldavite/moldavite-gp66839
284,https://www.gempundit.com/gemstones/moldavite/moldavite-gp66838
285,https://www.gempundit.com/gemstones/moldavite/moldavite-gp66837
286,https://www.gempundit.com/gemstones/moldavite/moldavite-gp66836
287,https://www.gempundit.com/gemstones/moldavite/moldavite-gp66835
288,https://www.gempundit.com/gemstones/moldavite/moldavite-gp66834
289,https://www.gempundit.com/gemstones/moldavite/moldavite-gp66833
290,https://www.gempundit.com/gemstones/moldavite/moldavite-gp66832
291,https://www.gempundit.com/gemstones/moldavite/moldavite-gp66829
292,https://www.gempundit.com/gemstones/moldavite/moldavite-gp66826
293,https://www.gempundit.com/gemstones/moldavite/moldavite-gp66825
294,https://www.gempundit.com/gemstones/moldavite/moldavite-gp66823
295,https://www.gempundit.com/gemstones/moldavite/moldavite-gp66821
296,https://www.gempundit.com/gemstones/moldavite/moldavite-gp66820
297,https://www.gempundit.com/gemstones/moldavite/moldavite-gp66819
298,https://www.gempundit.com/gemstones/moldavite/moldavite-gp66818
299,https://www.gempundit.com/gemstones/moldavite/moldavite-gp66816
300,https://www.gempundit.com/gemstones/moldavite/moldavite-gp66815
301,https://www.gempundit.com/gemstones/moldavite/moldavite-gp66814
302,https://www.gempundit.com/gemstones/moldavite/moldavite-gp66813
303,https://www.gempundit.com/gemstones/moldavite/moldavite-gp66812
304,https://www.gempundit.com/gemstones/moldavite/moldavite-gp66811
305,https://www.gempundit.com/gemstones/moldavite/moldavite-gp66810
306,https://www.gempundit.com/gemstones/moldavite/moldavite-gp66809
307,https://www.gempundit.com/gemstones/moldavite/moldavite-gp66808
308,https://www.gempundit.com/gemstones/moldavite/moldavite-gp66806
309,https://www.gempundit.com/gemstones/moldavite/moldavite-gp66805
310,https://www.gempundit.com/gemstones/moldavite/moldavite-gp66804
311,https://www.gempundit.com/gemstones/moldavite/moldavite-gp66803
312,https://www.gempundit.com/gemstones/moldavite/moldavite-gp66801
313,https://www.gempundit.com/gemstones/moldavite/moldavite-gp66800
314,https://www.gempundit.com/gemstones/moldavite/moldavite-gp66799
315,https://www.gempundit.com/gemstones/moldavite/moldavite-gp66798
316,https://www.gempundit.com/gemstones/moldavite/moldavite-gp66797
317,https://www.gempundit.com/gemstones/moldavite/moldavite-gp66795
318,https://www.gempundit.com/gemstones/moldavite/moldavite-gp66794
319,https://www.gempundit.com/gemstones/moldavite/moldavite-gp66793
320,https://www.gempundit.com/gemstones/moldavite/moldavite-gp66792
321,https://www.gempundit.com/gemstones/moldavite/moldavite-gp66791
322,https://www.gempundit.com/gemstones/moldavite/moldavite-gp66790
323,https://www.gempundit.com/gemstones/moldavite/moldavite-gp66788
324,https://www.gempundit.com/gemstones/moldavite/moldavite-gp66774
325,https://www.gempundit.com/gemstones/moldavite/moldavite-gp66773
326,https://www.gempundit.com/gemstones/moldavite/moldavite-gp66772
327,https://www.gempundit.com/gemstones/moldavite/moldavite-gp66771
328,https://www.gempundit.com/gemstones/moldavite/moldavite-gp66770
329,https://www.gempundit.com/gemstones/moldavite/moldavite-gp66769
330,https://www.gempundit.com/gemstones/moldavite/moldavite-gp66768
331,https://www.gempundit.com/gemstones/moldavite/moldavite-gp66767
332,https://www.gempundit.com/gemstones/moldavite/moldavite-gp66978
333,https://www.gempundit.com/gemstones/moldavite/moldavite-gp66961
334,https://www.gempundit.com/gemstones/moldavite/moldavite-gp66957
335,https://www.gempundit.com/gemstones/moldavite/moldavite-gp66934
336,https://www.gempundit.com/gemstones/moldavite/moldavite-gp66929
337,https://www.gempundit.com/gemstones/moldavite/moldavite-gp67051
338,https://www.gempundit.com/gemstones/moldavite/moldavite-gp67050
339,https://www.gempundit.com/gemstones/moldavite/moldavite-gp67009
340,https://www.gempundit.com/gemstones/moldavite/moldavite-gp66984
341,https://www.gempundit.com/gemstones/moldavite/moldavite-gp66975
342,https://www.gempundit.com/gemstones/moldavite/moldavite-gp66966
343,https://www.gempundit.com/gemstones/moldavite/moldavite-gp66964
344,https://www.gempundit.com/gemstones/moldavite/moldavite-gp66963
345,https://www.gempundit.com/gemstones/moldavite/moldavite-gp66960
346,https://www.gempundit.com/gemstones/moldavite/moldavite-gp66959
347,https://www.gempundit.com/gemstones/moldavite/moldavite-gp66958
348,https://www.gempundit.com/gemstones/moldavite/moldavite-gp66956
349,https://www.gempundit.com/gemstones/moldavite/moldavite-gp66955
350,https://www.gempundit.com/gemstones/moldavite/moldavite-gp66953
351,https://www.gempundit.com/gemstones/moldavite/moldavite-gp66952
352,https://www.gempundit.com/gemstones/moldavite/moldavite-gp66951
353,https://www.gempundit.com/gemstones/moldavite/moldavite-gp66950
354,https://www.gempundit.com/gemstones/moldavite/moldavite-gp66948
355,https://www.gempundit.com/gemstones/moldavite/moldavite-gp66943
356,https://www.gempundit.com/gemstones/moldavite/moldavite-gp66941
357,https://www.gempundit.com/gemstones/moldavite/moldavite-gp66937
358,https://www.gempundit.com/gemstones/moldavite/moldavite-gp66936
359,https://www.gempundit.com/gemstones/moldavite/moldavite-gp66935
360,https://www.gempundit.com/gemstones/moldavite/moldavite-gp66930
361,https://www.gempundit.com/gemstones/moldavite/moldavite-gp66928
362,https://www.gempundit.com/gemstones/moldavite/moldavite-gp66927
363,https://www.gempundit.com/gemstones/moldavite/moldavite-gp66926
364,https://www.gempundit.com/gemstones/moldavite/moldavite-gp66925
365,https://www.gempundit.com/gemstones/moldavite/moldavite-gp66924
366,https://www.gempundit.com/gemstones/moldavite/moldavite-gp66919
367,https://www.gempundit.com/gemstones/moldavite/moldavite-gp66917
368,https://www.gempundit.com/gemstones/moldavite/moldavite-gp66915
369,https://www.gempundit.com/gemstones/moldavite/moldavite-gp66912
370,https://www.gempundit.com/gemstones/moldavite/moldavite-gp66910
371,https://www.gempundit.com/gemstones/moldavite/moldavite-gp66904
372,https://www.gempundit.com/gemstones/moldavite/moldavite-gp66903
373,https://www.gempundit.com/gemstones/moldavite/moldavite-gp66901
374,https://www.gempundit.com/gemstones/moldavite/moldavite-gp66992
375,https://www.gempundit.com/gemstones/moldavite/moldavite-gp66991
376,https://www.gempundit.com/gemstones/moldavite/moldavite-gp66990
377,https://www.gempundit.com/gemstones/moldavite/moldavite-gp66988
378,https://www.gempundit.com/gemstones/moldavite/moldavite-gp66986
379,https://www.gempundit.com/gemstones/moldavite/moldavite-gp66985
380,https://www.gempundit.com/gemstones/moldavite/moldavite-gp66982
381,https://www.gempundit.com/gemstones/moldavite/moldavite-gp66980
382,https://www.gempundit.com/gemstones/moldavite/moldavite-gp66976
383,https://www.gempundit.com/gemstones/moldavite/moldavite-gp66970
384,https://www.gempundit.com/gemstones/moldavite/moldavite-gp66954
385,https://www.gempundit.com/gemstones/moldavite/moldavite-gp66918
386,https://www.gempundit.com/gemstones/moldavite/moldavite-gp66908
387,https://www.gempundit.com/gemstones/moldavite/moldavite-gp66907
388,https://www.gempundit.com/gemstones/moldavite/moldavite-gp66899
389,https://www.gempundit.com/gemstones/moldavite/moldavite-gp66898
390,https://www.gempundit.com/gemstones/moldavite/moldavite-gp66896
391,https://www.gempundit.com/gemstones/moldavite/moldavite-gp64385
392,https://www.gempundit.com/gemstones/moldavite/moldavite-gp64383
393,https://www.gempundit.com/gemstones/moldavite/moldavite-gp64381
394,https://www.gempundit.com/gemstones/moldavite/moldavite-gp64378
395,https://www.gempundit.com/gemstones/moldavite/moldavite-gp64375
396,https://www.gempundit.com/gemstones/moldavite/moldavite-gp64374
397,https://www.gempundit.com/gemstones/moldavite/moldavite-gp64366
398,https://www.gempundit.com/gemstones/moldavite/moldavite-gp64363
399,https://www.gempundit.com/gemstones/moldavite/moldavite-gp64361
400,https://www.gempundit.com/gemstones/moldavite/moldavite-gp64359
401,https://www.gempundit.com/gemstones/moldavite/moldavite-gp64354
402,https://www.gempundit.com/gemstones/moldavite/moldavite-gp64353
403,https://www.gempundit.com/gemstones/moldavite/moldavite-gp64352
404,https://www.gempundit.com/gemstones/moldavite/moldavite-gp64348
405,https://www.gempundit.com/gemstones/moldavite/moldavite-gp64346
406,https://www.gempundit.com/gemstones/moldavite/moldavite-gp64345
407,https://www.gempundit.com/gemstones/moldavite/moldavite-gp64340
408,https://www.gempundit.com/gemstones/moldavite/moldavite-gp64337
409,https://www.gempundit.com/gemstones/moldavite/moldavite-gp64328
410,https://www.gempundit.com/gemstones/moldavite/moldavite-gp64326
411,https://www.gempundit.com/gemstones/moldavite/moldavite-gp64325
412,https://www.gempundit.com/gemstones/moldavite/moldavite-gp64324
413,https://www.gempundit.com/gemstones/moldavite/moldavite-gp64320
414,https://www.gempundit.com/gemstones/moldavite/moldavite-gp64318
415,https://www.gempundit.com/gemstones/moldavite/moldavite-gp64317
416,https://www.gempundit.com/gemstones/moldavite/moldavite-gp64314
417,https://www.gempundit.com/gemstones/moldavite/moldavite-gp64312
418,https://www.gempundit.com/gemstones/moldavite/moldavite-gp64310
419,https://www.gempundit.com/gemstones/moldavite/moldavite-gp64309
420,https://www.gempundit.com/gemstones/moldavite/moldavite-gp64306
421,https://www.gempundit.com/gemstones/moldavite/moldavite-gp64305
422,https://www.gempundit.com/gemstones/moldavite/moldavite-gp64304
423,https://www.gempundit.com/gemstones/moldavite/moldavite-gp64302
424,https://www.gempundit.com/gemstones/moldavite/moldavite-gp64301
425,https://www.gempundit.com/gemstones/moldavite/moldavite-gp64300
426,https://www.gempundit.com/gemstones/moldavite/moldavite-gp64298
427,https://www.gempundit.com/gemstones/moldavite/moldavite-gp64297
428,https://www.gempundit.com/gemstones/moldavite/moldavite-gp64294
429,https://www.gempundit.com/gemstones/moldavite/moldavite-gp64293
430,https://www.gempundit.com/gemstones/moldavite/moldavite-gp64289
431,https://www.gempundit.com/gemstones/moldavite/moldavite-gp64287
432,https://www.gempundit.com/gemstones/moldavite/moldavite-gp64286
433,https://www.gempundit.com/gemstones/moldavite/moldavite-gp64284
434,https://www.gempundit.com/gemstones/moldavite/moldavite-gp64281
435,https://www.gempundit.com/gemstones/moldavite/moldavite-gp64280
436,https://www.gempundit.com/gemstones/moldavite/moldavite-gp64275
437,https://www.gempundit.com/gemstones/moldavite/moldavite-gp64268
438,https://www.gempundit.com/gemstones/moldavite/moldavite-gp64267
439,https://www.gempundit.com/gemstones/moldavite/moldavite-gp64266
440,https://www.gempundit.com/gemstones/moldavite/moldavite-gp64265
441,https://www.gempundit.com/gemstones/moldavite/moldavite-gp63420
442,https://www.gempundit.com/gemstones/moldavite/moldavite-gp56958
443,https://www.gempundit.com/gemstones/moldavite/moldavite-gp56955
444,https://www.gempundit.com/gemstones/moldavite/moldavite-gp56951
445,https://www.gempundit.com/gemstones/moldavite/moldavite-gp56950
446,https://www.gempundit.com/gemstones/moldavite/moldavite-gp56948
447,https://www.gempundit.com/gemstones/moldavite/moldavite-gp56944
448,https://www.gempundit.com/gemstones/moldavite/moldavite-gp56942
449,https://www.gempundit.com/gemstones/moldavite/moldavite-gp56941
450,https://www.gempundit.com/gemstones/moldavite/moldavite-gp56940
451,https://www.gempundit.com/gemstones/moldavite/moldavite-gp56936
452,https://www.gempundit.com/gemstones/moldavite/moldavite-gp56935
453,https://www.gempundit.com/gemstones/moldavite/moldavite-gp53835
454,https://www.gempundit.com/gemstones/moldavite/moldavite-gp53812
455,https://www.gempundit.com/gemstones/moldavite/moldavite-gp53808
456,https://www.gempundit.com/gemstones/moldavite/moldavite-gp53797
457,https://www.gempundit.com/gemstones/moldavite/moldavite-gp53794
458,https://www.gempundit.com/gemstones/moldavite/moldavite-gp53790
459,https://www.gempundit.com/gemstones/moldavite/moldavite-gp53779
460,https://www.gempundit.com/gemstones/moldavite/moldavite-gp53778
461,https://www.gempundit.com/gemstones/moldavite/moldavite-gp53759
462,https://www.gempundit.com/gemstones/moldavite/moldavite-gp53721
463,https://www.gempundit.com/gemstones/moldavite/moldavite-gp53700
464,https://www.gempundit.com/gemstones/moldavite/moldavite-gp53823
465,https://www.gempundit.com/gemstones/moldavite/moldavite-gp53816
466,https://www.gempundit.com/gemstones/moldavite/moldavite-gp53813
467,https://www.gempundit.com/gemstones/moldavite/moldavite-gp53805
468,https://www.gempundit.com/gemstones/moldavite/moldavite-gp53792
469,https://www.gempundit.com/gemstones/moldavite/moldavite-gp53787
470,https://www.gempundit.com/gemstones/moldavite/moldavite-gp53680
471,https://www.gempundit.com/gemstones/moldavite/moldavite-gp53838
472,https://www.gempundit.com/gemstones/moldavite/moldavite-gp53837
473,https://www.gempundit.com/gemstones/moldavite/moldavite-gp53820
474,https://www.gempundit.com/gemstones/moldavite/moldavite-gp53818
475,https://www.gempundit.com/gemstones/moldavite/moldavite-gp53649
476,https://www.gempundit.com/gemstones/moldavite/moldavite-gp48660
477,https://www.gempundit.com/gemstones/moldavite/moldavite-gp48699
478,https://www.gempundit.com/gemstones/moldavite/moldavite-gp48680
479,https://www.gempundit.com/gemstones/moldavite/moldavite-gp48670
480,https://www.gempundit.com/gemstones/moldavite/moldavite-gp48667
481,https://www.gempundit.com/gemstones/moldavite/moldavite-gp44757
482,https://www.gempundit.com/gemstones/moldavite/moldavite-gp44631
483,https://www.gempundit.com/gemstones/moldavite/moldavite-gp67057
484,https://www.gempundit.com/gemstones/moldavite/moldavite-gp67056
485,https://www.gempundit.com/gemstones/moldavite/moldavite-gp66971
486,https://www.gempundit.com/gemstones/moldavite/moldavite-gp66968
