,Moonstone
0,https://www.gempundit.com/gemstones/moonstone/moonstone-gp64602
1,https://www.gempundit.com/gemstones/moonstone/moonstone-gp64600
2,https://www.gempundit.com/gemstones/moonstone/moonstone-gp77306
3,https://www.gempundit.com/gemstones/moonstone/moonstone-gp64596
4,https://www.gempundit.com/gemstones/moonstone/moonstone-gp77292
5,https://www.gempundit.com/gemstones/moonstone/moonstone-gp77309
6,https://www.gempundit.com/gemstones/moonstone/moonstone-gp73318
7,https://www.gempundit.com/gemstones/moonstone/moonstone-gp77286
8,https://www.gempundit.com/gemstones/moonstone/moonstone-gp64649
9,https://www.gempundit.com/gemstones/moonstone/moonstone-gp77287
10,https://www.gempundit.com/gemstones/moonstone/moonstone-gp77302
11,https://www.gempundit.com/gemstones/moonstone/moonstone-gp77295
12,https://www.gempundit.com/gemstones/moonstone/moonstone-gp77307
13,https://www.gempundit.com/gemstones/moonstone/moonstone-gp73395
14,https://www.gempundit.com/gemstones/moonstone/moonstone-gp77299
15,https://www.gempundit.com/gemstones/moonstone/moonstone-gp73392
16,https://www.gempundit.com/gemstones/moonstone/moonstone-gp73389
17,https://www.gempundit.com/gemstones/moonstone/moonstone-gp89138
18,https://www.gempundit.com/gemstones/moonstone/moonstone-gp77308
19,https://www.gempundit.com/gemstones/moonstone/moonstone-gp77304
20,https://www.gempundit.com/gemstones/moonstone/moonstone-gp73393
21,https://www.gempundit.com/gemstones/moonstone/moonstone-gp77296
22,https://www.gempundit.com/gemstones/moonstone/moonstone-gp77301
23,https://www.gempundit.com/gemstones/moonstone/moonstone-gp73394
24,https://www.gempundit.com/gemstones/moonstone/moonstone-gp64625
25,https://www.gempundit.com/gemstones/moonstone/moonstone-gp73391
26,https://www.gempundit.com/gemstones/moonstone/moonstone-gp64647
27,https://www.gempundit.com/gemstones/moonstone/moonstone-gp64616
28,https://www.gempundit.com/gemstones/moonstone/moonstone-gp92660
29,https://www.gempundit.com/gemstones/moonstone/moonstone-gp73397
30,https://www.gempundit.com/gemstones/moonstone/moonstone-gp77276
31,https://www.gempundit.com/gemstones/moonstone/moonstone-gp64627
32,https://www.gempundit.com/gemstones/moonstone/moonstone-gp77279
33,https://www.gempundit.com/gemstones/moonstone/moonstone-gp77297
34,https://www.gempundit.com/gemstones/moonstone/moonstone-gp73390
35,https://www.gempundit.com/gemstones/moonstone/moonstone-gp64651
36,https://www.gempundit.com/gemstones/moonstone/moonstone-gp64614
37,https://www.gempundit.com/gemstones/moonstone/moonstone-gp64601
38,https://www.gempundit.com/gemstones/moonstone/moonstone-gp77278
39,https://www.gempundit.com/gemstones/moonstone/moonstone-gp64626
40,https://www.gempundit.com/gemstones/moonstone/moonstone-gp64645
41,https://www.gempundit.com/gemstones/moonstone/moonstone-gp64633
42,https://www.gempundit.com/gemstones/moonstone/moonstone-gp64599
43,https://www.gempundit.com/gemstones/moonstone/moonstone-gp64598
44,https://www.gempundit.com/gemstones/moonstone/moonstone-gp64612
45,https://www.gempundit.com/gemstones/moonstone/moonstone-gp64593
46,https://www.gempundit.com/gemstones/moonstone/moonstone-gp77282
47,https://www.gempundit.com/gemstones/moonstone/moonstone-gp77281
48,https://www.gempundit.com/gemstones/moonstone/moonstone-gp77283
49,https://www.gempundit.com/gemstones/moonstone/moonstone-gp77280
50,https://www.gempundit.com/gemstones/moonstone/moonstone-gp64603
51,https://www.gempundit.com/gemstones/moonstone/moonstone-gp73374
52,https://www.gempundit.com/gemstones/moonstone/moonstone-gp64608
53,https://www.gempundit.com/gemstones/moonstone/moonstone-gp64613
54,https://www.gempundit.com/gemstones/moonstone/moonstone-gp64604
55,https://www.gempundit.com/gemstones/moonstone/moonstone-gp89335
56,https://www.gempundit.com/gemstones/moonstone/moonstone-gp73370
57,https://www.gempundit.com/gemstones/moonstone/moonstone-gp73377
58,https://www.gempundit.com/gemstones/moonstone/moonstone-gp73371
59,https://www.gempundit.com/gemstones/moonstone/moonstone-gp73368
60,https://www.gempundit.com/gemstones/moonstone/moonstone-gp103340
61,https://www.gempundit.com/gemstones/moonstone/moonstone-gp73373
62,https://www.gempundit.com/gemstones/moonstone/moonstone-gp73364
63,https://www.gempundit.com/gemstones/moonstone/moonstone-gp73367
64,https://www.gempundit.com/gemstones/moonstone/cats-eye-gp89168
65,https://www.gempundit.com/gemstones/moonstone/moonstone-gp73376
66,https://www.gempundit.com/gemstones/moonstone/moonstone-gp68669
67,https://www.gempundit.com/gemstones/moonstone/moonstone-gp68656
68,https://www.gempundit.com/gemstones/moonstone/moonstone-gp92658
69,https://www.gempundit.com/gemstones/moonstone/moonstone-gp73360
70,https://www.gempundit.com/gemstones/moonstone/moonstone-gp68666
71,https://www.gempundit.com/gemstones/moonstone/moonstone-gp60885
72,https://www.gempundit.com/gemstones/moonstone/cats-eye-gp89170
73,https://www.gempundit.com/gemstones/moonstone/moonstone-gp73378
74,https://www.gempundit.com/gemstones/moonstone/moonstone-gp68645
75,https://www.gempundit.com/gemstones/moonstone/moonstone-gp73356
76,https://www.gempundit.com/gemstones/moonstone/moonstone-gp73353
77,https://www.gempundit.com/gemstones/moonstone/moonstone-gp73349
78,https://www.gempundit.com/gemstones/moonstone/moonstone-gp68667
79,https://www.gempundit.com/gemstones/moonstone/moonstone-gp68658
80,https://www.gempundit.com/gemstones/moonstone/moonstone-gp68650
81,https://www.gempundit.com/gemstones/moonstone/moonstone-gp73375
82,https://www.gempundit.com/gemstones/moonstone/moonstone-gp68670
83,https://www.gempundit.com/gemstones/moonstone/moonstone-gp68662
84,https://www.gempundit.com/gemstones/moonstone/moonstone-gp73357
85,https://www.gempundit.com/gemstones/moonstone/moonstone-gp73362
86,https://www.gempundit.com/gemstones/moonstone/moonstone-gp92707
87,https://www.gempundit.com/gemstones/moonstone/moonstone-gp92657
88,https://www.gempundit.com/gemstones/moonstone/moonstone-gp73352
89,https://www.gempundit.com/gemstones/moonstone/moonstone-gp68644
90,https://www.gempundit.com/gemstones/moonstone/moonstone-gp92708
91,https://www.gempundit.com/gemstones/moonstone/moonstone-gp89300
92,https://www.gempundit.com/gemstones/moonstone/moonstone-gp92653
93,https://www.gempundit.com/gemstones/moonstone/moonstone-gp89308
94,https://www.gempundit.com/gemstones/moonstone/moonstone-gp73369
95,https://www.gempundit.com/gemstones/moonstone/cats-eye-gp89171
96,https://www.gempundit.com/gemstones/moonstone/moonstone-gp73372
97,https://www.gempundit.com/gemstones/moonstone/moonstone-gp89143
98,https://www.gempundit.com/gemstones/moonstone/moonstone-gp73363
99,https://www.gempundit.com/gemstones/moonstone/moonstone-gp89313
100,https://www.gempundit.com/gemstones/moonstone/moonstone-gp89302
101,https://www.gempundit.com/gemstones/moonstone/moonstone-gp92692
102,https://www.gempundit.com/gemstones/moonstone/moonstone-gp73358
103,https://www.gempundit.com/gemstones/moonstone/moonstone-gp73366
104,https://www.gempundit.com/gemstones/moonstone/moonstone-gp73365
105,https://www.gempundit.com/gemstones/moonstone/moonstone-gp89329
106,https://www.gempundit.com/gemstones/moonstone/moonstone-gp68649
107,https://www.gempundit.com/gemstones/moonstone/moonstone-gp73354
108,https://www.gempundit.com/gemstones/moonstone/moonstone-gp89323
109,https://www.gempundit.com/gemstones/moonstone/cats-eye-gp89167
110,https://www.gempundit.com/gemstones/moonstone/moonstone-gp68659
111,https://www.gempundit.com/gemstones/moonstone/cats-eye-gp89155
112,https://www.gempundit.com/gemstones/moonstone/moonstone-gp89346
113,https://www.gempundit.com/gemstones/moonstone/moonstone-gp89333
114,https://www.gempundit.com/gemstones/moonstone/moonstone-gp89331
115,https://www.gempundit.com/gemstones/moonstone/moonstone-gp89310
116,https://www.gempundit.com/gemstones/moonstone/moonstone-gp68651
117,https://www.gempundit.com/gemstones/moonstone/cats-eye-gp89162
118,https://www.gempundit.com/gemstones/moonstone/moonstone-gp89319
119,https://www.gempundit.com/gemstones/moonstone/moonstone-gp89133
120,https://www.gempundit.com/gemstones/moonstone/moonstone-gp89130
121,https://www.gempundit.com/gemstones/moonstone/moonstone-gp89342
122,https://www.gempundit.com/gemstones/moonstone/moonstone-gp89305
123,https://www.gempundit.com/gemstones/moonstone/moonstone-gp73348
124,https://www.gempundit.com/gemstones/moonstone/moonstone-gp73361
125,https://www.gempundit.com/gemstones/moonstone/moonstone-gp68654
126,https://www.gempundit.com/gemstones/moonstone/moonstone-gp60899
127,https://www.gempundit.com/gemstones/moonstone/moonstone-gp89336
128,https://www.gempundit.com/gemstones/moonstone/moonstone-gp89298
129,https://www.gempundit.com/gemstones/moonstone/moonstone-gp73351
130,https://www.gempundit.com/gemstones/moonstone/moonstone-gp89339
131,https://www.gempundit.com/gemstones/moonstone/cats-eye-gp89165
132,https://www.gempundit.com/gemstones/moonstone/moonstone-gp89320
133,https://www.gempundit.com/gemstones/moonstone/moonstone-gp73355
134,https://www.gempundit.com/gemstones/moonstone/moonstone-gp89137
135,https://www.gempundit.com/gemstones/moonstone/moonstone-gp89312
136,https://www.gempundit.com/gemstones/moonstone/moonstone-gp89314
137,https://www.gempundit.com/gemstones/moonstone/cats-eye-gp89166
138,https://www.gempundit.com/gemstones/moonstone/cats-eye-gp89159
139,https://www.gempundit.com/gemstones/moonstone/moonstone-gp89332
140,https://www.gempundit.com/gemstones/moonstone/moonstone-gp73350
141,https://www.gempundit.com/gemstones/moonstone/moonstone-gp92706
142,https://www.gempundit.com/gemstones/moonstone/moonstone-gp89330
143,https://www.gempundit.com/gemstones/moonstone/moonstone-gp68643
144,https://www.gempundit.com/gemstones/moonstone/moonstone-gp89345
145,https://www.gempundit.com/gemstones/moonstone/moonstone-gp92655
146,https://www.gempundit.com/gemstones/moonstone/moonstone-gp89318
147,https://www.gempundit.com/gemstones/moonstone/moonstone-gp68647
148,https://www.gempundit.com/gemstones/moonstone/moonstone-gp92668
149,https://www.gempundit.com/gemstones/moonstone/moonstone-gp92604
150,https://www.gempundit.com/gemstones/moonstone/moonstone-gp89311
151,https://www.gempundit.com/gemstones/moonstone/moonstone-gp73344
152,https://www.gempundit.com/gemstones/moonstone/moonstone-gp73331
153,https://www.gempundit.com/gemstones/moonstone/moonstone-gp68639
154,https://www.gempundit.com/gemstones/moonstone/moonstone-gp89326
155,https://www.gempundit.com/gemstones/moonstone/moonstone-gp89306
156,https://www.gempundit.com/gemstones/moonstone/moonstone-gp89131
157,https://www.gempundit.com/gemstones/moonstone/moonstone-gp92634
158,https://www.gempundit.com/gemstones/moonstone/moonstone-gp89344
159,https://www.gempundit.com/gemstones/moonstone/moonstone-gp92654
160,https://www.gempundit.com/gemstones/moonstone/moonstone-gp89315
161,https://www.gempundit.com/gemstones/moonstone/moonstone-gp73341
162,https://www.gempundit.com/gemstones/moonstone/moonstone-gp60894
163,https://www.gempundit.com/gemstones/moonstone/cats-eye-gp89156
164,https://www.gempundit.com/gemstones/moonstone/moonstone-gp92632
165,https://www.gempundit.com/gemstones/moonstone/moonstone-gp89324
166,https://www.gempundit.com/gemstones/moonstone/moonstone-gp92682
167,https://www.gempundit.com/gemstones/moonstone/moonstone-gp60878
168,https://www.gempundit.com/gemstones/moonstone/moonstone-gp92684
169,https://www.gempundit.com/gemstones/moonstone/moonstone-gp92669
170,https://www.gempundit.com/gemstones/moonstone/moonstone-gp92699
171,https://www.gempundit.com/gemstones/moonstone/moonstone-gp92636
172,https://www.gempundit.com/gemstones/moonstone/moonstone-gp92635
173,https://www.gempundit.com/gemstones/moonstone/moonstone-gp92666
174,https://www.gempundit.com/gemstones/moonstone/cats-eye-gp89161
175,https://www.gempundit.com/gemstones/moonstone/cats-eye-gp89158
176,https://www.gempundit.com/gemstones/moonstone/moonstone-gp92665
177,https://www.gempundit.com/gemstones/moonstone/moonstone-gp60895
178,https://www.gempundit.com/gemstones/moonstone/moonstone-gp92615
179,https://www.gempundit.com/gemstones/moonstone/moonstone-gp89304
180,https://www.gempundit.com/gemstones/moonstone/moonstone-gp89328
181,https://www.gempundit.com/gemstones/moonstone/moonstone-gp60887
182,https://www.gempundit.com/gemstones/moonstone/moonstone-gp60898
183,https://www.gempundit.com/gemstones/moonstone/moonstone-gp92683
184,https://www.gempundit.com/gemstones/moonstone/moonstone-gp92606
185,https://www.gempundit.com/gemstones/moonstone/cats-eye-gp89163
186,https://www.gempundit.com/gemstones/moonstone/moonstone-gp92691
187,https://www.gempundit.com/gemstones/moonstone/moonstone-gp92603
188,https://www.gempundit.com/gemstones/moonstone/moonstone-gp92616
189,https://www.gempundit.com/gemstones/moonstone/moonstone-gp92608
190,https://www.gempundit.com/gemstones/moonstone/moonstone-gp92365
191,https://www.gempundit.com/gemstones/moonstone/moonstone-gp92681
192,https://www.gempundit.com/gemstones/moonstone/moonstone-gp92631
193,https://www.gempundit.com/gemstones/moonstone/moonstone-gp89129
194,https://www.gempundit.com/gemstones/moonstone/moonstone-gp92676
195,https://www.gempundit.com/gemstones/moonstone/moonstone-gp92667
196,https://www.gempundit.com/gemstones/moonstone/moonstone-gp89127
197,https://www.gempundit.com/gemstones/moonstone/moonstone-gp92677
198,https://www.gempundit.com/gemstones/moonstone/moonstone-gp89135
199,https://www.gempundit.com/gemstones/moonstone/moonstone-gp73347
200,https://www.gempundit.com/gemstones/moonstone/moonstone-gp92680
201,https://www.gempundit.com/gemstones/moonstone/moonstone-gp92645
202,https://www.gempundit.com/gemstones/moonstone/cats-eye-gp89157
203,https://www.gempundit.com/gemstones/moonstone/moonstone-gp73382
204,https://www.gempundit.com/gemstones/moonstone/moonstone-gp92698
205,https://www.gempundit.com/gemstones/moonstone/moonstone-gp92688
206,https://www.gempundit.com/gemstones/moonstone/moonstone-gp92620
207,https://www.gempundit.com/gemstones/moonstone/moonstone-gp73339
208,https://www.gempundit.com/gemstones/moonstone/moonstone-gp73334
209,https://www.gempundit.com/gemstones/moonstone/moonstone-gp92690
210,https://www.gempundit.com/gemstones/moonstone/moonstone-gp89299
211,https://www.gempundit.com/gemstones/moonstone/moonstone-gp73342
212,https://www.gempundit.com/gemstones/moonstone/moonstone-gp92614
213,https://www.gempundit.com/gemstones/moonstone/moonstone-gp73338
214,https://www.gempundit.com/gemstones/moonstone/cats-eye-gp89301
215,https://www.gempundit.com/gemstones/moonstone/moonstone-gp92678
216,https://www.gempundit.com/gemstones/moonstone/moonstone-gp92689
217,https://www.gempundit.com/gemstones/moonstone/moonstone-gp73343
218,https://www.gempundit.com/gemstones/moonstone/moonstone-gp92597
219,https://www.gempundit.com/gemstones/moonstone/moonstone-gp92596
220,https://www.gempundit.com/gemstones/moonstone/moonstone-gp92594
221,https://www.gempundit.com/gemstones/moonstone/moonstone-gp89341
222,https://www.gempundit.com/gemstones/moonstone/moonstone-gp92593
223,https://www.gempundit.com/gemstones/moonstone/moonstone-gp89334
224,https://www.gempundit.com/gemstones/moonstone/moonstone-gp73388
225,https://www.gempundit.com/gemstones/moonstone/moonstone-gp89119
226,https://www.gempundit.com/gemstones/moonstone/moonstone-gp73380
227,https://www.gempundit.com/gemstones/moonstone/moonstone-gp73337
228,https://www.gempundit.com/gemstones/moonstone/moonstone-gp92648
229,https://www.gempundit.com/gemstones/moonstone/moonstone-gp89337
230,https://www.gempundit.com/gemstones/moonstone/moonstone-gp92598
231,https://www.gempundit.com/gemstones/moonstone/moonstone-gp73330
232,https://www.gempundit.com/gemstones/moonstone/moonstone-gp73386
233,https://www.gempundit.com/gemstones/moonstone/moonstone-gp73340
234,https://www.gempundit.com/gemstones/moonstone/moonstone-gp92679
235,https://www.gempundit.com/gemstones/moonstone/moonstone-gp92675
236,https://www.gempundit.com/gemstones/moonstone/moonstone-gp92656
237,https://www.gempundit.com/gemstones/moonstone/moonstone-gp73336
238,https://www.gempundit.com/gemstones/moonstone/moonstone-gp92664
239,https://www.gempundit.com/gemstones/moonstone/moonstone-gp92652
240,https://www.gempundit.com/gemstones/moonstone/moonstone-gp92700
241,https://www.gempundit.com/gemstones/moonstone/moonstone-gp73379
242,https://www.gempundit.com/gemstones/moonstone/moonstone-gp73329
243,https://www.gempundit.com/gemstones/moonstone/moonstone-gp92619
244,https://www.gempundit.com/gemstones/moonstone/moonstone-gp92605
245,https://www.gempundit.com/gemstones/moonstone/moonstone-gp73383
246,https://www.gempundit.com/gemstones/moonstone/moonstone-gp92646
247,https://www.gempundit.com/gemstones/moonstone/moonstone-gp92633
248,https://www.gempundit.com/gemstones/moonstone/moonstone-gp92629
249,https://www.gempundit.com/gemstones/moonstone/moonstone-gp92611
250,https://www.gempundit.com/gemstones/moonstone/moonstone-gp73381
251,https://www.gempundit.com/gemstones/moonstone/moonstone-gp92641
252,https://www.gempundit.com/gemstones/moonstone/moonstone-gp92609
253,https://www.gempundit.com/gemstones/moonstone/moonstone-gp89316
254,https://www.gempundit.com/gemstones/moonstone/moonstone-gp92618
255,https://www.gempundit.com/gemstones/moonstone/moonstone-gp92643
256,https://www.gempundit.com/gemstones/moonstone/moonstone-gp92696
257,https://www.gempundit.com/gemstones/moonstone/moonstone-gp89146
258,https://www.gempundit.com/gemstones/moonstone/moonstone-gp92612
259,https://www.gempundit.com/gemstones/moonstone/moonstone-gp73346
260,https://www.gempundit.com/gemstones/moonstone/moonstone-gp92693
261,https://www.gempundit.com/gemstones/moonstone/moonstone-gp92650
262,https://www.gempundit.com/gemstones/moonstone/moonstone-gp92630
263,https://www.gempundit.com/gemstones/moonstone/moonstone-gp89307
264,https://www.gempundit.com/gemstones/moonstone/moonstone-gp89124
265,https://www.gempundit.com/gemstones/moonstone/moonstone-gp92627
266,https://www.gempundit.com/gemstones/moonstone/moonstone-gp92642
267,https://www.gempundit.com/gemstones/moonstone/moonstone-gp89122
268,https://www.gempundit.com/gemstones/moonstone/moonstone-gp73332
269,https://www.gempundit.com/gemstones/moonstone/moonstone-gp92607
270,https://www.gempundit.com/gemstones/moonstone/moonstone-gp89340
271,https://www.gempundit.com/gemstones/moonstone/moonstone-gp92701
272,https://www.gempundit.com/gemstones/moonstone/moonstone-gp92347
273,https://www.gempundit.com/gemstones/moonstone/moonstone-gp89338
274,https://www.gempundit.com/gemstones/moonstone/moonstone-gp73335
275,https://www.gempundit.com/gemstones/moonstone/cats-eye-gp89175
276,https://www.gempundit.com/gemstones/moonstone/moonstone-gp73387
277,https://www.gempundit.com/gemstones/moonstone/moonstone-gp92687
278,https://www.gempundit.com/gemstones/moonstone/moonstone-gp89110
279,https://www.gempundit.com/gemstones/moonstone/moonstone-gp89116
280,https://www.gempundit.com/gemstones/moonstone/moonstone-gp92649
281,https://www.gempundit.com/gemstones/moonstone/moonstone-gp92686
282,https://www.gempundit.com/gemstones/moonstone/moonstone-gp89120
283,https://www.gempundit.com/gemstones/moonstone/moonstone-gp73384
284,https://www.gempundit.com/gemstones/moonstone/moonstone-gp92600
285,https://www.gempundit.com/gemstones/moonstone/moonstone-gp73313
286,https://www.gempundit.com/gemstones/moonstone/moonstone-gp92685
287,https://www.gempundit.com/gemstones/moonstone/moonstone-gp92704
288,https://www.gempundit.com/gemstones/moonstone/moonstone-gp92640
289,https://www.gempundit.com/gemstones/moonstone/moonstone-gp92599
290,https://www.gempundit.com/gemstones/moonstone/moonstone-gp92628
291,https://www.gempundit.com/gemstones/moonstone/moonstone-gp73333
292,https://www.gempundit.com/gemstones/moonstone/moonstone-gp73326
293,https://www.gempundit.com/gemstones/moonstone/moonstone-gp92644
294,https://www.gempundit.com/gemstones/moonstone/moonstone-gp73345
295,https://www.gempundit.com/gemstones/moonstone/moonstone-gp92673
296,https://www.gempundit.com/gemstones/moonstone/moonstone-gp89057
297,https://www.gempundit.com/gemstones/moonstone/moonstone-gp92702
298,https://www.gempundit.com/gemstones/moonstone/moonstone-gp89123
299,https://www.gempundit.com/gemstones/moonstone/moonstone-gp89117
300,https://www.gempundit.com/gemstones/moonstone/moonstone-gp89114
301,https://www.gempundit.com/gemstones/moonstone/moonstone-gp89075
302,https://www.gempundit.com/gemstones/moonstone/moonstone-gp89128
303,https://www.gempundit.com/gemstones/moonstone/moonstone-gp89126
304,https://www.gempundit.com/gemstones/moonstone/moonstone-gp89047
305,https://www.gempundit.com/gemstones/moonstone/moonstone-gp92601
306,https://www.gempundit.com/gemstones/moonstone/moonstone-gp89049
307,https://www.gempundit.com/gemstones/moonstone/moonstone-gp89087
308,https://www.gempundit.com/gemstones/moonstone/moonstone-gp92613
309,https://www.gempundit.com/gemstones/moonstone/moonstone-gp73312
310,https://www.gempundit.com/gemstones/moonstone/moonstone-gp89050
311,https://www.gempundit.com/gemstones/moonstone/moonstone-gp92364
312,https://www.gempundit.com/gemstones/moonstone/moonstone-gp19940
313,https://www.gempundit.com/gemstones/moonstone/moonstone-gp92595
314,https://www.gempundit.com/gemstones/moonstone/moonstone-gp92626
315,https://www.gempundit.com/gemstones/moonstone/moonstone-gp92705
316,https://www.gempundit.com/gemstones/moonstone/moonstone-gp92639
317,https://www.gempundit.com/gemstones/moonstone/moonstone-gp73269
318,https://www.gempundit.com/gemstones/moonstone/moonstone-gp73272
319,https://www.gempundit.com/gemstones/moonstone/moonstone-gp92661
320,https://www.gempundit.com/gemstones/moonstone/moonstone-gp89142
321,https://www.gempundit.com/gemstones/moonstone/moonstone-gp73273
322,https://www.gempundit.com/gemstones/moonstone/moonstone-gp89076
323,https://www.gempundit.com/gemstones/moonstone/moonstone-gp73323
324,https://www.gempundit.com/gemstones/moonstone/moonstone-gp89145
325,https://www.gempundit.com/gemstones/moonstone/moonstone-gp73308
326,https://www.gempundit.com/gemstones/moonstone/moonstone-gp73314
327,https://www.gempundit.com/gemstones/moonstone/moonstone-gp73325
328,https://www.gempundit.com/gemstones/moonstone/moonstone-gp73271
329,https://www.gempundit.com/gemstones/moonstone/moonstone-gp73321
330,https://www.gempundit.com/gemstones/moonstone/moonstone-gp92592
331,https://www.gempundit.com/gemstones/moonstone/moonstone-gp92363
332,https://www.gempundit.com/gemstones/moonstone/moonstone-gp89090
333,https://www.gempundit.com/gemstones/moonstone/moonstone-gp89088
334,https://www.gempundit.com/gemstones/moonstone/moonstone-gp92617
335,https://www.gempundit.com/gemstones/moonstone/moonstone-gp92674
336,https://www.gempundit.com/gemstones/moonstone/moonstone-gp73315
337,https://www.gempundit.com/gemstones/moonstone/moonstone-gp89111
338,https://www.gempundit.com/gemstones/moonstone/moonstone-gp73311
339,https://www.gempundit.com/gemstones/moonstone/moonstone-gp89118
340,https://www.gempundit.com/gemstones/moonstone/moonstone-gp73301
341,https://www.gempundit.com/gemstones/moonstone/moonstone-gp89113
342,https://www.gempundit.com/gemstones/moonstone/moonstone-gp89042
343,https://www.gempundit.com/gemstones/moonstone/moonstone-gp89121
344,https://www.gempundit.com/gemstones/moonstone/moonstone-gp89083
345,https://www.gempundit.com/gemstones/moonstone/moonstone-gp68683
346,https://www.gempundit.com/gemstones/moonstone/moonstone-gp73328
347,https://www.gempundit.com/gemstones/moonstone/moonstone-gp73319
348,https://www.gempundit.com/gemstones/moonstone/moonstone-gp92672
349,https://www.gempundit.com/gemstones/moonstone/moonstone-gp92662
350,https://www.gempundit.com/gemstones/moonstone/moonstone-gp92625
351,https://www.gempundit.com/gemstones/moonstone/moonstone-gp89040
352,https://www.gempundit.com/gemstones/moonstone/moonstone-gp89059
353,https://www.gempundit.com/gemstones/moonstone/moonstone-gp92359
354,https://www.gempundit.com/gemstones/moonstone/moonstone-gp73275
355,https://www.gempundit.com/gemstones/moonstone/moonstone-gp89077
356,https://www.gempundit.com/gemstones/moonstone/moonstone-gp73309
357,https://www.gempundit.com/gemstones/moonstone/moonstone-gp73324
358,https://www.gempundit.com/gemstones/moonstone/moonstone-gp89053
359,https://www.gempundit.com/gemstones/moonstone/moonstone-gp68688
360,https://www.gempundit.com/gemstones/moonstone/moonstone-gp73310
361,https://www.gempundit.com/gemstones/moonstone/moonstone-gp73294
362,https://www.gempundit.com/gemstones/moonstone/moonstone-gp73316
363,https://www.gempundit.com/gemstones/moonstone/moonstone-gp19938
364,https://www.gempundit.com/gemstones/moonstone/moonstone-gp92591
365,https://www.gempundit.com/gemstones/moonstone/moonstone-gp73277
366,https://www.gempundit.com/gemstones/moonstone/moonstone-gp73268
367,https://www.gempundit.com/gemstones/moonstone/moonstone-gp73317
368,https://www.gempundit.com/gemstones/moonstone/moonstone-gp73270
369,https://www.gempundit.com/gemstones/moonstone/moonstone-gp73320
370,https://www.gempundit.com/gemstones/moonstone/moonstone-gp92671
371,https://www.gempundit.com/gemstones/moonstone/moonstone-gp89103
372,https://www.gempundit.com/gemstones/moonstone/moonstone-gp73276
373,https://www.gempundit.com/gemstones/moonstone/cats-eye-gp89172
374,https://www.gempundit.com/gemstones/moonstone/moonstone-gp73274
375,https://www.gempundit.com/gemstones/moonstone/moonstone-gp73287
376,https://www.gempundit.com/gemstones/moonstone/moonstone-gp73283
377,https://www.gempundit.com/gemstones/moonstone/moonstone-gp73327
378,https://www.gempundit.com/gemstones/moonstone/moonstone-gp68680
379,https://www.gempundit.com/gemstones/moonstone/moonstone-gp73286
380,https://www.gempundit.com/gemstones/moonstone/cats-eye-gp89152
381,https://www.gempundit.com/gemstones/moonstone/moonstone-gp92362
382,https://www.gempundit.com/gemstones/moonstone/moonstone-gp89084
383,https://www.gempundit.com/gemstones/moonstone/moonstone-gp89108
384,https://www.gempundit.com/gemstones/moonstone/cats-eye-gp89153
385,https://www.gempundit.com/gemstones/moonstone/moonstone-gp89091
386,https://www.gempundit.com/gemstones/moonstone/moonstone-gp92358
387,https://www.gempundit.com/gemstones/moonstone/moonstone-gp73298
388,https://www.gempundit.com/gemstones/moonstone/moonstone-gp89109
389,https://www.gempundit.com/gemstones/moonstone/moonstone-gp92361
390,https://www.gempundit.com/gemstones/moonstone/moonstone-gp73304
391,https://www.gempundit.com/gemstones/moonstone/moonstone-gp89051
392,https://www.gempundit.com/gemstones/moonstone/moonstone-gp92638
393,https://www.gempundit.com/gemstones/moonstone/moonstone-gp89141
394,https://www.gempundit.com/gemstones/moonstone/moonstone-gp73292
395,https://www.gempundit.com/gemstones/moonstone/moonstone-gp73285
396,https://www.gempundit.com/gemstones/moonstone/moonstone-gp73302
397,https://www.gempundit.com/gemstones/moonstone/moonstone-gp73322
398,https://www.gempundit.com/gemstones/moonstone/moonstone-gp73297
399,https://www.gempundit.com/gemstones/moonstone/moonstone-gp73296
400,https://www.gempundit.com/gemstones/moonstone/cats-eye-gp89151
401,https://www.gempundit.com/gemstones/moonstone/moonstone-gp89102
402,https://www.gempundit.com/gemstones/moonstone/moonstone-gp89112
403,https://www.gempundit.com/gemstones/moonstone/moonstone-gp89093
404,https://www.gempundit.com/gemstones/moonstone/moonstone-gp89036
405,https://www.gempundit.com/gemstones/moonstone/moonstone-gp92357
406,https://www.gempundit.com/gemstones/moonstone/moonstone-gp73293
407,https://www.gempundit.com/gemstones/moonstone/moonstone-gp89079
408,https://www.gempundit.com/gemstones/moonstone/moonstone-gp92637
409,https://www.gempundit.com/gemstones/moonstone/moonstone-gp89071
410,https://www.gempundit.com/gemstones/moonstone/moonstone-gp89081
411,https://www.gempundit.com/gemstones/moonstone/moonstone-gp89089
412,https://www.gempundit.com/gemstones/moonstone/moonstone-gp89086
413,https://www.gempundit.com/gemstones/moonstone/moonstone-gp92360
414,https://www.gempundit.com/gemstones/moonstone/moonstone-gp89045
415,https://www.gempundit.com/gemstones/moonstone/moonstone-gp19961
416,https://www.gempundit.com/gemstones/moonstone/moonstone-gp89100
417,https://www.gempundit.com/gemstones/moonstone/moonstone-gp89147
418,https://www.gempundit.com/gemstones/moonstone/moonstone-gp73305
419,https://www.gempundit.com/gemstones/moonstone/moonstone-gp68677
420,https://www.gempundit.com/gemstones/moonstone/moonstone-gp89070
421,https://www.gempundit.com/gemstones/moonstone/moonstone-gp92624
422,https://www.gempundit.com/gemstones/moonstone/moonstone-gp68607
423,https://www.gempundit.com/gemstones/moonstone/moonstone-gp89069
424,https://www.gempundit.com/gemstones/moonstone/moonstone-gp73281
425,https://www.gempundit.com/gemstones/moonstone/moonstone-gp73307
426,https://www.gempundit.com/gemstones/moonstone/moonstone-gp64566
427,https://www.gempundit.com/gemstones/moonstone/moonstone-gp89115
428,https://www.gempundit.com/gemstones/moonstone/moonstone-gp89039
429,https://www.gempundit.com/gemstones/moonstone/moonstone-gp73303
430,https://www.gempundit.com/gemstones/moonstone/moonstone-gp73288
431,https://www.gempundit.com/gemstones/moonstone/moonstone-gp73289
432,https://www.gempundit.com/gemstones/moonstone/moonstone-gp92621
433,https://www.gempundit.com/gemstones/moonstone/moonstone-gp89082
434,https://www.gempundit.com/gemstones/moonstone/moonstone-gp73284
435,https://www.gempundit.com/gemstones/moonstone/moonstone-gp73291
436,https://www.gempundit.com/gemstones/moonstone/moonstone-gp89065
437,https://www.gempundit.com/gemstones/moonstone/moonstone-gp73306
438,https://www.gempundit.com/gemstones/moonstone/moonstone-gp68618
439,https://www.gempundit.com/gemstones/moonstone/moonstone-gp73279
440,https://www.gempundit.com/gemstones/moonstone/moonstone-gp89105
441,https://www.gempundit.com/gemstones/moonstone/moonstone-gp73295
442,https://www.gempundit.com/gemstones/moonstone/moonstone-gp73290
443,https://www.gempundit.com/gemstones/moonstone/moonstone-gp92670
444,https://www.gempundit.com/gemstones/moonstone/moonstone-gp89046
445,https://www.gempundit.com/gemstones/moonstone/moonstone-gp68614
446,https://www.gempundit.com/gemstones/moonstone/moonstone-gp64577
447,https://www.gempundit.com/gemstones/moonstone/moonstone-gp68611
448,https://www.gempundit.com/gemstones/moonstone/moonstone-gp92354
449,https://www.gempundit.com/gemstones/moonstone/moonstone-gp73300
450,https://www.gempundit.com/gemstones/moonstone/moonstone-gp68615
451,https://www.gempundit.com/gemstones/moonstone/moonstone-gp89052
452,https://www.gempundit.com/gemstones/moonstone/moonstone-gp64567
453,https://www.gempundit.com/gemstones/moonstone/moonstone-gp82622
454,https://www.gempundit.com/gemstones/moonstone/moonstone-gp32121
455,https://www.gempundit.com/gemstones/moonstone/moonstone-gp89092
456,https://www.gempundit.com/gemstones/moonstone/moonstone-gp89099
457,https://www.gempundit.com/gemstones/moonstone/moonstone-gp32119
458,https://www.gempundit.com/gemstones/moonstone/moonstone-gp89044
459,https://www.gempundit.com/gemstones/moonstone/moonstone-gp73266
460,https://www.gempundit.com/gemstones/moonstone/moonstone-gp32145
461,https://www.gempundit.com/gemstones/moonstone/moonstone-gp73280
462,https://www.gempundit.com/gemstones/moonstone/moonstone-gp32080
463,https://www.gempundit.com/gemstones/moonstone/moonstone-gp73215
464,https://www.gempundit.com/gemstones/moonstone/moonstone-gp68621
465,https://www.gempundit.com/gemstones/moonstone/moonstone-gp32152
466,https://www.gempundit.com/gemstones/moonstone/moonstone-gp32141
467,https://www.gempundit.com/gemstones/moonstone/moonstone-gp32131
468,https://www.gempundit.com/gemstones/moonstone/moonstone-gp64585
469,https://www.gempundit.com/gemstones/moonstone/moonstone-gp32149
470,https://www.gempundit.com/gemstones/moonstone/moonstone-gp89043
471,https://www.gempundit.com/gemstones/moonstone/moonstone-gp73282
472,https://www.gempundit.com/gemstones/moonstone/moonstone-gp92351
473,https://www.gempundit.com/gemstones/moonstone/moonstone-gp73267
474,https://www.gempundit.com/gemstones/moonstone/moonstone-gp64576
475,https://www.gempundit.com/gemstones/moonstone/moonstone-gp64564
476,https://www.gempundit.com/gemstones/moonstone/moonstone-gp73258
477,https://www.gempundit.com/gemstones/moonstone/moonstone-gp73263
478,https://www.gempundit.com/gemstones/moonstone/moonstone-gp89037
479,https://www.gempundit.com/gemstones/moonstone/moonstone-gp73225
480,https://www.gempundit.com/gemstones/moonstone/moonstone-gp73217
481,https://www.gempundit.com/gemstones/moonstone/moonstone-gp64575
482,https://www.gempundit.com/gemstones/moonstone/moonstone-gp64573
483,https://www.gempundit.com/gemstones/moonstone/moonstone-gp89056
484,https://www.gempundit.com/gemstones/moonstone/moonstone-gp73264
485,https://www.gempundit.com/gemstones/moonstone/moonstone-gp82626
486,https://www.gempundit.com/gemstones/moonstone/moonstone-gp89097
487,https://www.gempundit.com/gemstones/moonstone/cats-eye-gp89150
488,https://www.gempundit.com/gemstones/moonstone/moonstone-gp73299
489,https://www.gempundit.com/gemstones/moonstone/moonstone-gp73218
490,https://www.gempundit.com/gemstones/moonstone/moonstone-gp73211
491,https://www.gempundit.com/gemstones/moonstone/moonstone-gp73222
492,https://www.gempundit.com/gemstones/moonstone/moonstone-gp73216
493,https://www.gempundit.com/gemstones/moonstone/moonstone-gp19931
494,https://www.gempundit.com/gemstones/moonstone/moonstone-gp73212
495,https://www.gempundit.com/gemstones/moonstone/moonstone-gp73224
496,https://www.gempundit.com/gemstones/moonstone/moonstone-gp92355
497,https://www.gempundit.com/gemstones/moonstone/cats-eye-gp89148
498,https://www.gempundit.com/gemstones/moonstone/moonstone-gp73206
499,https://www.gempundit.com/gemstones/moonstone/moonstone-gp64570
500,https://www.gempundit.com/gemstones/moonstone/moonstone-gp92349
501,https://www.gempundit.com/gemstones/moonstone/moonstone-gp73219
502,https://www.gempundit.com/gemstones/moonstone/moonstone-gp32079
503,https://www.gempundit.com/gemstones/moonstone/moonstone-gp73261
504,https://www.gempundit.com/gemstones/moonstone/moonstone-gp64583
505,https://www.gempundit.com/gemstones/moonstone/moonstone-gp73207
506,https://www.gempundit.com/gemstones/moonstone/moonstone-gp89060
507,https://www.gempundit.com/gemstones/moonstone/moonstone-gp73262
508,https://www.gempundit.com/gemstones/moonstone/moonstone-gp73210
509,https://www.gempundit.com/gemstones/moonstone/moonstone-gp73223
510,https://www.gempundit.com/gemstones/moonstone/moonstone-gp73213
511,https://www.gempundit.com/gemstones/moonstone/moonstone-gp19962
512,https://www.gempundit.com/gemstones/moonstone/moonstone-gp73259
513,https://www.gempundit.com/gemstones/moonstone/moonstone-gp68619
514,https://www.gempundit.com/gemstones/moonstone/moonstone-gp73220
515,https://www.gempundit.com/gemstones/moonstone/moonstone-gp32144
516,https://www.gempundit.com/gemstones/moonstone/moonstone-gp89061
517,https://www.gempundit.com/gemstones/moonstone/moonstone-gp60860
518,https://www.gempundit.com/gemstones/moonstone/moonstone-gp32164
519,https://www.gempundit.com/gemstones/moonstone/moonstone-gp73209
520,https://www.gempundit.com/gemstones/moonstone/moonstone-gp73265
521,https://www.gempundit.com/gemstones/moonstone/moonstone-gp73252
522,https://www.gempundit.com/gemstones/moonstone/moonstone-gp68608
523,https://www.gempundit.com/gemstones/moonstone/moonstone-gp73208
524,https://www.gempundit.com/gemstones/moonstone/moonstone-gp73260
525,https://www.gempundit.com/gemstones/moonstone/moonstone-gp92350
526,https://www.gempundit.com/gemstones/moonstone/moonstone-gp68672
527,https://www.gempundit.com/gemstones/moonstone/moonstone-gp92353
528,https://www.gempundit.com/gemstones/moonstone/moonstone-gp89035
529,https://www.gempundit.com/gemstones/moonstone/moonstone-gp39786
530,https://www.gempundit.com/gemstones/moonstone/moonstone-gp68674
531,https://www.gempundit.com/gemstones/moonstone/moonstone-gp73221
532,https://www.gempundit.com/gemstones/moonstone/moonstone-gp32154
533,https://www.gempundit.com/gemstones/moonstone/moonstone-gp32167
534,https://www.gempundit.com/gemstones/moonstone/moonstone-gp39797
535,https://www.gempundit.com/gemstones/moonstone/moonstone-gp16379
536,https://www.gempundit.com/gemstones/moonstone/moonstone-gp92348
537,https://www.gempundit.com/gemstones/moonstone/moonstone-gp82636
538,https://www.gempundit.com/gemstones/moonstone/moonstone-gp89038
539,https://www.gempundit.com/gemstones/moonstone/moonstone-gp89032
540,https://www.gempundit.com/gemstones/moonstone/moonstone-gp32109
541,https://www.gempundit.com/gemstones/moonstone/moonstone-gp92352
542,https://www.gempundit.com/gemstones/moonstone/moonstone-gp68676
543,https://www.gempundit.com/gemstones/moonstone/moonstone-gp89027
544,https://www.gempundit.com/gemstones/moonstone/moonstone-gp82633
545,https://www.gempundit.com/gemstones/moonstone/moonstone-gp89025
546,https://www.gempundit.com/gemstones/moonstone/moonstone-gp82616
547,https://www.gempundit.com/gemstones/moonstone/moonstone-gp68675
548,https://www.gempundit.com/gemstones/moonstone/moonstone-gp82624
549,https://www.gempundit.com/gemstones/moonstone/moonstone-gp89033
550,https://www.gempundit.com/gemstones/moonstone/moonstone-gp39802
551,https://www.gempundit.com/gemstones/moonstone/moonstone-gp32101
552,https://www.gempundit.com/gemstones/moonstone/moonstone-gp32100
553,https://www.gempundit.com/gemstones/moonstone/moonstone-gp32138
554,https://www.gempundit.com/gemstones/moonstone/moonstone-gp73257
555,https://www.gempundit.com/gemstones/moonstone/moonstone-gp39801
556,https://www.gempundit.com/gemstones/moonstone/moonstone-gp32107
557,https://www.gempundit.com/gemstones/moonstone/moonstone-gp68673
558,https://www.gempundit.com/gemstones/moonstone/moonstone-gp39796
559,https://www.gempundit.com/gemstones/moonstone/moonstone-gp39780
560,https://www.gempundit.com/gemstones/moonstone/cats-eye-gp89173
561,https://www.gempundit.com/gemstones/moonstone/moonstone-gp73254
562,https://www.gempundit.com/gemstones/moonstone/moonstone-gp73253
563,https://www.gempundit.com/gemstones/moonstone/moonstone-gp32184
564,https://www.gempundit.com/gemstones/moonstone/moonstone-gp89026
565,https://www.gempundit.com/gemstones/moonstone/moonstone-gp73256
566,https://www.gempundit.com/gemstones/moonstone/moonstone-gp32139
567,https://www.gempundit.com/gemstones/moonstone/moonstone-gp73229
568,https://www.gempundit.com/gemstones/moonstone/moonstone-gp73230
569,https://www.gempundit.com/gemstones/moonstone/moonstone-gp73255
570,https://www.gempundit.com/gemstones/moonstone/moonstone-gp89014
571,https://www.gempundit.com/gemstones/moonstone/moonstone-gp32180
572,https://www.gempundit.com/gemstones/moonstone/moonstone-gp89015
573,https://www.gempundit.com/gemstones/moonstone/moonstone-gp73226
574,https://www.gempundit.com/gemstones/moonstone/moonstone-gp73235
575,https://www.gempundit.com/gemstones/moonstone/moonstone-gp73233
576,https://www.gempundit.com/gemstones/moonstone/moonstone-gp32150
577,https://www.gempundit.com/gemstones/moonstone/moonstone-gp73227
578,https://www.gempundit.com/gemstones/moonstone/moonstone-gp32146
579,https://www.gempundit.com/gemstones/moonstone/moonstone-gp32093
580,https://www.gempundit.com/gemstones/moonstone/moonstone-gp73232
581,https://www.gempundit.com/gemstones/moonstone/moonstone-gp82632
582,https://www.gempundit.com/gemstones/moonstone/moonstone-gp73231
583,https://www.gempundit.com/gemstones/moonstone/moonstone-gp32129
584,https://www.gempundit.com/gemstones/moonstone/moonstone-gp73228
585,https://www.gempundit.com/gemstones/moonstone/moonstone-gp73234
586,https://www.gempundit.com/gemstones/moonstone/moonstone-gp32089
587,https://www.gempundit.com/gemstones/moonstone/moonstone-gp32172
588,https://www.gempundit.com/gemstones/moonstone/moonstone-gp73251
589,https://www.gempundit.com/gemstones/moonstone/moonstone-gp82638
590,https://www.gempundit.com/gemstones/moonstone/moonstone-gp82611
591,https://www.gempundit.com/gemstones/moonstone/moonstone-gp89016
592,https://www.gempundit.com/gemstones/moonstone/moonstone-gp89023
593,https://www.gempundit.com/gemstones/moonstone/moonstone-gp73247
594,https://www.gempundit.com/gemstones/moonstone/moonstone-gp89019
595,https://www.gempundit.com/gemstones/moonstone/moonstone-gp32171
596,https://www.gempundit.com/gemstones/moonstone/moonstone-gp89020
597,https://www.gempundit.com/gemstones/moonstone/moonstone-gp82609
598,https://www.gempundit.com/gemstones/moonstone/moonstone-gp82605
599,https://www.gempundit.com/gemstones/moonstone/moonstone-gp89021
600,https://www.gempundit.com/gemstones/moonstone/moonstone-gp73243
601,https://www.gempundit.com/gemstones/moonstone/moonstone-gp82606
602,https://www.gempundit.com/gemstones/moonstone/moonstone-gp73250
603,https://www.gempundit.com/gemstones/moonstone/moonstone-gp73244
604,https://www.gempundit.com/gemstones/moonstone/moonstone-gp82630
605,https://www.gempundit.com/gemstones/moonstone/moonstone-gp73245
606,https://www.gempundit.com/gemstones/moonstone/moonstone-gp73249
607,https://www.gempundit.com/gemstones/moonstone/moonstone-gp73246
608,https://www.gempundit.com/gemstones/moonstone/moonstone-gp73242
609,https://www.gempundit.com/gemstones/moonstone/moonstone-gp73248
610,https://www.gempundit.com/gemstones/moonstone/moonstone-gp82637
611,https://www.gempundit.com/gemstones/moonstone/moonstone-gp73237
612,https://www.gempundit.com/gemstones/moonstone/moonstone-gp73240
613,https://www.gempundit.com/gemstones/moonstone/moonstone-gp73236
614,https://www.gempundit.com/gemstones/moonstone/moonstone-gp73238
