,Moss Agate
0,https://www.gempundit.com/gemstones/moss-agate/agate-gp29788
1,https://www.gempundit.com/gemstones/moss-agate/agate-gp14704
2,https://www.gempundit.com/gemstones/moss-agate/agate-gp14700
3,https://www.gempundit.com/gemstones/moss-agate/agate-gp14747
4,https://www.gempundit.com/gemstones/moss-agate/agate-gp14744
5,https://www.gempundit.com/gemstones/moss-agate/agate-gp14686
6,https://www.gempundit.com/gemstones/moss-agate/agate-gp14752
7,https://www.gempundit.com/gemstones/moss-agate/agate-gp14767
8,https://www.gempundit.com/gemstones/moss-agate/agate-gp14769
9,https://www.gempundit.com/gemstones/moss-agate/agate-gp14692
10,https://www.gempundit.com/gemstones/moss-agate/agate-gp14742
11,https://www.gempundit.com/gemstones/moss-agate/agate-gp14761
12,https://www.gempundit.com/gemstones/moss-agate/agate-gp14762
13,https://www.gempundit.com/gemstones/moss-agate/agate-gp14740
14,https://www.gempundit.com/gemstones/moss-agate/agate-gp14764
15,https://www.gempundit.com/gemstones/moss-agate/agate-gp14745
16,https://www.gempundit.com/gemstones/moss-agate/agate-gp14756
17,https://www.gempundit.com/gemstones/moss-agate/agate-gp14703
18,https://www.gempundit.com/gemstones/moss-agate/agate-gp14709
19,https://www.gempundit.com/gemstones/moss-agate/agate-gp14748
20,https://www.gempundit.com/gemstones/moss-agate/agate-gp14765
21,https://www.gempundit.com/gemstones/moss-agate/agate-gp14714
22,https://www.gempundit.com/gemstones/moss-agate/agate-gp14774
23,https://www.gempundit.com/gemstones/moss-agate/agate-gp14759
24,https://www.gempundit.com/gemstones/moss-agate/agate-gp14746
25,https://www.gempundit.com/gemstones/moss-agate/agate-gp14711
26,https://www.gempundit.com/gemstones/moss-agate/agate-gp14669
27,https://www.gempundit.com/gemstones/moss-agate/agate-gp14668
28,https://www.gempundit.com/gemstones/moss-agate/agate-gp14712
29,https://www.gempundit.com/gemstones/moss-agate/agate-gp14780
30,https://www.gempundit.com/gemstones/moss-agate/agate-gp14682
31,https://www.gempundit.com/gemstones/moss-agate/agate-gp14758
32,https://www.gempundit.com/gemstones/moss-agate/agate-gp14694
33,https://www.gempundit.com/gemstones/moss-agate/agate-gp14710
34,https://www.gempundit.com/gemstones/moss-agate/agate-gp14671
35,https://www.gempundit.com/gemstones/moss-agate/agate-gp14681
36,https://www.gempundit.com/gemstones/moss-agate/agate-gp14663
37,https://www.gempundit.com/gemstones/moss-agate/agate-gp14680
38,https://www.gempundit.com/gemstones/moss-agate/agate-gp14670
39,https://www.gempundit.com/gemstones/moss-agate/agate-gp14687
40,https://www.gempundit.com/gemstones/moss-agate/agate-gp14684
41,https://www.gempundit.com/gemstones/moss-agate/agate-gp14685
