,Navratna
0,https://www.gempundit.com/gemstones/navratna/navratna-4-5mm-super-luxury-quality
1,https://www.gempundit.com/gemstones/navratna/navratna-4-5mm-luxury-quality
2,https://www.gempundit.com/gemstones/navratna/navratna-4mm-super-premium-quality
3,https://www.gempundit.com/gemstones/navratna/navratna-3-5mm-premium-quality
4,https://www.gempundit.com/gemstones/navratna/navratna-3mm-premium-quality
5,https://www.gempundit.com/gemstones/navratna/navratna-6x4mm-premium-quality
6,https://www.gempundit.com/gemstones/navratna/navratna-8x6-mm-premium-quality
7,https://www.gempundit.com/gemstones/navratna/navratna-9x7-mm-premium-quality
8,https://www.gempundit.com/gemstones/navratna/navratna-10x8-mm-premium-quality
