,Orange Kyanite
0,https://www.gempundit.com/gemstones/orange-kyanite/orange-kyanite-gp65558
1,https://www.gempundit.com/gemstones/orange-kyanite/orange-kyanite-gp65556
2,https://www.gempundit.com/gemstones/orange-kyanite/orange-kyanite-gp65554
3,https://www.gempundit.com/gemstones/orange-kyanite/orange-kyanite-gp65561
4,https://www.gempundit.com/gemstones/orange-kyanite/orange-kyanite-gp65560
5,https://www.gempundit.com/gemstones/orange-kyanite/orange-kyanite-gp65562
6,https://www.gempundit.com/gemstones/orange-kyanite/orange-kyanite-gp65559
7,https://www.gempundit.com/gemstones/orange-kyanite/orange-kyanite-gp65555
