,Paraiba Tourmaline
0,https://www.gempundit.com/gemstones/paraiba-tourmaline/tourmaline-gp98511
1,https://www.gempundit.com/gemstones/paraiba-tourmaline/tourmaline-gp98519
2,https://www.gempundit.com/gemstones/paraiba-tourmaline/tourmaline-gp98515
3,https://www.gempundit.com/gemstones/paraiba-tourmaline/tourmaline-gp98514
4,https://www.gempundit.com/gemstones/paraiba-tourmaline/tourmaline-gp98537
5,https://www.gempundit.com/gemstones/paraiba-tourmaline/tourmaline-gp98513
6,https://www.gempundit.com/gemstones/paraiba-tourmaline/tourmaline-gp98506
7,https://www.gempundit.com/gemstones/paraiba-tourmaline/tourmaline-gp98509
8,https://www.gempundit.com/gemstones/paraiba-tourmaline/tourmaline-gp98505
9,https://www.gempundit.com/gemstones/paraiba-tourmaline/tourmaline-gp98512
10,https://www.gempundit.com/gemstones/paraiba-tourmaline/tourmaline-gp98504
11,https://www.gempundit.com/gemstones/paraiba-tourmaline/tourmaline-gp98534
12,https://www.gempundit.com/gemstones/paraiba-tourmaline/tourmaline-gp98525
13,https://www.gempundit.com/gemstones/paraiba-tourmaline/tourmaline-gp98518
14,https://www.gempundit.com/gemstones/paraiba-tourmaline/tourmaline-gp98507
15,https://www.gempundit.com/gemstones/paraiba-tourmaline/tourmaline-gp98530
16,https://www.gempundit.com/gemstones/paraiba-tourmaline/tourmaline-gp98522
17,https://www.gempundit.com/gemstones/paraiba-tourmaline/tourmaline-gp98528
18,https://www.gempundit.com/gemstones/paraiba-tourmaline/tourmaline-gp98517
19,https://www.gempundit.com/gemstones/paraiba-tourmaline/tourmaline-gp98538
20,https://www.gempundit.com/gemstones/paraiba-tourmaline/tourmaline-gp98529
21,https://www.gempundit.com/gemstones/paraiba-tourmaline/tourmaline-gp98532
22,https://www.gempundit.com/gemstones/paraiba-tourmaline/tourmaline-gp98516
23,https://www.gempundit.com/gemstones/paraiba-tourmaline/tourmaline-gp98508
24,https://www.gempundit.com/gemstones/paraiba-tourmaline/tourmaline-gp98539
25,https://www.gempundit.com/gemstones/paraiba-tourmaline/tourmaline-gp98533
26,https://www.gempundit.com/gemstones/paraiba-tourmaline/tourmaline-gp98526
27,https://www.gempundit.com/gemstones/paraiba-tourmaline/tourmaline-gp98503
28,https://www.gempundit.com/gemstones/paraiba-tourmaline/tourmaline-gp98524
29,https://www.gempundit.com/gemstones/paraiba-tourmaline/tourmaline-gp95965
30,https://www.gempundit.com/gemstones/paraiba-tourmaline/tourmaline-gp98536
31,https://www.gempundit.com/gemstones/paraiba-tourmaline/tourmaline-gp98535
32,https://www.gempundit.com/gemstones/paraiba-tourmaline/tourmaline-gp98531
33,https://www.gempundit.com/gemstones/paraiba-tourmaline/tourmaline-gp98540
34,https://www.gempundit.com/gemstones/paraiba-tourmaline/tourmaline-gp98543
35,https://www.gempundit.com/gemstones/paraiba-tourmaline/tourmaline-gp95967
36,https://www.gempundit.com/gemstones/paraiba-tourmaline/tourmaline-gp95962
37,https://www.gempundit.com/gemstones/paraiba-tourmaline/tourmaline-gp98541
38,https://www.gempundit.com/gemstones/paraiba-tourmaline/tourmaline-gp95973
39,https://www.gempundit.com/gemstones/paraiba-tourmaline/tourmaline-gp95968
40,https://www.gempundit.com/gemstones/paraiba-tourmaline/tourmaline-gp98521
41,https://www.gempundit.com/gemstones/paraiba-tourmaline/tourmaline-gp98520
42,https://www.gempundit.com/gemstones/paraiba-tourmaline/tourmaline-gp95957
43,https://www.gempundit.com/gemstones/paraiba-tourmaline/tourmaline-gp95971
44,https://www.gempundit.com/gemstones/paraiba-tourmaline/tourmaline-gp95996
45,https://www.gempundit.com/gemstones/paraiba-tourmaline/tourmaline-gp95963
46,https://www.gempundit.com/gemstones/paraiba-tourmaline/tourmaline-gp90559
47,https://www.gempundit.com/gemstones/paraiba-tourmaline/tourmaline-gp95966
48,https://www.gempundit.com/gemstones/paraiba-tourmaline/tourmaline-gp95960
49,https://www.gempundit.com/gemstones/paraiba-tourmaline/tourmaline-gp90560
50,https://www.gempundit.com/gemstones/paraiba-tourmaline/tourmaline-gp95961
51,https://www.gempundit.com/gemstones/paraiba-tourmaline/tourmaline-gp95964
52,https://www.gempundit.com/gemstones/paraiba-tourmaline/tourmaline-gp95970
53,https://www.gempundit.com/gemstones/paraiba-tourmaline/tourmaline-gp95959
54,https://www.gempundit.com/gemstones/paraiba-tourmaline/tourmaline-gp95995
55,https://www.gempundit.com/gemstones/paraiba-tourmaline/tourmaline-gp95969
56,https://www.gempundit.com/gemstones/paraiba-tourmaline/tourmaline-gp98542
57,https://www.gempundit.com/gemstones/paraiba-tourmaline/tourmaline-gp95958
58,https://www.gempundit.com/gemstones/paraiba-tourmaline/tourmaline-gp95972
