,Peach Morganite
0,https://www.gempundit.com/gemstones/peach-morganite/morganite-gp55203
1,https://www.gempundit.com/gemstones/peach-morganite/morganite-gp55201
2,https://www.gempundit.com/gemstones/peach-morganite/morganite-gp55197
3,https://www.gempundit.com/gemstones/peach-morganite/morganite-gp55199
4,https://www.gempundit.com/gemstones/peach-morganite/morganite-gp55198
5,https://www.gempundit.com/gemstones/peach-morganite/morganite-gp55206
6,https://www.gempundit.com/gemstones/peach-morganite/morganite-gp55213
7,https://www.gempundit.com/gemstones/peach-morganite/morganite-gp55208
8,https://www.gempundit.com/gemstones/peach-morganite/morganite-gp55209
9,https://www.gempundit.com/gemstones/peach-morganite/morganite-gp55212
10,https://www.gempundit.com/gemstones/peach-morganite/morganite-gp55205
11,https://www.gempundit.com/gemstones/peach-morganite/morganite-gp56000
12,https://www.gempundit.com/gemstones/peach-morganite/morganite-gp55194
