,Pearl (Moti)
0,https://www.gempundit.com/gemstones/pearl/natural-pearl-luxury-quality
1,https://www.gempundit.com/gemstones/pearl/natural-pearl-premium-quality
2,https://www.gempundit.com/gemstones/pearl/natural-pearl-economy-quality
3,https://www.gempundit.com/gemstones/pearl/pearl-south-sea-cultured-luxury-quality
4,https://www.gempundit.com/gemstones/pearl/pearl-south-sea-cultured-premium-quality
5,https://www.gempundit.com/gemstones/pearl/pearl-south-sea-cultured-economy-quality
6,https://www.gempundit.com/gemstones/pearl/golden-south-sea-pearl-luxury-quality
7,https://www.gempundit.com/gemstones/pearl/golden-south-sea-pearl-premium-quality
8,https://www.gempundit.com/gemstones/pearl/golden-south-sea-pearl-economy-quality
9,https://www.gempundit.com/gemstones/pearl/pearl-black-tahitian-cultured-premium-quality
10,https://www.gempundit.com/gemstones/pearl/pearl-gp91905
11,https://www.gempundit.com/gemstones/pearl/pearl-gp36018
12,https://www.gempundit.com/gemstones/pearl/pearl-gp95164
13,https://www.gempundit.com/gemstones/pearl/pearl-gp91904
14,https://www.gempundit.com/gemstones/pearl/pearl-gp91901
15,https://www.gempundit.com/gemstones/pearl/pearl-gp48228
16,https://www.gempundit.com/gemstones/pearl/pearl-gp91900
17,https://www.gempundit.com/gemstones/pearl/pearl-gp99576
18,https://www.gempundit.com/gemstones/pearl/pearl-gp99575
19,https://www.gempundit.com/gemstones/pearl/pearl-gp95151
20,https://www.gempundit.com/gemstones/pearl/pearl-gp85589
21,https://www.gempundit.com/gemstones/pearl/pearl-gp95206
22,https://www.gempundit.com/gemstones/pearl/pearl-gp85591
23,https://www.gempundit.com/gemstones/pearl/pearl-gp95189
24,https://www.gempundit.com/gemstones/pearl/pearl-gp91895
25,https://www.gempundit.com/gemstones/pearl/pearl-gp99579
26,https://www.gempundit.com/gemstones/pearl/pearl-gp48223
27,https://www.gempundit.com/gemstones/pearl/pearl-gp85590
28,https://www.gempundit.com/gemstones/pearl/pearl-gp95199
29,https://www.gempundit.com/gemstones/pearl/pearl-gp95187
30,https://www.gempundit.com/gemstones/pearl/pearl-gp95203
31,https://www.gempundit.com/gemstones/pearl/pearl-gp95207
32,https://www.gempundit.com/gemstones/pearl/pearl-gp100349
33,https://www.gempundit.com/gemstones/pearl/pearl-gp99578
34,https://www.gempundit.com/gemstones/pearl/natural-pearl-luxury-quality
35,https://www.gempundit.com/gemstones/pearl/natural-pearl-premium-quality
36,https://www.gempundit.com/gemstones/pearl/natural-pearl-economy-quality
37,https://www.gempundit.com/gemstones/pearl/pearl-south-sea-cultured-luxury-quality
38,https://www.gempundit.com/gemstones/pearl/pearl-south-sea-cultured-premium-quality
39,https://www.gempundit.com/gemstones/pearl/pearl-south-sea-cultured-economy-quality
40,https://www.gempundit.com/gemstones/pearl/golden-south-sea-pearl-luxury-quality
41,https://www.gempundit.com/gemstones/pearl/golden-south-sea-pearl-premium-quality
42,https://www.gempundit.com/gemstones/pearl/golden-south-sea-pearl-economy-quality
43,https://www.gempundit.com/gemstones/pearl/pearl-black-tahitian-cultured-premium-quality
44,https://www.gempundit.com/gemstones/pearl/pearl-gp95217
45,https://www.gempundit.com/gemstones/pearl/pearl-gp95149
46,https://www.gempundit.com/gemstones/pearl/pearl-gp95208
47,https://www.gempundit.com/gemstones/pearl/pearl-gp91893
48,https://www.gempundit.com/gemstones/pearl/pearl-gp95139
49,https://www.gempundit.com/gemstones/pearl/pearl-gp95211
50,https://www.gempundit.com/gemstones/pearl/pearl-gp100356
51,https://www.gempundit.com/gemstones/pearl/pearl-gp95205
52,https://www.gempundit.com/gemstones/pearl/pearl-gp48222
53,https://www.gempundit.com/gemstones/pearl/pearl-gp95200
54,https://www.gempundit.com/gemstones/pearl/pearl-gp47190
55,https://www.gempundit.com/gemstones/pearl/pearl-gp95209
56,https://www.gempundit.com/gemstones/pearl/pearl-gp95146
57,https://www.gempundit.com/gemstones/pearl/pearl-gp55593
58,https://www.gempundit.com/gemstones/pearl/pearl-gp99524
59,https://www.gempundit.com/gemstones/pearl/pearl-gp36572
60,https://www.gempundit.com/gemstones/pearl/pearl-gp99571
61,https://www.gempundit.com/gemstones/pearl/pearl-gp99522
62,https://www.gempundit.com/gemstones/pearl/pearl-gp95220
63,https://www.gempundit.com/gemstones/pearl/pearl-gp95215
64,https://www.gempundit.com/gemstones/pearl/pearl-gp95210
65,https://www.gempundit.com/gemstones/pearl/pearl-gp95143
66,https://www.gempundit.com/gemstones/pearl/pearl-gp99574
67,https://www.gempundit.com/gemstones/pearl/pearl-gp95216
68,https://www.gempundit.com/gemstones/pearl/natural-pearl-luxury-quality
69,https://www.gempundit.com/gemstones/pearl/natural-pearl-premium-quality
70,https://www.gempundit.com/gemstones/pearl/natural-pearl-economy-quality
71,https://www.gempundit.com/gemstones/pearl/pearl-south-sea-cultured-luxury-quality
72,https://www.gempundit.com/gemstones/pearl/pearl-south-sea-cultured-premium-quality
73,https://www.gempundit.com/gemstones/pearl/pearl-south-sea-cultured-economy-quality
74,https://www.gempundit.com/gemstones/pearl/golden-south-sea-pearl-luxury-quality
75,https://www.gempundit.com/gemstones/pearl/golden-south-sea-pearl-premium-quality
76,https://www.gempundit.com/gemstones/pearl/golden-south-sea-pearl-economy-quality
77,https://www.gempundit.com/gemstones/pearl/pearl-black-tahitian-cultured-premium-quality
78,https://www.gempundit.com/gemstones/pearl/pearl-gp95212
79,https://www.gempundit.com/gemstones/pearl/pearl-gp95155
80,https://www.gempundit.com/gemstones/pearl/pearl-gp99572
81,https://www.gempundit.com/gemstones/pearl/pearl-gp95153
82,https://www.gempundit.com/gemstones/pearl/pearl-gp95198
83,https://www.gempundit.com/gemstones/pearl/pearl-gp54012
84,https://www.gempundit.com/gemstones/pearl/pearl-gp47183
85,https://www.gempundit.com/gemstones/pearl/pearl-gp95154
86,https://www.gempundit.com/gemstones/pearl/pearl-gp99586
87,https://www.gempundit.com/gemstones/pearl/pearl-gp47180
88,https://www.gempundit.com/gemstones/pearl/pearl-gp99521
89,https://www.gempundit.com/gemstones/pearl/pearl-gp99584
90,https://www.gempundit.com/gemstones/pearl/pearl-gp47191
91,https://www.gempundit.com/gemstones/pearl/pearl-gp47186
92,https://www.gempundit.com/gemstones/pearl/pearl-gp48231
93,https://www.gempundit.com/gemstones/pearl/pearl-gp47194
94,https://www.gempundit.com/gemstones/pearl/pearl-gp54073
95,https://www.gempundit.com/gemstones/pearl/pearl-gp47181
96,https://www.gempundit.com/gemstones/pearl/pearl-gp55595
97,https://www.gempundit.com/gemstones/pearl/pearl-gp47175
98,https://www.gempundit.com/gemstones/pearl/pearl-gp95219
99,https://www.gempundit.com/gemstones/pearl/pearl-gp47177
100,https://www.gempundit.com/gemstones/pearl/pearl-gp99523
101,https://www.gempundit.com/gemstones/pearl/pearl-gp55596
102,https://www.gempundit.com/gemstones/pearl/natural-pearl-luxury-quality
103,https://www.gempundit.com/gemstones/pearl/natural-pearl-premium-quality
104,https://www.gempundit.com/gemstones/pearl/natural-pearl-economy-quality
105,https://www.gempundit.com/gemstones/pearl/pearl-south-sea-cultured-luxury-quality
106,https://www.gempundit.com/gemstones/pearl/pearl-south-sea-cultured-premium-quality
107,https://www.gempundit.com/gemstones/pearl/pearl-south-sea-cultured-economy-quality
108,https://www.gempundit.com/gemstones/pearl/golden-south-sea-pearl-luxury-quality
109,https://www.gempundit.com/gemstones/pearl/golden-south-sea-pearl-premium-quality
110,https://www.gempundit.com/gemstones/pearl/golden-south-sea-pearl-economy-quality
111,https://www.gempundit.com/gemstones/pearl/pearl-black-tahitian-cultured-premium-quality
112,https://www.gempundit.com/gemstones/pearl/pearl-gp99520
113,https://www.gempundit.com/gemstones/pearl/pearl-gp54010
114,https://www.gempundit.com/gemstones/pearl/pearl-gp99577
115,https://www.gempundit.com/gemstones/pearl/pearl-gp55597
116,https://www.gempundit.com/gemstones/pearl/pearl-gp38918
117,https://www.gempundit.com/gemstones/pearl/pearl-gp47973
118,https://www.gempundit.com/gemstones/pearl/pearl-gp95214
119,https://www.gempundit.com/gemstones/pearl/pearl-gp54009
120,https://www.gempundit.com/gemstones/pearl/pearl-gp53149
121,https://www.gempundit.com/gemstones/pearl/pearl-gp99585
122,https://www.gempundit.com/gemstones/pearl/pearl-gp72791
123,https://www.gempundit.com/gemstones/pearl/pearl-gp53143
124,https://www.gempundit.com/gemstones/pearl/pearl-gp54008
125,https://www.gempundit.com/gemstones/pearl/pearl-gp54007
126,https://www.gempundit.com/gemstones/pearl/pearl-gp47974
127,https://www.gempundit.com/gemstones/pearl/pearl-gp54006
128,https://www.gempundit.com/gemstones/pearl/pearl-gp95144
129,https://www.gempundit.com/gemstones/pearl/pearl-gp47182
130,https://www.gempundit.com/gemstones/pearl/pearl-gp95188
131,https://www.gempundit.com/gemstones/pearl/pearl-gp104187
132,https://www.gempundit.com/gemstones/pearl/pearl-gp47976
133,https://www.gempundit.com/gemstones/pearl/pearl-gp54071
134,https://www.gempundit.com/gemstones/pearl/pearl-gp99582
135,https://www.gempundit.com/gemstones/pearl/pearl-gp62635
136,https://www.gempundit.com/gemstones/pearl/natural-pearl-luxury-quality
137,https://www.gempundit.com/gemstones/pearl/natural-pearl-premium-quality
138,https://www.gempundit.com/gemstones/pearl/natural-pearl-economy-quality
139,https://www.gempundit.com/gemstones/pearl/pearl-south-sea-cultured-luxury-quality
140,https://www.gempundit.com/gemstones/pearl/pearl-south-sea-cultured-premium-quality
141,https://www.gempundit.com/gemstones/pearl/pearl-south-sea-cultured-economy-quality
142,https://www.gempundit.com/gemstones/pearl/golden-south-sea-pearl-luxury-quality
143,https://www.gempundit.com/gemstones/pearl/golden-south-sea-pearl-premium-quality
144,https://www.gempundit.com/gemstones/pearl/golden-south-sea-pearl-economy-quality
145,https://www.gempundit.com/gemstones/pearl/pearl-black-tahitian-cultured-premium-quality
146,https://www.gempundit.com/gemstones/pearl/pearl-gp47188
147,https://www.gempundit.com/gemstones/pearl/pearl-gp99583
148,https://www.gempundit.com/gemstones/pearl/pearl-gp99581
149,https://www.gempundit.com/gemstones/pearl/pearl-gp47978
150,https://www.gempundit.com/gemstones/pearl/pearl-gp62636
151,https://www.gempundit.com/gemstones/pearl/pearl-gp54035
152,https://www.gempundit.com/gemstones/pearl/pearl-gp38907
153,https://www.gempundit.com/gemstones/pearl/pearl-gp62637
154,https://www.gempundit.com/gemstones/pearl/pearl-gp47176
155,https://www.gempundit.com/gemstones/pearl/pearl-gp62638
156,https://www.gempundit.com/gemstones/pearl/pearl-gp62634
157,https://www.gempundit.com/gemstones/pearl/pearl-gp104188
158,https://www.gempundit.com/gemstones/pearl/pearl-gp59627
159,https://www.gempundit.com/gemstones/pearl/pearl-gp43541
160,https://www.gempundit.com/gemstones/pearl/pearl-gp91174
161,https://www.gempundit.com/gemstones/pearl/pearl-gp43551
162,https://www.gempundit.com/gemstones/pearl/pearl-gp43547
163,https://www.gempundit.com/gemstones/pearl/pearl-gp104186
164,https://www.gempundit.com/gemstones/pearl/pearl-gp72795
165,https://www.gempundit.com/gemstones/pearl/pearl-gp59631
166,https://www.gempundit.com/gemstones/pearl/pearl-gp95136
167,https://www.gempundit.com/gemstones/pearl/pearl-gp53159
168,https://www.gempundit.com/gemstones/pearl/pearl-gp47195
169,https://www.gempundit.com/gemstones/pearl/pearl-gp47979
170,https://www.gempundit.com/gemstones/pearl/natural-pearl-luxury-quality
171,https://www.gempundit.com/gemstones/pearl/natural-pearl-premium-quality
172,https://www.gempundit.com/gemstones/pearl/natural-pearl-economy-quality
173,https://www.gempundit.com/gemstones/pearl/pearl-south-sea-cultured-luxury-quality
174,https://www.gempundit.com/gemstones/pearl/pearl-south-sea-cultured-premium-quality
175,https://www.gempundit.com/gemstones/pearl/pearl-south-sea-cultured-economy-quality
176,https://www.gempundit.com/gemstones/pearl/golden-south-sea-pearl-luxury-quality
177,https://www.gempundit.com/gemstones/pearl/golden-south-sea-pearl-premium-quality
178,https://www.gempundit.com/gemstones/pearl/golden-south-sea-pearl-economy-quality
179,https://www.gempundit.com/gemstones/pearl/pearl-black-tahitian-cultured-premium-quality
180,https://www.gempundit.com/gemstones/pearl/pearl-gp99528
181,https://www.gempundit.com/gemstones/pearl/pearl-gp91179
182,https://www.gempundit.com/gemstones/pearl/pearl-gp82294
183,https://www.gempundit.com/gemstones/pearl/pearl-gp59632
184,https://www.gempundit.com/gemstones/pearl/pearl-gp99533
185,https://www.gempundit.com/gemstones/pearl/pearl-gp72782
186,https://www.gempundit.com/gemstones/pearl/pearl-gp104185
187,https://www.gempundit.com/gemstones/pearl/pearl-gp82295
188,https://www.gempundit.com/gemstones/pearl/pearl-gp53164
189,https://www.gempundit.com/gemstones/pearl/pearl-gp38897
190,https://www.gempundit.com/gemstones/pearl/pearl-gp95137
191,https://www.gempundit.com/gemstones/pearl/pearl-gp43543
192,https://www.gempundit.com/gemstones/pearl/pearl-gp54092
193,https://www.gempundit.com/gemstones/pearl/pearl-gp30892
194,https://www.gempundit.com/gemstones/pearl/pearl-gp72793
195,https://www.gempundit.com/gemstones/pearl/pearl-gp54068
196,https://www.gempundit.com/gemstones/pearl/pearl-gp95140
197,https://www.gempundit.com/gemstones/pearl/pearl-gp53148
198,https://www.gempundit.com/gemstones/pearl/pearl-gp43549
199,https://www.gempundit.com/gemstones/pearl/pearl-gp43544
200,https://www.gempundit.com/gemstones/pearl/pearl-gp99527
201,https://www.gempundit.com/gemstones/pearl/pearl-gp95138
202,https://www.gempundit.com/gemstones/pearl/pearl-gp91173
203,https://www.gempundit.com/gemstones/pearl/pearl-gp59629
204,https://www.gempundit.com/gemstones/pearl/natural-pearl-luxury-quality
205,https://www.gempundit.com/gemstones/pearl/natural-pearl-premium-quality
206,https://www.gempundit.com/gemstones/pearl/natural-pearl-economy-quality
207,https://www.gempundit.com/gemstones/pearl/pearl-south-sea-cultured-luxury-quality
208,https://www.gempundit.com/gemstones/pearl/pearl-south-sea-cultured-premium-quality
209,https://www.gempundit.com/gemstones/pearl/pearl-south-sea-cultured-economy-quality
210,https://www.gempundit.com/gemstones/pearl/golden-south-sea-pearl-luxury-quality
211,https://www.gempundit.com/gemstones/pearl/golden-south-sea-pearl-premium-quality
212,https://www.gempundit.com/gemstones/pearl/golden-south-sea-pearl-economy-quality
213,https://www.gempundit.com/gemstones/pearl/pearl-black-tahitian-cultured-premium-quality
214,https://www.gempundit.com/gemstones/pearl/pearl-gp54028
215,https://www.gempundit.com/gemstones/pearl/pearl-gp43552
216,https://www.gempundit.com/gemstones/pearl/pearl-gp54039
217,https://www.gempundit.com/gemstones/pearl/pearl-gp95135
218,https://www.gempundit.com/gemstones/pearl/pearl-gp38932
219,https://www.gempundit.com/gemstones/pearl/pearl-gp99530
220,https://www.gempundit.com/gemstones/pearl/pearl-gp72792
221,https://www.gempundit.com/gemstones/pearl/pearl-gp47174
222,https://www.gempundit.com/gemstones/pearl/pearl-gp43540
223,https://www.gempundit.com/gemstones/pearl/pearl-gp88919
224,https://www.gempundit.com/gemstones/pearl/pearl-gp54066
225,https://www.gempundit.com/gemstones/pearl/pearl-gp85539
226,https://www.gempundit.com/gemstones/pearl/pearl-gp100019
227,https://www.gempundit.com/gemstones/pearl/pearl-gp53158
228,https://www.gempundit.com/gemstones/pearl/pearl-gp47170
229,https://www.gempundit.com/gemstones/pearl/pearl-gp47163
230,https://www.gempundit.com/gemstones/pearl/pearl-gp100352
231,https://www.gempundit.com/gemstones/pearl/pearl-gp53147
232,https://www.gempundit.com/gemstones/pearl/pearl-gp100357
233,https://www.gempundit.com/gemstones/pearl/pearl-gp100018
234,https://www.gempundit.com/gemstones/pearl/pearl-gp85538
235,https://www.gempundit.com/gemstones/pearl/pearl-gp47164
236,https://www.gempundit.com/gemstones/pearl/pearl-gp99519
237,https://www.gempundit.com/gemstones/pearl/pearl-gp90693
238,https://www.gempundit.com/gemstones/pearl/natural-pearl-luxury-quality
239,https://www.gempundit.com/gemstones/pearl/natural-pearl-premium-quality
240,https://www.gempundit.com/gemstones/pearl/natural-pearl-economy-quality
241,https://www.gempundit.com/gemstones/pearl/pearl-south-sea-cultured-luxury-quality
242,https://www.gempundit.com/gemstones/pearl/pearl-south-sea-cultured-premium-quality
243,https://www.gempundit.com/gemstones/pearl/pearl-south-sea-cultured-economy-quality
244,https://www.gempundit.com/gemstones/pearl/golden-south-sea-pearl-luxury-quality
245,https://www.gempundit.com/gemstones/pearl/golden-south-sea-pearl-premium-quality
246,https://www.gempundit.com/gemstones/pearl/golden-south-sea-pearl-economy-quality
247,https://www.gempundit.com/gemstones/pearl/pearl-black-tahitian-cultured-premium-quality
248,https://www.gempundit.com/gemstones/pearl/pearl-gp59620
249,https://www.gempundit.com/gemstones/pearl/pearl-gp53156
250,https://www.gempundit.com/gemstones/pearl/pearl-gp47980
251,https://www.gempundit.com/gemstones/pearl/pearl-gp99518
252,https://www.gempundit.com/gemstones/pearl/pearl-gp100023
253,https://www.gempundit.com/gemstones/pearl/pearl-gp100358
254,https://www.gempundit.com/gemstones/pearl/pearl-gp99525
255,https://www.gempundit.com/gemstones/pearl/pearl-gp38876
256,https://www.gempundit.com/gemstones/pearl/pearl-gp38864
257,https://www.gempundit.com/gemstones/pearl/pearl-gp82286
258,https://www.gempundit.com/gemstones/pearl/pearl-gp99526
259,https://www.gempundit.com/gemstones/pearl/pearl-gp72780
260,https://www.gempundit.com/gemstones/pearl/pearl-gp54088
261,https://www.gempundit.com/gemstones/pearl/pearl-gp47157
262,https://www.gempundit.com/gemstones/pearl/pearl-gp38917
263,https://www.gempundit.com/gemstones/pearl/pearl-gp54031
264,https://www.gempundit.com/gemstones/pearl/pearl-gp38975
265,https://www.gempundit.com/gemstones/pearl/pearl-gp59624
266,https://www.gempundit.com/gemstones/pearl/pearl-gp53154
267,https://www.gempundit.com/gemstones/pearl/pearl-gp38924
268,https://www.gempundit.com/gemstones/pearl/pearl-gp38885
269,https://www.gempundit.com/gemstones/pearl/pearl-gp38870
270,https://www.gempundit.com/gemstones/pearl/pearl-gp54087
271,https://www.gempundit.com/gemstones/pearl/pearl-gp54060
272,https://www.gempundit.com/gemstones/pearl/natural-pearl-luxury-quality
273,https://www.gempundit.com/gemstones/pearl/natural-pearl-premium-quality
274,https://www.gempundit.com/gemstones/pearl/natural-pearl-economy-quality
275,https://www.gempundit.com/gemstones/pearl/pearl-south-sea-cultured-luxury-quality
276,https://www.gempundit.com/gemstones/pearl/pearl-south-sea-cultured-premium-quality
277,https://www.gempundit.com/gemstones/pearl/pearl-south-sea-cultured-economy-quality
278,https://www.gempundit.com/gemstones/pearl/golden-south-sea-pearl-luxury-quality
279,https://www.gempundit.com/gemstones/pearl/golden-south-sea-pearl-premium-quality
280,https://www.gempundit.com/gemstones/pearl/golden-south-sea-pearl-economy-quality
281,https://www.gempundit.com/gemstones/pearl/pearl-black-tahitian-cultured-premium-quality
282,https://www.gempundit.com/gemstones/pearl/pearl-gp54033
283,https://www.gempundit.com/gemstones/pearl/pearl-gp53161
284,https://www.gempundit.com/gemstones/pearl/pearl-gp53157
285,https://www.gempundit.com/gemstones/pearl/pearl-gp38832
286,https://www.gempundit.com/gemstones/pearl/pearl-gp54037
287,https://www.gempundit.com/gemstones/pearl/pearl-gp53162
288,https://www.gempundit.com/gemstones/pearl/pearl-gp38843
289,https://www.gempundit.com/gemstones/pearl/pearl-gp38942
290,https://www.gempundit.com/gemstones/pearl/pearl-gp59614
291,https://www.gempundit.com/gemstones/pearl/pearl-gp53160
292,https://www.gempundit.com/gemstones/pearl/pearl-gp53153
293,https://www.gempundit.com/gemstones/pearl/pearl-gp38902
294,https://www.gempundit.com/gemstones/pearl/pearl-gp99531
295,https://www.gempundit.com/gemstones/pearl/pearl-gp38931
296,https://www.gempundit.com/gemstones/pearl/pearl-gp38830
297,https://www.gempundit.com/gemstones/pearl/pearl-gp33132
298,https://www.gempundit.com/gemstones/pearl/pearl-gp72770
299,https://www.gempundit.com/gemstones/pearl/pearl-gp82287
300,https://www.gempundit.com/gemstones/pearl/pearl-gp54034
301,https://www.gempundit.com/gemstones/pearl/pearl-gp43749
302,https://www.gempundit.com/gemstones/pearl/pearl-gp82289
303,https://www.gempundit.com/gemstones/pearl/pearl-gp82284
304,https://www.gempundit.com/gemstones/pearl/pearl-gp59616
305,https://www.gempundit.com/gemstones/pearl/pearl-gp72790
306,https://www.gempundit.com/gemstones/pearl/natural-pearl-luxury-quality
307,https://www.gempundit.com/gemstones/pearl/natural-pearl-premium-quality
308,https://www.gempundit.com/gemstones/pearl/natural-pearl-economy-quality
309,https://www.gempundit.com/gemstones/pearl/pearl-south-sea-cultured-luxury-quality
310,https://www.gempundit.com/gemstones/pearl/pearl-south-sea-cultured-premium-quality
311,https://www.gempundit.com/gemstones/pearl/pearl-south-sea-cultured-economy-quality
312,https://www.gempundit.com/gemstones/pearl/golden-south-sea-pearl-luxury-quality
313,https://www.gempundit.com/gemstones/pearl/golden-south-sea-pearl-premium-quality
314,https://www.gempundit.com/gemstones/pearl/golden-south-sea-pearl-economy-quality
315,https://www.gempundit.com/gemstones/pearl/pearl-black-tahitian-cultured-premium-quality
316,https://www.gempundit.com/gemstones/pearl/pearl-gp54000
317,https://www.gempundit.com/gemstones/pearl/pearl-gp38847
318,https://www.gempundit.com/gemstones/pearl/pearl-gp59628
319,https://www.gempundit.com/gemstones/pearl/pearl-gp38850
320,https://www.gempundit.com/gemstones/pearl/pearl-gp47169
321,https://www.gempundit.com/gemstones/pearl/pearl-gp90692
322,https://www.gempundit.com/gemstones/pearl/pearl-gp59606
323,https://www.gempundit.com/gemstones/pearl/pearl-gp54067
324,https://www.gempundit.com/gemstones/pearl/pearl-gp38946
325,https://www.gempundit.com/gemstones/pearl/pearl-gp38926
326,https://www.gempundit.com/gemstones/pearl/pearl-gp38836
327,https://www.gempundit.com/gemstones/pearl/pearl-gp59609
328,https://www.gempundit.com/gemstones/pearl/pearl-gp53144
329,https://www.gempundit.com/gemstones/pearl/pearl-gp54080
330,https://www.gempundit.com/gemstones/pearl/pearl-gp100350
331,https://www.gempundit.com/gemstones/pearl/pearl-gp38919
332,https://www.gempundit.com/gemstones/pearl/pearl-gp82282
333,https://www.gempundit.com/gemstones/pearl/pearl-gp59615
334,https://www.gempundit.com/gemstones/pearl/pearl-gp38927
335,https://www.gempundit.com/gemstones/pearl/pearl-gp100354
336,https://www.gempundit.com/gemstones/pearl/pearl-gp38896
337,https://www.gempundit.com/gemstones/pearl/pearl-gp99568
338,https://www.gempundit.com/gemstones/pearl/pearl-gp82291
339,https://www.gempundit.com/gemstones/pearl/pearl-gp82288
340,https://www.gempundit.com/gemstones/pearl/natural-pearl-luxury-quality
341,https://www.gempundit.com/gemstones/pearl/natural-pearl-premium-quality
342,https://www.gempundit.com/gemstones/pearl/natural-pearl-economy-quality
343,https://www.gempundit.com/gemstones/pearl/pearl-south-sea-cultured-luxury-quality
344,https://www.gempundit.com/gemstones/pearl/pearl-south-sea-cultured-premium-quality
345,https://www.gempundit.com/gemstones/pearl/pearl-south-sea-cultured-economy-quality
346,https://www.gempundit.com/gemstones/pearl/golden-south-sea-pearl-luxury-quality
347,https://www.gempundit.com/gemstones/pearl/golden-south-sea-pearl-premium-quality
348,https://www.gempundit.com/gemstones/pearl/golden-south-sea-pearl-economy-quality
349,https://www.gempundit.com/gemstones/pearl/pearl-black-tahitian-cultured-premium-quality
350,https://www.gempundit.com/gemstones/pearl/pearl-gp47985
351,https://www.gempundit.com/gemstones/pearl/pearl-gp95134
352,https://www.gempundit.com/gemstones/pearl/pearl-gp59597
353,https://www.gempundit.com/gemstones/pearl/pearl-gp43641
354,https://www.gempundit.com/gemstones/pearl/pearl-gp38925
355,https://www.gempundit.com/gemstones/pearl/pearl-gp38829
356,https://www.gempundit.com/gemstones/pearl/pearl-gp31153
357,https://www.gempundit.com/gemstones/pearl/pearl-gp59611
358,https://www.gempundit.com/gemstones/pearl/pearl-gp38874
359,https://www.gempundit.com/gemstones/pearl/pearl-gp99537
360,https://www.gempundit.com/gemstones/pearl/pearl-gp59607
361,https://www.gempundit.com/gemstones/pearl/pearl-gp59602
362,https://www.gempundit.com/gemstones/pearl/pearl-gp99538
363,https://www.gempundit.com/gemstones/pearl/pearl-gp59617
364,https://www.gempundit.com/gemstones/pearl/pearl-gp54030
365,https://www.gempundit.com/gemstones/pearl/pearl-gp47159
366,https://www.gempundit.com/gemstones/pearl/pearl-gp99558
367,https://www.gempundit.com/gemstones/pearl/pearl-gp95165
368,https://www.gempundit.com/gemstones/pearl/pearl-gp59618
369,https://www.gempundit.com/gemstones/pearl/pearl-gp47167
370,https://www.gempundit.com/gemstones/pearl/pearl-gp38886
371,https://www.gempundit.com/gemstones/pearl/pearl-gp99564
372,https://www.gempundit.com/gemstones/pearl/pearl-gp99541
373,https://www.gempundit.com/gemstones/pearl/pearl-gp72769
374,https://www.gempundit.com/gemstones/pearl/natural-pearl-luxury-quality
375,https://www.gempundit.com/gemstones/pearl/natural-pearl-premium-quality
376,https://www.gempundit.com/gemstones/pearl/natural-pearl-economy-quality
377,https://www.gempundit.com/gemstones/pearl/pearl-south-sea-cultured-luxury-quality
378,https://www.gempundit.com/gemstones/pearl/pearl-south-sea-cultured-premium-quality
379,https://www.gempundit.com/gemstones/pearl/pearl-south-sea-cultured-economy-quality
380,https://www.gempundit.com/gemstones/pearl/golden-south-sea-pearl-luxury-quality
381,https://www.gempundit.com/gemstones/pearl/golden-south-sea-pearl-premium-quality
382,https://www.gempundit.com/gemstones/pearl/golden-south-sea-pearl-economy-quality
383,https://www.gempundit.com/gemstones/pearl/pearl-black-tahitian-cultured-premium-quality
384,https://www.gempundit.com/gemstones/pearl/pearl-gp100355
385,https://www.gempundit.com/gemstones/pearl/pearl-gp59619
386,https://www.gempundit.com/gemstones/pearl/pearl-gp38872
387,https://www.gempundit.com/gemstones/pearl/pearl-gp95166
388,https://www.gempundit.com/gemstones/pearl/pearl-gp59600
389,https://www.gempundit.com/gemstones/pearl/pearl-gp54070
390,https://www.gempundit.com/gemstones/pearl/pearl-gp38901
391,https://www.gempundit.com/gemstones/pearl/pearl-gp100022
392,https://www.gempundit.com/gemstones/pearl/pearl-gp72784
393,https://www.gempundit.com/gemstones/pearl/pearl-gp59610
394,https://www.gempundit.com/gemstones/pearl/pearl-gp54072
395,https://www.gempundit.com/gemstones/pearl/pearl-gp38831
396,https://www.gempundit.com/gemstones/pearl/pearl-gp100017
397,https://www.gempundit.com/gemstones/pearl/pearl-gp99534
398,https://www.gempundit.com/gemstones/pearl/pearl-gp88920
399,https://www.gempundit.com/gemstones/pearl/pearl-gp59604
400,https://www.gempundit.com/gemstones/pearl/pearl-gp43637
401,https://www.gempundit.com/gemstones/pearl/pearl-gp59623
402,https://www.gempundit.com/gemstones/pearl/pearl-gp43695
403,https://www.gempundit.com/gemstones/pearl/pearl-gp38856
404,https://www.gempundit.com/gemstones/pearl/pearl-gp99539
405,https://www.gempundit.com/gemstones/pearl/pearl-gp62584
406,https://www.gempundit.com/gemstones/pearl/pearl-gp62573
407,https://www.gempundit.com/gemstones/pearl/pearl-gp94366
408,https://www.gempundit.com/gemstones/pearl/natural-pearl-luxury-quality
409,https://www.gempundit.com/gemstones/pearl/natural-pearl-premium-quality
410,https://www.gempundit.com/gemstones/pearl/natural-pearl-economy-quality
411,https://www.gempundit.com/gemstones/pearl/pearl-south-sea-cultured-luxury-quality
412,https://www.gempundit.com/gemstones/pearl/pearl-south-sea-cultured-premium-quality
413,https://www.gempundit.com/gemstones/pearl/pearl-south-sea-cultured-economy-quality
414,https://www.gempundit.com/gemstones/pearl/golden-south-sea-pearl-luxury-quality
415,https://www.gempundit.com/gemstones/pearl/golden-south-sea-pearl-premium-quality
416,https://www.gempundit.com/gemstones/pearl/golden-south-sea-pearl-economy-quality
417,https://www.gempundit.com/gemstones/pearl/pearl-black-tahitian-cultured-premium-quality
418,https://www.gempundit.com/gemstones/pearl/pearl-gp38906
419,https://www.gempundit.com/gemstones/pearl/pearl-gp90694
420,https://www.gempundit.com/gemstones/pearl/pearl-gp62583
421,https://www.gempundit.com/gemstones/pearl/pearl-gp53142
422,https://www.gempundit.com/gemstones/pearl/pearl-gp30956
423,https://www.gempundit.com/gemstones/pearl/pearl-gp95133
424,https://www.gempundit.com/gemstones/pearl/pearl-gp59613
425,https://www.gempundit.com/gemstones/pearl/pearl-gp30891
426,https://www.gempundit.com/gemstones/pearl/pearl-gp36111
427,https://www.gempundit.com/gemstones/pearl/pearl-gp38976
428,https://www.gempundit.com/gemstones/pearl/pearl-gp38841
429,https://www.gempundit.com/gemstones/pearl/pearl-gp95179
430,https://www.gempundit.com/gemstones/pearl/pearl-gp89817
431,https://www.gempundit.com/gemstones/pearl/pearl-gp59601
432,https://www.gempundit.com/gemstones/pearl/pearl-gp62585
433,https://www.gempundit.com/gemstones/pearl/pearl-gp59376
434,https://www.gempundit.com/gemstones/pearl/pearl-gp47161
435,https://www.gempundit.com/gemstones/pearl/pearl-gp43650
436,https://www.gempundit.com/gemstones/pearl/pearl-gp38921
437,https://www.gempundit.com/gemstones/pearl/pearl-gp47983
438,https://www.gempundit.com/gemstones/pearl/pearl-gp47166
439,https://www.gempundit.com/gemstones/pearl/pearl-gp38967
440,https://www.gempundit.com/gemstones/pearl/pearl-gp30976
441,https://www.gempundit.com/gemstones/pearl/pearl-gp54022
442,https://www.gempundit.com/gemstones/pearl/natural-pearl-luxury-quality
443,https://www.gempundit.com/gemstones/pearl/natural-pearl-premium-quality
444,https://www.gempundit.com/gemstones/pearl/natural-pearl-economy-quality
445,https://www.gempundit.com/gemstones/pearl/pearl-south-sea-cultured-luxury-quality
446,https://www.gempundit.com/gemstones/pearl/pearl-south-sea-cultured-premium-quality
447,https://www.gempundit.com/gemstones/pearl/pearl-south-sea-cultured-economy-quality
448,https://www.gempundit.com/gemstones/pearl/golden-south-sea-pearl-luxury-quality
449,https://www.gempundit.com/gemstones/pearl/golden-south-sea-pearl-premium-quality
450,https://www.gempundit.com/gemstones/pearl/golden-south-sea-pearl-economy-quality
451,https://www.gempundit.com/gemstones/pearl/pearl-black-tahitian-cultured-premium-quality
452,https://www.gempundit.com/gemstones/pearl/pearl-gp53168
453,https://www.gempundit.com/gemstones/pearl/pearl-gp95176
454,https://www.gempundit.com/gemstones/pearl/pearl-gp94448
455,https://www.gempundit.com/gemstones/pearl/pearl-gp59612
456,https://www.gempundit.com/gemstones/pearl/pearl-gp53178
457,https://www.gempundit.com/gemstones/pearl/pearl-gp59603
458,https://www.gempundit.com/gemstones/pearl/pearl-gp94388
459,https://www.gempundit.com/gemstones/pearl/pearl-gp59608
460,https://www.gempundit.com/gemstones/pearl/pearl-gp59605
461,https://www.gempundit.com/gemstones/pearl/pearl-gp53176
462,https://www.gempundit.com/gemstones/pearl/pearl-gp38837
463,https://www.gempundit.com/gemstones/pearl/pearl-gp43744
464,https://www.gempundit.com/gemstones/pearl/pearl-gp38848
465,https://www.gempundit.com/gemstones/pearl/pearl-gp99566
466,https://www.gempundit.com/gemstones/pearl/pearl-gp99536
467,https://www.gempundit.com/gemstones/pearl/pearl-gp94384
468,https://www.gempundit.com/gemstones/pearl/pearl-gp38860
469,https://www.gempundit.com/gemstones/pearl/pearl-gp95156
470,https://www.gempundit.com/gemstones/pearl/pearl-gp94433
471,https://www.gempundit.com/gemstones/pearl/pearl-gp82279
472,https://www.gempundit.com/gemstones/pearl/pearl-gp53184
473,https://www.gempundit.com/gemstones/pearl/pearl-gp94447
474,https://www.gempundit.com/gemstones/pearl/pearl-gp94429
475,https://www.gempundit.com/gemstones/pearl/pearl-gp53181
476,https://www.gempundit.com/gemstones/pearl/natural-pearl-luxury-quality
477,https://www.gempundit.com/gemstones/pearl/natural-pearl-premium-quality
478,https://www.gempundit.com/gemstones/pearl/natural-pearl-economy-quality
479,https://www.gempundit.com/gemstones/pearl/pearl-south-sea-cultured-luxury-quality
480,https://www.gempundit.com/gemstones/pearl/pearl-south-sea-cultured-premium-quality
481,https://www.gempundit.com/gemstones/pearl/pearl-south-sea-cultured-economy-quality
482,https://www.gempundit.com/gemstones/pearl/golden-south-sea-pearl-luxury-quality
483,https://www.gempundit.com/gemstones/pearl/golden-south-sea-pearl-premium-quality
484,https://www.gempundit.com/gemstones/pearl/golden-south-sea-pearl-economy-quality
485,https://www.gempundit.com/gemstones/pearl/pearl-black-tahitian-cultured-premium-quality
486,https://www.gempundit.com/gemstones/pearl/pearl-gp38875
487,https://www.gempundit.com/gemstones/pearl/pearl-gp94385
488,https://www.gempundit.com/gemstones/pearl/pearl-gp53169
489,https://www.gempundit.com/gemstones/pearl/pearl-gp38833
490,https://www.gempundit.com/gemstones/pearl/pearl-gp94442
491,https://www.gempundit.com/gemstones/pearl/pearl-gp94435
492,https://www.gempundit.com/gemstones/pearl/pearl-gp53172
493,https://www.gempundit.com/gemstones/pearl/pearl-gp94396
494,https://www.gempundit.com/gemstones/pearl/pearl-gp54061
495,https://www.gempundit.com/gemstones/pearl/pearl-gp82276
496,https://www.gempundit.com/gemstones/pearl/pearl-gp95202
497,https://www.gempundit.com/gemstones/pearl/pearl-gp94432
498,https://www.gempundit.com/gemstones/pearl/pearl-gp94411
499,https://www.gempundit.com/gemstones/pearl/pearl-gp62580
500,https://www.gempundit.com/gemstones/pearl/pearl-gp99535
501,https://www.gempundit.com/gemstones/pearl/pearl-gp94431
502,https://www.gempundit.com/gemstones/pearl/pearl-gp91186
503,https://www.gempundit.com/gemstones/pearl/pearl-gp82272
504,https://www.gempundit.com/gemstones/pearl/pearl-gp94422
505,https://www.gempundit.com/gemstones/pearl/pearl-gp82281
506,https://www.gempundit.com/gemstones/pearl/pearl-gp62579
507,https://www.gempundit.com/gemstones/pearl/pearl-gp94395
508,https://www.gempundit.com/gemstones/pearl/pearl-gp62578
509,https://www.gempundit.com/gemstones/pearl/pearl-gp94443
510,https://www.gempundit.com/gemstones/pearl/natural-pearl-luxury-quality
511,https://www.gempundit.com/gemstones/pearl/natural-pearl-premium-quality
512,https://www.gempundit.com/gemstones/pearl/natural-pearl-economy-quality
513,https://www.gempundit.com/gemstones/pearl/pearl-south-sea-cultured-luxury-quality
514,https://www.gempundit.com/gemstones/pearl/pearl-south-sea-cultured-premium-quality
515,https://www.gempundit.com/gemstones/pearl/pearl-south-sea-cultured-economy-quality
516,https://www.gempundit.com/gemstones/pearl/golden-south-sea-pearl-luxury-quality
517,https://www.gempundit.com/gemstones/pearl/golden-south-sea-pearl-premium-quality
518,https://www.gempundit.com/gemstones/pearl/golden-south-sea-pearl-economy-quality
519,https://www.gempundit.com/gemstones/pearl/pearl-black-tahitian-cultured-premium-quality
520,https://www.gempundit.com/gemstones/pearl/pearl-gp94413
521,https://www.gempundit.com/gemstones/pearl/pearl-gp43792
522,https://www.gempundit.com/gemstones/pearl/pearl-gp38933
523,https://www.gempundit.com/gemstones/pearl/pearl-gp94368
524,https://www.gempundit.com/gemstones/pearl/pearl-gp30957
525,https://www.gempundit.com/gemstones/pearl/pearl-gp62577
526,https://www.gempundit.com/gemstones/pearl/pearl-gp43771
527,https://www.gempundit.com/gemstones/pearl/pearl-gp43781
528,https://www.gempundit.com/gemstones/pearl/pearl-gp43739
529,https://www.gempundit.com/gemstones/pearl/pearl-gp30981
530,https://www.gempundit.com/gemstones/pearl/pearl-gp31501
531,https://www.gempundit.com/gemstones/pearl/pearl-gp66044
532,https://www.gempundit.com/gemstones/pearl/pearl-gp99561
533,https://www.gempundit.com/gemstones/pearl/pearl-gp94420
534,https://www.gempundit.com/gemstones/pearl/pearl-gp59349
535,https://www.gempundit.com/gemstones/pearl/pearl-gp53179
536,https://www.gempundit.com/gemstones/pearl/pearl-gp38904
537,https://www.gempundit.com/gemstones/pearl/pearl-gp38947
538,https://www.gempundit.com/gemstones/pearl/pearl-gp31503
539,https://www.gempundit.com/gemstones/pearl/pearl-gp30991
540,https://www.gempundit.com/gemstones/pearl/pearl-gp94444
541,https://www.gempundit.com/gemstones/pearl/pearl-gp38866
542,https://www.gempundit.com/gemstones/pearl/pearl-gp94412
543,https://www.gempundit.com/gemstones/pearl/pearl-gp38887
544,https://www.gempundit.com/gemstones/pearl/natural-pearl-luxury-quality
545,https://www.gempundit.com/gemstones/pearl/natural-pearl-premium-quality
546,https://www.gempundit.com/gemstones/pearl/natural-pearl-economy-quality
547,https://www.gempundit.com/gemstones/pearl/pearl-south-sea-cultured-luxury-quality
548,https://www.gempundit.com/gemstones/pearl/pearl-south-sea-cultured-premium-quality
549,https://www.gempundit.com/gemstones/pearl/pearl-south-sea-cultured-economy-quality
550,https://www.gempundit.com/gemstones/pearl/golden-south-sea-pearl-luxury-quality
551,https://www.gempundit.com/gemstones/pearl/golden-south-sea-pearl-premium-quality
552,https://www.gempundit.com/gemstones/pearl/golden-south-sea-pearl-economy-quality
553,https://www.gempundit.com/gemstones/pearl/pearl-black-tahitian-cultured-premium-quality
554,https://www.gempundit.com/gemstones/pearl/pearl-gp94383
555,https://www.gempundit.com/gemstones/pearl/pearl-gp33377
556,https://www.gempundit.com/gemstones/pearl/pearl-gp31340
557,https://www.gempundit.com/gemstones/pearl/pearl-gp94400
558,https://www.gempundit.com/gemstones/pearl/pearl-gp38854
559,https://www.gempundit.com/gemstones/pearl/pearl-gp30893
560,https://www.gempundit.com/gemstones/pearl/pearl-gp95178
561,https://www.gempundit.com/gemstones/pearl/pearl-gp66039
562,https://www.gempundit.com/gemstones/pearl/pearl-gp53175
563,https://www.gempundit.com/gemstones/pearl/pearl-gp43773
564,https://www.gempundit.com/gemstones/pearl/south-sea-pearl-gp13083
565,https://www.gempundit.com/gemstones/pearl/pearl-gp100021
566,https://www.gempundit.com/gemstones/pearl/pearl-gp94389
567,https://www.gempundit.com/gemstones/pearl/pearl-gp43774
568,https://www.gempundit.com/gemstones/pearl/pearl-gp94370
569,https://www.gempundit.com/gemstones/pearl/pearl-gp38878
570,https://www.gempundit.com/gemstones/pearl/pearl-gp94441
571,https://www.gempundit.com/gemstones/pearl/pearl-gp38834
572,https://www.gempundit.com/gemstones/pearl/pearl-gp38828
573,https://www.gempundit.com/gemstones/pearl/pearl-gp53173
574,https://www.gempundit.com/gemstones/pearl/pearl-gp43720
575,https://www.gempundit.com/gemstones/pearl/pearl-gp38916
576,https://www.gempundit.com/gemstones/pearl/pearl-gp31337
577,https://www.gempundit.com/gemstones/pearl/pearl-gp94519
578,https://www.gempundit.com/gemstones/pearl/natural-pearl-luxury-quality
579,https://www.gempundit.com/gemstones/pearl/natural-pearl-premium-quality
580,https://www.gempundit.com/gemstones/pearl/natural-pearl-economy-quality
581,https://www.gempundit.com/gemstones/pearl/pearl-south-sea-cultured-luxury-quality
582,https://www.gempundit.com/gemstones/pearl/pearl-south-sea-cultured-premium-quality
583,https://www.gempundit.com/gemstones/pearl/pearl-south-sea-cultured-economy-quality
584,https://www.gempundit.com/gemstones/pearl/golden-south-sea-pearl-luxury-quality
585,https://www.gempundit.com/gemstones/pearl/golden-south-sea-pearl-premium-quality
586,https://www.gempundit.com/gemstones/pearl/golden-south-sea-pearl-economy-quality
587,https://www.gempundit.com/gemstones/pearl/pearl-black-tahitian-cultured-premium-quality
588,https://www.gempundit.com/gemstones/pearl/pearl-gp54082
589,https://www.gempundit.com/gemstones/pearl/pearl-gp53182
590,https://www.gempundit.com/gemstones/pearl/pearl-gp43821
591,https://www.gempundit.com/gemstones/pearl/pearl-gp54062
592,https://www.gempundit.com/gemstones/pearl/pearl-gp94390
593,https://www.gempundit.com/gemstones/pearl/pearl-gp43687
594,https://www.gempundit.com/gemstones/pearl/pearl-gp94445
595,https://www.gempundit.com/gemstones/pearl/pearl-gp94393
596,https://www.gempundit.com/gemstones/pearl/pearl-gp30982
597,https://www.gempundit.com/gemstones/pearl/pearl-gp94398
598,https://www.gempundit.com/gemstones/pearl/pearl-gp38889
599,https://www.gempundit.com/gemstones/pearl/pearl-gp94387
600,https://www.gempundit.com/gemstones/pearl/pearl-gp43804
601,https://www.gempundit.com/gemstones/pearl/pearl-gp38908
602,https://www.gempundit.com/gemstones/pearl/pearl-gp38937
603,https://www.gempundit.com/gemstones/pearl/pearl-gp38869
604,https://www.gempundit.com/gemstones/pearl/pearl-gp100025
605,https://www.gempundit.com/gemstones/pearl/pearl-gp94436
606,https://www.gempundit.com/gemstones/pearl/pearl-gp33378
607,https://www.gempundit.com/gemstones/pearl/pearl-gp30965
608,https://www.gempundit.com/gemstones/pearl/pearl-gp100024
609,https://www.gempundit.com/gemstones/pearl/pearl-gp95186
610,https://www.gempundit.com/gemstones/pearl/pearl-gp66046
611,https://www.gempundit.com/gemstones/pearl/pearl-gp38867
612,https://www.gempundit.com/gemstones/pearl/natural-pearl-luxury-quality
613,https://www.gempundit.com/gemstones/pearl/natural-pearl-premium-quality
614,https://www.gempundit.com/gemstones/pearl/natural-pearl-economy-quality
615,https://www.gempundit.com/gemstones/pearl/pearl-south-sea-cultured-luxury-quality
616,https://www.gempundit.com/gemstones/pearl/pearl-south-sea-cultured-premium-quality
617,https://www.gempundit.com/gemstones/pearl/pearl-south-sea-cultured-economy-quality
618,https://www.gempundit.com/gemstones/pearl/golden-south-sea-pearl-luxury-quality
619,https://www.gempundit.com/gemstones/pearl/golden-south-sea-pearl-premium-quality
620,https://www.gempundit.com/gemstones/pearl/golden-south-sea-pearl-economy-quality
621,https://www.gempundit.com/gemstones/pearl/pearl-black-tahitian-cultured-premium-quality
622,https://www.gempundit.com/gemstones/pearl/pearl-gp54077
623,https://www.gempundit.com/gemstones/pearl/pearl-gp54074
624,https://www.gempundit.com/gemstones/pearl/pearl-gp94379
625,https://www.gempundit.com/gemstones/pearl/pearl-gp38845
626,https://www.gempundit.com/gemstones/pearl/pearl-gp94425
627,https://www.gempundit.com/gemstones/pearl/pearl-gp43782
628,https://www.gempundit.com/gemstones/pearl/pearl-gp80595
629,https://www.gempundit.com/gemstones/pearl/pearl-gp94439
630,https://www.gempundit.com/gemstones/pearl/pearl-gp94426
631,https://www.gempundit.com/gemstones/pearl/pearl-gp94367
632,https://www.gempundit.com/gemstones/pearl/pearl-gp99284
633,https://www.gempundit.com/gemstones/pearl/pearl-gp54029
634,https://www.gempundit.com/gemstones/pearl/pearl-gp36112
635,https://www.gempundit.com/gemstones/pearl/pearl-gp99279
636,https://www.gempundit.com/gemstones/pearl/pearl-gp94402
637,https://www.gempundit.com/gemstones/pearl/pearl-gp53183
638,https://www.gempundit.com/gemstones/pearl/pearl-gp99607
639,https://www.gempundit.com/gemstones/pearl/pearl-gp59367
640,https://www.gempundit.com/gemstones/pearl/pearl-gp59353
641,https://www.gempundit.com/gemstones/pearl/pearl-gp99563
642,https://www.gempundit.com/gemstones/pearl/pearl-gp99285
643,https://www.gempundit.com/gemstones/pearl/pearl-gp99606
644,https://www.gempundit.com/gemstones/pearl/pearl-gp94428
645,https://www.gempundit.com/gemstones/pearl/pearl-gp94375
646,https://www.gempundit.com/gemstones/pearl/natural-pearl-luxury-quality
647,https://www.gempundit.com/gemstones/pearl/natural-pearl-premium-quality
648,https://www.gempundit.com/gemstones/pearl/natural-pearl-economy-quality
649,https://www.gempundit.com/gemstones/pearl/pearl-south-sea-cultured-luxury-quality
650,https://www.gempundit.com/gemstones/pearl/pearl-south-sea-cultured-premium-quality
651,https://www.gempundit.com/gemstones/pearl/pearl-south-sea-cultured-economy-quality
652,https://www.gempundit.com/gemstones/pearl/golden-south-sea-pearl-luxury-quality
653,https://www.gempundit.com/gemstones/pearl/golden-south-sea-pearl-premium-quality
654,https://www.gempundit.com/gemstones/pearl/golden-south-sea-pearl-economy-quality
655,https://www.gempundit.com/gemstones/pearl/pearl-black-tahitian-cultured-premium-quality
656,https://www.gempundit.com/gemstones/pearl/pearl-gp54083
657,https://www.gempundit.com/gemstones/pearl/pearl-gp38899
658,https://www.gempundit.com/gemstones/pearl/pearl-gp95190
659,https://www.gempundit.com/gemstones/pearl/pearl-gp89813
660,https://www.gempundit.com/gemstones/pearl/pearl-gp80604
661,https://www.gempundit.com/gemstones/pearl/pearl-gp30970
662,https://www.gempundit.com/gemstones/pearl/pearl-gp94416
663,https://www.gempundit.com/gemstones/pearl/pearl-gp72092
664,https://www.gempundit.com/gemstones/pearl/pearl-gp30962
665,https://www.gempundit.com/gemstones/pearl/pearl-gp95183
666,https://www.gempundit.com/gemstones/pearl/pearl-gp94404
667,https://www.gempundit.com/gemstones/pearl/pearl-gp43660
668,https://www.gempundit.com/gemstones/pearl/pearl-gp99270
669,https://www.gempundit.com/gemstones/pearl/pearl-gp89826
670,https://www.gempundit.com/gemstones/pearl/pearl-gp30973
671,https://www.gempundit.com/gemstones/pearl/pearl-gp99289
672,https://www.gempundit.com/gemstones/pearl/pearl-gp94430
673,https://www.gempundit.com/gemstones/pearl/pearl-gp80618
674,https://www.gempundit.com/gemstones/pearl/pearl-gp66043
675,https://www.gempundit.com/gemstones/pearl/pearl-gp43765
676,https://www.gempundit.com/gemstones/pearl/pearl-gp94386
677,https://www.gempundit.com/gemstones/pearl/pearl-gp54085
678,https://www.gempundit.com/gemstones/pearl/pearl-gp99265
679,https://www.gempundit.com/gemstones/pearl/pearl-gp95157
680,https://www.gempundit.com/gemstones/pearl/natural-pearl-luxury-quality
681,https://www.gempundit.com/gemstones/pearl/natural-pearl-premium-quality
682,https://www.gempundit.com/gemstones/pearl/natural-pearl-economy-quality
683,https://www.gempundit.com/gemstones/pearl/pearl-south-sea-cultured-luxury-quality
684,https://www.gempundit.com/gemstones/pearl/pearl-south-sea-cultured-premium-quality
685,https://www.gempundit.com/gemstones/pearl/pearl-south-sea-cultured-economy-quality
686,https://www.gempundit.com/gemstones/pearl/golden-south-sea-pearl-luxury-quality
687,https://www.gempundit.com/gemstones/pearl/golden-south-sea-pearl-premium-quality
688,https://www.gempundit.com/gemstones/pearl/golden-south-sea-pearl-economy-quality
689,https://www.gempundit.com/gemstones/pearl/pearl-black-tahitian-cultured-premium-quality
690,https://www.gempundit.com/gemstones/pearl/pearl-gp43810
691,https://www.gempundit.com/gemstones/pearl/pearl-gp38966
692,https://www.gempundit.com/gemstones/pearl/pearl-gp99560
693,https://www.gempundit.com/gemstones/pearl/pearl-gp99280
694,https://www.gempundit.com/gemstones/pearl/pearl-gp94364
695,https://www.gempundit.com/gemstones/pearl/pearl-gp94372
696,https://www.gempundit.com/gemstones/pearl/pearl-gp94365
697,https://www.gempundit.com/gemstones/pearl/pearl-gp94414
698,https://www.gempundit.com/gemstones/pearl/pearl-gp43802
699,https://www.gempundit.com/gemstones/pearl/pearl-gp99275
700,https://www.gempundit.com/gemstones/pearl/pearl-gp38972
701,https://www.gempundit.com/gemstones/pearl/pearl-gp95174
702,https://www.gempundit.com/gemstones/pearl/pearl-gp94369
703,https://www.gempundit.com/gemstones/pearl/pearl-gp99287
704,https://www.gempundit.com/gemstones/pearl/pearl-gp95181
705,https://www.gempundit.com/gemstones/pearl/pearl-gp99570
706,https://www.gempundit.com/gemstones/pearl/pearl-gp72951
707,https://www.gempundit.com/gemstones/pearl/pearl-gp95197
708,https://www.gempundit.com/gemstones/pearl/pearl-gp94410
709,https://www.gempundit.com/gemstones/pearl/pearl-gp43763
710,https://www.gempundit.com/gemstones/pearl/pearl-gp38970
711,https://www.gempundit.com/gemstones/pearl/pearl-gp91164
712,https://www.gempundit.com/gemstones/pearl/pearl-gp72956
713,https://www.gempundit.com/gemstones/pearl/pearl-gp62939
714,https://www.gempundit.com/gemstones/pearl/natural-pearl-luxury-quality
715,https://www.gempundit.com/gemstones/pearl/natural-pearl-premium-quality
716,https://www.gempundit.com/gemstones/pearl/natural-pearl-economy-quality
717,https://www.gempundit.com/gemstones/pearl/pearl-south-sea-cultured-luxury-quality
718,https://www.gempundit.com/gemstones/pearl/pearl-south-sea-cultured-premium-quality
719,https://www.gempundit.com/gemstones/pearl/pearl-south-sea-cultured-economy-quality
720,https://www.gempundit.com/gemstones/pearl/golden-south-sea-pearl-luxury-quality
721,https://www.gempundit.com/gemstones/pearl/golden-south-sea-pearl-premium-quality
722,https://www.gempundit.com/gemstones/pearl/golden-south-sea-pearl-economy-quality
723,https://www.gempundit.com/gemstones/pearl/pearl-black-tahitian-cultured-premium-quality
724,https://www.gempundit.com/gemstones/pearl/pearl-gp99281
725,https://www.gempundit.com/gemstones/pearl/pearl-gp100353
726,https://www.gempundit.com/gemstones/pearl/pearl-gp99588
727,https://www.gempundit.com/gemstones/pearl/pearl-gp99562
728,https://www.gempundit.com/gemstones/pearl/pearl-gp99286
729,https://www.gempundit.com/gemstones/pearl/pearl-gp94407
730,https://www.gempundit.com/gemstones/pearl/pearl-gp94376
731,https://www.gempundit.com/gemstones/pearl/pearl-gp91185
732,https://www.gempundit.com/gemstones/pearl/pearl-gp95180
733,https://www.gempundit.com/gemstones/pearl/pearl-gp94405
734,https://www.gempundit.com/gemstones/pearl/pearl-gp99288
735,https://www.gempundit.com/gemstones/pearl/pearl-gp43807
736,https://www.gempundit.com/gemstones/pearl/pearl-gp100029
737,https://www.gempundit.com/gemstones/pearl/pearl-gp89834
738,https://www.gempundit.com/gemstones/pearl/pearl-gp99276
739,https://www.gempundit.com/gemstones/pearl/pearl-gp94401
740,https://www.gempundit.com/gemstones/pearl/pearl-gp99272
741,https://www.gempundit.com/gemstones/pearl/pearl-gp94378
742,https://www.gempundit.com/gemstones/pearl/pearl-gp95167
743,https://www.gempundit.com/gemstones/pearl/pearl-gp94440
744,https://www.gempundit.com/gemstones/pearl/pearl-gp72953
745,https://www.gempundit.com/gemstones/pearl/pearl-gp72797
746,https://www.gempundit.com/gemstones/pearl/pearl-gp99597
747,https://www.gempundit.com/gemstones/pearl/pearl-gp95175
748,https://www.gempundit.com/gemstones/pearl/natural-pearl-luxury-quality
749,https://www.gempundit.com/gemstones/pearl/natural-pearl-premium-quality
750,https://www.gempundit.com/gemstones/pearl/natural-pearl-economy-quality
751,https://www.gempundit.com/gemstones/pearl/pearl-south-sea-cultured-luxury-quality
752,https://www.gempundit.com/gemstones/pearl/pearl-south-sea-cultured-premium-quality
753,https://www.gempundit.com/gemstones/pearl/pearl-south-sea-cultured-economy-quality
754,https://www.gempundit.com/gemstones/pearl/golden-south-sea-pearl-luxury-quality
755,https://www.gempundit.com/gemstones/pearl/golden-south-sea-pearl-premium-quality
756,https://www.gempundit.com/gemstones/pearl/golden-south-sea-pearl-economy-quality
757,https://www.gempundit.com/gemstones/pearl/pearl-black-tahitian-cultured-premium-quality
758,https://www.gempundit.com/gemstones/pearl/pearl-gp36333
759,https://www.gempundit.com/gemstones/pearl/pearl-gp99593
760,https://www.gempundit.com/gemstones/pearl/pearl-gp99556
761,https://www.gempundit.com/gemstones/pearl/pearl-gp31300
762,https://www.gempundit.com/gemstones/pearl/pearl-gp95194
763,https://www.gempundit.com/gemstones/pearl/pearl-gp100028
764,https://www.gempundit.com/gemstones/pearl/pearl-gp89836
765,https://www.gempundit.com/gemstones/pearl/pearl-gp94418
766,https://www.gempundit.com/gemstones/pearl/pearl-gp94397
767,https://www.gempundit.com/gemstones/pearl/pearl-gp94373
768,https://www.gempundit.com/gemstones/pearl/pearl-gp99282
769,https://www.gempundit.com/gemstones/pearl/pearl-gp99546
770,https://www.gempundit.com/gemstones/pearl/pearl-gp89831
771,https://www.gempundit.com/gemstones/pearl/pearl-gp81495
772,https://www.gempundit.com/gemstones/pearl/pearl-gp99548
773,https://www.gempundit.com/gemstones/pearl/pearl-gp94468
774,https://www.gempundit.com/gemstones/pearl/pearl-gp99595
775,https://www.gempundit.com/gemstones/pearl/pearl-gp99502
776,https://www.gempundit.com/gemstones/pearl/pearl-gp81519
777,https://www.gempundit.com/gemstones/pearl/pearl-gp99604
778,https://www.gempundit.com/gemstones/pearl/pearl-gp99515
779,https://www.gempundit.com/gemstones/pearl/pearl-gp89835
780,https://www.gempundit.com/gemstones/pearl/pearl-gp99271
781,https://www.gempundit.com/gemstones/pearl/pearl-gp99269
782,https://www.gempundit.com/gemstones/pearl/natural-pearl-luxury-quality
783,https://www.gempundit.com/gemstones/pearl/natural-pearl-premium-quality
784,https://www.gempundit.com/gemstones/pearl/natural-pearl-economy-quality
785,https://www.gempundit.com/gemstones/pearl/pearl-south-sea-cultured-luxury-quality
786,https://www.gempundit.com/gemstones/pearl/pearl-south-sea-cultured-premium-quality
787,https://www.gempundit.com/gemstones/pearl/pearl-south-sea-cultured-economy-quality
788,https://www.gempundit.com/gemstones/pearl/golden-south-sea-pearl-luxury-quality
789,https://www.gempundit.com/gemstones/pearl/golden-south-sea-pearl-premium-quality
790,https://www.gempundit.com/gemstones/pearl/golden-south-sea-pearl-economy-quality
791,https://www.gempundit.com/gemstones/pearl/pearl-black-tahitian-cultured-premium-quality
792,https://www.gempundit.com/gemstones/pearl/pearl-gp81511
793,https://www.gempundit.com/gemstones/pearl/pearl-gp72789
794,https://www.gempundit.com/gemstones/pearl/pearl-gp94415
795,https://www.gempundit.com/gemstones/pearl/pearl-gp99547
796,https://www.gempundit.com/gemstones/pearl/pearl-gp95191
797,https://www.gempundit.com/gemstones/pearl/pearl-gp94810
798,https://www.gempundit.com/gemstones/pearl/pearl-gp99266
799,https://www.gempundit.com/gemstones/pearl/pearl-gp36123
800,https://www.gempundit.com/gemstones/pearl/pearl-gp99596
801,https://www.gempundit.com/gemstones/pearl/pearl-gp99591
802,https://www.gempundit.com/gemstones/pearl/pearl-gp94816
803,https://www.gempundit.com/gemstones/pearl/pearl-gp81513
804,https://www.gempundit.com/gemstones/pearl/pearl-gp72354
805,https://www.gempundit.com/gemstones/pearl/pearl-gp99277
806,https://www.gempundit.com/gemstones/pearl/pearl-gp94521
807,https://www.gempundit.com/gemstones/pearl/pearl-gp82219
808,https://www.gempundit.com/gemstones/pearl/pearl-gp81492
809,https://www.gempundit.com/gemstones/pearl/pearl-gp81528
810,https://www.gempundit.com/gemstones/pearl/pearl-gp43719
811,https://www.gempundit.com/gemstones/pearl/pearl-gp94363
812,https://www.gempundit.com/gemstones/pearl/pearl-gp99605
813,https://www.gempundit.com/gemstones/pearl/pearl-gp81536
814,https://www.gempundit.com/gemstones/pearl/pearl-gp59331
815,https://www.gempundit.com/gemstones/pearl/pearl-gp81486
816,https://www.gempundit.com/gemstones/pearl/natural-pearl-luxury-quality
817,https://www.gempundit.com/gemstones/pearl/natural-pearl-premium-quality
818,https://www.gempundit.com/gemstones/pearl/natural-pearl-economy-quality
819,https://www.gempundit.com/gemstones/pearl/pearl-south-sea-cultured-luxury-quality
820,https://www.gempundit.com/gemstones/pearl/pearl-south-sea-cultured-premium-quality
821,https://www.gempundit.com/gemstones/pearl/pearl-south-sea-cultured-economy-quality
822,https://www.gempundit.com/gemstones/pearl/golden-south-sea-pearl-luxury-quality
823,https://www.gempundit.com/gemstones/pearl/golden-south-sea-pearl-premium-quality
824,https://www.gempundit.com/gemstones/pearl/golden-south-sea-pearl-economy-quality
825,https://www.gempundit.com/gemstones/pearl/pearl-black-tahitian-cultured-premium-quality
826,https://www.gempundit.com/gemstones/pearl/pearl-gp72356
827,https://www.gempundit.com/gemstones/pearl/pearl-gp72355
828,https://www.gempundit.com/gemstones/pearl/pearl-gp43709
829,https://www.gempundit.com/gemstones/pearl/pearl-gp80624
830,https://www.gempundit.com/gemstones/pearl/pearl-gp36128
831,https://www.gempundit.com/gemstones/pearl/pearl-gp82210
832,https://www.gempundit.com/gemstones/pearl/pearl-gp99590
833,https://www.gempundit.com/gemstones/pearl/pearl-gp72358
834,https://www.gempundit.com/gemstones/pearl/pearl-gp95168
835,https://www.gempundit.com/gemstones/pearl/pearl-gp81512
836,https://www.gempundit.com/gemstones/pearl/pearl-gp99501
837,https://www.gempundit.com/gemstones/pearl/pearl-gp95162
838,https://www.gempundit.com/gemstones/pearl/pearl-gp54357
839,https://www.gempundit.com/gemstones/pearl/pearl-gp81488
840,https://www.gempundit.com/gemstones/pearl/pearl-gp19796
841,https://www.gempundit.com/gemstones/pearl/pearl-gp99603
842,https://www.gempundit.com/gemstones/pearl/pearl-gp43757
843,https://www.gempundit.com/gemstones/pearl/pearl-gp99274
844,https://www.gempundit.com/gemstones/pearl/pearl-gp100345
845,https://www.gempundit.com/gemstones/pearl/pearl-gp82144
846,https://www.gempundit.com/gemstones/pearl/pearl-gp82156
847,https://www.gempundit.com/gemstones/pearl/pearl-gp100032
848,https://www.gempundit.com/gemstones/pearl/pearl-gp59342
849,https://www.gempundit.com/gemstones/pearl/pearl-gp43693
850,https://www.gempundit.com/gemstones/pearl/natural-pearl-luxury-quality
851,https://www.gempundit.com/gemstones/pearl/natural-pearl-premium-quality
852,https://www.gempundit.com/gemstones/pearl/natural-pearl-economy-quality
853,https://www.gempundit.com/gemstones/pearl/pearl-south-sea-cultured-luxury-quality
854,https://www.gempundit.com/gemstones/pearl/pearl-south-sea-cultured-premium-quality
855,https://www.gempundit.com/gemstones/pearl/pearl-south-sea-cultured-economy-quality
856,https://www.gempundit.com/gemstones/pearl/golden-south-sea-pearl-luxury-quality
857,https://www.gempundit.com/gemstones/pearl/golden-south-sea-pearl-premium-quality
858,https://www.gempundit.com/gemstones/pearl/golden-south-sea-pearl-economy-quality
859,https://www.gempundit.com/gemstones/pearl/pearl-black-tahitian-cultured-premium-quality
860,https://www.gempundit.com/gemstones/pearl/pearl-gp95182
861,https://www.gempundit.com/gemstones/pearl/pearl-gp82140
862,https://www.gempundit.com/gemstones/pearl/pearl-gp81535
863,https://www.gempundit.com/gemstones/pearl/pearl-gp94417
864,https://www.gempundit.com/gemstones/pearl/pearl-gp82124
865,https://www.gempundit.com/gemstones/pearl/pearl-gp100041
866,https://www.gempundit.com/gemstones/pearl/pearl-gp99505
867,https://www.gempundit.com/gemstones/pearl/pearl-gp100040
868,https://www.gempundit.com/gemstones/pearl/pearl-gp43713
869,https://www.gempundit.com/gemstones/pearl/pearl-gp82147
870,https://www.gempundit.com/gemstones/pearl/pearl-gp81531
871,https://www.gempundit.com/gemstones/pearl/pearl-gp94488
872,https://www.gempundit.com/gemstones/pearl/pearl-gp99552
873,https://www.gempundit.com/gemstones/pearl/pearl-gp99268
874,https://www.gempundit.com/gemstones/pearl/pearl-gp82200
875,https://www.gempundit.com/gemstones/pearl/pearl-gp43822
876,https://www.gempundit.com/gemstones/pearl/pearl-gp82264
877,https://www.gempundit.com/gemstones/pearl/pearl-gp43817
878,https://www.gempundit.com/gemstones/pearl/pearl-gp94406
879,https://www.gempundit.com/gemstones/pearl/pearl-gp43751
880,https://www.gempundit.com/gemstones/pearl/pearl-gp99517
881,https://www.gempundit.com/gemstones/pearl/pearl-gp82263
882,https://www.gempundit.com/gemstones/pearl/pearl-gp100035
883,https://www.gempundit.com/gemstones/pearl/pearl-gp91166
884,https://www.gempundit.com/gemstones/pearl/natural-pearl-luxury-quality
885,https://www.gempundit.com/gemstones/pearl/natural-pearl-premium-quality
886,https://www.gempundit.com/gemstones/pearl/natural-pearl-economy-quality
887,https://www.gempundit.com/gemstones/pearl/pearl-south-sea-cultured-luxury-quality
888,https://www.gempundit.com/gemstones/pearl/pearl-south-sea-cultured-premium-quality
889,https://www.gempundit.com/gemstones/pearl/pearl-south-sea-cultured-economy-quality
890,https://www.gempundit.com/gemstones/pearl/golden-south-sea-pearl-luxury-quality
891,https://www.gempundit.com/gemstones/pearl/golden-south-sea-pearl-premium-quality
892,https://www.gempundit.com/gemstones/pearl/golden-south-sea-pearl-economy-quality
893,https://www.gempundit.com/gemstones/pearl/pearl-black-tahitian-cultured-premium-quality
894,https://www.gempundit.com/gemstones/pearl/pearl-gp57124
895,https://www.gempundit.com/gemstones/pearl/pearl-gp57119
896,https://www.gempundit.com/gemstones/pearl/pearl-gp94813
897,https://www.gempundit.com/gemstones/pearl/pearl-gp57075
898,https://www.gempundit.com/gemstones/pearl/pearl-gp100033
899,https://www.gempundit.com/gemstones/pearl/pearl-gp82142
900,https://www.gempundit.com/gemstones/pearl/pearl-gp100031
901,https://www.gempundit.com/gemstones/pearl/pearl-gp100037
902,https://www.gempundit.com/gemstones/pearl/pearl-gp82137
903,https://www.gempundit.com/gemstones/pearl/pearl-gp95192
904,https://www.gempundit.com/gemstones/pearl/pearl-gp82204
905,https://www.gempundit.com/gemstones/pearl/pearl-gp100030
906,https://www.gempundit.com/gemstones/pearl/pearl-gp57108
907,https://www.gempundit.com/gemstones/pearl/pearl-gp57081
908,https://www.gempundit.com/gemstones/pearl/pearl-gp94485
909,https://www.gempundit.com/gemstones/pearl/pearl-gp81523
910,https://www.gempundit.com/gemstones/pearl/pearl-gp99508
911,https://www.gempundit.com/gemstones/pearl/pearl-gp99506
912,https://www.gempundit.com/gemstones/pearl/pearl-gp94399
913,https://www.gempundit.com/gemstones/pearl/pearl-gp100039
914,https://www.gempundit.com/gemstones/pearl/pearl-gp57074
915,https://www.gempundit.com/gemstones/pearl/pearl-gp100036
916,https://www.gempundit.com/gemstones/pearl/pearl-gp72360
917,https://www.gempundit.com/gemstones/pearl/pearl-gp90696
918,https://www.gempundit.com/gemstones/pearl/natural-pearl-luxury-quality
919,https://www.gempundit.com/gemstones/pearl/natural-pearl-premium-quality
920,https://www.gempundit.com/gemstones/pearl/natural-pearl-economy-quality
921,https://www.gempundit.com/gemstones/pearl/pearl-south-sea-cultured-luxury-quality
922,https://www.gempundit.com/gemstones/pearl/pearl-south-sea-cultured-premium-quality
923,https://www.gempundit.com/gemstones/pearl/pearl-south-sea-cultured-economy-quality
924,https://www.gempundit.com/gemstones/pearl/golden-south-sea-pearl-luxury-quality
925,https://www.gempundit.com/gemstones/pearl/golden-south-sea-pearl-premium-quality
926,https://www.gempundit.com/gemstones/pearl/golden-south-sea-pearl-economy-quality
927,https://www.gempundit.com/gemstones/pearl/pearl-black-tahitian-cultured-premium-quality
928,https://www.gempundit.com/gemstones/pearl/pearl-gp72361
929,https://www.gempundit.com/gemstones/pearl/pearl-gp72786
930,https://www.gempundit.com/gemstones/pearl/pearl-gp36149
931,https://www.gempundit.com/gemstones/pearl/pearl-gp99594
932,https://www.gempundit.com/gemstones/pearl/pearl-gp95171
933,https://www.gempundit.com/gemstones/pearl/pearl-gp100034
934,https://www.gempundit.com/gemstones/pearl/pearl-gp94518
935,https://www.gempundit.com/gemstones/pearl/pearl-gp99549
936,https://www.gempundit.com/gemstones/pearl/pearl-gp72362
937,https://www.gempundit.com/gemstones/pearl/pearl-gp94807
938,https://www.gempundit.com/gemstones/pearl/pearl-gp104184
939,https://www.gempundit.com/gemstones/pearl/pearl-gp94463
940,https://www.gempundit.com/gemstones/pearl/pearl-gp82203
941,https://www.gempundit.com/gemstones/pearl/pearl-gp100038
942,https://www.gempundit.com/gemstones/pearl/pearl-gp95102
943,https://www.gempundit.com/gemstones/pearl/pearl-gp104181
944,https://www.gempundit.com/gemstones/pearl/pearl-gp91165
945,https://www.gempundit.com/gemstones/pearl/pearl-gp95101
946,https://www.gempundit.com/gemstones/pearl/pearl-gp94478
947,https://www.gempundit.com/gemstones/pearl/pearl-gp57116
948,https://www.gempundit.com/gemstones/pearl/pearl-gp94486
949,https://www.gempundit.com/gemstones/pearl/pearl-gp57120
950,https://www.gempundit.com/gemstones/pearl/pearl-gp57089
951,https://www.gempundit.com/gemstones/pearl/pearl-gp99507
952,https://www.gempundit.com/gemstones/pearl/natural-pearl-luxury-quality
953,https://www.gempundit.com/gemstones/pearl/natural-pearl-premium-quality
954,https://www.gempundit.com/gemstones/pearl/natural-pearl-economy-quality
955,https://www.gempundit.com/gemstones/pearl/pearl-south-sea-cultured-luxury-quality
956,https://www.gempundit.com/gemstones/pearl/pearl-south-sea-cultured-premium-quality
957,https://www.gempundit.com/gemstones/pearl/pearl-south-sea-cultured-economy-quality
958,https://www.gempundit.com/gemstones/pearl/golden-south-sea-pearl-luxury-quality
959,https://www.gempundit.com/gemstones/pearl/golden-south-sea-pearl-premium-quality
960,https://www.gempundit.com/gemstones/pearl/golden-south-sea-pearl-economy-quality
961,https://www.gempundit.com/gemstones/pearl/pearl-black-tahitian-cultured-premium-quality
962,https://www.gempundit.com/gemstones/pearl/pearl-gp57125
963,https://www.gempundit.com/gemstones/pearl/pearl-gp94812
964,https://www.gempundit.com/gemstones/pearl/pearl-gp57095
965,https://www.gempundit.com/gemstones/pearl/pearl-gp99592
966,https://www.gempundit.com/gemstones/pearl/pearl-gp27148
967,https://www.gempundit.com/gemstones/pearl/pearl-gp57077
968,https://www.gempundit.com/gemstones/pearl/pearl-gp99608
969,https://www.gempundit.com/gemstones/pearl/pearl-gp99500
970,https://www.gempundit.com/gemstones/pearl/pearl-gp43384
971,https://www.gempundit.com/gemstones/pearl/pearl-gp72365
972,https://www.gempundit.com/gemstones/pearl/pearl-gp57113
973,https://www.gempundit.com/gemstones/pearl/pearl-gp94517
974,https://www.gempundit.com/gemstones/pearl/pearl-gp94520
975,https://www.gempundit.com/gemstones/pearl/pearl-gp99509
976,https://www.gempundit.com/gemstones/pearl/pearl-gp95104
977,https://www.gempundit.com/gemstones/pearl/pearl-gp57126
978,https://www.gempundit.com/gemstones/pearl/pearl-gp94808
979,https://www.gempundit.com/gemstones/pearl/pearl-gp95100
980,https://www.gempundit.com/gemstones/pearl/pearl-gp57130
981,https://www.gempundit.com/gemstones/pearl/pearl-gp95160
982,https://www.gempundit.com/gemstones/pearl/pearl-gp57230
983,https://www.gempundit.com/gemstones/pearl/pearl-gp57132
984,https://www.gempundit.com/gemstones/pearl/pearl-gp19803
985,https://www.gempundit.com/gemstones/pearl/pearl-gp94811
986,https://www.gempundit.com/gemstones/pearl/natural-pearl-luxury-quality
987,https://www.gempundit.com/gemstones/pearl/natural-pearl-premium-quality
988,https://www.gempundit.com/gemstones/pearl/natural-pearl-economy-quality
989,https://www.gempundit.com/gemstones/pearl/pearl-south-sea-cultured-luxury-quality
990,https://www.gempundit.com/gemstones/pearl/pearl-south-sea-cultured-premium-quality
991,https://www.gempundit.com/gemstones/pearl/pearl-south-sea-cultured-economy-quality
992,https://www.gempundit.com/gemstones/pearl/golden-south-sea-pearl-luxury-quality
993,https://www.gempundit.com/gemstones/pearl/golden-south-sea-pearl-premium-quality
994,https://www.gempundit.com/gemstones/pearl/golden-south-sea-pearl-economy-quality
995,https://www.gempundit.com/gemstones/pearl/pearl-black-tahitian-cultured-premium-quality
996,https://www.gempundit.com/gemstones/pearl/pearl-gp57112
997,https://www.gempundit.com/gemstones/pearl/pearl-gp57117
998,https://www.gempundit.com/gemstones/pearl/pearl-gp94476
999,https://www.gempundit.com/gemstones/pearl/pearl-gp94484
1000,https://www.gempundit.com/gemstones/pearl/pearl-gp57207
1001,https://www.gempundit.com/gemstones/pearl/pearl-gp95103
1002,https://www.gempundit.com/gemstones/pearl/pearl-gp27135
1003,https://www.gempundit.com/gemstones/pearl/pearl-gp72774
1004,https://www.gempundit.com/gemstones/pearl/pearl-gp99601
1005,https://www.gempundit.com/gemstones/pearl/pearl-gp100344
1006,https://www.gempundit.com/gemstones/pearl/pearl-gp90707
1007,https://www.gempundit.com/gemstones/pearl/pearl-gp36172
1008,https://www.gempundit.com/gemstones/pearl/pearl-gp94802
1009,https://www.gempundit.com/gemstones/pearl/pearl-gp99598
1010,https://www.gempundit.com/gemstones/pearl/pearl-gp57078
1011,https://www.gempundit.com/gemstones/pearl/pearl-gp94815
1012,https://www.gempundit.com/gemstones/pearl/pearl-gp90706
1013,https://www.gempundit.com/gemstones/pearl/pearl-gp100338
1014,https://www.gempundit.com/gemstones/pearl/pearl-gp94515
1015,https://www.gempundit.com/gemstones/pearl/pearl-gp72367
1016,https://www.gempundit.com/gemstones/pearl/pearl-gp99516
1017,https://www.gempundit.com/gemstones/pearl/pearl-gp80582
1018,https://www.gempundit.com/gemstones/pearl/pearl-gp99602
1019,https://www.gempundit.com/gemstones/pearl/pearl-gp94464
1020,https://www.gempundit.com/gemstones/pearl/natural-pearl-luxury-quality
1021,https://www.gempundit.com/gemstones/pearl/natural-pearl-premium-quality
1022,https://www.gempundit.com/gemstones/pearl/natural-pearl-economy-quality
1023,https://www.gempundit.com/gemstones/pearl/pearl-south-sea-cultured-luxury-quality
1024,https://www.gempundit.com/gemstones/pearl/pearl-south-sea-cultured-premium-quality
1025,https://www.gempundit.com/gemstones/pearl/pearl-south-sea-cultured-economy-quality
1026,https://www.gempundit.com/gemstones/pearl/golden-south-sea-pearl-luxury-quality
1027,https://www.gempundit.com/gemstones/pearl/golden-south-sea-pearl-premium-quality
1028,https://www.gempundit.com/gemstones/pearl/golden-south-sea-pearl-economy-quality
1029,https://www.gempundit.com/gemstones/pearl/pearl-black-tahitian-cultured-premium-quality
1030,https://www.gempundit.com/gemstones/pearl/pearl-gp90703
1031,https://www.gempundit.com/gemstones/pearl/pearl-gp57087
1032,https://www.gempundit.com/gemstones/pearl/pearl-gp99599
1033,https://www.gempundit.com/gemstones/pearl/pearl-gp99600
1034,https://www.gempundit.com/gemstones/pearl/pearl-gp57232
1035,https://www.gempundit.com/gemstones/pearl/pearl-gp45334
1036,https://www.gempundit.com/gemstones/pearl/pearl-gp80621
1037,https://www.gempundit.com/gemstones/pearl/pearl-gp90704
1038,https://www.gempundit.com/gemstones/pearl/pearl-gp94503
1039,https://www.gempundit.com/gemstones/pearl/pearl-gp80592
1040,https://www.gempundit.com/gemstones/pearl/pearl-gp57102
1041,https://www.gempundit.com/gemstones/pearl/pearl-gp81538
1042,https://www.gempundit.com/gemstones/pearl/pearl-gp36182
1043,https://www.gempundit.com/gemstones/pearl/pearl-gp99543
1044,https://www.gempundit.com/gemstones/pearl/pearl-gp57216
1045,https://www.gempundit.com/gemstones/pearl/pearl-gp80610
1046,https://www.gempundit.com/gemstones/pearl/pearl-gp72778
1047,https://www.gempundit.com/gemstones/pearl/pearl-gp57129
1048,https://www.gempundit.com/gemstones/pearl/pearl-gp94491
1049,https://www.gempundit.com/gemstones/pearl/pearl-gp94504
1050,https://www.gempundit.com/gemstones/pearl/pearl-gp72368
1051,https://www.gempundit.com/gemstones/pearl/pearl-gp57228
1052,https://www.gempundit.com/gemstones/pearl/pearl-gp94492
1053,https://www.gempundit.com/gemstones/pearl/pearl-gp57088
1054,https://www.gempundit.com/gemstones/pearl/natural-pearl-luxury-quality
1055,https://www.gempundit.com/gemstones/pearl/natural-pearl-premium-quality
1056,https://www.gempundit.com/gemstones/pearl/natural-pearl-economy-quality
1057,https://www.gempundit.com/gemstones/pearl/pearl-south-sea-cultured-luxury-quality
1058,https://www.gempundit.com/gemstones/pearl/pearl-south-sea-cultured-premium-quality
1059,https://www.gempundit.com/gemstones/pearl/pearl-south-sea-cultured-economy-quality
1060,https://www.gempundit.com/gemstones/pearl/golden-south-sea-pearl-luxury-quality
1061,https://www.gempundit.com/gemstones/pearl/golden-south-sea-pearl-premium-quality
1062,https://www.gempundit.com/gemstones/pearl/golden-south-sea-pearl-economy-quality
1063,https://www.gempundit.com/gemstones/pearl/pearl-black-tahitian-cultured-premium-quality
1064,https://www.gempundit.com/gemstones/pearl/pearl-gp57097
1065,https://www.gempundit.com/gemstones/pearl/pearl-gp90702
1066,https://www.gempundit.com/gemstones/pearl/pearl-gp94505
1067,https://www.gempundit.com/gemstones/pearl/pearl-gp94483
1068,https://www.gempundit.com/gemstones/pearl/pearl-gp82298
1069,https://www.gempundit.com/gemstones/pearl/pearl-gp99513
1070,https://www.gempundit.com/gemstones/pearl/pearl-gp94473
1071,https://www.gempundit.com/gemstones/pearl/pearl-gp99554
1072,https://www.gempundit.com/gemstones/pearl/pearl-gp57215
1073,https://www.gempundit.com/gemstones/pearl/pearl-gp57090
1074,https://www.gempundit.com/gemstones/pearl/pearl-gp99553
1075,https://www.gempundit.com/gemstones/pearl/pearl-gp57111
1076,https://www.gempundit.com/gemstones/pearl/pearl-gp94467
1077,https://www.gempundit.com/gemstones/pearl/pearl-gp18648
1078,https://www.gempundit.com/gemstones/pearl/pearl-gp89809
1079,https://www.gempundit.com/gemstones/pearl/pearl-gp94482
1080,https://www.gempundit.com/gemstones/pearl/pearl-gp57123
1081,https://www.gempundit.com/gemstones/pearl/pearl-gp95196
1082,https://www.gempundit.com/gemstones/pearl/pearl-gp57239
1083,https://www.gempundit.com/gemstones/pearl/pearl-gp82259
1084,https://www.gempundit.com/gemstones/pearl/pearl-gp72369
1085,https://www.gempundit.com/gemstones/pearl/pearl-gp57086
1086,https://www.gempundit.com/gemstones/pearl/pearl-gp94814
1087,https://www.gempundit.com/gemstones/pearl/pearl-gp94511
1088,https://www.gempundit.com/gemstones/pearl/natural-pearl-luxury-quality
1089,https://www.gempundit.com/gemstones/pearl/natural-pearl-premium-quality
1090,https://www.gempundit.com/gemstones/pearl/natural-pearl-economy-quality
1091,https://www.gempundit.com/gemstones/pearl/pearl-south-sea-cultured-luxury-quality
1092,https://www.gempundit.com/gemstones/pearl/pearl-south-sea-cultured-premium-quality
1093,https://www.gempundit.com/gemstones/pearl/pearl-south-sea-cultured-economy-quality
1094,https://www.gempundit.com/gemstones/pearl/golden-south-sea-pearl-luxury-quality
1095,https://www.gempundit.com/gemstones/pearl/golden-south-sea-pearl-premium-quality
1096,https://www.gempundit.com/gemstones/pearl/golden-south-sea-pearl-economy-quality
1097,https://www.gempundit.com/gemstones/pearl/pearl-black-tahitian-cultured-premium-quality
1098,https://www.gempundit.com/gemstones/pearl/pearl-gp94472
1099,https://www.gempundit.com/gemstones/pearl/pearl-gp57212
1100,https://www.gempundit.com/gemstones/pearl/pearl-gp57127
1101,https://www.gempundit.com/gemstones/pearl/pearl-gp72370
1102,https://www.gempundit.com/gemstones/pearl/pearl-gp94805
1103,https://www.gempundit.com/gemstones/pearl/pearl-gp94510
1104,https://www.gempundit.com/gemstones/pearl/pearl-gp72371
1105,https://www.gempundit.com/gemstones/pearl/pearl-gp57128
1106,https://www.gempundit.com/gemstones/pearl/pearl-gp94489
1107,https://www.gempundit.com/gemstones/pearl/pearl-gp94803
1108,https://www.gempundit.com/gemstones/pearl/pearl-gp57209
1109,https://www.gempundit.com/gemstones/pearl/pearl-gp94477
1110,https://www.gempundit.com/gemstones/pearl/pearl-gp94800
1111,https://www.gempundit.com/gemstones/pearl/pearl-gp72764
1112,https://www.gempundit.com/gemstones/pearl/pearl-gp57083
1113,https://www.gempundit.com/gemstones/pearl/pearl-gp57134
1114,https://www.gempundit.com/gemstones/pearl/pearl-gp82253
1115,https://www.gempundit.com/gemstones/pearl/pearl-gp43741
1116,https://www.gempundit.com/gemstones/pearl/pearl-gp43737
1117,https://www.gempundit.com/gemstones/pearl/pearl-gp43614
1118,https://www.gempundit.com/gemstones/pearl/pearl-gp43727
1119,https://www.gempundit.com/gemstones/pearl/pearl-gp43726
1120,https://www.gempundit.com/gemstones/pearl/pearl-gp100339
1121,https://www.gempundit.com/gemstones/pearl/pearl-gp57100
1122,https://www.gempundit.com/gemstones/pearl/natural-pearl-luxury-quality
1123,https://www.gempundit.com/gemstones/pearl/natural-pearl-premium-quality
1124,https://www.gempundit.com/gemstones/pearl/natural-pearl-economy-quality
1125,https://www.gempundit.com/gemstones/pearl/pearl-south-sea-cultured-luxury-quality
1126,https://www.gempundit.com/gemstones/pearl/pearl-south-sea-cultured-premium-quality
1127,https://www.gempundit.com/gemstones/pearl/pearl-south-sea-cultured-economy-quality
1128,https://www.gempundit.com/gemstones/pearl/golden-south-sea-pearl-luxury-quality
1129,https://www.gempundit.com/gemstones/pearl/golden-south-sea-pearl-premium-quality
1130,https://www.gempundit.com/gemstones/pearl/golden-south-sea-pearl-economy-quality
1131,https://www.gempundit.com/gemstones/pearl/pearl-black-tahitian-cultured-premium-quality
1132,https://www.gempundit.com/gemstones/pearl/pearl-gp57233
1133,https://www.gempundit.com/gemstones/pearl/pearl-gp94480
1134,https://www.gempundit.com/gemstones/pearl/pearl-gp82247
1135,https://www.gempundit.com/gemstones/pearl/pearl-gp57200
1136,https://www.gempundit.com/gemstones/pearl/pearl-gp57227
1137,https://www.gempundit.com/gemstones/pearl/pearl-gp100343
1138,https://www.gempundit.com/gemstones/pearl/pearl-gp18501
1139,https://www.gempundit.com/gemstones/pearl/pearl-gp82248
1140,https://www.gempundit.com/gemstones/pearl/pearl-gp57231
1141,https://www.gempundit.com/gemstones/pearl/pearl-gp99511
1142,https://www.gempundit.com/gemstones/pearl/pearl-gp80602
1143,https://www.gempundit.com/gemstones/pearl/pearl-gp94469
1144,https://www.gempundit.com/gemstones/pearl/pearl-gp47558
1145,https://www.gempundit.com/gemstones/pearl/pearl-gp57115
1146,https://www.gempundit.com/gemstones/pearl/pearl-gp82246
1147,https://www.gempundit.com/gemstones/pearl/pearl-gp82133
1148,https://www.gempundit.com/gemstones/pearl/pearl-gp57114
1149,https://www.gempundit.com/gemstones/pearl/pearl-gp57079
1150,https://www.gempundit.com/gemstones/pearl/pearl-gp43796
1151,https://www.gempundit.com/gemstones/pearl/pearl-gp57218
1152,https://www.gempundit.com/gemstones/pearl/pearl-gp36193
1153,https://www.gempundit.com/gemstones/pearl/pearl-gp94801
1154,https://www.gempundit.com/gemstones/pearl/pearl-gp43638
1155,https://www.gempundit.com/gemstones/pearl/pearl-gp94481
1156,https://www.gempundit.com/gemstones/pearl/natural-pearl-luxury-quality
1157,https://www.gempundit.com/gemstones/pearl/natural-pearl-premium-quality
1158,https://www.gempundit.com/gemstones/pearl/natural-pearl-economy-quality
1159,https://www.gempundit.com/gemstones/pearl/pearl-south-sea-cultured-luxury-quality
1160,https://www.gempundit.com/gemstones/pearl/pearl-south-sea-cultured-premium-quality
1161,https://www.gempundit.com/gemstones/pearl/pearl-south-sea-cultured-economy-quality
1162,https://www.gempundit.com/gemstones/pearl/golden-south-sea-pearl-luxury-quality
1163,https://www.gempundit.com/gemstones/pearl/golden-south-sea-pearl-premium-quality
1164,https://www.gempundit.com/gemstones/pearl/golden-south-sea-pearl-economy-quality
1165,https://www.gempundit.com/gemstones/pearl/pearl-black-tahitian-cultured-premium-quality
1166,https://www.gempundit.com/gemstones/pearl/pearl-gp80606
1167,https://www.gempundit.com/gemstones/pearl/pearl-gp57106
1168,https://www.gempundit.com/gemstones/pearl/pearl-gp94506
1169,https://www.gempundit.com/gemstones/pearl/pearl-gp80597
1170,https://www.gempundit.com/gemstones/pearl/pearl-gp72373
1171,https://www.gempundit.com/gemstones/pearl/pearl-gp43666
1172,https://www.gempundit.com/gemstones/pearl/pearl-gp82243
1173,https://www.gempundit.com/gemstones/pearl/pearl-gp94500
1174,https://www.gempundit.com/gemstones/pearl/pearl-gp80598
1175,https://www.gempundit.com/gemstones/pearl/pearl-gp57101
1176,https://www.gempundit.com/gemstones/pearl/pearl-gp100341
1177,https://www.gempundit.com/gemstones/pearl/pearl-gp94501
1178,https://www.gempundit.com/gemstones/pearl/pearl-gp82240
1179,https://www.gempundit.com/gemstones/pearl/pearl-gp72374
1180,https://www.gempundit.com/gemstones/pearl/pearl-gp57133
1181,https://www.gempundit.com/gemstones/pearl/pearl-gp43657
1182,https://www.gempundit.com/gemstones/pearl/pearl-gp94513
1183,https://www.gempundit.com/gemstones/pearl/pearl-gp57199
1184,https://www.gempundit.com/gemstones/pearl/pearl-gp57110
1185,https://www.gempundit.com/gemstones/pearl/pearl-gp80601
1186,https://www.gempundit.com/gemstones/pearl/pearl-gp19799
1187,https://www.gempundit.com/gemstones/pearl/pearl-gp57093
1188,https://www.gempundit.com/gemstones/pearl/pearl-gp80615
1189,https://www.gempundit.com/gemstones/pearl/pearl-gp72375
1190,https://www.gempundit.com/gemstones/pearl/natural-pearl-luxury-quality
1191,https://www.gempundit.com/gemstones/pearl/natural-pearl-premium-quality
1192,https://www.gempundit.com/gemstones/pearl/natural-pearl-economy-quality
1193,https://www.gempundit.com/gemstones/pearl/pearl-south-sea-cultured-luxury-quality
1194,https://www.gempundit.com/gemstones/pearl/pearl-south-sea-cultured-premium-quality
1195,https://www.gempundit.com/gemstones/pearl/pearl-south-sea-cultured-economy-quality
1196,https://www.gempundit.com/gemstones/pearl/golden-south-sea-pearl-luxury-quality
1197,https://www.gempundit.com/gemstones/pearl/golden-south-sea-pearl-premium-quality
1198,https://www.gempundit.com/gemstones/pearl/golden-south-sea-pearl-economy-quality
1199,https://www.gempundit.com/gemstones/pearl/pearl-black-tahitian-cultured-premium-quality
1200,https://www.gempundit.com/gemstones/pearl/pearl-gp80609
1201,https://www.gempundit.com/gemstones/pearl/pearl-gp43805
1202,https://www.gempundit.com/gemstones/pearl/pearl-gp57094
1203,https://www.gempundit.com/gemstones/pearl/pearl-gp27138
1204,https://www.gempundit.com/gemstones/pearl/pearl-gp82252
1205,https://www.gempundit.com/gemstones/pearl/pearl-gp57107
1206,https://www.gempundit.com/gemstones/pearl/pearl-gp57204
1207,https://www.gempundit.com/gemstones/pearl/pearl-gp57203
1208,https://www.gempundit.com/gemstones/pearl/pearl-gp57234
1209,https://www.gempundit.com/gemstones/pearl/pearl-gp72762
1210,https://www.gempundit.com/gemstones/pearl/pearl-gp57226
1211,https://www.gempundit.com/gemstones/pearl/pearl-gp94507
1212,https://www.gempundit.com/gemstones/pearl/pearl-gp81518
1213,https://www.gempundit.com/gemstones/pearl/pearl-gp94475
1214,https://www.gempundit.com/gemstones/pearl/pearl-gp57105
1215,https://www.gempundit.com/gemstones/pearl/pearl-gp57213
1216,https://www.gempundit.com/gemstones/pearl/pearl-gp94493
1217,https://www.gempundit.com/gemstones/pearl/pearl-gp94494
1218,https://www.gempundit.com/gemstones/pearl/pearl-gp57236
1219,https://www.gempundit.com/gemstones/pearl/pearl-gp90708
1220,https://www.gempundit.com/gemstones/pearl/pearl-gp57217
1221,https://www.gempundit.com/gemstones/pearl/pearl-gp104183
1222,https://www.gempundit.com/gemstones/pearl/pearl-gp82231
1223,https://www.gempundit.com/gemstones/pearl/pearl-gp57196
1224,https://www.gempundit.com/gemstones/pearl/natural-pearl-luxury-quality
1225,https://www.gempundit.com/gemstones/pearl/natural-pearl-premium-quality
1226,https://www.gempundit.com/gemstones/pearl/natural-pearl-economy-quality
1227,https://www.gempundit.com/gemstones/pearl/pearl-south-sea-cultured-luxury-quality
1228,https://www.gempundit.com/gemstones/pearl/pearl-south-sea-cultured-premium-quality
1229,https://www.gempundit.com/gemstones/pearl/pearl-south-sea-cultured-economy-quality
1230,https://www.gempundit.com/gemstones/pearl/golden-south-sea-pearl-luxury-quality
1231,https://www.gempundit.com/gemstones/pearl/golden-south-sea-pearl-premium-quality
1232,https://www.gempundit.com/gemstones/pearl/golden-south-sea-pearl-economy-quality
1233,https://www.gempundit.com/gemstones/pearl/pearl-black-tahitian-cultured-premium-quality
1234,https://www.gempundit.com/gemstones/pearl/pearl-gp57198
1235,https://www.gempundit.com/gemstones/pearl/pearl-gp94525
1236,https://www.gempundit.com/gemstones/pearl/pearl-gp94524
1237,https://www.gempundit.com/gemstones/pearl/pearl-gp82237
1238,https://www.gempundit.com/gemstones/pearl/pearl-gp43603
1239,https://www.gempundit.com/gemstones/pearl/pearl-gp100342
1240,https://www.gempundit.com/gemstones/pearl/pearl-gp82182
1241,https://www.gempundit.com/gemstones/pearl/pearl-gp82178
1242,https://www.gempundit.com/gemstones/pearl/pearl-gp43768
1243,https://www.gempundit.com/gemstones/pearl/pearl-gp90709
1244,https://www.gempundit.com/gemstones/pearl/pearl-gp94512
1245,https://www.gempundit.com/gemstones/pearl/pearl-gp43575
1246,https://www.gempundit.com/gemstones/pearl/pearl-gp82131
1247,https://www.gempundit.com/gemstones/pearl/pearl-gp82134
1248,https://www.gempundit.com/gemstones/pearl/pearl-gp94490
1249,https://www.gempundit.com/gemstones/pearl/pearl-gp82236
1250,https://www.gempundit.com/gemstones/pearl/pearl-gp82235
1251,https://www.gempundit.com/gemstones/pearl/pearl-gp82123
1252,https://www.gempundit.com/gemstones/pearl/pearl-gp94498
1253,https://www.gempundit.com/gemstones/pearl/pearl-gp104180
1254,https://www.gempundit.com/gemstones/pearl/pearl-gp82174
1255,https://www.gempundit.com/gemstones/pearl/pearl-gp43752
1256,https://www.gempundit.com/gemstones/pearl/pearl-gp57202
1257,https://www.gempundit.com/gemstones/pearl/pearl-gp57235
1258,https://www.gempundit.com/gemstones/pearl/natural-pearl-luxury-quality
1259,https://www.gempundit.com/gemstones/pearl/natural-pearl-premium-quality
1260,https://www.gempundit.com/gemstones/pearl/natural-pearl-economy-quality
1261,https://www.gempundit.com/gemstones/pearl/pearl-south-sea-cultured-luxury-quality
1262,https://www.gempundit.com/gemstones/pearl/pearl-south-sea-cultured-premium-quality
1263,https://www.gempundit.com/gemstones/pearl/pearl-south-sea-cultured-economy-quality
1264,https://www.gempundit.com/gemstones/pearl/golden-south-sea-pearl-luxury-quality
1265,https://www.gempundit.com/gemstones/pearl/golden-south-sea-pearl-premium-quality
1266,https://www.gempundit.com/gemstones/pearl/golden-south-sea-pearl-economy-quality
1267,https://www.gempundit.com/gemstones/pearl/pearl-black-tahitian-cultured-premium-quality
1268,https://www.gempundit.com/gemstones/pearl/pearl-gp57222
1269,https://www.gempundit.com/gemstones/pearl/pearl-gp82241
1270,https://www.gempundit.com/gemstones/pearl/pearl-gp43554
1271,https://www.gempundit.com/gemstones/pearl/pearl-gp82164
1272,https://www.gempundit.com/gemstones/pearl/pearl-gp94471
1273,https://www.gempundit.com/gemstones/pearl/pearl-gp81508
1274,https://www.gempundit.com/gemstones/pearl/pearl-gp94466
1275,https://www.gempundit.com/gemstones/pearl/pearl-gp82233
1276,https://www.gempundit.com/gemstones/pearl/pearl-gp82239
1277,https://www.gempundit.com/gemstones/pearl/pearl-gp43555
1278,https://www.gempundit.com/gemstones/pearl/pearl-gp90699
1279,https://www.gempundit.com/gemstones/pearl/pearl-gp43675
1280,https://www.gempundit.com/gemstones/pearl/pearl-gp43728
1281,https://www.gempundit.com/gemstones/pearl/pearl-gp43742
1282,https://www.gempundit.com/gemstones/pearl/pearl-gp82175
1283,https://www.gempundit.com/gemstones/pearl/pearl-gp94474
1284,https://www.gempundit.com/gemstones/pearl/pearl-gp43640
1285,https://www.gempundit.com/gemstones/pearl/pearl-gp43750
1286,https://www.gempundit.com/gemstones/pearl/pearl-gp82170
1287,https://www.gempundit.com/gemstones/pearl/pearl-gp72377
1288,https://www.gempundit.com/gemstones/pearl/pearl-gp81525
1289,https://www.gempundit.com/gemstones/pearl/pearl-gp94796
1290,https://www.gempundit.com/gemstones/pearl/pearl-gp94496
1291,https://www.gempundit.com/gemstones/pearl/pearl-gp94497
1292,https://www.gempundit.com/gemstones/pearl/natural-pearl-luxury-quality
1293,https://www.gempundit.com/gemstones/pearl/natural-pearl-premium-quality
1294,https://www.gempundit.com/gemstones/pearl/natural-pearl-economy-quality
1295,https://www.gempundit.com/gemstones/pearl/pearl-south-sea-cultured-luxury-quality
1296,https://www.gempundit.com/gemstones/pearl/pearl-south-sea-cultured-premium-quality
1297,https://www.gempundit.com/gemstones/pearl/pearl-south-sea-cultured-economy-quality
1298,https://www.gempundit.com/gemstones/pearl/golden-south-sea-pearl-luxury-quality
1299,https://www.gempundit.com/gemstones/pearl/golden-south-sea-pearl-premium-quality
1300,https://www.gempundit.com/gemstones/pearl/golden-south-sea-pearl-economy-quality
1301,https://www.gempundit.com/gemstones/pearl/pearl-black-tahitian-cultured-premium-quality
1302,https://www.gempundit.com/gemstones/pearl/pearl-gp82181
1303,https://www.gempundit.com/gemstones/pearl/pearl-gp82167
1304,https://www.gempundit.com/gemstones/pearl/pearl-gp57223
1305,https://www.gempundit.com/gemstones/pearl/pearl-gp82234
1306,https://www.gempundit.com/gemstones/pearl/pearl-gp82183
1307,https://www.gempundit.com/gemstones/pearl/pearl-gp43716
1308,https://www.gempundit.com/gemstones/pearl/pearl-gp43725
1309,https://www.gempundit.com/gemstones/pearl/pearl-gp43701
1310,https://www.gempundit.com/gemstones/pearl/pearl-gp82172
1311,https://www.gempundit.com/gemstones/pearl/pearl-gp43738
1312,https://www.gempundit.com/gemstones/pearl/pearl-gp57237
1313,https://www.gempundit.com/gemstones/pearl/pearl-gp81491
1314,https://www.gempundit.com/gemstones/pearl/pearl-gp90698
1315,https://www.gempundit.com/gemstones/pearl/pearl-gp31305
1316,https://www.gempundit.com/gemstones/pearl/pearl-gp90713
1317,https://www.gempundit.com/gemstones/pearl/pearl-gp43753
1318,https://www.gempundit.com/gemstones/pearl/pearl-gp90711
1319,https://www.gempundit.com/gemstones/pearl/pearl-gp94799
1320,https://www.gempundit.com/gemstones/pearl/pearl-gp94797
1321,https://www.gempundit.com/gemstones/pearl/pearl-gp100347
1322,https://www.gempundit.com/gemstones/pearl/pearl-gp90712
1323,https://www.gempundit.com/gemstones/pearl/pearl-gp82232
1324,https://www.gempundit.com/gemstones/pearl/pearl-gp82228
1325,https://www.gempundit.com/gemstones/pearl/pearl-gp43509
1326,https://www.gempundit.com/gemstones/pearl/natural-pearl-luxury-quality
1327,https://www.gempundit.com/gemstones/pearl/natural-pearl-premium-quality
1328,https://www.gempundit.com/gemstones/pearl/natural-pearl-economy-quality
1329,https://www.gempundit.com/gemstones/pearl/pearl-south-sea-cultured-luxury-quality
1330,https://www.gempundit.com/gemstones/pearl/pearl-south-sea-cultured-premium-quality
1331,https://www.gempundit.com/gemstones/pearl/pearl-south-sea-cultured-economy-quality
1332,https://www.gempundit.com/gemstones/pearl/golden-south-sea-pearl-luxury-quality
1333,https://www.gempundit.com/gemstones/pearl/golden-south-sea-pearl-premium-quality
1334,https://www.gempundit.com/gemstones/pearl/golden-south-sea-pearl-economy-quality
1335,https://www.gempundit.com/gemstones/pearl/pearl-black-tahitian-cultured-premium-quality
1336,https://www.gempundit.com/gemstones/pearl/pearl-gp82171
1337,https://www.gempundit.com/gemstones/pearl/pearl-gp43612
1338,https://www.gempundit.com/gemstones/pearl/pearl-gp82179
1339,https://www.gempundit.com/gemstones/pearl/pearl-gp82226
1340,https://www.gempundit.com/gemstones/pearl/pearl-gp82177
1341,https://www.gempundit.com/gemstones/pearl/pearl-gp43508
1342,https://www.gempundit.com/gemstones/pearl/pearl-gp43494
1343,https://www.gempundit.com/gemstones/pearl/pearl-gp30443
1344,https://www.gempundit.com/gemstones/pearl/pearl-gp43497
1345,https://www.gempundit.com/gemstones/pearl/pearl-gp30438
1346,https://www.gempundit.com/gemstones/pearl/pearl-gp82117
1347,https://www.gempundit.com/gemstones/pearl/pearl-gp40113
1348,https://www.gempundit.com/gemstones/pearl/pearl-gp43495
1349,https://www.gempundit.com/gemstones/pearl/pearl-gp94514
1350,https://www.gempundit.com/gemstones/pearl/pearl-gp90715
1351,https://www.gempundit.com/gemstones/pearl/pearl-gp43513
1352,https://www.gempundit.com/gemstones/pearl/pearl-gp30439
1353,https://www.gempundit.com/gemstones/pearl/pearl-gp43470
1354,https://www.gempundit.com/gemstones/pearl/pearl-gp43478
1355,https://www.gempundit.com/gemstones/pearl/pearl-gp30447
1356,https://www.gempundit.com/gemstones/pearl/pearl-gp43474
1357,https://www.gempundit.com/gemstones/pearl/pearl-gp82227
1358,https://www.gempundit.com/gemstones/pearl/pearl-gp43499
1359,https://www.gempundit.com/gemstones/pearl/pearl-gp90714
1360,https://www.gempundit.com/gemstones/pearl/natural-pearl-luxury-quality
1361,https://www.gempundit.com/gemstones/pearl/natural-pearl-premium-quality
1362,https://www.gempundit.com/gemstones/pearl/natural-pearl-economy-quality
1363,https://www.gempundit.com/gemstones/pearl/pearl-south-sea-cultured-luxury-quality
1364,https://www.gempundit.com/gemstones/pearl/pearl-south-sea-cultured-premium-quality
1365,https://www.gempundit.com/gemstones/pearl/pearl-south-sea-cultured-economy-quality
1366,https://www.gempundit.com/gemstones/pearl/golden-south-sea-pearl-luxury-quality
1367,https://www.gempundit.com/gemstones/pearl/golden-south-sea-pearl-premium-quality
1368,https://www.gempundit.com/gemstones/pearl/golden-south-sea-pearl-economy-quality
1369,https://www.gempundit.com/gemstones/pearl/pearl-black-tahitian-cultured-premium-quality
1370,https://www.gempundit.com/gemstones/pearl/pearl-gp43475
1371,https://www.gempundit.com/gemstones/pearl/pearl-gp82229
1372,https://www.gempundit.com/gemstones/pearl/pearl-gp82116
1373,https://www.gempundit.com/gemstones/pearl/pearl-gp100026
1374,https://www.gempundit.com/gemstones/pearl/pearl-gp31386
1375,https://www.gempundit.com/gemstones/pearl/pearl-gp82224
1376,https://www.gempundit.com/gemstones/pearl/pearl-gp30441
1377,https://www.gempundit.com/gemstones/pearl/pearl-gp43493
1378,https://www.gempundit.com/gemstones/pearl/pearl-gp43488
1379,https://www.gempundit.com/gemstones/pearl/pearl-gp82114
1380,https://www.gempundit.com/gemstones/pearl/pearl-gp43496
1381,https://www.gempundit.com/gemstones/pearl/pearl-gp94527
1382,https://www.gempundit.com/gemstones/pearl/pearl-gp94522
1383,https://www.gempundit.com/gemstones/pearl/pearl-gp43486
1384,https://www.gempundit.com/gemstones/pearl/pearl-gp47563
1385,https://www.gempundit.com/gemstones/pearl/pearl-gp82296
1386,https://www.gempundit.com/gemstones/pearl/pearl-gp82223
1387,https://www.gempundit.com/gemstones/pearl/pearl-gp82225
1388,https://www.gempundit.com/gemstones/pearl/pearl-gp82113
1389,https://www.gempundit.com/gemstones/pearl/pearl-gp43479
1390,https://www.gempundit.com/gemstones/pearl/pearl-gp43507
1391,https://www.gempundit.com/gemstones/pearl/pearl-gp43481
1392,https://www.gempundit.com/gemstones/pearl/pearl-gp47564
1393,https://www.gempundit.com/gemstones/pearl/pearl-gp82115
1394,https://www.gempundit.com/gemstones/pearl/natural-pearl-luxury-quality
1395,https://www.gempundit.com/gemstones/pearl/natural-pearl-premium-quality
1396,https://www.gempundit.com/gemstones/pearl/natural-pearl-economy-quality
1397,https://www.gempundit.com/gemstones/pearl/pearl-south-sea-cultured-luxury-quality
1398,https://www.gempundit.com/gemstones/pearl/pearl-south-sea-cultured-premium-quality
1399,https://www.gempundit.com/gemstones/pearl/pearl-south-sea-cultured-economy-quality
1400,https://www.gempundit.com/gemstones/pearl/golden-south-sea-pearl-luxury-quality
1401,https://www.gempundit.com/gemstones/pearl/golden-south-sea-pearl-premium-quality
1402,https://www.gempundit.com/gemstones/pearl/golden-south-sea-pearl-economy-quality
1403,https://www.gempundit.com/gemstones/pearl/pearl-black-tahitian-cultured-premium-quality
1404,https://www.gempundit.com/gemstones/pearl/pearl-gp43473
1405,https://www.gempundit.com/gemstones/pearl/pearl-gp43490
1406,https://www.gempundit.com/gemstones/pearl/pearl-gp43501
1407,https://www.gempundit.com/gemstones/pearl/pearl-gp30445
1408,https://www.gempundit.com/gemstones/pearl/pearl-gp43477
1409,https://www.gempundit.com/gemstones/pearl/pearl-gp43512
1410,https://www.gempundit.com/gemstones/pearl/pearl-gp43491
1411,https://www.gempundit.com/gemstones/pearl/pearl-gp43502
1412,https://www.gempundit.com/gemstones/pearl/pearl-gp43498
1413,https://www.gempundit.com/gemstones/pearl/pearl-gp43472
1414,https://www.gempundit.com/gemstones/pearl/pearl-gp43489
1415,https://www.gempundit.com/gemstones/pearl/pearl-gp43506
1416,https://www.gempundit.com/gemstones/pearl/pearl-gp30446
1417,https://www.gempundit.com/gemstones/pearl/pearl-gp96336
1418,https://www.gempundit.com/gemstones/pearl/pearl-gp96282
1419,https://www.gempundit.com/gemstones/pearl/pearl-gp93993
1420,https://www.gempundit.com/gemstones/pearl/pearl-gp93998
1421,https://www.gempundit.com/gemstones/pearl/pearl-gp93997
1422,https://www.gempundit.com/gemstones/pearl/pearl-gp93996
1423,https://www.gempundit.com/gemstones/pearl/pearl-gp93992
1424,https://www.gempundit.com/gemstones/pearl/pearl-gp93995
1425,https://www.gempundit.com/gemstones/pearl/pearl-gp93991
1426,https://www.gempundit.com/gemstones/pearl/pearl-gp93994
