,Pigeon Blood Ruby
0,https://www.gempundit.com/gemstones/pigeon-blood-ruby/ruby-gp72973
1,https://www.gempundit.com/gemstones/pigeon-blood-ruby/ruby-gp96664
2,https://www.gempundit.com/gemstones/pigeon-blood-ruby/ruby-gp96215
3,https://www.gempundit.com/gemstones/pigeon-blood-ruby/ruby-gp72942
4,https://www.gempundit.com/gemstones/pigeon-blood-ruby/ruby-gp100058
5,https://www.gempundit.com/gemstones/pigeon-blood-ruby/ruby-gp100058a
6,https://www.gempundit.com/gemstones/pigeon-blood-ruby/ruby-gp90814
7,https://www.gempundit.com/gemstones/pigeon-blood-ruby/ruby-gp72949
8,https://www.gempundit.com/gemstones/pigeon-blood-ruby/ruby-gp96656
9,https://www.gempundit.com/gemstones/pigeon-blood-ruby/ruby-gp72941
10,https://www.gempundit.com/gemstones/pigeon-blood-ruby/ruby-gp72946
11,https://www.gempundit.com/gemstones/pigeon-blood-ruby/ruby-gp90665
12,https://www.gempundit.com/gemstones/pigeon-blood-ruby/ruby-gp55616
13,https://www.gempundit.com/gemstones/pigeon-blood-ruby/ruby-gp72950
14,https://www.gempundit.com/gemstones/pigeon-blood-ruby/ruby-gp55566
15,https://www.gempundit.com/gemstones/pigeon-blood-ruby/ruby-gp96023
16,https://www.gempundit.com/gemstones/pigeon-blood-ruby/ruby-gp96659
17,https://www.gempundit.com/gemstones/pigeon-blood-ruby/ruby-gp72945
18,https://www.gempundit.com/gemstones/pigeon-blood-ruby/ruby-gp55567
19,https://www.gempundit.com/gemstones/pigeon-blood-ruby/ruby-gp47419
20,https://www.gempundit.com/gemstones/pigeon-blood-ruby/ruby-gp72948
21,https://www.gempundit.com/gemstones/pigeon-blood-ruby/ruby-gp96024
22,https://www.gempundit.com/gemstones/pigeon-blood-ruby/ruby-gp100058b
23,https://www.gempundit.com/gemstones/pigeon-blood-ruby/ruby-gp72947
24,https://www.gempundit.com/gemstones/pigeon-blood-ruby/ruby-gp72162
25,https://www.gempundit.com/gemstones/pigeon-blood-ruby/ruby-gp82109
26,https://www.gempundit.com/gemstones/pigeon-blood-ruby/ruby-gp96666
27,https://www.gempundit.com/gemstones/pigeon-blood-ruby/ruby-gp96782
28,https://www.gempundit.com/gemstones/pigeon-blood-ruby/ruby-gp96784
29,https://www.gempundit.com/gemstones/pigeon-blood-ruby/ruby-gp96783
30,https://www.gempundit.com/gemstones/pigeon-blood-ruby/ruby-gp96660
31,https://www.gempundit.com/gemstones/pigeon-blood-ruby/ruby-gp90664
32,https://www.gempundit.com/gemstones/pigeon-blood-ruby/ruby-gp96778
33,https://www.gempundit.com/gemstones/pigeon-blood-ruby/ruby-gp90610
34,https://www.gempundit.com/gemstones/pigeon-blood-ruby/ruby-gp96028
35,https://www.gempundit.com/gemstones/pigeon-blood-ruby/ruby-gp96779
36,https://www.gempundit.com/gemstones/pigeon-blood-ruby/ruby-gp96027
37,https://www.gempundit.com/gemstones/pigeon-blood-ruby/ruby-gp90668
38,https://www.gempundit.com/gemstones/pigeon-blood-ruby/ruby-gp47424
39,https://www.gempundit.com/gemstones/pigeon-blood-ruby/ruby-gp55623
40,https://www.gempundit.com/gemstones/pigeon-blood-ruby/ruby-gp47745
41,https://www.gempundit.com/gemstones/pigeon-blood-ruby/ruby-gp62626
42,https://www.gempundit.com/gemstones/pigeon-blood-ruby/ruby-gp47429
43,https://www.gempundit.com/gemstones/pigeon-blood-ruby/ruby-gp90666
44,https://www.gempundit.com/gemstones/pigeon-blood-ruby/ruby-gp47965
45,https://www.gempundit.com/gemstones/pigeon-blood-ruby/ruby-gp55625
46,https://www.gempundit.com/gemstones/pigeon-blood-ruby/ruby-gp55626
47,https://www.gempundit.com/gemstones/pigeon-blood-ruby/ruby-gp96026
48,https://www.gempundit.com/gemstones/pigeon-blood-ruby/ruby-gp72587
49,https://www.gempundit.com/gemstones/pigeon-blood-ruby/ruby-gp95914
50,https://www.gempundit.com/gemstones/pigeon-blood-ruby/ruby-gp55629
51,https://www.gempundit.com/gemstones/pigeon-blood-ruby/ruby-gp47438
52,https://www.gempundit.com/gemstones/pigeon-blood-ruby/ruby-gp55630
53,https://www.gempundit.com/gemstones/pigeon-blood-ruby/ruby-gp47441
54,https://www.gempundit.com/gemstones/pigeon-blood-ruby/ruby-gp72572
55,https://www.gempundit.com/gemstones/pigeon-blood-ruby/ruby-gp55633
56,https://www.gempundit.com/gemstones/pigeon-blood-ruby/ruby-gp72573
57,https://www.gempundit.com/gemstones/pigeon-blood-ruby/ruby-gp96359
58,https://www.gempundit.com/gemstones/pigeon-blood-ruby/ruby-gp96862
59,https://www.gempundit.com/gemstones/pigeon-blood-ruby/ruby-gp96506
60,https://www.gempundit.com/gemstones/pigeon-blood-ruby/ruby-gp96357
