,Pink Morganite
0,https://www.gempundit.com/gemstones/pink-morganite/morganite-gp55172
1,https://www.gempundit.com/gemstones/pink-morganite/morganite-gp67803
2,https://www.gempundit.com/gemstones/pink-morganite/morganite-gp55186
3,https://www.gempundit.com/gemstones/pink-morganite/morganite-gp67800
4,https://www.gempundit.com/gemstones/pink-morganite/morganite-gp67799
5,https://www.gempundit.com/gemstones/pink-morganite/morganite-gp55182
6,https://www.gempundit.com/gemstones/pink-morganite/morganite-gp55185
7,https://www.gempundit.com/gemstones/pink-morganite/morganite-gp67795
8,https://www.gempundit.com/gemstones/pink-morganite/morganite-gp55192
9,https://www.gempundit.com/gemstones/pink-morganite/morganite-gp55187
10,https://www.gempundit.com/gemstones/pink-morganite/morganite-gp88469
11,https://www.gempundit.com/gemstones/pink-morganite/morganite-gp55191
12,https://www.gempundit.com/gemstones/pink-morganite/morganite-gp67802
13,https://www.gempundit.com/gemstones/pink-morganite/morganite-gp55189
14,https://www.gempundit.com/gemstones/pink-morganite/morganite-gp67788
15,https://www.gempundit.com/gemstones/pink-morganite/morganite-gp55175
16,https://www.gempundit.com/gemstones/pink-morganite/morganite-gp67801
17,https://www.gempundit.com/gemstones/pink-morganite/morganite-gp55190
18,https://www.gempundit.com/gemstones/pink-morganite/morganite-gp88471
19,https://www.gempundit.com/gemstones/pink-morganite/morganite-gp67797
20,https://www.gempundit.com/gemstones/pink-morganite/morganite-gp88474
21,https://www.gempundit.com/gemstones/pink-morganite/morganite-gp67798
22,https://www.gempundit.com/gemstones/pink-morganite/morganite-gp67790
23,https://www.gempundit.com/gemstones/pink-morganite/morganite-gp88476
24,https://www.gempundit.com/gemstones/pink-morganite/morganite-gp67789
25,https://www.gempundit.com/gemstones/pink-morganite/morganite-gp55193
