,Pink Coral
0,https://www.gempundit.com/gemstones/pink-coral/pink-coral-gp102114
1,https://www.gempundit.com/gemstones/pink-coral/pink-coral-gp102151
2,https://www.gempundit.com/gemstones/pink-coral/pink-coral-gp102113
3,https://www.gempundit.com/gemstones/pink-coral/pink-coral-gp102112
4,https://www.gempundit.com/gemstones/pink-coral/pink-coral-gp102116
5,https://www.gempundit.com/gemstones/pink-coral/pink-coral-gp102108
6,https://www.gempundit.com/gemstones/pink-coral/pink-coral-gp102117
7,https://www.gempundit.com/gemstones/pink-coral/pink-coral-gp102111
8,https://www.gempundit.com/gemstones/pink-coral/pink-coral-gp102121
9,https://www.gempundit.com/gemstones/pink-coral/pink-coral-gp102107
10,https://www.gempundit.com/gemstones/pink-coral/pink-coral-gp102127
11,https://www.gempundit.com/gemstones/pink-coral/pink-coral-gp102152
12,https://www.gempundit.com/gemstones/pink-coral/pink-coral-gp102122
13,https://www.gempundit.com/gemstones/pink-coral/pink-coral-gp102120
14,https://www.gempundit.com/gemstones/pink-coral/pink-coral-gp102106
15,https://www.gempundit.com/gemstones/pink-coral/pink-coral-gp102128
16,https://www.gempundit.com/gemstones/pink-coral/pink-coral-gp102123
17,https://www.gempundit.com/gemstones/pink-coral/pink-coral-gp102110
18,https://www.gempundit.com/gemstones/pink-coral/pink-coral-gp102126
19,https://www.gempundit.com/gemstones/pink-coral/pink-coral-gp102104
20,https://www.gempundit.com/gemstones/pink-coral/pink-coral-gp102102
21,https://www.gempundit.com/gemstones/pink-coral/pink-coral-gp102105
22,https://www.gempundit.com/gemstones/pink-coral/pink-coral-gp102125
23,https://www.gempundit.com/gemstones/pink-coral/pink-coral-gp102115
24,https://www.gempundit.com/gemstones/pink-coral/pink-coral-gp102103
25,https://www.gempundit.com/gemstones/pink-coral/pink-coral-gp102118
26,https://www.gempundit.com/gemstones/pink-coral/pink-coral-gp102109
27,https://www.gempundit.com/gemstones/pink-coral/pink-coral-gp102119
28,https://www.gempundit.com/gemstones/pink-coral/pink-coral-gp102124
