,Royal Blue Sapphire
0,https://www.gempundit.com/gemstones/royal-blue-sapphire/blue-sapphire-gp72120
1,https://www.gempundit.com/gemstones/royal-blue-sapphire/blue-sapphire-gp55552
2,https://www.gempundit.com/gemstones/royal-blue-sapphire/blue-sapphire-gp72125
3,https://www.gempundit.com/gemstones/royal-blue-sapphire/blue-sapphire-gp96177
4,https://www.gempundit.com/gemstones/royal-blue-sapphire/blue-sapphire-gp55530
5,https://www.gempundit.com/gemstones/royal-blue-sapphire/blue-sapphire-gp55532
6,https://www.gempundit.com/gemstones/royal-blue-sapphire/blue-sapphire-gp55533
7,https://www.gempundit.com/gemstones/royal-blue-sapphire/blue-sapphire-gp96178
8,https://www.gempundit.com/gemstones/royal-blue-sapphire/blue-sapphire-gp55535
9,https://www.gempundit.com/gemstones/royal-blue-sapphire/blue-sapphire-gp36057
10,https://www.gempundit.com/gemstones/royal-blue-sapphire/blue-sapphire-gp96348
11,https://www.gempundit.com/gemstones/royal-blue-sapphire/blue-sapphire-gp62518
12,https://www.gempundit.com/gemstones/royal-blue-sapphire/blue-sapphire-gp33272
13,https://www.gempundit.com/gemstones/royal-blue-sapphire/blue-sapphire-gp55538
14,https://www.gempundit.com/gemstones/royal-blue-sapphire/blue-sapphire-gp55540
15,https://www.gempundit.com/gemstones/royal-blue-sapphire/blue-sapphire-gp62429
16,https://www.gempundit.com/gemstones/royal-blue-sapphire/blue-sapphire-gp47359
17,https://www.gempundit.com/gemstones/royal-blue-sapphire/blue-sapphire-gp55608
18,https://www.gempundit.com/gemstones/royal-blue-sapphire/blue-sapphire-gp55613
19,https://www.gempundit.com/gemstones/royal-blue-sapphire/blue-sapphire-gp55609
20,https://www.gempundit.com/gemstones/royal-blue-sapphire/blue-sapphire-gp96821
21,https://www.gempundit.com/gemstones/royal-blue-sapphire/blue-sapphire-gp55666
22,https://www.gempundit.com/gemstones/royal-blue-sapphire/blue-sapphire-gp36954
23,https://www.gempundit.com/gemstones/royal-blue-sapphire/blue-sapphire-gp62916
24,https://www.gempundit.com/gemstones/royal-blue-sapphire/blue-sapphire-gp62917
25,https://www.gempundit.com/gemstones/royal-blue-sapphire/blue-sapphire-gp36753
26,https://www.gempundit.com/gemstones/royal-blue-sapphire/blue-sapphire-gp62600
27,https://www.gempundit.com/gemstones/royal-blue-sapphire/blue-sapphire-gp55610
28,https://www.gempundit.com/gemstones/royal-blue-sapphire/blue-sapphire-gp96864
29,https://www.gempundit.com/gemstones/royal-blue-sapphire/blue-sapphire-gp62919
30,https://www.gempundit.com/gemstones/royal-blue-sapphire/blue-sapphire-gp47375
31,https://www.gempundit.com/gemstones/royal-blue-sapphire/blue-sapphire-gp96500
32,https://www.gempundit.com/gemstones/royal-blue-sapphire/blue-sapphire-gp47367
33,https://www.gempundit.com/gemstones/royal-blue-sapphire/blue-sapphire-gp96191
34,https://www.gempundit.com/gemstones/royal-blue-sapphire/blue-sapphire-gp47369
35,https://www.gempundit.com/gemstones/royal-blue-sapphire/blue-sapphire-gp36956
36,https://www.gempundit.com/gemstones/royal-blue-sapphire/blue-sapphire-gp95985
37,https://www.gempundit.com/gemstones/royal-blue-sapphire/blue-sapphire-gp95984
38,https://www.gempundit.com/gemstones/royal-blue-sapphire/blue-sapphire-gp95986
