,Rubellite
0,https://www.gempundit.com/gemstones/rubellite/rubellite-gp40037
1,https://www.gempundit.com/gemstones/rubellite/rubellite-gp40050
2,https://www.gempundit.com/gemstones/rubellite/rubellite-gp40029
3,https://www.gempundit.com/gemstones/rubellite/rubellite-gp40007
4,https://www.gempundit.com/gemstones/rubellite/rubellite-gp40008
5,https://www.gempundit.com/gemstones/rubellite/rubellite-gp40012
6,https://www.gempundit.com/gemstones/rubellite/rubellite-gp40005
7,https://www.gempundit.com/gemstones/rubellite/rubellite-gp64847
8,https://www.gempundit.com/gemstones/rubellite/rubellite-gp101957
9,https://www.gempundit.com/gemstones/rubellite/rubellite-gp40004
10,https://www.gempundit.com/gemstones/rubellite/rubellite-gp101955
11,https://www.gempundit.com/gemstones/rubellite/rubellite-gp101956
12,https://www.gempundit.com/gemstones/rubellite/rubellite-gp41318
13,https://www.gempundit.com/gemstones/rubellite/rubellite-gp101961
14,https://www.gempundit.com/gemstones/rubellite/rubellite-gp41564c
15,https://www.gempundit.com/gemstones/rubellite/rubellite-gp64848
16,https://www.gempundit.com/gemstones/rubellite/rubellite-gp41512
17,https://www.gempundit.com/gemstones/rubellite/rubellite-gp41559a
18,https://www.gempundit.com/gemstones/rubellite/rubellite-gp41506
19,https://www.gempundit.com/gemstones/rubellite/rubellite-gp41306b
20,https://www.gempundit.com/gemstones/rubellite/rubellite-gp41285
21,https://www.gempundit.com/gemstones/rubellite/rubellite-gp41538b
22,https://www.gempundit.com/gemstones/rubellite/rubellite-gp41537a
23,https://www.gempundit.com/gemstones/rubellite/rubellite-gp41565d
24,https://www.gempundit.com/gemstones/rubellite/rubellite-gp41557a
25,https://www.gempundit.com/gemstones/rubellite/rubellite-gp88731
26,https://www.gempundit.com/gemstones/rubellite/rubellite-gp41316l
27,https://www.gempundit.com/gemstones/rubellite/rubellite-gp41495
28,https://www.gempundit.com/gemstones/rubellite/rubellite-gp41311g
29,https://www.gempundit.com/gemstones/rubellite/rubellite-gp41542c
30,https://www.gempundit.com/gemstones/rubellite/rubellite-gp41286
31,https://www.gempundit.com/gemstones/rubellite/rubellite-gp41562a
32,https://www.gempundit.com/gemstones/rubellite/rubellite-gp41493
33,https://www.gempundit.com/gemstones/rubellite/rubellite-gp41317
34,https://www.gempundit.com/gemstones/rubellite/rubellite-gp41510
35,https://www.gempundit.com/gemstones/rubellite/rubellite-gp41494
36,https://www.gempundit.com/gemstones/rubellite/rubellite-gp41563b
37,https://www.gempundit.com/gemstones/rubellite/rubellite-gp41502
38,https://www.gempundit.com/gemstones/rubellite/rubellite-gp41558b
39,https://www.gempundit.com/gemstones/rubellite/rubellite-gp41497
40,https://www.gempundit.com/gemstones/rubellite/rubellite-gp41505
41,https://www.gempundit.com/gemstones/rubellite/rubellite-gp100382
42,https://www.gempundit.com/gemstones/rubellite/rubellite-gp41499
43,https://www.gempundit.com/gemstones/rubellite/rubellite-gp40033
44,https://www.gempundit.com/gemstones/rubellite/rubellite-gp40010
45,https://www.gempundit.com/gemstones/rubellite/rubellite-gp64846
46,https://www.gempundit.com/gemstones/rubellite/rubellite-gp40034
47,https://www.gempundit.com/gemstones/rubellite/rubellite-gp41517
48,https://www.gempundit.com/gemstones/rubellite/rubellite-gp41557
49,https://www.gempundit.com/gemstones/rubellite/rubellite-gp90420
50,https://www.gempundit.com/gemstones/rubellite/rubellite-gp41319
51,https://www.gempundit.com/gemstones/rubellite/rubellite-gp90749
52,https://www.gempundit.com/gemstones/rubellite/rubellite-gp90419
53,https://www.gempundit.com/gemstones/rubellite/rubellite-gp90361
54,https://www.gempundit.com/gemstones/rubellite/rubellite-gp41537
55,https://www.gempundit.com/gemstones/rubellite/rubellite-gp41559
56,https://www.gempundit.com/gemstones/rubellite/rubellite-gp55574
57,https://www.gempundit.com/gemstones/rubellite/rubellite-gp72622
58,https://www.gempundit.com/gemstones/rubellite/rubellite-gp41562
59,https://www.gempundit.com/gemstones/rubellite/rubellite-gp55575
60,https://www.gempundit.com/gemstones/rubellite/rubellite-gp90360
61,https://www.gempundit.com/gemstones/rubellite/rubellite-gp55576
62,https://www.gempundit.com/gemstones/rubellite/rubellite-gp90461
63,https://www.gempundit.com/gemstones/rubellite/rubellite-gp55577
64,https://www.gempundit.com/gemstones/rubellite/rubellite-gp55578
65,https://www.gempundit.com/gemstones/rubellite/rubellite-gp55579
66,https://www.gempundit.com/gemstones/rubellite/rubellite-gp55580
67,https://www.gempundit.com/gemstones/rubellite/rubellite-gp90747
68,https://www.gempundit.com/gemstones/rubellite/rubellite-gp55581
69,https://www.gempundit.com/gemstones/rubellite/rubellite-gp55582
70,https://www.gempundit.com/gemstones/rubellite/rubellite-gp90748
71,https://www.gempundit.com/gemstones/rubellite/rubellite-gp55583
