,Sky Blue Topaz
0,https://www.gempundit.com/gemstones/sky-blue-topaz/blue-topaz-gp19254
1,https://www.gempundit.com/gemstones/sky-blue-topaz/blue-topaz-gp81839
2,https://www.gempundit.com/gemstones/sky-blue-topaz/blue-topaz-gp81841
3,https://www.gempundit.com/gemstones/sky-blue-topaz/blue-topaz-gp81848
4,https://www.gempundit.com/gemstones/sky-blue-topaz/blue-topaz-gp81827
5,https://www.gempundit.com/gemstones/sky-blue-topaz/blue-topaz-gp81825
6,https://www.gempundit.com/gemstones/sky-blue-topaz/blue-topaz-gp81838
7,https://www.gempundit.com/gemstones/sky-blue-topaz/blue-topaz-gp81832
8,https://www.gempundit.com/gemstones/sky-blue-topaz/blue-topaz-gp81677
9,https://www.gempundit.com/gemstones/sky-blue-topaz/blue-topaz-gp81850
10,https://www.gempundit.com/gemstones/sky-blue-topaz/blue-topaz-gp81713
11,https://www.gempundit.com/gemstones/sky-blue-topaz/blue-topaz-gp81826
12,https://www.gempundit.com/gemstones/sky-blue-topaz/blue-topaz-gp81683
13,https://www.gempundit.com/gemstones/sky-blue-topaz/blue-topaz-gp81692
14,https://www.gempundit.com/gemstones/sky-blue-topaz/blue-topaz-gp81672
15,https://www.gempundit.com/gemstones/sky-blue-topaz/blue-topaz-gp81702
16,https://www.gempundit.com/gemstones/sky-blue-topaz/blue-topaz-gp81691
17,https://www.gempundit.com/gemstones/sky-blue-topaz/blue-topaz-gp81714
18,https://www.gempundit.com/gemstones/sky-blue-topaz/blue-topaz-gp81688
19,https://www.gempundit.com/gemstones/sky-blue-topaz/blue-topaz-gp81703
20,https://www.gempundit.com/gemstones/sky-blue-topaz/blue-topaz-gp81686
21,https://www.gempundit.com/gemstones/sky-blue-topaz/blue-topaz-gp81696
22,https://www.gempundit.com/gemstones/sky-blue-topaz/blue-topaz-gp81712
23,https://www.gempundit.com/gemstones/sky-blue-topaz/blue-topaz-gp81693
24,https://www.gempundit.com/gemstones/sky-blue-topaz/blue-topaz-gp81698
25,https://www.gempundit.com/gemstones/sky-blue-topaz/blue-topaz-gp81709
26,https://www.gempundit.com/gemstones/sky-blue-topaz/blue-topaz-gp81801
27,https://www.gempundit.com/gemstones/sky-blue-topaz/blue-topaz-gp81701
28,https://www.gempundit.com/gemstones/sky-blue-topaz/blue-topaz-gp81675
29,https://www.gempundit.com/gemstones/sky-blue-topaz/blue-topaz-gp81700
30,https://www.gempundit.com/gemstones/sky-blue-topaz/blue-topaz-gp81699
31,https://www.gempundit.com/gemstones/sky-blue-topaz/blue-topaz-gp81706
32,https://www.gempundit.com/gemstones/sky-blue-topaz/blue-topaz-gp81806
33,https://www.gempundit.com/gemstones/sky-blue-topaz/blue-topaz-gp81695
34,https://www.gempundit.com/gemstones/sky-blue-topaz/blue-topaz-gp81813
35,https://www.gempundit.com/gemstones/sky-blue-topaz/blue-topaz-gp81710
36,https://www.gempundit.com/gemstones/sky-blue-topaz/blue-topaz-gp81678
37,https://www.gempundit.com/gemstones/sky-blue-topaz/blue-topaz-gp81708
38,https://www.gempundit.com/gemstones/sky-blue-topaz/blue-topaz-gp81680
39,https://www.gempundit.com/gemstones/sky-blue-topaz/blue-topaz-gp81711
40,https://www.gempundit.com/gemstones/sky-blue-topaz/blue-topaz-gp81707
41,https://www.gempundit.com/gemstones/sky-blue-topaz/blue-topaz-gp81687
42,https://www.gempundit.com/gemstones/sky-blue-topaz/blue-topaz-gp81682
43,https://www.gempundit.com/gemstones/sky-blue-topaz/blue-topaz-gp81704
44,https://www.gempundit.com/gemstones/sky-blue-topaz/blue-topaz-gp81705
45,https://www.gempundit.com/gemstones/sky-blue-topaz/blue-topaz-gp81822
46,https://www.gempundit.com/gemstones/sky-blue-topaz/blue-topaz-gp81689
47,https://www.gempundit.com/gemstones/sky-blue-topaz/blue-topaz-gp81684
48,https://www.gempundit.com/gemstones/sky-blue-topaz/blue-topaz-gp81671
49,https://www.gempundit.com/gemstones/sky-blue-topaz/blue-topaz-gp81803
50,https://www.gempundit.com/gemstones/sky-blue-topaz/blue-topaz-gp81799
51,https://www.gempundit.com/gemstones/sky-blue-topaz/blue-topaz-gp81694
52,https://www.gempundit.com/gemstones/sky-blue-topaz/blue-topaz-gp81676
53,https://www.gempundit.com/gemstones/sky-blue-topaz/blue-topaz-gp81685
54,https://www.gempundit.com/gemstones/sky-blue-topaz/blue-topaz-gp81681
55,https://www.gempundit.com/gemstones/sky-blue-topaz/blue-topaz-gp81817
56,https://www.gempundit.com/gemstones/sky-blue-topaz/blue-topaz-gp81802
57,https://www.gempundit.com/gemstones/sky-blue-topaz/blue-topaz-gp81814
58,https://www.gempundit.com/gemstones/sky-blue-topaz/blue-topaz-gp81697
59,https://www.gempundit.com/gemstones/sky-blue-topaz/blue-topaz-gp81690
60,https://www.gempundit.com/gemstones/sky-blue-topaz/blue-topaz-gp81674
61,https://www.gempundit.com/gemstones/sky-blue-topaz/blue-topaz-gp81812
62,https://www.gempundit.com/gemstones/sky-blue-topaz/blue-topaz-gp81804
63,https://www.gempundit.com/gemstones/sky-blue-topaz/blue-topaz-gp81819
64,https://www.gempundit.com/gemstones/sky-blue-topaz/blue-topaz-gp81820
65,https://www.gempundit.com/gemstones/sky-blue-topaz/blue-topaz-gp81821
66,https://www.gempundit.com/gemstones/sky-blue-topaz/blue-topaz-gp81673
67,https://www.gempundit.com/gemstones/sky-blue-topaz/blue-topaz-gp81818
68,https://www.gempundit.com/gemstones/sky-blue-topaz/blue-topaz-gp81808
69,https://www.gempundit.com/gemstones/sky-blue-topaz/blue-topaz-gp81657
70,https://www.gempundit.com/gemstones/sky-blue-topaz/blue-topaz-gp81815
71,https://www.gempundit.com/gemstones/sky-blue-topaz/blue-topaz-gp81811
72,https://www.gempundit.com/gemstones/sky-blue-topaz/blue-topaz-gp81654
73,https://www.gempundit.com/gemstones/sky-blue-topaz/blue-topaz-gp81668
74,https://www.gempundit.com/gemstones/sky-blue-topaz/blue-topaz-gp81782
75,https://www.gempundit.com/gemstones/sky-blue-topaz/blue-topaz-gp81645
76,https://www.gempundit.com/gemstones/sky-blue-topaz/blue-topaz-gp81651
77,https://www.gempundit.com/gemstones/sky-blue-topaz/blue-topaz-gp81800
78,https://www.gempundit.com/gemstones/sky-blue-topaz/blue-topaz-gp81816
79,https://www.gempundit.com/gemstones/sky-blue-topaz/blue-topaz-gp22935
80,https://www.gempundit.com/gemstones/sky-blue-topaz/blue-topaz-gp22948
81,https://www.gempundit.com/gemstones/sky-blue-topaz/blue-topaz-gp81648
82,https://www.gempundit.com/gemstones/sky-blue-topaz/blue-topaz-gp81661
83,https://www.gempundit.com/gemstones/sky-blue-topaz/blue-topaz-gp81670
84,https://www.gempundit.com/gemstones/sky-blue-topaz/blue-topaz-gp22928
85,https://www.gempundit.com/gemstones/sky-blue-topaz/blue-topaz-gp81656
86,https://www.gempundit.com/gemstones/sky-blue-topaz/blue-topaz-gp81658
87,https://www.gempundit.com/gemstones/sky-blue-topaz/blue-topaz-gp81662
88,https://www.gempundit.com/gemstones/sky-blue-topaz/blue-topaz-gp81653
89,https://www.gempundit.com/gemstones/sky-blue-topaz/blue-topaz-gp81664
90,https://www.gempundit.com/gemstones/sky-blue-topaz/blue-topaz-gp22943
91,https://www.gempundit.com/gemstones/sky-blue-topaz/blue-topaz-gp81659
92,https://www.gempundit.com/gemstones/sky-blue-topaz/blue-topaz-gp81665
93,https://www.gempundit.com/gemstones/sky-blue-topaz/blue-topaz-gp81669
94,https://www.gempundit.com/gemstones/sky-blue-topaz/blue-topaz-gp81667
95,https://www.gempundit.com/gemstones/sky-blue-topaz/blue-topaz-gp81646
96,https://www.gempundit.com/gemstones/sky-blue-topaz/blue-topaz-gp22921
97,https://www.gempundit.com/gemstones/sky-blue-topaz/blue-topaz-gp22932
98,https://www.gempundit.com/gemstones/sky-blue-topaz/blue-topaz-gp81649
99,https://www.gempundit.com/gemstones/sky-blue-topaz/blue-topaz-gp22942
100,https://www.gempundit.com/gemstones/sky-blue-topaz/blue-topaz-gp81650
101,https://www.gempundit.com/gemstones/sky-blue-topaz/blue-topaz-gp22945
102,https://www.gempundit.com/gemstones/sky-blue-topaz/blue-topaz-gp81792
103,https://www.gempundit.com/gemstones/sky-blue-topaz/blue-topaz-gp81785
104,https://www.gempundit.com/gemstones/sky-blue-topaz/blue-topaz-gp81660
105,https://www.gempundit.com/gemstones/sky-blue-topaz/blue-topaz-gp81655
106,https://www.gempundit.com/gemstones/sky-blue-topaz/blue-topaz-gp81652
107,https://www.gempundit.com/gemstones/sky-blue-topaz/blue-topaz-gp81623
108,https://www.gempundit.com/gemstones/sky-blue-topaz/blue-topaz-gp22927
109,https://www.gempundit.com/gemstones/sky-blue-topaz/blue-topaz-gp81795
110,https://www.gempundit.com/gemstones/sky-blue-topaz/blue-topaz-gp81616
111,https://www.gempundit.com/gemstones/sky-blue-topaz/blue-topaz-gp22922
112,https://www.gempundit.com/gemstones/sky-blue-topaz/blue-topaz-gp81786
113,https://www.gempundit.com/gemstones/sky-blue-topaz/blue-topaz-gp81626
114,https://www.gempundit.com/gemstones/sky-blue-topaz/blue-topaz-gp22941
115,https://www.gempundit.com/gemstones/sky-blue-topaz/blue-topaz-gp22930
116,https://www.gempundit.com/gemstones/sky-blue-topaz/blue-topaz-gp81642
117,https://www.gempundit.com/gemstones/sky-blue-topaz/blue-topaz-gp81618
118,https://www.gempundit.com/gemstones/sky-blue-topaz/blue-topaz-gp22924
119,https://www.gempundit.com/gemstones/sky-blue-topaz/blue-topaz-gp81621
120,https://www.gempundit.com/gemstones/sky-blue-topaz/blue-topaz-gp81634
121,https://www.gempundit.com/gemstones/sky-blue-topaz/blue-topaz-gp81790
122,https://www.gempundit.com/gemstones/sky-blue-topaz/blue-topaz-gp81788
123,https://www.gempundit.com/gemstones/sky-blue-topaz/blue-topaz-gp81784
124,https://www.gempundit.com/gemstones/sky-blue-topaz/blue-topaz-gp81794
125,https://www.gempundit.com/gemstones/sky-blue-topaz/blue-topaz-gp81791
126,https://www.gempundit.com/gemstones/sky-blue-topaz/blue-topaz-gp81630
127,https://www.gempundit.com/gemstones/sky-blue-topaz/blue-topaz-gp81624
128,https://www.gempundit.com/gemstones/sky-blue-topaz/blue-topaz-gp81787
129,https://www.gempundit.com/gemstones/sky-blue-topaz/blue-topaz-gp81796
130,https://www.gempundit.com/gemstones/sky-blue-topaz/blue-topaz-gp81797
131,https://www.gempundit.com/gemstones/sky-blue-topaz/blue-topaz-gp81627
132,https://www.gempundit.com/gemstones/sky-blue-topaz/blue-topaz-gp81629
133,https://www.gempundit.com/gemstones/sky-blue-topaz/blue-topaz-gp81617
134,https://www.gempundit.com/gemstones/sky-blue-topaz/blue-topaz-gp81638
135,https://www.gempundit.com/gemstones/sky-blue-topaz/blue-topaz-gp81620
136,https://www.gempundit.com/gemstones/sky-blue-topaz/blue-topaz-gp22946
137,https://www.gempundit.com/gemstones/sky-blue-topaz/blue-topaz-gp81625
138,https://www.gempundit.com/gemstones/sky-blue-topaz/blue-topaz-gp81631
139,https://www.gempundit.com/gemstones/sky-blue-topaz/blue-topaz-gp22940
140,https://www.gempundit.com/gemstones/sky-blue-topaz/blue-topaz-gp22944
141,https://www.gempundit.com/gemstones/sky-blue-topaz/blue-topaz-gp81768
142,https://www.gempundit.com/gemstones/sky-blue-topaz/blue-topaz-gp81633
143,https://www.gempundit.com/gemstones/sky-blue-topaz/blue-topaz-gp81636
144,https://www.gempundit.com/gemstones/sky-blue-topaz/blue-topaz-gp81640
145,https://www.gempundit.com/gemstones/sky-blue-topaz/blue-topaz-gp81641
146,https://www.gempundit.com/gemstones/sky-blue-topaz/blue-topaz-gp81639
147,https://www.gempundit.com/gemstones/sky-blue-topaz/blue-topaz-gp81764
148,https://www.gempundit.com/gemstones/sky-blue-topaz/blue-topaz-gp81879
149,https://www.gempundit.com/gemstones/sky-blue-topaz/blue-topaz-gp81781
150,https://www.gempundit.com/gemstones/sky-blue-topaz/blue-topaz-gp81637
151,https://www.gempundit.com/gemstones/sky-blue-topaz/blue-topaz-gp81632
152,https://www.gempundit.com/gemstones/sky-blue-topaz/blue-topaz-gp81778
153,https://www.gempundit.com/gemstones/sky-blue-topaz/blue-topaz-gp81774
154,https://www.gempundit.com/gemstones/sky-blue-topaz/blue-topaz-gp81776
155,https://www.gempundit.com/gemstones/sky-blue-topaz/blue-topaz-gp81615
156,https://www.gempundit.com/gemstones/sky-blue-topaz/blue-topaz-gp81766
157,https://www.gempundit.com/gemstones/sky-blue-topaz/blue-topaz-gp81619
158,https://www.gempundit.com/gemstones/sky-blue-topaz/blue-topaz-gp81767
159,https://www.gempundit.com/gemstones/sky-blue-topaz/blue-topaz-gp81874
160,https://www.gempundit.com/gemstones/sky-blue-topaz/blue-topaz-gp81878
161,https://www.gempundit.com/gemstones/sky-blue-topaz/blue-topaz-gp81882
162,https://www.gempundit.com/gemstones/sky-blue-topaz/blue-topaz-gp81779
163,https://www.gempundit.com/gemstones/sky-blue-topaz/blue-topaz-gp81877
164,https://www.gempundit.com/gemstones/sky-blue-topaz/blue-topaz-gp81729
165,https://www.gempundit.com/gemstones/sky-blue-topaz/blue-topaz-gp81769
166,https://www.gempundit.com/gemstones/sky-blue-topaz/blue-topaz-gp81772
167,https://www.gempundit.com/gemstones/sky-blue-topaz/blue-topaz-gp81744
168,https://www.gempundit.com/gemstones/sky-blue-topaz/blue-topaz-gp81731
169,https://www.gempundit.com/gemstones/sky-blue-topaz/blue-topaz-gp81890
170,https://www.gempundit.com/gemstones/sky-blue-topaz/blue-topaz-gp81635
171,https://www.gempundit.com/gemstones/sky-blue-topaz/blue-topaz-gp81765
172,https://www.gempundit.com/gemstones/sky-blue-topaz/blue-topaz-gp81724
173,https://www.gempundit.com/gemstones/sky-blue-topaz/blue-topaz-gp81891
174,https://www.gempundit.com/gemstones/sky-blue-topaz/blue-topaz-gp81884
175,https://www.gempundit.com/gemstones/sky-blue-topaz/blue-topaz-gp81880
176,https://www.gempundit.com/gemstones/sky-blue-topaz/blue-topaz-gp81876
177,https://www.gempundit.com/gemstones/sky-blue-topaz/blue-topaz-gp81886
178,https://www.gempundit.com/gemstones/sky-blue-topaz/blue-topaz-gp81775
179,https://www.gempundit.com/gemstones/sky-blue-topaz/blue-topaz-gp81770
180,https://www.gempundit.com/gemstones/sky-blue-topaz/blue-topaz-gp81735
181,https://www.gempundit.com/gemstones/sky-blue-topaz/blue-topaz-gp81888
182,https://www.gempundit.com/gemstones/sky-blue-topaz/blue-topaz-gp81743
183,https://www.gempundit.com/gemstones/sky-blue-topaz/blue-topaz-gp81889
184,https://www.gempundit.com/gemstones/sky-blue-topaz/blue-topaz-gp81723
185,https://www.gempundit.com/gemstones/sky-blue-topaz/blue-topaz-gp81873
186,https://www.gempundit.com/gemstones/sky-blue-topaz/blue-topaz-gp81741
187,https://www.gempundit.com/gemstones/sky-blue-topaz/blue-topaz-gp81885
188,https://www.gempundit.com/gemstones/sky-blue-topaz/blue-topaz-gp81722
189,https://www.gempundit.com/gemstones/sky-blue-topaz/blue-topaz-gp81718
190,https://www.gempundit.com/gemstones/sky-blue-topaz/blue-topaz-gp81734
191,https://www.gempundit.com/gemstones/sky-blue-topaz/blue-topaz-gp81728
192,https://www.gempundit.com/gemstones/sky-blue-topaz/blue-topaz-gp81715
193,https://www.gempundit.com/gemstones/sky-blue-topaz/blue-topaz-gp81736
194,https://www.gempundit.com/gemstones/sky-blue-topaz/blue-topaz-gp81730
195,https://www.gempundit.com/gemstones/sky-blue-topaz/blue-topaz-gp81740
196,https://www.gempundit.com/gemstones/sky-blue-topaz/blue-topaz-gp81732
197,https://www.gempundit.com/gemstones/sky-blue-topaz/blue-topaz-gp81726
198,https://www.gempundit.com/gemstones/sky-blue-topaz/blue-topaz-gp81739
199,https://www.gempundit.com/gemstones/sky-blue-topaz/blue-topaz-gp81716
200,https://www.gempundit.com/gemstones/sky-blue-topaz/blue-topaz-gp81762
201,https://www.gempundit.com/gemstones/sky-blue-topaz/blue-topaz-gp81738
202,https://www.gempundit.com/gemstones/sky-blue-topaz/blue-topaz-gp81860
203,https://www.gempundit.com/gemstones/sky-blue-topaz/blue-topaz-gp81757
204,https://www.gempundit.com/gemstones/sky-blue-topaz/blue-topaz-gp81733
205,https://www.gempundit.com/gemstones/sky-blue-topaz/blue-topaz-gp81745
206,https://www.gempundit.com/gemstones/sky-blue-topaz/blue-topaz-gp81858
207,https://www.gempundit.com/gemstones/sky-blue-topaz/blue-topaz-gp81763
208,https://www.gempundit.com/gemstones/sky-blue-topaz/blue-topaz-gp81758
209,https://www.gempundit.com/gemstones/sky-blue-topaz/blue-topaz-gp81861
210,https://www.gempundit.com/gemstones/sky-blue-topaz/blue-topaz-gp81752
211,https://www.gempundit.com/gemstones/sky-blue-topaz/blue-topaz-gp81859
212,https://www.gempundit.com/gemstones/sky-blue-topaz/blue-topaz-gp81717
213,https://www.gempundit.com/gemstones/sky-blue-topaz/blue-topaz-gp81742
214,https://www.gempundit.com/gemstones/sky-blue-topaz/blue-topaz-gp81751
215,https://www.gempundit.com/gemstones/sky-blue-topaz/blue-topaz-gp81854
216,https://www.gempundit.com/gemstones/sky-blue-topaz/blue-topaz-gp81720
217,https://www.gempundit.com/gemstones/sky-blue-topaz/blue-topaz-gp81719
218,https://www.gempundit.com/gemstones/sky-blue-topaz/blue-topaz-gp81725
219,https://www.gempundit.com/gemstones/sky-blue-topaz/blue-topaz-gp81749
220,https://www.gempundit.com/gemstones/sky-blue-topaz/blue-topaz-gp81761
221,https://www.gempundit.com/gemstones/sky-blue-topaz/blue-topaz-gp81855
222,https://www.gempundit.com/gemstones/sky-blue-topaz/blue-topaz-gp81856
223,https://www.gempundit.com/gemstones/sky-blue-topaz/blue-topaz-gp81614
224,https://www.gempundit.com/gemstones/sky-blue-topaz/blue-topaz-gp81747
225,https://www.gempundit.com/gemstones/sky-blue-topaz/blue-topaz-gp81759
226,https://www.gempundit.com/gemstones/sky-blue-topaz/blue-topaz-gp48875
227,https://www.gempundit.com/gemstones/sky-blue-topaz/blue-topaz-gp81727
228,https://www.gempundit.com/gemstones/sky-blue-topaz/blue-topaz-gp81753
229,https://www.gempundit.com/gemstones/sky-blue-topaz/blue-topaz-gp81857
230,https://www.gempundit.com/gemstones/sky-blue-topaz/blue-topaz-gp81746
231,https://www.gempundit.com/gemstones/sky-blue-topaz/blue-topaz-gp81760
232,https://www.gempundit.com/gemstones/sky-blue-topaz/blue-topaz-gp81755
233,https://www.gempundit.com/gemstones/sky-blue-topaz/blue-topaz-gp81613
234,https://www.gempundit.com/gemstones/sky-blue-topaz/blue-topaz-gp81748
235,https://www.gempundit.com/gemstones/sky-blue-topaz/blue-topaz-gp81607
236,https://www.gempundit.com/gemstones/sky-blue-topaz/blue-topaz-gp81602
237,https://www.gempundit.com/gemstones/sky-blue-topaz/blue-topaz-gp81754
238,https://www.gempundit.com/gemstones/sky-blue-topaz/blue-topaz-gp81605
239,https://www.gempundit.com/gemstones/sky-blue-topaz/blue-topaz-gp81604
240,https://www.gempundit.com/gemstones/sky-blue-topaz/blue-topaz-gp81608
241,https://www.gempundit.com/gemstones/sky-blue-topaz/blue-topaz-gp81601
242,https://www.gempundit.com/gemstones/sky-blue-topaz/blue-topaz-gp81600
243,https://www.gempundit.com/gemstones/sky-blue-topaz/blue-topaz-gp81868
244,https://www.gempundit.com/gemstones/sky-blue-topaz/blue-topaz-gp81610
245,https://www.gempundit.com/gemstones/sky-blue-topaz/blue-topaz-gp81603
246,https://www.gempundit.com/gemstones/sky-blue-topaz/blue-topaz-gp81598
247,https://www.gempundit.com/gemstones/sky-blue-topaz/blue-topaz-gp81609
248,https://www.gempundit.com/gemstones/sky-blue-topaz/blue-topaz-gp81865
249,https://www.gempundit.com/gemstones/sky-blue-topaz/blue-topaz-gp22884
250,https://www.gempundit.com/gemstones/sky-blue-topaz/blue-topaz-gp81867
251,https://www.gempundit.com/gemstones/sky-blue-topaz/blue-topaz-gp81870
252,https://www.gempundit.com/gemstones/sky-blue-topaz/blue-topaz-gp81869
253,https://www.gempundit.com/gemstones/sky-blue-topaz/blue-topaz-gp81866
254,https://www.gempundit.com/gemstones/sky-blue-topaz/blue-topaz-gp22879
255,https://www.gempundit.com/gemstones/sky-blue-topaz/blue-topaz-gp81581
256,https://www.gempundit.com/gemstones/sky-blue-topaz/blue-topaz-gp81583
257,https://www.gempundit.com/gemstones/sky-blue-topaz/blue-topaz-gp81576
258,https://www.gempundit.com/gemstones/sky-blue-topaz/blue-topaz-gp81582
259,https://www.gempundit.com/gemstones/sky-blue-topaz/blue-topaz-gp81579
260,https://www.gempundit.com/gemstones/sky-blue-topaz/blue-topaz-gp81592
261,https://www.gempundit.com/gemstones/sky-blue-topaz/blue-topaz-gp23167
262,https://www.gempundit.com/gemstones/sky-blue-topaz/blue-topaz-gp81578
263,https://www.gempundit.com/gemstones/sky-blue-topaz/blue-topaz-gp81587
264,https://www.gempundit.com/gemstones/sky-blue-topaz/blue-topaz-gp22876
265,https://www.gempundit.com/gemstones/sky-blue-topaz/blue-topaz-gp81584
266,https://www.gempundit.com/gemstones/sky-blue-topaz/blue-topaz-gp81591
267,https://www.gempundit.com/gemstones/sky-blue-topaz/blue-topaz-gp81580
268,https://www.gempundit.com/gemstones/sky-blue-topaz/blue-topaz-gp81590
269,https://www.gempundit.com/gemstones/sky-blue-topaz/blue-topaz-gp81585
270,https://www.gempundit.com/gemstones/sky-blue-topaz/blue-topaz-gp81577
271,https://www.gempundit.com/gemstones/sky-blue-topaz/blue-topaz-gp81589
272,https://www.gempundit.com/gemstones/sky-blue-topaz/blue-topaz-gp22882
273,https://www.gempundit.com/gemstones/sky-blue-topaz/blue-topaz-gp22891
274,https://www.gempundit.com/gemstones/sky-blue-topaz/blue-topaz-gp81586
275,https://www.gempundit.com/gemstones/sky-blue-topaz/blue-topaz-gp81588
276,https://www.gempundit.com/gemstones/sky-blue-topaz/blue-topaz-gp81575
277,https://www.gempundit.com/gemstones/sky-blue-topaz/blue-topaz-gp81593
278,https://www.gempundit.com/gemstones/sky-blue-topaz/blue-topaz-gp23163
279,https://www.gempundit.com/gemstones/sky-blue-topaz/blue-topaz-gp22888
280,https://www.gempundit.com/gemstones/sky-blue-topaz/blue-topaz-gp22870
281,https://www.gempundit.com/gemstones/sky-blue-topaz/blue-topaz-gp81596
282,https://www.gempundit.com/gemstones/sky-blue-topaz/blue-topaz-gp81594
283,https://www.gempundit.com/gemstones/sky-blue-topaz/blue-topaz-gp22889
