,Smoky Quartz
0,https://www.gempundit.com/gemstones/smoky-quartz/smoky-quartz-gp78245
1,https://www.gempundit.com/gemstones/smoky-quartz/smoky-quartz-gp78154
2,https://www.gempundit.com/gemstones/smoky-quartz/smoky-quartz-gp78229
3,https://www.gempundit.com/gemstones/smoky-quartz/smoky-quartz-gp78235
4,https://www.gempundit.com/gemstones/smoky-quartz/smoky-quartz-gp78147
5,https://www.gempundit.com/gemstones/smoky-quartz/smoky-quartz-gp78228
6,https://www.gempundit.com/gemstones/smoky-quartz/smoky-quartz-gp78149
7,https://www.gempundit.com/gemstones/smoky-quartz/smoky-quartz-gp78231
8,https://www.gempundit.com/gemstones/smoky-quartz/smoky-quartz-gp78241
9,https://www.gempundit.com/gemstones/smoky-quartz/smoky-quartz-gp78240
10,https://www.gempundit.com/gemstones/smoky-quartz/smoky-quartz-gp78152
11,https://www.gempundit.com/gemstones/smoky-quartz/smoky-quartz-gp78226
12,https://www.gempundit.com/gemstones/smoky-quartz/smoky-quartz-gp78234
13,https://www.gempundit.com/gemstones/smoky-quartz/smoky-quartz-gp78233
14,https://www.gempundit.com/gemstones/smoky-quartz/smoky-quartz-gp78243
15,https://www.gempundit.com/gemstones/smoky-quartz/smoky-quartz-gp78153
16,https://www.gempundit.com/gemstones/smoky-quartz/smoky-quartz-gp78227
17,https://www.gempundit.com/gemstones/smoky-quartz/smoky-quartz-gp78237
18,https://www.gempundit.com/gemstones/smoky-quartz/smoky-quartz-gp78239
19,https://www.gempundit.com/gemstones/smoky-quartz/smoky-quartz-gp78230
20,https://www.gempundit.com/gemstones/smoky-quartz/smoky-quartz-gp78150
21,https://www.gempundit.com/gemstones/smoky-quartz/smoky-quartz-gp78232
22,https://www.gempundit.com/gemstones/smoky-quartz/smoky-quartz-gp78146
23,https://www.gempundit.com/gemstones/smoky-quartz/smoky-quartz-gp78207
24,https://www.gempundit.com/gemstones/smoky-quartz/smoky-quartz-gp78209
25,https://www.gempundit.com/gemstones/smoky-quartz/smoky-quartz-gp78211
26,https://www.gempundit.com/gemstones/smoky-quartz/smoky-quartz-gp78224
27,https://www.gempundit.com/gemstones/smoky-quartz/smoky-quartz-gp78215
28,https://www.gempundit.com/gemstones/smoky-quartz/smoky-quartz-gp78210
29,https://www.gempundit.com/gemstones/smoky-quartz/smoky-quartz-gp78223
30,https://www.gempundit.com/gemstones/smoky-quartz/smoky-quartz-gp78206
31,https://www.gempundit.com/gemstones/smoky-quartz/smoky-quartz-gp78214
32,https://www.gempundit.com/gemstones/smoky-quartz/smoky-quartz-gp78213
33,https://www.gempundit.com/gemstones/smoky-quartz/smoky-quartz-gp78218
34,https://www.gempundit.com/gemstones/smoky-quartz/smoky-quartz-gp78216
35,https://www.gempundit.com/gemstones/smoky-quartz/smoky-quartz-gp78165
36,https://www.gempundit.com/gemstones/smoky-quartz/smoky-quartz-gp78219
37,https://www.gempundit.com/gemstones/smoky-quartz/smoky-quartz-gp78212
38,https://www.gempundit.com/gemstones/smoky-quartz/smoky-quartz-gp78162
39,https://www.gempundit.com/gemstones/smoky-quartz/smoky-quartz-gp78221
40,https://www.gempundit.com/gemstones/smoky-quartz/smoky-quartz-gp78208
41,https://www.gempundit.com/gemstones/smoky-quartz/smoky-quartz-gp78160
42,https://www.gempundit.com/gemstones/smoky-quartz/smoky-quartz-gp78159
43,https://www.gempundit.com/gemstones/smoky-quartz/smoky-quartz-gp78220
44,https://www.gempundit.com/gemstones/smoky-quartz/smoky-quartz-gp78217
45,https://www.gempundit.com/gemstones/smoky-quartz/smoky-quartz-gp78188
46,https://www.gempundit.com/gemstones/smoky-quartz/smoky-quartz-gp78194
47,https://www.gempundit.com/gemstones/smoky-quartz/smoky-quartz-gp78191
48,https://www.gempundit.com/gemstones/smoky-quartz/smoky-quartz-gp78195
49,https://www.gempundit.com/gemstones/smoky-quartz/smoky-quartz-gp78203
50,https://www.gempundit.com/gemstones/smoky-quartz/smoky-quartz-gp78205
51,https://www.gempundit.com/gemstones/smoky-quartz/smoky-quartz-gp78197
52,https://www.gempundit.com/gemstones/smoky-quartz/smoky-quartz-gp78192
53,https://www.gempundit.com/gemstones/smoky-quartz/smoky-quartz-gp78186
54,https://www.gempundit.com/gemstones/smoky-quartz/smoky-quartz-gp78187
55,https://www.gempundit.com/gemstones/smoky-quartz/smoky-quartz-gp78199
56,https://www.gempundit.com/gemstones/smoky-quartz/smoky-quartz-gp78193
57,https://www.gempundit.com/gemstones/smoky-quartz/smoky-quartz-gp78190
58,https://www.gempundit.com/gemstones/smoky-quartz/smoky-quartz-gp78189
59,https://www.gempundit.com/gemstones/smoky-quartz/smoky-quartz-gp78204
60,https://www.gempundit.com/gemstones/smoky-quartz/smoky-quartz-gp78201
61,https://www.gempundit.com/gemstones/smoky-quartz/smoky-quartz-gp78198
62,https://www.gempundit.com/gemstones/smoky-quartz/smoky-quartz-gp78168
63,https://www.gempundit.com/gemstones/smoky-quartz/smoky-quartz-gp78200
64,https://www.gempundit.com/gemstones/smoky-quartz/smoky-quartz-gp78202
65,https://www.gempundit.com/gemstones/smoky-quartz/smoky-quartz-gp78166
66,https://www.gempundit.com/gemstones/smoky-quartz/smoky-quartz-gp78171
67,https://www.gempundit.com/gemstones/smoky-quartz/smoky-quartz-gp78182
68,https://www.gempundit.com/gemstones/smoky-quartz/smoky-quartz-gp78126
69,https://www.gempundit.com/gemstones/smoky-quartz/smoky-quartz-gp78172
70,https://www.gempundit.com/gemstones/smoky-quartz/smoky-quartz-gp78180
71,https://www.gempundit.com/gemstones/smoky-quartz/smoky-quartz-gp78175
72,https://www.gempundit.com/gemstones/smoky-quartz/smoky-quartz-gp78174
73,https://www.gempundit.com/gemstones/smoky-quartz/smoky-quartz-gp78178
74,https://www.gempundit.com/gemstones/smoky-quartz/smoky-quartz-gp78177
75,https://www.gempundit.com/gemstones/smoky-quartz/smoky-quartz-gp78170
76,https://www.gempundit.com/gemstones/smoky-quartz/smoky-quartz-gp78167
77,https://www.gempundit.com/gemstones/smoky-quartz/smoky-quartz-gp78173
78,https://www.gempundit.com/gemstones/smoky-quartz/smoky-quartz-gp78169
79,https://www.gempundit.com/gemstones/smoky-quartz/smoky-quartz-gp78131
80,https://www.gempundit.com/gemstones/smoky-quartz/smoky-quartz-gp78128
81,https://www.gempundit.com/gemstones/smoky-quartz/smoky-quartz-gp78183
82,https://www.gempundit.com/gemstones/smoky-quartz/smoky-quartz-gp78137
83,https://www.gempundit.com/gemstones/smoky-quartz/smoky-quartz-gp78144
84,https://www.gempundit.com/gemstones/smoky-quartz/smoky-quartz-gp78138
85,https://www.gempundit.com/gemstones/smoky-quartz/smoky-quartz-gp78139
86,https://www.gempundit.com/gemstones/smoky-quartz/smoky-quartz-gp78133
87,https://www.gempundit.com/gemstones/smoky-quartz/smoky-quartz-gp78135
88,https://www.gempundit.com/gemstones/smoky-quartz/smoky-quartz-gp78130
89,https://www.gempundit.com/gemstones/smoky-quartz/smoky-quartz-gp78127
90,https://www.gempundit.com/gemstones/smoky-quartz/smoky-quartz-gp78136
91,https://www.gempundit.com/gemstones/smoky-quartz/smoky-quartz-gp78143
92,https://www.gempundit.com/gemstones/smoky-quartz/smoky-quartz-gp78141
93,https://www.gempundit.com/gemstones/smoky-quartz/smoky-quartz-gp78134
94,https://www.gempundit.com/gemstones/smoky-quartz/smoky-quartz-gp78119
95,https://www.gempundit.com/gemstones/smoky-quartz/smoky-quartz-gp78122
96,https://www.gempundit.com/gemstones/smoky-quartz/smoky-quartz-gp78120
97,https://www.gempundit.com/gemstones/smoky-quartz/smoky-quartz-gp78123
