,South Sea Pearls
0,https://www.gempundit.com/gemstones/south-sea-pearls/pearl-gp99576
1,https://www.gempundit.com/gemstones/south-sea-pearls/pearl-gp99575
2,https://www.gempundit.com/gemstones/south-sea-pearls/pearl-gp99579
3,https://www.gempundit.com/gemstones/south-sea-pearls/pearl-gp99578
4,https://www.gempundit.com/gemstones/south-sea-pearls/pearl-gp99524
5,https://www.gempundit.com/gemstones/south-sea-pearls/pearl-gp99571
6,https://www.gempundit.com/gemstones/south-sea-pearls/pearl-gp99522
7,https://www.gempundit.com/gemstones/south-sea-pearls/pearl-gp99574
8,https://www.gempundit.com/gemstones/south-sea-pearls/pearl-gp99572
9,https://www.gempundit.com/gemstones/south-sea-pearls/pearl-gp99586
10,https://www.gempundit.com/gemstones/south-sea-pearls/pearl-gp99521
11,https://www.gempundit.com/gemstones/south-sea-pearls/pearl-gp99584
12,https://www.gempundit.com/gemstones/south-sea-pearls/pearl-gp99523
13,https://www.gempundit.com/gemstones/south-sea-pearls/pearl-gp99520
14,https://www.gempundit.com/gemstones/south-sea-pearls/pearl-gp99577
15,https://www.gempundit.com/gemstones/south-sea-pearls/pearl-gp38918
16,https://www.gempundit.com/gemstones/south-sea-pearls/pearl-gp99585
17,https://www.gempundit.com/gemstones/south-sea-pearls/pearl-gp72791
18,https://www.gempundit.com/gemstones/south-sea-pearls/pearl-gp99582
19,https://www.gempundit.com/gemstones/south-sea-pearls/pearl-gp99583
20,https://www.gempundit.com/gemstones/south-sea-pearls/pearl-gp99581
21,https://www.gempundit.com/gemstones/south-sea-pearls/pearl-gp38907
22,https://www.gempundit.com/gemstones/south-sea-pearls/pearl-gp59627
23,https://www.gempundit.com/gemstones/south-sea-pearls/pearl-gp43541
24,https://www.gempundit.com/gemstones/south-sea-pearls/pearl-gp43551
25,https://www.gempundit.com/gemstones/south-sea-pearls/pearl-gp43547
26,https://www.gempundit.com/gemstones/south-sea-pearls/pearl-gp72795
27,https://www.gempundit.com/gemstones/south-sea-pearls/pearl-gp59631
28,https://www.gempundit.com/gemstones/south-sea-pearls/pearl-gp99528
29,https://www.gempundit.com/gemstones/south-sea-pearls/pearl-gp82294
30,https://www.gempundit.com/gemstones/south-sea-pearls/pearl-gp59632
31,https://www.gempundit.com/gemstones/south-sea-pearls/pearl-gp99533
32,https://www.gempundit.com/gemstones/south-sea-pearls/pearl-gp72782
33,https://www.gempundit.com/gemstones/south-sea-pearls/pearl-gp82295
34,https://www.gempundit.com/gemstones/south-sea-pearls/pearl-gp38897
35,https://www.gempundit.com/gemstones/south-sea-pearls/pearl-gp43543
36,https://www.gempundit.com/gemstones/south-sea-pearls/pearl-gp30892
37,https://www.gempundit.com/gemstones/south-sea-pearls/pearl-gp72793
38,https://www.gempundit.com/gemstones/south-sea-pearls/pearl-gp43549
39,https://www.gempundit.com/gemstones/south-sea-pearls/pearl-gp43544
40,https://www.gempundit.com/gemstones/south-sea-pearls/pearl-gp99527
41,https://www.gempundit.com/gemstones/south-sea-pearls/pearl-gp59629
42,https://www.gempundit.com/gemstones/south-sea-pearls/pearl-gp43552
43,https://www.gempundit.com/gemstones/south-sea-pearls/pearl-gp38932
44,https://www.gempundit.com/gemstones/south-sea-pearls/pearl-gp99530
45,https://www.gempundit.com/gemstones/south-sea-pearls/pearl-gp72792
46,https://www.gempundit.com/gemstones/south-sea-pearls/pearl-gp43540
47,https://www.gempundit.com/gemstones/south-sea-pearls/pearl-gp100019
48,https://www.gempundit.com/gemstones/south-sea-pearls/pearl-gp100018
49,https://www.gempundit.com/gemstones/south-sea-pearls/pearl-gp99519
50,https://www.gempundit.com/gemstones/south-sea-pearls/pearl-gp90693
51,https://www.gempundit.com/gemstones/south-sea-pearls/pearl-gp59620
52,https://www.gempundit.com/gemstones/south-sea-pearls/pearl-gp99518
53,https://www.gempundit.com/gemstones/south-sea-pearls/pearl-gp100023
54,https://www.gempundit.com/gemstones/south-sea-pearls/pearl-gp99525
55,https://www.gempundit.com/gemstones/south-sea-pearls/pearl-gp38876
56,https://www.gempundit.com/gemstones/south-sea-pearls/pearl-gp38864
57,https://www.gempundit.com/gemstones/south-sea-pearls/pearl-gp82286
58,https://www.gempundit.com/gemstones/south-sea-pearls/pearl-gp99526
59,https://www.gempundit.com/gemstones/south-sea-pearls/pearl-gp72780
60,https://www.gempundit.com/gemstones/south-sea-pearls/pearl-gp38917
61,https://www.gempundit.com/gemstones/south-sea-pearls/pearl-gp38975
62,https://www.gempundit.com/gemstones/south-sea-pearls/pearl-gp59624
63,https://www.gempundit.com/gemstones/south-sea-pearls/pearl-gp38924
64,https://www.gempundit.com/gemstones/south-sea-pearls/pearl-gp38885
65,https://www.gempundit.com/gemstones/south-sea-pearls/pearl-gp38870
66,https://www.gempundit.com/gemstones/south-sea-pearls/pearl-gp38832
67,https://www.gempundit.com/gemstones/south-sea-pearls/pearl-gp38843
68,https://www.gempundit.com/gemstones/south-sea-pearls/pearl-gp38942
69,https://www.gempundit.com/gemstones/south-sea-pearls/pearl-gp59614
70,https://www.gempundit.com/gemstones/south-sea-pearls/pearl-gp38902
71,https://www.gempundit.com/gemstones/south-sea-pearls/pearl-gp99531
72,https://www.gempundit.com/gemstones/south-sea-pearls/pearl-gp38931
73,https://www.gempundit.com/gemstones/south-sea-pearls/pearl-gp38830
74,https://www.gempundit.com/gemstones/south-sea-pearls/pearl-gp72770
75,https://www.gempundit.com/gemstones/south-sea-pearls/pearl-gp82287
76,https://www.gempundit.com/gemstones/south-sea-pearls/pearl-gp43749
77,https://www.gempundit.com/gemstones/south-sea-pearls/pearl-gp82289
78,https://www.gempundit.com/gemstones/south-sea-pearls/pearl-gp82284
79,https://www.gempundit.com/gemstones/south-sea-pearls/pearl-gp59616
80,https://www.gempundit.com/gemstones/south-sea-pearls/pearl-gp72790
81,https://www.gempundit.com/gemstones/south-sea-pearls/pearl-gp38847
82,https://www.gempundit.com/gemstones/south-sea-pearls/pearl-gp59628
83,https://www.gempundit.com/gemstones/south-sea-pearls/pearl-gp38850
84,https://www.gempundit.com/gemstones/south-sea-pearls/pearl-gp90692
85,https://www.gempundit.com/gemstones/south-sea-pearls/pearl-gp59606
86,https://www.gempundit.com/gemstones/south-sea-pearls/pearl-gp38946
87,https://www.gempundit.com/gemstones/south-sea-pearls/pearl-gp38926
88,https://www.gempundit.com/gemstones/south-sea-pearls/pearl-gp38836
89,https://www.gempundit.com/gemstones/south-sea-pearls/pearl-gp59609
90,https://www.gempundit.com/gemstones/south-sea-pearls/pearl-gp38919
91,https://www.gempundit.com/gemstones/south-sea-pearls/pearl-gp82282
92,https://www.gempundit.com/gemstones/south-sea-pearls/pearl-gp59615
93,https://www.gempundit.com/gemstones/south-sea-pearls/pearl-gp38927
94,https://www.gempundit.com/gemstones/south-sea-pearls/pearl-gp38896
95,https://www.gempundit.com/gemstones/south-sea-pearls/pearl-gp99568
96,https://www.gempundit.com/gemstones/south-sea-pearls/pearl-gp82291
97,https://www.gempundit.com/gemstones/south-sea-pearls/pearl-gp82288
98,https://www.gempundit.com/gemstones/south-sea-pearls/pearl-gp59597
99,https://www.gempundit.com/gemstones/south-sea-pearls/pearl-gp43641
100,https://www.gempundit.com/gemstones/south-sea-pearls/pearl-gp38925
101,https://www.gempundit.com/gemstones/south-sea-pearls/pearl-gp38829
102,https://www.gempundit.com/gemstones/south-sea-pearls/pearl-gp59611
103,https://www.gempundit.com/gemstones/south-sea-pearls/pearl-gp38874
104,https://www.gempundit.com/gemstones/south-sea-pearls/pearl-gp99537
105,https://www.gempundit.com/gemstones/south-sea-pearls/pearl-gp59607
106,https://www.gempundit.com/gemstones/south-sea-pearls/pearl-gp59602
107,https://www.gempundit.com/gemstones/south-sea-pearls/pearl-gp99538
108,https://www.gempundit.com/gemstones/south-sea-pearls/pearl-gp59617
109,https://www.gempundit.com/gemstones/south-sea-pearls/pearl-gp99558
110,https://www.gempundit.com/gemstones/south-sea-pearls/pearl-gp59618
111,https://www.gempundit.com/gemstones/south-sea-pearls/pearl-gp38886
112,https://www.gempundit.com/gemstones/south-sea-pearls/pearl-gp99564
113,https://www.gempundit.com/gemstones/south-sea-pearls/pearl-gp99541
114,https://www.gempundit.com/gemstones/south-sea-pearls/pearl-gp72769
115,https://www.gempundit.com/gemstones/south-sea-pearls/pearl-gp59619
116,https://www.gempundit.com/gemstones/south-sea-pearls/pearl-gp38872
117,https://www.gempundit.com/gemstones/south-sea-pearls/pearl-gp59600
118,https://www.gempundit.com/gemstones/south-sea-pearls/pearl-gp38901
119,https://www.gempundit.com/gemstones/south-sea-pearls/pearl-gp100022
120,https://www.gempundit.com/gemstones/south-sea-pearls/pearl-gp72784
121,https://www.gempundit.com/gemstones/south-sea-pearls/pearl-gp59610
122,https://www.gempundit.com/gemstones/south-sea-pearls/pearl-gp38831
123,https://www.gempundit.com/gemstones/south-sea-pearls/pearl-gp100017
124,https://www.gempundit.com/gemstones/south-sea-pearls/pearl-gp99534
125,https://www.gempundit.com/gemstones/south-sea-pearls/pearl-gp59604
126,https://www.gempundit.com/gemstones/south-sea-pearls/pearl-gp43637
127,https://www.gempundit.com/gemstones/south-sea-pearls/pearl-gp59623
128,https://www.gempundit.com/gemstones/south-sea-pearls/pearl-gp43695
129,https://www.gempundit.com/gemstones/south-sea-pearls/pearl-gp38856
130,https://www.gempundit.com/gemstones/south-sea-pearls/pearl-gp99539
131,https://www.gempundit.com/gemstones/south-sea-pearls/pearl-gp94366
132,https://www.gempundit.com/gemstones/south-sea-pearls/pearl-gp38906
133,https://www.gempundit.com/gemstones/south-sea-pearls/pearl-gp90694
134,https://www.gempundit.com/gemstones/south-sea-pearls/pearl-gp30956
135,https://www.gempundit.com/gemstones/south-sea-pearls/pearl-gp59613
136,https://www.gempundit.com/gemstones/south-sea-pearls/pearl-gp30891
137,https://www.gempundit.com/gemstones/south-sea-pearls/pearl-gp36111
138,https://www.gempundit.com/gemstones/south-sea-pearls/pearl-gp38976
139,https://www.gempundit.com/gemstones/south-sea-pearls/pearl-gp38841
140,https://www.gempundit.com/gemstones/south-sea-pearls/pearl-gp89817
141,https://www.gempundit.com/gemstones/south-sea-pearls/pearl-gp59601
142,https://www.gempundit.com/gemstones/south-sea-pearls/pearl-gp59376
143,https://www.gempundit.com/gemstones/south-sea-pearls/pearl-gp43650
144,https://www.gempundit.com/gemstones/south-sea-pearls/pearl-gp38921
145,https://www.gempundit.com/gemstones/south-sea-pearls/pearl-gp38967
146,https://www.gempundit.com/gemstones/south-sea-pearls/pearl-gp30976
147,https://www.gempundit.com/gemstones/south-sea-pearls/pearl-gp94448
148,https://www.gempundit.com/gemstones/south-sea-pearls/pearl-gp59612
149,https://www.gempundit.com/gemstones/south-sea-pearls/pearl-gp59603
150,https://www.gempundit.com/gemstones/south-sea-pearls/pearl-gp94388
151,https://www.gempundit.com/gemstones/south-sea-pearls/pearl-gp59608
152,https://www.gempundit.com/gemstones/south-sea-pearls/pearl-gp59605
153,https://www.gempundit.com/gemstones/south-sea-pearls/pearl-gp38837
154,https://www.gempundit.com/gemstones/south-sea-pearls/pearl-gp43744
155,https://www.gempundit.com/gemstones/south-sea-pearls/pearl-gp38848
156,https://www.gempundit.com/gemstones/south-sea-pearls/pearl-gp99566
157,https://www.gempundit.com/gemstones/south-sea-pearls/pearl-gp99536
158,https://www.gempundit.com/gemstones/south-sea-pearls/pearl-gp94384
159,https://www.gempundit.com/gemstones/south-sea-pearls/pearl-gp38860
160,https://www.gempundit.com/gemstones/south-sea-pearls/pearl-gp94433
161,https://www.gempundit.com/gemstones/south-sea-pearls/pearl-gp82279
162,https://www.gempundit.com/gemstones/south-sea-pearls/pearl-gp94447
163,https://www.gempundit.com/gemstones/south-sea-pearls/pearl-gp94429
164,https://www.gempundit.com/gemstones/south-sea-pearls/pearl-gp38875
165,https://www.gempundit.com/gemstones/south-sea-pearls/pearl-gp94385
166,https://www.gempundit.com/gemstones/south-sea-pearls/pearl-gp38833
167,https://www.gempundit.com/gemstones/south-sea-pearls/pearl-gp94442
168,https://www.gempundit.com/gemstones/south-sea-pearls/pearl-gp94435
169,https://www.gempundit.com/gemstones/south-sea-pearls/pearl-gp94396
170,https://www.gempundit.com/gemstones/south-sea-pearls/pearl-gp82276
171,https://www.gempundit.com/gemstones/south-sea-pearls/pearl-gp94432
172,https://www.gempundit.com/gemstones/south-sea-pearls/pearl-gp94411
173,https://www.gempundit.com/gemstones/south-sea-pearls/pearl-gp99535
174,https://www.gempundit.com/gemstones/south-sea-pearls/pearl-gp94431
175,https://www.gempundit.com/gemstones/south-sea-pearls/pearl-gp82272
176,https://www.gempundit.com/gemstones/south-sea-pearls/pearl-gp94422
177,https://www.gempundit.com/gemstones/south-sea-pearls/pearl-gp82281
178,https://www.gempundit.com/gemstones/south-sea-pearls/pearl-gp94395
179,https://www.gempundit.com/gemstones/south-sea-pearls/pearl-gp94443
180,https://www.gempundit.com/gemstones/south-sea-pearls/pearl-gp94413
181,https://www.gempundit.com/gemstones/south-sea-pearls/pearl-gp43792
182,https://www.gempundit.com/gemstones/south-sea-pearls/pearl-gp38933
183,https://www.gempundit.com/gemstones/south-sea-pearls/pearl-gp94368
184,https://www.gempundit.com/gemstones/south-sea-pearls/pearl-gp30957
185,https://www.gempundit.com/gemstones/south-sea-pearls/pearl-gp43771
186,https://www.gempundit.com/gemstones/south-sea-pearls/pearl-gp43781
187,https://www.gempundit.com/gemstones/south-sea-pearls/pearl-gp43739
188,https://www.gempundit.com/gemstones/south-sea-pearls/pearl-gp30981
189,https://www.gempundit.com/gemstones/south-sea-pearls/pearl-gp31501
190,https://www.gempundit.com/gemstones/south-sea-pearls/pearl-gp99561
191,https://www.gempundit.com/gemstones/south-sea-pearls/pearl-gp94420
192,https://www.gempundit.com/gemstones/south-sea-pearls/pearl-gp59349
193,https://www.gempundit.com/gemstones/south-sea-pearls/pearl-gp38904
194,https://www.gempundit.com/gemstones/south-sea-pearls/pearl-gp38947
195,https://www.gempundit.com/gemstones/south-sea-pearls/pearl-gp31503
196,https://www.gempundit.com/gemstones/south-sea-pearls/pearl-gp30991
197,https://www.gempundit.com/gemstones/south-sea-pearls/pearl-gp94444
198,https://www.gempundit.com/gemstones/south-sea-pearls/pearl-gp38866
199,https://www.gempundit.com/gemstones/south-sea-pearls/pearl-gp94412
200,https://www.gempundit.com/gemstones/south-sea-pearls/pearl-gp38887
201,https://www.gempundit.com/gemstones/south-sea-pearls/pearl-gp94383
202,https://www.gempundit.com/gemstones/south-sea-pearls/pearl-gp94400
203,https://www.gempundit.com/gemstones/south-sea-pearls/pearl-gp38854
204,https://www.gempundit.com/gemstones/south-sea-pearls/pearl-gp30893
205,https://www.gempundit.com/gemstones/south-sea-pearls/pearl-gp43773
206,https://www.gempundit.com/gemstones/south-sea-pearls/south-sea-pearl-gp13083
207,https://www.gempundit.com/gemstones/south-sea-pearls/pearl-gp100021
208,https://www.gempundit.com/gemstones/south-sea-pearls/pearl-gp94389
209,https://www.gempundit.com/gemstones/south-sea-pearls/pearl-gp43774
210,https://www.gempundit.com/gemstones/south-sea-pearls/pearl-gp94370
211,https://www.gempundit.com/gemstones/south-sea-pearls/pearl-gp38878
212,https://www.gempundit.com/gemstones/south-sea-pearls/pearl-gp94441
213,https://www.gempundit.com/gemstones/south-sea-pearls/pearl-gp38834
214,https://www.gempundit.com/gemstones/south-sea-pearls/pearl-gp38828
215,https://www.gempundit.com/gemstones/south-sea-pearls/pearl-gp43720
216,https://www.gempundit.com/gemstones/south-sea-pearls/pearl-gp38916
217,https://www.gempundit.com/gemstones/south-sea-pearls/pearl-gp94519
218,https://www.gempundit.com/gemstones/south-sea-pearls/pearl-gp43821
219,https://www.gempundit.com/gemstones/south-sea-pearls/pearl-gp94390
220,https://www.gempundit.com/gemstones/south-sea-pearls/pearl-gp43687
221,https://www.gempundit.com/gemstones/south-sea-pearls/pearl-gp94445
222,https://www.gempundit.com/gemstones/south-sea-pearls/pearl-gp94393
223,https://www.gempundit.com/gemstones/south-sea-pearls/pearl-gp30982
224,https://www.gempundit.com/gemstones/south-sea-pearls/pearl-gp94398
225,https://www.gempundit.com/gemstones/south-sea-pearls/pearl-gp38889
226,https://www.gempundit.com/gemstones/south-sea-pearls/pearl-gp94387
227,https://www.gempundit.com/gemstones/south-sea-pearls/pearl-gp43804
228,https://www.gempundit.com/gemstones/south-sea-pearls/pearl-gp38908
229,https://www.gempundit.com/gemstones/south-sea-pearls/pearl-gp38937
230,https://www.gempundit.com/gemstones/south-sea-pearls/pearl-gp38869
231,https://www.gempundit.com/gemstones/south-sea-pearls/pearl-gp100025
232,https://www.gempundit.com/gemstones/south-sea-pearls/pearl-gp94436
233,https://www.gempundit.com/gemstones/south-sea-pearls/pearl-gp30965
234,https://www.gempundit.com/gemstones/south-sea-pearls/pearl-gp100024
235,https://www.gempundit.com/gemstones/south-sea-pearls/pearl-gp38867
236,https://www.gempundit.com/gemstones/south-sea-pearls/pearl-gp94379
237,https://www.gempundit.com/gemstones/south-sea-pearls/pearl-gp38845
238,https://www.gempundit.com/gemstones/south-sea-pearls/pearl-gp94425
239,https://www.gempundit.com/gemstones/south-sea-pearls/pearl-gp43782
240,https://www.gempundit.com/gemstones/south-sea-pearls/pearl-gp80595
241,https://www.gempundit.com/gemstones/south-sea-pearls/pearl-gp94439
242,https://www.gempundit.com/gemstones/south-sea-pearls/pearl-gp94426
243,https://www.gempundit.com/gemstones/south-sea-pearls/pearl-gp94367
244,https://www.gempundit.com/gemstones/south-sea-pearls/pearl-gp99284
245,https://www.gempundit.com/gemstones/south-sea-pearls/pearl-gp36112
246,https://www.gempundit.com/gemstones/south-sea-pearls/pearl-gp99279
247,https://www.gempundit.com/gemstones/south-sea-pearls/pearl-gp94402
248,https://www.gempundit.com/gemstones/south-sea-pearls/pearl-gp99607
249,https://www.gempundit.com/gemstones/south-sea-pearls/pearl-gp59367
250,https://www.gempundit.com/gemstones/south-sea-pearls/pearl-gp59353
251,https://www.gempundit.com/gemstones/south-sea-pearls/pearl-gp99563
252,https://www.gempundit.com/gemstones/south-sea-pearls/pearl-gp99285
253,https://www.gempundit.com/gemstones/south-sea-pearls/pearl-gp99606
254,https://www.gempundit.com/gemstones/south-sea-pearls/pearl-gp94428
255,https://www.gempundit.com/gemstones/south-sea-pearls/pearl-gp94375
256,https://www.gempundit.com/gemstones/south-sea-pearls/pearl-gp38899
257,https://www.gempundit.com/gemstones/south-sea-pearls/pearl-gp89813
258,https://www.gempundit.com/gemstones/south-sea-pearls/pearl-gp80604
259,https://www.gempundit.com/gemstones/south-sea-pearls/pearl-gp30970
260,https://www.gempundit.com/gemstones/south-sea-pearls/pearl-gp94416
261,https://www.gempundit.com/gemstones/south-sea-pearls/pearl-gp72092
262,https://www.gempundit.com/gemstones/south-sea-pearls/pearl-gp30962
263,https://www.gempundit.com/gemstones/south-sea-pearls/pearl-gp94404
264,https://www.gempundit.com/gemstones/south-sea-pearls/pearl-gp43660
265,https://www.gempundit.com/gemstones/south-sea-pearls/pearl-gp99270
266,https://www.gempundit.com/gemstones/south-sea-pearls/pearl-gp89826
267,https://www.gempundit.com/gemstones/south-sea-pearls/pearl-gp30973
268,https://www.gempundit.com/gemstones/south-sea-pearls/pearl-gp99289
269,https://www.gempundit.com/gemstones/south-sea-pearls/pearl-gp94430
270,https://www.gempundit.com/gemstones/south-sea-pearls/pearl-gp80618
271,https://www.gempundit.com/gemstones/south-sea-pearls/pearl-gp43765
272,https://www.gempundit.com/gemstones/south-sea-pearls/pearl-gp94386
273,https://www.gempundit.com/gemstones/south-sea-pearls/pearl-gp99265
274,https://www.gempundit.com/gemstones/south-sea-pearls/pearl-gp43810
275,https://www.gempundit.com/gemstones/south-sea-pearls/pearl-gp38966
276,https://www.gempundit.com/gemstones/south-sea-pearls/pearl-gp99560
277,https://www.gempundit.com/gemstones/south-sea-pearls/pearl-gp99280
278,https://www.gempundit.com/gemstones/south-sea-pearls/pearl-gp94364
279,https://www.gempundit.com/gemstones/south-sea-pearls/pearl-gp94372
280,https://www.gempundit.com/gemstones/south-sea-pearls/pearl-gp94365
281,https://www.gempundit.com/gemstones/south-sea-pearls/pearl-gp94414
282,https://www.gempundit.com/gemstones/south-sea-pearls/pearl-gp43802
283,https://www.gempundit.com/gemstones/south-sea-pearls/pearl-gp99275
284,https://www.gempundit.com/gemstones/south-sea-pearls/pearl-gp38972
285,https://www.gempundit.com/gemstones/south-sea-pearls/pearl-gp94369
286,https://www.gempundit.com/gemstones/south-sea-pearls/pearl-gp99287
287,https://www.gempundit.com/gemstones/south-sea-pearls/pearl-gp99570
288,https://www.gempundit.com/gemstones/south-sea-pearls/pearl-gp94410
289,https://www.gempundit.com/gemstones/south-sea-pearls/pearl-gp43763
290,https://www.gempundit.com/gemstones/south-sea-pearls/pearl-gp38970
291,https://www.gempundit.com/gemstones/south-sea-pearls/pearl-gp99281
292,https://www.gempundit.com/gemstones/south-sea-pearls/pearl-gp99588
293,https://www.gempundit.com/gemstones/south-sea-pearls/pearl-gp99562
294,https://www.gempundit.com/gemstones/south-sea-pearls/pearl-gp99286
295,https://www.gempundit.com/gemstones/south-sea-pearls/pearl-gp94407
296,https://www.gempundit.com/gemstones/south-sea-pearls/pearl-gp94376
297,https://www.gempundit.com/gemstones/south-sea-pearls/pearl-gp94405
298,https://www.gempundit.com/gemstones/south-sea-pearls/pearl-gp99288
299,https://www.gempundit.com/gemstones/south-sea-pearls/pearl-gp43807
300,https://www.gempundit.com/gemstones/south-sea-pearls/pearl-gp100029
301,https://www.gempundit.com/gemstones/south-sea-pearls/pearl-gp99276
302,https://www.gempundit.com/gemstones/south-sea-pearls/pearl-gp94401
303,https://www.gempundit.com/gemstones/south-sea-pearls/pearl-gp99272
304,https://www.gempundit.com/gemstones/south-sea-pearls/pearl-gp94378
305,https://www.gempundit.com/gemstones/south-sea-pearls/pearl-gp94440
306,https://www.gempundit.com/gemstones/south-sea-pearls/pearl-gp99597
307,https://www.gempundit.com/gemstones/south-sea-pearls/pearl-gp99593
308,https://www.gempundit.com/gemstones/south-sea-pearls/pearl-gp99556
309,https://www.gempundit.com/gemstones/south-sea-pearls/pearl-gp31300
310,https://www.gempundit.com/gemstones/south-sea-pearls/pearl-gp100028
311,https://www.gempundit.com/gemstones/south-sea-pearls/pearl-gp94418
312,https://www.gempundit.com/gemstones/south-sea-pearls/pearl-gp94397
313,https://www.gempundit.com/gemstones/south-sea-pearls/pearl-gp94373
314,https://www.gempundit.com/gemstones/south-sea-pearls/pearl-gp99282
315,https://www.gempundit.com/gemstones/south-sea-pearls/pearl-gp99546
316,https://www.gempundit.com/gemstones/south-sea-pearls/pearl-gp81495
317,https://www.gempundit.com/gemstones/south-sea-pearls/pearl-gp99548
318,https://www.gempundit.com/gemstones/south-sea-pearls/pearl-gp94468
319,https://www.gempundit.com/gemstones/south-sea-pearls/pearl-gp99595
320,https://www.gempundit.com/gemstones/south-sea-pearls/pearl-gp99502
321,https://www.gempundit.com/gemstones/south-sea-pearls/pearl-gp81519
322,https://www.gempundit.com/gemstones/south-sea-pearls/pearl-gp99604
323,https://www.gempundit.com/gemstones/south-sea-pearls/pearl-gp99515
324,https://www.gempundit.com/gemstones/south-sea-pearls/pearl-gp99271
325,https://www.gempundit.com/gemstones/south-sea-pearls/pearl-gp99269
326,https://www.gempundit.com/gemstones/south-sea-pearls/pearl-gp81511
327,https://www.gempundit.com/gemstones/south-sea-pearls/pearl-gp72789
328,https://www.gempundit.com/gemstones/south-sea-pearls/pearl-gp94415
329,https://www.gempundit.com/gemstones/south-sea-pearls/pearl-gp99547
330,https://www.gempundit.com/gemstones/south-sea-pearls/pearl-gp99266
331,https://www.gempundit.com/gemstones/south-sea-pearls/pearl-gp36123
332,https://www.gempundit.com/gemstones/south-sea-pearls/pearl-gp99596
333,https://www.gempundit.com/gemstones/south-sea-pearls/pearl-gp99591
334,https://www.gempundit.com/gemstones/south-sea-pearls/pearl-gp81513
335,https://www.gempundit.com/gemstones/south-sea-pearls/pearl-gp72354
336,https://www.gempundit.com/gemstones/south-sea-pearls/pearl-gp99277
337,https://www.gempundit.com/gemstones/south-sea-pearls/pearl-gp94521
338,https://www.gempundit.com/gemstones/south-sea-pearls/pearl-gp82219
339,https://www.gempundit.com/gemstones/south-sea-pearls/pearl-gp81492
340,https://www.gempundit.com/gemstones/south-sea-pearls/pearl-gp81528
341,https://www.gempundit.com/gemstones/south-sea-pearls/pearl-gp43719
342,https://www.gempundit.com/gemstones/south-sea-pearls/pearl-gp94363
343,https://www.gempundit.com/gemstones/south-sea-pearls/pearl-gp99605
344,https://www.gempundit.com/gemstones/south-sea-pearls/pearl-gp81536
345,https://www.gempundit.com/gemstones/south-sea-pearls/pearl-gp59331
346,https://www.gempundit.com/gemstones/south-sea-pearls/pearl-gp81486
347,https://www.gempundit.com/gemstones/south-sea-pearls/pearl-gp72356
348,https://www.gempundit.com/gemstones/south-sea-pearls/pearl-gp72355
349,https://www.gempundit.com/gemstones/south-sea-pearls/pearl-gp43709
350,https://www.gempundit.com/gemstones/south-sea-pearls/pearl-gp80624
351,https://www.gempundit.com/gemstones/south-sea-pearls/pearl-gp36128
352,https://www.gempundit.com/gemstones/south-sea-pearls/pearl-gp82210
353,https://www.gempundit.com/gemstones/south-sea-pearls/pearl-gp99590
354,https://www.gempundit.com/gemstones/south-sea-pearls/pearl-gp72358
355,https://www.gempundit.com/gemstones/south-sea-pearls/pearl-gp81512
356,https://www.gempundit.com/gemstones/south-sea-pearls/pearl-gp99501
357,https://www.gempundit.com/gemstones/south-sea-pearls/pearl-gp54357
358,https://www.gempundit.com/gemstones/south-sea-pearls/pearl-gp81488
359,https://www.gempundit.com/gemstones/south-sea-pearls/pearl-gp99603
360,https://www.gempundit.com/gemstones/south-sea-pearls/pearl-gp43757
361,https://www.gempundit.com/gemstones/south-sea-pearls/pearl-gp99274
362,https://www.gempundit.com/gemstones/south-sea-pearls/pearl-gp82144
363,https://www.gempundit.com/gemstones/south-sea-pearls/pearl-gp82156
364,https://www.gempundit.com/gemstones/south-sea-pearls/pearl-gp100032
365,https://www.gempundit.com/gemstones/south-sea-pearls/pearl-gp59342
366,https://www.gempundit.com/gemstones/south-sea-pearls/pearl-gp43693
367,https://www.gempundit.com/gemstones/south-sea-pearls/pearl-gp82140
368,https://www.gempundit.com/gemstones/south-sea-pearls/pearl-gp81535
369,https://www.gempundit.com/gemstones/south-sea-pearls/pearl-gp94417
370,https://www.gempundit.com/gemstones/south-sea-pearls/pearl-gp82124
371,https://www.gempundit.com/gemstones/south-sea-pearls/pearl-gp100041
372,https://www.gempundit.com/gemstones/south-sea-pearls/pearl-gp99505
373,https://www.gempundit.com/gemstones/south-sea-pearls/pearl-gp100040
374,https://www.gempundit.com/gemstones/south-sea-pearls/pearl-gp43713
375,https://www.gempundit.com/gemstones/south-sea-pearls/pearl-gp82147
376,https://www.gempundit.com/gemstones/south-sea-pearls/pearl-gp81531
377,https://www.gempundit.com/gemstones/south-sea-pearls/pearl-gp94488
378,https://www.gempundit.com/gemstones/south-sea-pearls/pearl-gp99552
379,https://www.gempundit.com/gemstones/south-sea-pearls/pearl-gp99268
380,https://www.gempundit.com/gemstones/south-sea-pearls/pearl-gp82200
381,https://www.gempundit.com/gemstones/south-sea-pearls/pearl-gp43822
382,https://www.gempundit.com/gemstones/south-sea-pearls/pearl-gp82264
383,https://www.gempundit.com/gemstones/south-sea-pearls/pearl-gp43817
384,https://www.gempundit.com/gemstones/south-sea-pearls/pearl-gp94406
385,https://www.gempundit.com/gemstones/south-sea-pearls/pearl-gp43751
386,https://www.gempundit.com/gemstones/south-sea-pearls/pearl-gp99517
387,https://www.gempundit.com/gemstones/south-sea-pearls/pearl-gp82263
388,https://www.gempundit.com/gemstones/south-sea-pearls/pearl-gp100035
389,https://www.gempundit.com/gemstones/south-sea-pearls/pearl-gp100033
390,https://www.gempundit.com/gemstones/south-sea-pearls/pearl-gp82142
391,https://www.gempundit.com/gemstones/south-sea-pearls/pearl-gp100031
392,https://www.gempundit.com/gemstones/south-sea-pearls/pearl-gp100037
393,https://www.gempundit.com/gemstones/south-sea-pearls/pearl-gp82137
394,https://www.gempundit.com/gemstones/south-sea-pearls/pearl-gp82204
395,https://www.gempundit.com/gemstones/south-sea-pearls/pearl-gp100030
396,https://www.gempundit.com/gemstones/south-sea-pearls/pearl-gp94485
397,https://www.gempundit.com/gemstones/south-sea-pearls/pearl-gp81523
398,https://www.gempundit.com/gemstones/south-sea-pearls/pearl-gp99508
399,https://www.gempundit.com/gemstones/south-sea-pearls/pearl-gp99506
400,https://www.gempundit.com/gemstones/south-sea-pearls/pearl-gp94399
401,https://www.gempundit.com/gemstones/south-sea-pearls/pearl-gp100039
402,https://www.gempundit.com/gemstones/south-sea-pearls/pearl-gp100036
403,https://www.gempundit.com/gemstones/south-sea-pearls/pearl-gp72360
404,https://www.gempundit.com/gemstones/south-sea-pearls/pearl-gp90696
405,https://www.gempundit.com/gemstones/south-sea-pearls/pearl-gp72361
406,https://www.gempundit.com/gemstones/south-sea-pearls/pearl-gp72786
407,https://www.gempundit.com/gemstones/south-sea-pearls/pearl-gp36149
408,https://www.gempundit.com/gemstones/south-sea-pearls/pearl-gp99594
409,https://www.gempundit.com/gemstones/south-sea-pearls/pearl-gp100034
410,https://www.gempundit.com/gemstones/south-sea-pearls/pearl-gp94518
411,https://www.gempundit.com/gemstones/south-sea-pearls/pearl-gp99549
412,https://www.gempundit.com/gemstones/south-sea-pearls/pearl-gp72362
413,https://www.gempundit.com/gemstones/south-sea-pearls/pearl-gp94463
414,https://www.gempundit.com/gemstones/south-sea-pearls/pearl-gp82203
415,https://www.gempundit.com/gemstones/south-sea-pearls/pearl-gp100038
416,https://www.gempundit.com/gemstones/south-sea-pearls/pearl-gp94478
417,https://www.gempundit.com/gemstones/south-sea-pearls/pearl-gp94486
418,https://www.gempundit.com/gemstones/south-sea-pearls/pearl-gp99507
419,https://www.gempundit.com/gemstones/south-sea-pearls/pearl-gp99592
420,https://www.gempundit.com/gemstones/south-sea-pearls/pearl-gp27148
421,https://www.gempundit.com/gemstones/south-sea-pearls/pearl-gp99608
422,https://www.gempundit.com/gemstones/south-sea-pearls/pearl-gp43384
423,https://www.gempundit.com/gemstones/south-sea-pearls/pearl-gp72365
424,https://www.gempundit.com/gemstones/south-sea-pearls/pearl-gp94517
425,https://www.gempundit.com/gemstones/south-sea-pearls/pearl-gp94520
426,https://www.gempundit.com/gemstones/south-sea-pearls/pearl-gp99509
427,https://www.gempundit.com/gemstones/south-sea-pearls/pearl-gp95100
428,https://www.gempundit.com/gemstones/south-sea-pearls/pearl-gp94476
429,https://www.gempundit.com/gemstones/south-sea-pearls/pearl-gp94484
430,https://www.gempundit.com/gemstones/south-sea-pearls/pearl-gp27135
431,https://www.gempundit.com/gemstones/south-sea-pearls/pearl-gp72774
432,https://www.gempundit.com/gemstones/south-sea-pearls/pearl-gp99601
433,https://www.gempundit.com/gemstones/south-sea-pearls/pearl-gp90707
434,https://www.gempundit.com/gemstones/south-sea-pearls/pearl-gp36172
435,https://www.gempundit.com/gemstones/south-sea-pearls/pearl-gp99598
436,https://www.gempundit.com/gemstones/south-sea-pearls/pearl-gp90706
437,https://www.gempundit.com/gemstones/south-sea-pearls/pearl-gp94515
438,https://www.gempundit.com/gemstones/south-sea-pearls/pearl-gp72367
439,https://www.gempundit.com/gemstones/south-sea-pearls/pearl-gp99516
440,https://www.gempundit.com/gemstones/south-sea-pearls/pearl-gp80582
441,https://www.gempundit.com/gemstones/south-sea-pearls/pearl-gp99602
442,https://www.gempundit.com/gemstones/south-sea-pearls/pearl-gp94464
443,https://www.gempundit.com/gemstones/south-sea-pearls/pearl-gp90703
444,https://www.gempundit.com/gemstones/south-sea-pearls/pearl-gp99599
445,https://www.gempundit.com/gemstones/south-sea-pearls/pearl-gp99600
446,https://www.gempundit.com/gemstones/south-sea-pearls/pearl-gp45334
447,https://www.gempundit.com/gemstones/south-sea-pearls/pearl-gp80621
448,https://www.gempundit.com/gemstones/south-sea-pearls/pearl-gp90704
449,https://www.gempundit.com/gemstones/south-sea-pearls/pearl-gp94503
450,https://www.gempundit.com/gemstones/south-sea-pearls/pearl-gp80592
451,https://www.gempundit.com/gemstones/south-sea-pearls/pearl-gp81538
452,https://www.gempundit.com/gemstones/south-sea-pearls/pearl-gp36182
453,https://www.gempundit.com/gemstones/south-sea-pearls/pearl-gp99543
454,https://www.gempundit.com/gemstones/south-sea-pearls/pearl-gp80610
455,https://www.gempundit.com/gemstones/south-sea-pearls/pearl-gp72778
456,https://www.gempundit.com/gemstones/south-sea-pearls/pearl-gp94491
457,https://www.gempundit.com/gemstones/south-sea-pearls/pearl-gp94504
458,https://www.gempundit.com/gemstones/south-sea-pearls/pearl-gp72368
459,https://www.gempundit.com/gemstones/south-sea-pearls/pearl-gp94492
460,https://www.gempundit.com/gemstones/south-sea-pearls/pearl-gp90702
461,https://www.gempundit.com/gemstones/south-sea-pearls/pearl-gp94505
462,https://www.gempundit.com/gemstones/south-sea-pearls/pearl-gp94483
463,https://www.gempundit.com/gemstones/south-sea-pearls/pearl-gp82298
464,https://www.gempundit.com/gemstones/south-sea-pearls/pearl-gp99513
465,https://www.gempundit.com/gemstones/south-sea-pearls/pearl-gp94473
466,https://www.gempundit.com/gemstones/south-sea-pearls/pearl-gp99554
467,https://www.gempundit.com/gemstones/south-sea-pearls/pearl-gp99553
468,https://www.gempundit.com/gemstones/south-sea-pearls/pearl-gp94467
469,https://www.gempundit.com/gemstones/south-sea-pearls/pearl-gp89809
470,https://www.gempundit.com/gemstones/south-sea-pearls/pearl-gp94482
471,https://www.gempundit.com/gemstones/south-sea-pearls/pearl-gp82259
472,https://www.gempundit.com/gemstones/south-sea-pearls/pearl-gp72369
473,https://www.gempundit.com/gemstones/south-sea-pearls/pearl-gp94511
474,https://www.gempundit.com/gemstones/south-sea-pearls/pearl-gp94472
475,https://www.gempundit.com/gemstones/south-sea-pearls/pearl-gp72370
476,https://www.gempundit.com/gemstones/south-sea-pearls/pearl-gp94510
477,https://www.gempundit.com/gemstones/south-sea-pearls/pearl-gp72371
478,https://www.gempundit.com/gemstones/south-sea-pearls/pearl-gp94489
479,https://www.gempundit.com/gemstones/south-sea-pearls/pearl-gp94477
480,https://www.gempundit.com/gemstones/south-sea-pearls/pearl-gp72764
481,https://www.gempundit.com/gemstones/south-sea-pearls/pearl-gp82253
482,https://www.gempundit.com/gemstones/south-sea-pearls/pearl-gp43741
483,https://www.gempundit.com/gemstones/south-sea-pearls/pearl-gp43737
484,https://www.gempundit.com/gemstones/south-sea-pearls/pearl-gp43614
485,https://www.gempundit.com/gemstones/south-sea-pearls/pearl-gp43727
486,https://www.gempundit.com/gemstones/south-sea-pearls/pearl-gp43726
487,https://www.gempundit.com/gemstones/south-sea-pearls/pearl-gp94480
488,https://www.gempundit.com/gemstones/south-sea-pearls/pearl-gp82247
489,https://www.gempundit.com/gemstones/south-sea-pearls/pearl-gp18501
490,https://www.gempundit.com/gemstones/south-sea-pearls/pearl-gp82248
491,https://www.gempundit.com/gemstones/south-sea-pearls/pearl-gp99511
492,https://www.gempundit.com/gemstones/south-sea-pearls/pearl-gp80602
493,https://www.gempundit.com/gemstones/south-sea-pearls/pearl-gp94469
494,https://www.gempundit.com/gemstones/south-sea-pearls/pearl-gp47558
495,https://www.gempundit.com/gemstones/south-sea-pearls/pearl-gp82246
496,https://www.gempundit.com/gemstones/south-sea-pearls/pearl-gp82133
497,https://www.gempundit.com/gemstones/south-sea-pearls/pearl-gp43796
498,https://www.gempundit.com/gemstones/south-sea-pearls/pearl-gp36193
499,https://www.gempundit.com/gemstones/south-sea-pearls/pearl-gp43638
500,https://www.gempundit.com/gemstones/south-sea-pearls/pearl-gp94481
501,https://www.gempundit.com/gemstones/south-sea-pearls/pearl-gp80606
502,https://www.gempundit.com/gemstones/south-sea-pearls/pearl-gp94506
503,https://www.gempundit.com/gemstones/south-sea-pearls/pearl-gp80597
504,https://www.gempundit.com/gemstones/south-sea-pearls/pearl-gp72373
505,https://www.gempundit.com/gemstones/south-sea-pearls/pearl-gp43666
506,https://www.gempundit.com/gemstones/south-sea-pearls/pearl-gp82243
507,https://www.gempundit.com/gemstones/south-sea-pearls/pearl-gp94500
508,https://www.gempundit.com/gemstones/south-sea-pearls/pearl-gp80598
509,https://www.gempundit.com/gemstones/south-sea-pearls/pearl-gp94501
510,https://www.gempundit.com/gemstones/south-sea-pearls/pearl-gp82240
511,https://www.gempundit.com/gemstones/south-sea-pearls/pearl-gp72374
512,https://www.gempundit.com/gemstones/south-sea-pearls/pearl-gp43657
513,https://www.gempundit.com/gemstones/south-sea-pearls/pearl-gp94513
514,https://www.gempundit.com/gemstones/south-sea-pearls/pearl-gp80601
515,https://www.gempundit.com/gemstones/south-sea-pearls/pearl-gp80615
516,https://www.gempundit.com/gemstones/south-sea-pearls/pearl-gp72375
517,https://www.gempundit.com/gemstones/south-sea-pearls/pearl-gp80609
518,https://www.gempundit.com/gemstones/south-sea-pearls/pearl-gp43805
519,https://www.gempundit.com/gemstones/south-sea-pearls/pearl-gp27138
520,https://www.gempundit.com/gemstones/south-sea-pearls/pearl-gp82252
521,https://www.gempundit.com/gemstones/south-sea-pearls/pearl-gp72762
522,https://www.gempundit.com/gemstones/south-sea-pearls/pearl-gp94507
523,https://www.gempundit.com/gemstones/south-sea-pearls/pearl-gp81518
524,https://www.gempundit.com/gemstones/south-sea-pearls/pearl-gp94475
525,https://www.gempundit.com/gemstones/south-sea-pearls/pearl-gp94493
526,https://www.gempundit.com/gemstones/south-sea-pearls/pearl-gp94494
527,https://www.gempundit.com/gemstones/south-sea-pearls/pearl-gp90708
528,https://www.gempundit.com/gemstones/south-sea-pearls/pearl-gp82231
529,https://www.gempundit.com/gemstones/south-sea-pearls/pearl-gp94525
530,https://www.gempundit.com/gemstones/south-sea-pearls/pearl-gp94524
531,https://www.gempundit.com/gemstones/south-sea-pearls/pearl-gp82237
532,https://www.gempundit.com/gemstones/south-sea-pearls/pearl-gp43603
533,https://www.gempundit.com/gemstones/south-sea-pearls/pearl-gp82182
534,https://www.gempundit.com/gemstones/south-sea-pearls/pearl-gp82178
535,https://www.gempundit.com/gemstones/south-sea-pearls/pearl-gp43768
536,https://www.gempundit.com/gemstones/south-sea-pearls/pearl-gp90709
537,https://www.gempundit.com/gemstones/south-sea-pearls/pearl-gp94512
538,https://www.gempundit.com/gemstones/south-sea-pearls/pearl-gp43575
539,https://www.gempundit.com/gemstones/south-sea-pearls/pearl-gp82131
540,https://www.gempundit.com/gemstones/south-sea-pearls/pearl-gp82134
541,https://www.gempundit.com/gemstones/south-sea-pearls/pearl-gp94490
542,https://www.gempundit.com/gemstones/south-sea-pearls/pearl-gp82236
543,https://www.gempundit.com/gemstones/south-sea-pearls/pearl-gp82235
544,https://www.gempundit.com/gemstones/south-sea-pearls/pearl-gp82123
545,https://www.gempundit.com/gemstones/south-sea-pearls/pearl-gp94498
546,https://www.gempundit.com/gemstones/south-sea-pearls/pearl-gp82174
547,https://www.gempundit.com/gemstones/south-sea-pearls/pearl-gp43752
548,https://www.gempundit.com/gemstones/south-sea-pearls/pearl-gp82241
549,https://www.gempundit.com/gemstones/south-sea-pearls/pearl-gp43554
550,https://www.gempundit.com/gemstones/south-sea-pearls/pearl-gp82164
551,https://www.gempundit.com/gemstones/south-sea-pearls/pearl-gp94471
552,https://www.gempundit.com/gemstones/south-sea-pearls/pearl-gp81508
553,https://www.gempundit.com/gemstones/south-sea-pearls/pearl-gp94466
554,https://www.gempundit.com/gemstones/south-sea-pearls/pearl-gp82233
555,https://www.gempundit.com/gemstones/south-sea-pearls/pearl-gp82239
556,https://www.gempundit.com/gemstones/south-sea-pearls/pearl-gp43555
557,https://www.gempundit.com/gemstones/south-sea-pearls/pearl-gp90699
558,https://www.gempundit.com/gemstones/south-sea-pearls/pearl-gp43675
559,https://www.gempundit.com/gemstones/south-sea-pearls/pearl-gp43728
560,https://www.gempundit.com/gemstones/south-sea-pearls/pearl-gp43742
561,https://www.gempundit.com/gemstones/south-sea-pearls/pearl-gp82175
562,https://www.gempundit.com/gemstones/south-sea-pearls/pearl-gp94474
563,https://www.gempundit.com/gemstones/south-sea-pearls/pearl-gp43640
564,https://www.gempundit.com/gemstones/south-sea-pearls/pearl-gp43750
565,https://www.gempundit.com/gemstones/south-sea-pearls/pearl-gp82170
566,https://www.gempundit.com/gemstones/south-sea-pearls/pearl-gp72377
567,https://www.gempundit.com/gemstones/south-sea-pearls/pearl-gp81525
568,https://www.gempundit.com/gemstones/south-sea-pearls/pearl-gp94496
569,https://www.gempundit.com/gemstones/south-sea-pearls/pearl-gp94497
570,https://www.gempundit.com/gemstones/south-sea-pearls/pearl-gp82181
571,https://www.gempundit.com/gemstones/south-sea-pearls/pearl-gp82167
572,https://www.gempundit.com/gemstones/south-sea-pearls/pearl-gp82234
573,https://www.gempundit.com/gemstones/south-sea-pearls/pearl-gp82183
574,https://www.gempundit.com/gemstones/south-sea-pearls/pearl-gp43716
575,https://www.gempundit.com/gemstones/south-sea-pearls/pearl-gp43725
576,https://www.gempundit.com/gemstones/south-sea-pearls/pearl-gp43701
577,https://www.gempundit.com/gemstones/south-sea-pearls/pearl-gp82172
578,https://www.gempundit.com/gemstones/south-sea-pearls/pearl-gp43738
579,https://www.gempundit.com/gemstones/south-sea-pearls/pearl-gp81491
580,https://www.gempundit.com/gemstones/south-sea-pearls/pearl-gp90698
581,https://www.gempundit.com/gemstones/south-sea-pearls/pearl-gp31305
582,https://www.gempundit.com/gemstones/south-sea-pearls/pearl-gp90713
583,https://www.gempundit.com/gemstones/south-sea-pearls/pearl-gp43753
584,https://www.gempundit.com/gemstones/south-sea-pearls/pearl-gp90711
585,https://www.gempundit.com/gemstones/south-sea-pearls/pearl-gp90712
586,https://www.gempundit.com/gemstones/south-sea-pearls/pearl-gp82232
587,https://www.gempundit.com/gemstones/south-sea-pearls/pearl-gp82228
588,https://www.gempundit.com/gemstones/south-sea-pearls/pearl-gp43509
589,https://www.gempundit.com/gemstones/south-sea-pearls/pearl-gp82171
590,https://www.gempundit.com/gemstones/south-sea-pearls/pearl-gp43612
591,https://www.gempundit.com/gemstones/south-sea-pearls/pearl-gp82179
592,https://www.gempundit.com/gemstones/south-sea-pearls/pearl-gp82226
593,https://www.gempundit.com/gemstones/south-sea-pearls/pearl-gp82177
594,https://www.gempundit.com/gemstones/south-sea-pearls/pearl-gp43508
595,https://www.gempundit.com/gemstones/south-sea-pearls/pearl-gp43494
596,https://www.gempundit.com/gemstones/south-sea-pearls/pearl-gp30443
597,https://www.gempundit.com/gemstones/south-sea-pearls/pearl-gp43497
598,https://www.gempundit.com/gemstones/south-sea-pearls/pearl-gp30438
599,https://www.gempundit.com/gemstones/south-sea-pearls/pearl-gp82117
600,https://www.gempundit.com/gemstones/south-sea-pearls/pearl-gp40113
601,https://www.gempundit.com/gemstones/south-sea-pearls/pearl-gp43495
602,https://www.gempundit.com/gemstones/south-sea-pearls/pearl-gp94514
603,https://www.gempundit.com/gemstones/south-sea-pearls/pearl-gp90715
604,https://www.gempundit.com/gemstones/south-sea-pearls/pearl-gp43513
605,https://www.gempundit.com/gemstones/south-sea-pearls/pearl-gp30439
606,https://www.gempundit.com/gemstones/south-sea-pearls/pearl-gp43470
607,https://www.gempundit.com/gemstones/south-sea-pearls/pearl-gp43478
608,https://www.gempundit.com/gemstones/south-sea-pearls/pearl-gp30447
609,https://www.gempundit.com/gemstones/south-sea-pearls/pearl-gp43474
610,https://www.gempundit.com/gemstones/south-sea-pearls/pearl-gp82227
611,https://www.gempundit.com/gemstones/south-sea-pearls/pearl-gp43499
612,https://www.gempundit.com/gemstones/south-sea-pearls/pearl-gp90714
613,https://www.gempundit.com/gemstones/south-sea-pearls/pearl-gp43475
614,https://www.gempundit.com/gemstones/south-sea-pearls/pearl-gp82229
615,https://www.gempundit.com/gemstones/south-sea-pearls/pearl-gp82116
616,https://www.gempundit.com/gemstones/south-sea-pearls/pearl-gp100026
617,https://www.gempundit.com/gemstones/south-sea-pearls/pearl-gp31386
618,https://www.gempundit.com/gemstones/south-sea-pearls/pearl-gp82224
619,https://www.gempundit.com/gemstones/south-sea-pearls/pearl-gp30441
620,https://www.gempundit.com/gemstones/south-sea-pearls/pearl-gp43493
621,https://www.gempundit.com/gemstones/south-sea-pearls/pearl-gp43488
622,https://www.gempundit.com/gemstones/south-sea-pearls/pearl-gp82114
623,https://www.gempundit.com/gemstones/south-sea-pearls/pearl-gp43496
624,https://www.gempundit.com/gemstones/south-sea-pearls/pearl-gp94527
625,https://www.gempundit.com/gemstones/south-sea-pearls/pearl-gp94522
626,https://www.gempundit.com/gemstones/south-sea-pearls/pearl-gp43486
627,https://www.gempundit.com/gemstones/south-sea-pearls/pearl-gp47563
628,https://www.gempundit.com/gemstones/south-sea-pearls/pearl-gp82296
629,https://www.gempundit.com/gemstones/south-sea-pearls/pearl-gp82223
630,https://www.gempundit.com/gemstones/south-sea-pearls/pearl-gp82225
631,https://www.gempundit.com/gemstones/south-sea-pearls/pearl-gp82113
632,https://www.gempundit.com/gemstones/south-sea-pearls/pearl-gp43479
633,https://www.gempundit.com/gemstones/south-sea-pearls/pearl-gp43507
634,https://www.gempundit.com/gemstones/south-sea-pearls/pearl-gp43481
635,https://www.gempundit.com/gemstones/south-sea-pearls/pearl-gp47564
636,https://www.gempundit.com/gemstones/south-sea-pearls/pearl-gp82115
637,https://www.gempundit.com/gemstones/south-sea-pearls/pearl-gp43473
638,https://www.gempundit.com/gemstones/south-sea-pearls/pearl-gp43490
639,https://www.gempundit.com/gemstones/south-sea-pearls/pearl-gp43501
640,https://www.gempundit.com/gemstones/south-sea-pearls/pearl-gp30445
641,https://www.gempundit.com/gemstones/south-sea-pearls/pearl-gp43477
642,https://www.gempundit.com/gemstones/south-sea-pearls/pearl-gp43512
643,https://www.gempundit.com/gemstones/south-sea-pearls/pearl-gp43491
644,https://www.gempundit.com/gemstones/south-sea-pearls/pearl-gp43502
645,https://www.gempundit.com/gemstones/south-sea-pearls/pearl-gp43498
646,https://www.gempundit.com/gemstones/south-sea-pearls/pearl-gp43472
647,https://www.gempundit.com/gemstones/south-sea-pearls/pearl-gp43489
648,https://www.gempundit.com/gemstones/south-sea-pearls/pearl-gp43506
649,https://www.gempundit.com/gemstones/south-sea-pearls/pearl-gp30446
650,https://www.gempundit.com/gemstones/south-sea-pearls/pearl-gp93993
651,https://www.gempundit.com/gemstones/south-sea-pearls/pearl-gp93998
652,https://www.gempundit.com/gemstones/south-sea-pearls/pearl-gp93997
653,https://www.gempundit.com/gemstones/south-sea-pearls/pearl-gp93996
654,https://www.gempundit.com/gemstones/south-sea-pearls/pearl-gp93992
655,https://www.gempundit.com/gemstones/south-sea-pearls/pearl-gp93995
656,https://www.gempundit.com/gemstones/south-sea-pearls/pearl-gp93991
657,https://www.gempundit.com/gemstones/south-sea-pearls/pearl-gp93994
