,Spinel
0,https://www.gempundit.com/gemstones/spinel/spinel-gp57269
1,https://www.gempundit.com/gemstones/spinel/spinel-gp57260
2,https://www.gempundit.com/gemstones/spinel/spinel-gp89674
3,https://www.gempundit.com/gemstones/spinel/spinel-gp57258
4,https://www.gempundit.com/gemstones/spinel/spinel-gp57240
5,https://www.gempundit.com/gemstones/spinel/spinel-gp57264
6,https://www.gempundit.com/gemstones/spinel/spinel-gp57274
7,https://www.gempundit.com/gemstones/spinel/spinel-gp89673
8,https://www.gempundit.com/gemstones/spinel/spinel-gp57273
9,https://www.gempundit.com/gemstones/spinel/spinel-gp57271
10,https://www.gempundit.com/gemstones/spinel/spinel-gp89679
11,https://www.gempundit.com/gemstones/spinel/spinel-gp57284
12,https://www.gempundit.com/gemstones/spinel/spinel-gp57283
13,https://www.gempundit.com/gemstones/spinel/spinel-gp57272
14,https://www.gempundit.com/gemstones/spinel/spinel-gp57270
15,https://www.gempundit.com/gemstones/spinel/spinel-gp89678
16,https://www.gempundit.com/gemstones/spinel/spinel-gp85008
17,https://www.gempundit.com/gemstones/spinel/spinel-gp57244
18,https://www.gempundit.com/gemstones/spinel/spinel-gp89675
19,https://www.gempundit.com/gemstones/spinel/spinel-gp85006
20,https://www.gempundit.com/gemstones/spinel/spinel-gp57243
21,https://www.gempundit.com/gemstones/spinel/spinel-gp57279
22,https://www.gempundit.com/gemstones/spinel/spinel-gp57282
23,https://www.gempundit.com/gemstones/spinel/spinel-gp57278
24,https://www.gempundit.com/gemstones/spinel/spinel-gp57275
25,https://www.gempundit.com/gemstones/spinel/spinel-gp85012
26,https://www.gempundit.com/gemstones/spinel/spinel-gp85009
27,https://www.gempundit.com/gemstones/spinel/spinel-gp77232
28,https://www.gempundit.com/gemstones/spinel/spinel-gp73044
29,https://www.gempundit.com/gemstones/spinel/spinel-gp73047
30,https://www.gempundit.com/gemstones/spinel/spinel-gp57281
31,https://www.gempundit.com/gemstones/spinel/spinel-gp96584
32,https://www.gempundit.com/gemstones/spinel/spinel-gp73052
33,https://www.gempundit.com/gemstones/spinel/spinel-gp73042
34,https://www.gempundit.com/gemstones/spinel/spinel-gp58320
35,https://www.gempundit.com/gemstones/spinel/spinel-gp73048
36,https://www.gempundit.com/gemstones/spinel/spinel-gp63789
37,https://www.gempundit.com/gemstones/spinel/spinel-gp58318
38,https://www.gempundit.com/gemstones/spinel/spinel-gp58316
39,https://www.gempundit.com/gemstones/spinel/spinel-gp58311
40,https://www.gempundit.com/gemstones/spinel/spinel-gp58299
41,https://www.gempundit.com/gemstones/spinel/spinel-gp58319
42,https://www.gempundit.com/gemstones/spinel/spinel-gp57280
43,https://www.gempundit.com/gemstones/spinel/spinel-gp58309
44,https://www.gempundit.com/gemstones/spinel/spinel-gp77233
45,https://www.gempundit.com/gemstones/spinel/spinel-gp58313
46,https://www.gempundit.com/gemstones/spinel/spinel-gp63864
47,https://www.gempundit.com/gemstones/spinel/spinel-gp58297
48,https://www.gempundit.com/gemstones/spinel/spinel-gp58312
49,https://www.gempundit.com/gemstones/spinel/spinel-gp58302
50,https://www.gempundit.com/gemstones/spinel/spinel-gp58306
51,https://www.gempundit.com/gemstones/spinel/spinel-gp77261
52,https://www.gempundit.com/gemstones/spinel/spinel-gp58310
53,https://www.gempundit.com/gemstones/spinel/spinel-gp63824
54,https://www.gempundit.com/gemstones/spinel/spinel-gp58298
55,https://www.gempundit.com/gemstones/spinel/spinel-gp58303
56,https://www.gempundit.com/gemstones/spinel/spinel-gp58314
57,https://www.gempundit.com/gemstones/spinel/spinel-gp63788
58,https://www.gempundit.com/gemstones/spinel/spinel-gp63821
59,https://www.gempundit.com/gemstones/spinel/spinel-gp63818
60,https://www.gempundit.com/gemstones/spinel/spinel-gp63810
61,https://www.gempundit.com/gemstones/spinel/spinel-gp63805
62,https://www.gempundit.com/gemstones/spinel/spinel-gp63829
63,https://www.gempundit.com/gemstones/spinel/spinel-gp63813
64,https://www.gempundit.com/gemstones/spinel/spinel-gp63798
65,https://www.gempundit.com/gemstones/spinel/spinel-gp63814
66,https://www.gempundit.com/gemstones/spinel/spinel-gp73054
67,https://www.gempundit.com/gemstones/spinel/spinel-gp63823
68,https://www.gempundit.com/gemstones/spinel/spinel-gp63779
69,https://www.gempundit.com/gemstones/spinel/spinel-gp63827
70,https://www.gempundit.com/gemstones/spinel/spinel-gp63817
71,https://www.gempundit.com/gemstones/spinel/spinel-gp63825
72,https://www.gempundit.com/gemstones/spinel/spinel-gp63820
73,https://www.gempundit.com/gemstones/spinel/spinel-gp63816
74,https://www.gempundit.com/gemstones/spinel/spinel-gp63812
75,https://www.gempundit.com/gemstones/spinel/spinel-gp63811
76,https://www.gempundit.com/gemstones/spinel/spinel-gp77250
77,https://www.gempundit.com/gemstones/spinel/spinel-gp63828
78,https://www.gempundit.com/gemstones/spinel/spinel-gp77248
79,https://www.gempundit.com/gemstones/spinel/spinel-gp77230
80,https://www.gempundit.com/gemstones/spinel/spinel-gp67206
81,https://www.gempundit.com/gemstones/spinel/spinel-gp63822
82,https://www.gempundit.com/gemstones/spinel/spinel-gp63815
83,https://www.gempundit.com/gemstones/spinel/spinel-gp63809
84,https://www.gempundit.com/gemstones/spinel/spinel-gp77238
85,https://www.gempundit.com/gemstones/spinel/spinel-gp77247
86,https://www.gempundit.com/gemstones/spinel/spinel-gp77263
87,https://www.gempundit.com/gemstones/spinel/spinel-gp77229
88,https://www.gempundit.com/gemstones/spinel/spinel-gp63819
89,https://www.gempundit.com/gemstones/spinel/spinel-gp77246
90,https://www.gempundit.com/gemstones/spinel/spinel-gp77241
91,https://www.gempundit.com/gemstones/spinel/spinel-gp77258
92,https://www.gempundit.com/gemstones/spinel/spinel-gp77236
93,https://www.gempundit.com/gemstones/spinel/spinel-gp45010
94,https://www.gempundit.com/gemstones/spinel/spinel-gp63761
95,https://www.gempundit.com/gemstones/spinel/spinel-gp63765
96,https://www.gempundit.com/gemstones/spinel/spinel-gp77254
97,https://www.gempundit.com/gemstones/spinel/spinel-gp77260
98,https://www.gempundit.com/gemstones/spinel/spinel-gp77249
99,https://www.gempundit.com/gemstones/spinel/spinel-gp63757
100,https://www.gempundit.com/gemstones/spinel/spinel-gp77235
101,https://www.gempundit.com/gemstones/spinel/spinel-gp77259
102,https://www.gempundit.com/gemstones/spinel/spinel-gp63768
103,https://www.gempundit.com/gemstones/spinel/spinel-gp77237
104,https://www.gempundit.com/gemstones/spinel/spinel-gp72645
105,https://www.gempundit.com/gemstones/spinel/spinel-gp63774
106,https://www.gempundit.com/gemstones/spinel/spinel-gp96583
107,https://www.gempundit.com/gemstones/spinel/spinel-gp73050
108,https://www.gempundit.com/gemstones/spinel/spinel-gp77265
109,https://www.gempundit.com/gemstones/spinel/spinel-gp58295
110,https://www.gempundit.com/gemstones/spinel/spinel-gp63759
111,https://www.gempundit.com/gemstones/spinel/spinel-gp63772
112,https://www.gempundit.com/gemstones/spinel/spinel-gp63750
113,https://www.gempundit.com/gemstones/spinel/spinel-gp63770
114,https://www.gempundit.com/gemstones/spinel/spinel-gp63775
115,https://www.gempundit.com/gemstones/spinel/spinel-gp77262
116,https://www.gempundit.com/gemstones/spinel/spinel-gp77255
117,https://www.gempundit.com/gemstones/spinel/spinel-gp63778
118,https://www.gempundit.com/gemstones/spinel/spinel-gp63776
119,https://www.gempundit.com/gemstones/spinel/spinel-gp63773
120,https://www.gempundit.com/gemstones/spinel/spinel-gp77231
121,https://www.gempundit.com/gemstones/spinel/spinel-gp63764
122,https://www.gempundit.com/gemstones/spinel/spinel-gp63754
123,https://www.gempundit.com/gemstones/spinel/spinel-gp63763
124,https://www.gempundit.com/gemstones/spinel/spinel-gp58291
125,https://www.gempundit.com/gemstones/spinel/spinel-gp77266
126,https://www.gempundit.com/gemstones/spinel/spinel-gp63760
127,https://www.gempundit.com/gemstones/spinel/spinel-gp77252
128,https://www.gempundit.com/gemstones/spinel/spinel-gp77234
129,https://www.gempundit.com/gemstones/spinel/spinel-gp63832
130,https://www.gempundit.com/gemstones/spinel/spinel-gp63807
131,https://www.gempundit.com/gemstones/spinel/spinel-gp63804
132,https://www.gempundit.com/gemstones/spinel/spinel-gp63766
133,https://www.gempundit.com/gemstones/spinel/spinel-gp77264
134,https://www.gempundit.com/gemstones/spinel/spinel-gp77242
135,https://www.gempundit.com/gemstones/spinel/spinel-gp77245
136,https://www.gempundit.com/gemstones/spinel/spinel-gp63831
137,https://www.gempundit.com/gemstones/spinel/spinel-gp77251
138,https://www.gempundit.com/gemstones/spinel/spinel-gp63859
139,https://www.gempundit.com/gemstones/spinel/spinel-gp77253
140,https://www.gempundit.com/gemstones/spinel/spinel-gp63830
141,https://www.gempundit.com/gemstones/spinel/spinel-gp77256
142,https://www.gempundit.com/gemstones/spinel/spinel-gp63753
143,https://www.gempundit.com/gemstones/spinel/spinel-gp63756
144,https://www.gempundit.com/gemstones/spinel/spinel-gp77243
145,https://www.gempundit.com/gemstones/spinel/spinel-gp103956
146,https://www.gempundit.com/gemstones/spinel/spinel-gp63751
147,https://www.gempundit.com/gemstones/spinel/spinel-gp39149
148,https://www.gempundit.com/gemstones/spinel/spinel-gp63860
149,https://www.gempundit.com/gemstones/spinel/spinel-gp77244
150,https://www.gempundit.com/gemstones/spinel/spinel-gp63747
151,https://www.gempundit.com/gemstones/spinel/spinel-gp63752
152,https://www.gempundit.com/gemstones/spinel/spinel-gp93751
153,https://www.gempundit.com/gemstones/spinel/spinel-gp63801
154,https://www.gempundit.com/gemstones/spinel/spinel-gp45038
155,https://www.gempundit.com/gemstones/spinel/spinel-gp63858
156,https://www.gempundit.com/gemstones/spinel/spinel-gp32642
157,https://www.gempundit.com/gemstones/spinel/spinel-gp63800
158,https://www.gempundit.com/gemstones/spinel/spinel-gp63749
159,https://www.gempundit.com/gemstones/spinel/spinel-gp63748
160,https://www.gempundit.com/gemstones/spinel/spinel-gp63735
161,https://www.gempundit.com/gemstones/spinel/spinel-gp98228
162,https://www.gempundit.com/gemstones/spinel/spinel-gp63726
163,https://www.gempundit.com/gemstones/spinel/spinel-gp63742
164,https://www.gempundit.com/gemstones/spinel/spinel-gp22226
165,https://www.gempundit.com/gemstones/spinel/spinel-gp63730
166,https://www.gempundit.com/gemstones/spinel/spinel-gp63746
167,https://www.gempundit.com/gemstones/spinel/spinel-gp63755
168,https://www.gempundit.com/gemstones/spinel/spinel-gp63743
169,https://www.gempundit.com/gemstones/spinel/spinel-gp63745
170,https://www.gempundit.com/gemstones/spinel/spinel-gp63844
171,https://www.gempundit.com/gemstones/spinel/spinel-gp63843
172,https://www.gempundit.com/gemstones/spinel/spinel-gp63758
173,https://www.gempundit.com/gemstones/spinel/spinel-gp98229
174,https://www.gempundit.com/gemstones/spinel/spinel-gp63871
175,https://www.gempundit.com/gemstones/spinel/spinel-gp63737
176,https://www.gempundit.com/gemstones/spinel/spinel-gp62959
177,https://www.gempundit.com/gemstones/spinel/spinel-gp63736
178,https://www.gempundit.com/gemstones/spinel/spinel-gp63723
179,https://www.gempundit.com/gemstones/spinel/spinel-gp63729
180,https://www.gempundit.com/gemstones/spinel/spinel-gp63738
181,https://www.gempundit.com/gemstones/spinel/spinel-gp35482
182,https://www.gempundit.com/gemstones/spinel/spinel-gp63791
183,https://www.gempundit.com/gemstones/spinel/spinel-gp63741
184,https://www.gempundit.com/gemstones/spinel/spinel-gp63744
185,https://www.gempundit.com/gemstones/spinel/spinel-gp63715
186,https://www.gempundit.com/gemstones/spinel/spinel-gp63717
187,https://www.gempundit.com/gemstones/spinel/spinel-gp63724
188,https://www.gempundit.com/gemstones/spinel/spinel-gp63787
189,https://www.gempundit.com/gemstones/spinel/spinel-gp63713
190,https://www.gempundit.com/gemstones/spinel/spinel-gp63868
191,https://www.gempundit.com/gemstones/spinel/spinel-gp63734
192,https://www.gempundit.com/gemstones/spinel/spinel-gp63786
193,https://www.gempundit.com/gemstones/spinel/spinel-gp63834
194,https://www.gempundit.com/gemstones/spinel/spinel-gp63785
195,https://www.gempundit.com/gemstones/spinel/spinel-gp63869
196,https://www.gempundit.com/gemstones/spinel/spinel-gp63740
197,https://www.gempundit.com/gemstones/spinel/spinel-gp63708
198,https://www.gempundit.com/gemstones/spinel/spinel-gp63731
199,https://www.gempundit.com/gemstones/spinel/spinel-gp63725
200,https://www.gempundit.com/gemstones/spinel/spinel-gp63721
201,https://www.gempundit.com/gemstones/spinel/spinel-gp63719
202,https://www.gempundit.com/gemstones/spinel/spinel-gp63722
203,https://www.gempundit.com/gemstones/spinel/spinel-gp63727
204,https://www.gempundit.com/gemstones/spinel/spinel-gp63691
205,https://www.gempundit.com/gemstones/spinel/spinel-gp63707
206,https://www.gempundit.com/gemstones/spinel/spinel-gp63701
207,https://www.gempundit.com/gemstones/spinel/spinel-gp63867
208,https://www.gempundit.com/gemstones/spinel/spinel-gp63870
209,https://www.gempundit.com/gemstones/spinel/spinel-gp63784
210,https://www.gempundit.com/gemstones/spinel/spinel-gp63728
211,https://www.gempundit.com/gemstones/spinel/spinel-gp63739
212,https://www.gempundit.com/gemstones/spinel/spinel-gp63711
213,https://www.gempundit.com/gemstones/spinel/spinel-gp63848
214,https://www.gempundit.com/gemstones/spinel/spinel-gp63790
215,https://www.gempundit.com/gemstones/spinel/spinel-gp63716
216,https://www.gempundit.com/gemstones/spinel/spinel-gp62242
217,https://www.gempundit.com/gemstones/spinel/spinel-gp63733
218,https://www.gempundit.com/gemstones/spinel/spinel-gp63836
219,https://www.gempundit.com/gemstones/spinel/spinel-gp63696
220,https://www.gempundit.com/gemstones/spinel/spinel-gp63837
221,https://www.gempundit.com/gemstones/spinel/spinel-gp63704
222,https://www.gempundit.com/gemstones/spinel/spinel-gp63833
223,https://www.gempundit.com/gemstones/spinel/spinel-gp63854
224,https://www.gempundit.com/gemstones/spinel/spinel-gp63839
225,https://www.gempundit.com/gemstones/spinel/spinel-gp63699
226,https://www.gempundit.com/gemstones/spinel/spinel-gp63718
227,https://www.gempundit.com/gemstones/spinel/spinel-gp63706
228,https://www.gempundit.com/gemstones/spinel/spinel-gp63720
229,https://www.gempundit.com/gemstones/spinel/spinel-gp63835
230,https://www.gempundit.com/gemstones/spinel/spinel-gp63732
231,https://www.gempundit.com/gemstones/spinel/spinel-gp62243
232,https://www.gempundit.com/gemstones/spinel/spinel-gp63709
233,https://www.gempundit.com/gemstones/spinel/spinel-gp63852
234,https://www.gempundit.com/gemstones/spinel/spinel-gp63855
235,https://www.gempundit.com/gemstones/spinel/spinel-gp63697
236,https://www.gempundit.com/gemstones/spinel/spinel-gp63702
237,https://www.gempundit.com/gemstones/spinel/spinel-gp62963
238,https://www.gempundit.com/gemstones/spinel/spinel-gp63849
239,https://www.gempundit.com/gemstones/spinel/spinel-gp63851
240,https://www.gempundit.com/gemstones/spinel/spinel-gp63692
241,https://www.gempundit.com/gemstones/spinel/spinel-gp63693
242,https://www.gempundit.com/gemstones/spinel/spinel-gp63856
243,https://www.gempundit.com/gemstones/spinel/spinel-gp63853
244,https://www.gempundit.com/gemstones/spinel/spinel-gp63705
245,https://www.gempundit.com/gemstones/spinel/spinel-gp63797
246,https://www.gempundit.com/gemstones/spinel/spinel-gp93753
247,https://www.gempundit.com/gemstones/spinel/spinel-gp63698
248,https://www.gempundit.com/gemstones/spinel/spinel-gp63695
249,https://www.gempundit.com/gemstones/spinel/spinel-gp63714
250,https://www.gempundit.com/gemstones/spinel/spinel-gp63694
251,https://www.gempundit.com/gemstones/spinel/spinel-gp63782
252,https://www.gempundit.com/gemstones/spinel/spinel-gp63700
253,https://www.gempundit.com/gemstones/spinel/spinel-gp63850
254,https://www.gempundit.com/gemstones/spinel/spinel-gp63799
255,https://www.gempundit.com/gemstones/spinel/spinel-gp63783
256,https://www.gempundit.com/gemstones/spinel/spinel-gp63780
257,https://www.gempundit.com/gemstones/spinel/spinel-gp63796
258,https://www.gempundit.com/gemstones/spinel/spinel-gp63795
259,https://www.gempundit.com/gemstones/spinel/spinel-gp63781
260,https://www.gempundit.com/gemstones/spinel/spinel-gp63690
261,https://www.gempundit.com/gemstones/spinel/spinel-gp63846
