,Star Sapphire
0,https://www.gempundit.com/gemstones/star-sapphire/star-white-sapphire-gp78039
1,https://www.gempundit.com/gemstones/star-sapphire/star-white-sapphire-gp78046
2,https://www.gempundit.com/gemstones/star-sapphire/star-white-sapphire-gp78055
3,https://www.gempundit.com/gemstones/star-sapphire/star-white-sapphire-gp78035
4,https://www.gempundit.com/gemstones/star-sapphire/star-sapphire-gp78070
5,https://www.gempundit.com/gemstones/star-sapphire/star-sapphire-gp78071
6,https://www.gempundit.com/gemstones/star-sapphire/star-white-sapphire-gp78037
7,https://www.gempundit.com/gemstones/star-sapphire/star-white-sapphire-gp78049
8,https://www.gempundit.com/gemstones/star-sapphire/star-white-sapphire-gp78036
9,https://www.gempundit.com/gemstones/star-sapphire/star-sapphire-gp78063
10,https://www.gempundit.com/gemstones/star-sapphire/star-sapphire-gp78057
11,https://www.gempundit.com/gemstones/star-sapphire/star-sapphire-gp78060
12,https://www.gempundit.com/gemstones/star-sapphire/star-sapphire-gp98427
13,https://www.gempundit.com/gemstones/star-sapphire/star-white-sapphire-gp78045
14,https://www.gempundit.com/gemstones/star-sapphire/star-white-sapphire-gp78038
15,https://www.gempundit.com/gemstones/star-sapphire/star-sapphire-gp78076
16,https://www.gempundit.com/gemstones/star-sapphire/star-sapphire-gp78075
17,https://www.gempundit.com/gemstones/star-sapphire/star-sapphire-gp98420
18,https://www.gempundit.com/gemstones/star-sapphire/star-white-sapphire-gp78043
19,https://www.gempundit.com/gemstones/star-sapphire/star-sapphire-gp78065
20,https://www.gempundit.com/gemstones/star-sapphire/star-white-sapphire-gp78047
21,https://www.gempundit.com/gemstones/star-sapphire/star-white-sapphire-gp78048
22,https://www.gempundit.com/gemstones/star-sapphire/star-white-sapphire-gp78042
23,https://www.gempundit.com/gemstones/star-sapphire/star-white-sapphire-gp78051
24,https://www.gempundit.com/gemstones/star-sapphire/star-sapphire-gp78058
25,https://www.gempundit.com/gemstones/star-sapphire/star-sapphire-gp78064
26,https://www.gempundit.com/gemstones/star-sapphire/star-white-sapphire-gp78053
27,https://www.gempundit.com/gemstones/star-sapphire/star-sapphire-gp78066
28,https://www.gempundit.com/gemstones/star-sapphire/star-white-sapphire-gp78041
29,https://www.gempundit.com/gemstones/star-sapphire/star-sapphire-gp78069
30,https://www.gempundit.com/gemstones/star-sapphire/star-white-sapphire-gp78044
31,https://www.gempundit.com/gemstones/star-sapphire/star-sapphire-gp78056
32,https://www.gempundit.com/gemstones/star-sapphire/star-white-sapphire-gp78054
33,https://www.gempundit.com/gemstones/star-sapphire/star-sapphire-gp78074
34,https://www.gempundit.com/gemstones/star-sapphire/star-white-sapphire-gp78034
35,https://www.gempundit.com/gemstones/star-sapphire/star-white-sapphire-gp78052
36,https://www.gempundit.com/gemstones/star-sapphire/star-sapphire-gp78067
37,https://www.gempundit.com/gemstones/star-sapphire/star-sapphire-gp78068
38,https://www.gempundit.com/gemstones/star-sapphire/star-sapphire-gp78073
39,https://www.gempundit.com/gemstones/star-sapphire/star-sapphire-gp98413
40,https://www.gempundit.com/gemstones/star-sapphire/star-sapphire-gp98416
41,https://www.gempundit.com/gemstones/star-sapphire/star-sapphire-gp98414
42,https://www.gempundit.com/gemstones/star-sapphire/star-sapphire-gp98421
43,https://www.gempundit.com/gemstones/star-sapphire/star-sapphire-gp98409
44,https://www.gempundit.com/gemstones/star-sapphire/star-sapphire-gp98426
45,https://www.gempundit.com/gemstones/star-sapphire/star-sapphire-gp98415
46,https://www.gempundit.com/gemstones/star-sapphire/star-sapphire-gp98429
47,https://www.gempundit.com/gemstones/star-sapphire/star-sapphire-gp98419
48,https://www.gempundit.com/gemstones/star-sapphire/star-sapphire-gp98425
49,https://www.gempundit.com/gemstones/star-sapphire/star-sapphire-gp98423
50,https://www.gempundit.com/gemstones/star-sapphire/star-sapphire-gp98424
51,https://www.gempundit.com/gemstones/star-sapphire/star-sapphire-gp98411
52,https://www.gempundit.com/gemstones/star-sapphire/star-sapphire-gp98412
53,https://www.gempundit.com/gemstones/star-sapphire/star-sapphire-gp98417
54,https://www.gempundit.com/gemstones/star-sapphire/star-sapphire-gp98407
55,https://www.gempundit.com/gemstones/star-sapphire/star-sapphire-gp98430
56,https://www.gempundit.com/gemstones/star-sapphire/star-sapphire-gp98418
57,https://www.gempundit.com/gemstones/star-sapphire/star-sapphire-gp98422
58,https://www.gempundit.com/gemstones/star-sapphire/star-sapphire-gp98428
59,https://www.gempundit.com/gemstones/star-sapphire/star-sapphire-gp98406
60,https://www.gempundit.com/gemstones/star-sapphire/star-sapphire-gp98408
61,https://www.gempundit.com/gemstones/star-sapphire/star-sapphire-gp98410
62,https://www.gempundit.com/gemstones/star-sapphire/star-sapphire-gp72084
