,Tanzanite
0,https://www.gempundit.com/gemstones/tanzanite/tanzanite-14x12-mm-deluxe-quality
1,https://www.gempundit.com/gemstones/tanzanite/tanzanite-12x10-mm-deluxe-quality
2,https://www.gempundit.com/gemstones/tanzanite/tanzanite-11x9-mm-deluxe-quality
3,https://www.gempundit.com/gemstones/tanzanite/tanzanite-10x8-mm-deluxe-quality
4,https://www.gempundit.com/gemstones/tanzanite/tanzanite-14x12-mm-aaa-quality
5,https://www.gempundit.com/gemstones/tanzanite/tanzanite-12x10-mm-aaa-quality
6,https://www.gempundit.com/gemstones/tanzanite/tanzanite-11x9-mm-aaa-quality
7,https://www.gempundit.com/gemstones/tanzanite/tanzanite-10x8-mm-aaa-quality
8,https://www.gempundit.com/gemstones/tanzanite/tanzanite-9x7-mm-aaa-quality
9,https://www.gempundit.com/gemstones/tanzanite/tanzanite-8x6-mm-aaa-quality
10,https://www.gempundit.com/gemstones/tanzanite/tanzanite-7x5-mm-aaa-quality
11,https://www.gempundit.com/gemstones/tanzanite/tanzanite-14x12-mm-aa-quality
12,https://www.gempundit.com/gemstones/tanzanite/tanzanite-12x10-mm-aa-quality
13,https://www.gempundit.com/gemstones/tanzanite/tanzanite-11x9-mm-aa-quality
14,https://www.gempundit.com/gemstones/tanzanite/tanzanite-10x8-mm-aa-quality
15,https://www.gempundit.com/gemstones/tanzanite/tanzanite-9x7-mm-aa-quality
16,https://www.gempundit.com/gemstones/tanzanite/tanzanite-8x6-mm-aa-quality
17,https://www.gempundit.com/gemstones/tanzanite/tanzanite-7x5-mm-aa-quality
18,https://www.gempundit.com/gemstones/tanzanite/tanzanite-14x12-mm-a-quality
19,https://www.gempundit.com/gemstones/tanzanite/tanzanite-12x10-mm-a-quality
20,https://www.gempundit.com/gemstones/tanzanite/tanzanite-11x9-mm-a-quality
21,https://www.gempundit.com/gemstones/tanzanite/tanzanite-10x8-mm-a-quality
22,https://www.gempundit.com/gemstones/tanzanite/tanzanite-9x7-mm-a-quality
23,https://www.gempundit.com/gemstones/tanzanite/tanzanite-8x6-mm-a-quality
24,https://www.gempundit.com/gemstones/tanzanite/tanzanite-7x5-mm-a-quality
25,https://www.gempundit.com/gemstones/tanzanite/tanzanite-gp88842
26,https://www.gempundit.com/gemstones/tanzanite/green-tanzanite-gp88818
27,https://www.gempundit.com/gemstones/tanzanite/peacock-tanzanite-gp88821
28,https://www.gempundit.com/gemstones/tanzanite/tanzanite-gp88843
29,https://www.gempundit.com/gemstones/tanzanite/tanzanite-gp88841
30,https://www.gempundit.com/gemstones/tanzanite/tanzanite-gp88840
31,https://www.gempundit.com/gemstones/tanzanite/green-tanzanite-gp88817
32,https://www.gempundit.com/gemstones/tanzanite/tanzanite-gp68784
33,https://www.gempundit.com/gemstones/tanzanite/green-tanzanite-gp88820
34,https://www.gempundit.com/gemstones/tanzanite/tanzanite-gp96515
35,https://www.gempundit.com/gemstones/tanzanite/tanzanite-gp88870
36,https://www.gempundit.com/gemstones/tanzanite/tanzanite-gp63878
37,https://www.gempundit.com/gemstones/tanzanite/tanzanite-gp63888
38,https://www.gempundit.com/gemstones/tanzanite/tanzanite-gp63882
39,https://www.gempundit.com/gemstones/tanzanite/tanzanite-gp63887
40,https://www.gempundit.com/gemstones/tanzanite/green-tanzanite-gp88816
41,https://www.gempundit.com/gemstones/tanzanite/tanzanite-gp63881
42,https://www.gempundit.com/gemstones/tanzanite/tanzanite-gp88853
43,https://www.gempundit.com/gemstones/tanzanite/tanzanite-gp29414
44,https://www.gempundit.com/gemstones/tanzanite/tanzanite-gp88894
45,https://www.gempundit.com/gemstones/tanzanite/tanzanite-gp63884
46,https://www.gempundit.com/gemstones/tanzanite/tanzanite-gp88836
47,https://www.gempundit.com/gemstones/tanzanite/tanzanite-gp93969
48,https://www.gempundit.com/gemstones/tanzanite/tanzanite-gp93970
49,https://www.gempundit.com/gemstones/tanzanite/tanzanite-14x12-mm-deluxe-quality
50,https://www.gempundit.com/gemstones/tanzanite/tanzanite-12x10-mm-deluxe-quality
51,https://www.gempundit.com/gemstones/tanzanite/tanzanite-11x9-mm-deluxe-quality
52,https://www.gempundit.com/gemstones/tanzanite/tanzanite-10x8-mm-deluxe-quality
53,https://www.gempundit.com/gemstones/tanzanite/tanzanite-14x12-mm-aaa-quality
54,https://www.gempundit.com/gemstones/tanzanite/tanzanite-12x10-mm-aaa-quality
55,https://www.gempundit.com/gemstones/tanzanite/tanzanite-11x9-mm-aaa-quality
56,https://www.gempundit.com/gemstones/tanzanite/tanzanite-10x8-mm-aaa-quality
57,https://www.gempundit.com/gemstones/tanzanite/tanzanite-9x7-mm-aaa-quality
58,https://www.gempundit.com/gemstones/tanzanite/tanzanite-8x6-mm-aaa-quality
59,https://www.gempundit.com/gemstones/tanzanite/tanzanite-7x5-mm-aaa-quality
60,https://www.gempundit.com/gemstones/tanzanite/tanzanite-14x12-mm-aa-quality
61,https://www.gempundit.com/gemstones/tanzanite/tanzanite-12x10-mm-aa-quality
62,https://www.gempundit.com/gemstones/tanzanite/tanzanite-11x9-mm-aa-quality
63,https://www.gempundit.com/gemstones/tanzanite/tanzanite-10x8-mm-aa-quality
64,https://www.gempundit.com/gemstones/tanzanite/tanzanite-9x7-mm-aa-quality
65,https://www.gempundit.com/gemstones/tanzanite/tanzanite-8x6-mm-aa-quality
66,https://www.gempundit.com/gemstones/tanzanite/tanzanite-7x5-mm-aa-quality
67,https://www.gempundit.com/gemstones/tanzanite/tanzanite-14x12-mm-a-quality
68,https://www.gempundit.com/gemstones/tanzanite/tanzanite-12x10-mm-a-quality
69,https://www.gempundit.com/gemstones/tanzanite/tanzanite-11x9-mm-a-quality
70,https://www.gempundit.com/gemstones/tanzanite/tanzanite-10x8-mm-a-quality
71,https://www.gempundit.com/gemstones/tanzanite/tanzanite-9x7-mm-a-quality
72,https://www.gempundit.com/gemstones/tanzanite/tanzanite-8x6-mm-a-quality
73,https://www.gempundit.com/gemstones/tanzanite/tanzanite-7x5-mm-a-quality
74,https://www.gempundit.com/gemstones/tanzanite/tanzanite-gp93968
75,https://www.gempundit.com/gemstones/tanzanite/tanzanite-gp93971
76,https://www.gempundit.com/gemstones/tanzanite/tanzanite-gp88837
77,https://www.gempundit.com/gemstones/tanzanite/green-tanzanite-gp88825
78,https://www.gempundit.com/gemstones/tanzanite/tanzanite-gp88834
79,https://www.gempundit.com/gemstones/tanzanite/tanzanite-gp88833
80,https://www.gempundit.com/gemstones/tanzanite/tanzanite-gp88891
81,https://www.gempundit.com/gemstones/tanzanite/tanzanite-gp93972
82,https://www.gempundit.com/gemstones/tanzanite/tanzanite-gp34507
83,https://www.gempundit.com/gemstones/tanzanite/tanzanite-gp96523
84,https://www.gempundit.com/gemstones/tanzanite/tanzanite-gp88872
85,https://www.gempundit.com/gemstones/tanzanite/green-tanzanite-gp88823
86,https://www.gempundit.com/gemstones/tanzanite/tanzanite-gp63894
87,https://www.gempundit.com/gemstones/tanzanite/tanzanite-gp63910
88,https://www.gempundit.com/gemstones/tanzanite/tanzanite-gp34524
89,https://www.gempundit.com/gemstones/tanzanite/peacock-tanzanite-gp88827
90,https://www.gempundit.com/gemstones/tanzanite/tanzanite-gp63911
91,https://www.gempundit.com/gemstones/tanzanite/tanzanite-gp88890
92,https://www.gempundit.com/gemstones/tanzanite/tanzanite-gp34510
93,https://www.gempundit.com/gemstones/tanzanite/tanzanite-gp34509
94,https://www.gempundit.com/gemstones/tanzanite/tanzanite-gp88832
95,https://www.gempundit.com/gemstones/tanzanite/tanzanite-gp63906
96,https://www.gempundit.com/gemstones/tanzanite/tanzanite-gp34511
97,https://www.gempundit.com/gemstones/tanzanite/tanzanite-gp96512
98,https://www.gempundit.com/gemstones/tanzanite/tanzanite-14x12-mm-deluxe-quality
99,https://www.gempundit.com/gemstones/tanzanite/tanzanite-12x10-mm-deluxe-quality
100,https://www.gempundit.com/gemstones/tanzanite/tanzanite-11x9-mm-deluxe-quality
101,https://www.gempundit.com/gemstones/tanzanite/tanzanite-10x8-mm-deluxe-quality
102,https://www.gempundit.com/gemstones/tanzanite/tanzanite-14x12-mm-aaa-quality
103,https://www.gempundit.com/gemstones/tanzanite/tanzanite-12x10-mm-aaa-quality
104,https://www.gempundit.com/gemstones/tanzanite/tanzanite-11x9-mm-aaa-quality
105,https://www.gempundit.com/gemstones/tanzanite/tanzanite-10x8-mm-aaa-quality
106,https://www.gempundit.com/gemstones/tanzanite/tanzanite-9x7-mm-aaa-quality
107,https://www.gempundit.com/gemstones/tanzanite/tanzanite-8x6-mm-aaa-quality
108,https://www.gempundit.com/gemstones/tanzanite/tanzanite-7x5-mm-aaa-quality
109,https://www.gempundit.com/gemstones/tanzanite/tanzanite-14x12-mm-aa-quality
110,https://www.gempundit.com/gemstones/tanzanite/tanzanite-12x10-mm-aa-quality
111,https://www.gempundit.com/gemstones/tanzanite/tanzanite-11x9-mm-aa-quality
112,https://www.gempundit.com/gemstones/tanzanite/tanzanite-10x8-mm-aa-quality
113,https://www.gempundit.com/gemstones/tanzanite/tanzanite-9x7-mm-aa-quality
114,https://www.gempundit.com/gemstones/tanzanite/tanzanite-8x6-mm-aa-quality
115,https://www.gempundit.com/gemstones/tanzanite/tanzanite-7x5-mm-aa-quality
116,https://www.gempundit.com/gemstones/tanzanite/tanzanite-14x12-mm-a-quality
117,https://www.gempundit.com/gemstones/tanzanite/tanzanite-12x10-mm-a-quality
118,https://www.gempundit.com/gemstones/tanzanite/tanzanite-11x9-mm-a-quality
119,https://www.gempundit.com/gemstones/tanzanite/tanzanite-10x8-mm-a-quality
120,https://www.gempundit.com/gemstones/tanzanite/tanzanite-9x7-mm-a-quality
121,https://www.gempundit.com/gemstones/tanzanite/tanzanite-8x6-mm-a-quality
122,https://www.gempundit.com/gemstones/tanzanite/tanzanite-7x5-mm-a-quality
123,https://www.gempundit.com/gemstones/tanzanite/tanzanite-gp34513
124,https://www.gempundit.com/gemstones/tanzanite/tanzanite-gp93973
125,https://www.gempundit.com/gemstones/tanzanite/tanzanite-gp34512
126,https://www.gempundit.com/gemstones/tanzanite/tanzanite-gp34516
127,https://www.gempundit.com/gemstones/tanzanite/tanzanite-gp34515
128,https://www.gempundit.com/gemstones/tanzanite/tanzanite-gp34514
129,https://www.gempundit.com/gemstones/tanzanite/tanzanite-gp63904
130,https://www.gempundit.com/gemstones/tanzanite/tanzanite-gp34517
131,https://www.gempundit.com/gemstones/tanzanite/tanzanite-gp34518
132,https://www.gempundit.com/gemstones/tanzanite/tanzanite-gp63893
133,https://www.gempundit.com/gemstones/tanzanite/tanzanite-gp34506
134,https://www.gempundit.com/gemstones/tanzanite/tanzanite-gp88888
135,https://www.gempundit.com/gemstones/tanzanite/tanzanite-gp93974
136,https://www.gempundit.com/gemstones/tanzanite/tanzanite-gp96511
137,https://www.gempundit.com/gemstones/tanzanite/tanzanite-gp34527
138,https://www.gempundit.com/gemstones/tanzanite/tanzanite-gp34520
139,https://www.gempundit.com/gemstones/tanzanite/tanzanite-gp34519
140,https://www.gempundit.com/gemstones/tanzanite/peacock-tanzanite-gp88811
141,https://www.gempundit.com/gemstones/tanzanite/tanzanite-gp34528
142,https://www.gempundit.com/gemstones/tanzanite/tanzanite-gp34521
143,https://www.gempundit.com/gemstones/tanzanite/tanzanite-gp93975
144,https://www.gempundit.com/gemstones/tanzanite/tanzanite-gp34522
145,https://www.gempundit.com/gemstones/tanzanite/tanzanite-gp88838
146,https://www.gempundit.com/gemstones/tanzanite/tanzanite-gp29412
147,https://www.gempundit.com/gemstones/tanzanite/tanzanite-14x12-mm-deluxe-quality
148,https://www.gempundit.com/gemstones/tanzanite/tanzanite-12x10-mm-deluxe-quality
149,https://www.gempundit.com/gemstones/tanzanite/tanzanite-11x9-mm-deluxe-quality
150,https://www.gempundit.com/gemstones/tanzanite/tanzanite-10x8-mm-deluxe-quality
151,https://www.gempundit.com/gemstones/tanzanite/tanzanite-14x12-mm-aaa-quality
152,https://www.gempundit.com/gemstones/tanzanite/tanzanite-12x10-mm-aaa-quality
153,https://www.gempundit.com/gemstones/tanzanite/tanzanite-11x9-mm-aaa-quality
154,https://www.gempundit.com/gemstones/tanzanite/tanzanite-10x8-mm-aaa-quality
155,https://www.gempundit.com/gemstones/tanzanite/tanzanite-9x7-mm-aaa-quality
156,https://www.gempundit.com/gemstones/tanzanite/tanzanite-8x6-mm-aaa-quality
157,https://www.gempundit.com/gemstones/tanzanite/tanzanite-7x5-mm-aaa-quality
158,https://www.gempundit.com/gemstones/tanzanite/tanzanite-14x12-mm-aa-quality
159,https://www.gempundit.com/gemstones/tanzanite/tanzanite-12x10-mm-aa-quality
160,https://www.gempundit.com/gemstones/tanzanite/tanzanite-11x9-mm-aa-quality
161,https://www.gempundit.com/gemstones/tanzanite/tanzanite-10x8-mm-aa-quality
162,https://www.gempundit.com/gemstones/tanzanite/tanzanite-9x7-mm-aa-quality
163,https://www.gempundit.com/gemstones/tanzanite/tanzanite-8x6-mm-aa-quality
164,https://www.gempundit.com/gemstones/tanzanite/tanzanite-7x5-mm-aa-quality
165,https://www.gempundit.com/gemstones/tanzanite/tanzanite-14x12-mm-a-quality
166,https://www.gempundit.com/gemstones/tanzanite/tanzanite-12x10-mm-a-quality
167,https://www.gempundit.com/gemstones/tanzanite/tanzanite-11x9-mm-a-quality
168,https://www.gempundit.com/gemstones/tanzanite/tanzanite-10x8-mm-a-quality
169,https://www.gempundit.com/gemstones/tanzanite/tanzanite-9x7-mm-a-quality
170,https://www.gempundit.com/gemstones/tanzanite/tanzanite-8x6-mm-a-quality
171,https://www.gempundit.com/gemstones/tanzanite/tanzanite-7x5-mm-a-quality
172,https://www.gempundit.com/gemstones/tanzanite/tanzanite-gp88889
173,https://www.gempundit.com/gemstones/tanzanite/tanzanite-gp63901
174,https://www.gempundit.com/gemstones/tanzanite/tanzanite-gp29419
175,https://www.gempundit.com/gemstones/tanzanite/tanzanite-gp88877
176,https://www.gempundit.com/gemstones/tanzanite/tanzanite-gp63913
177,https://www.gempundit.com/gemstones/tanzanite/tanzanite-gp29418
178,https://www.gempundit.com/gemstones/tanzanite/tanzanite-gp88878
179,https://www.gempundit.com/gemstones/tanzanite/tanzanite-gp72053
180,https://www.gempundit.com/gemstones/tanzanite/tanzanite-gp72054
181,https://www.gempundit.com/gemstones/tanzanite/green-tanzanite-gp88813
182,https://www.gempundit.com/gemstones/tanzanite/tanzanite-gp96514
183,https://www.gempundit.com/gemstones/tanzanite/tanzanite-gp72055
184,https://www.gempundit.com/gemstones/tanzanite/tanzanite-gp12412
185,https://www.gempundit.com/gemstones/tanzanite/tanzanite-gp88850
186,https://www.gempundit.com/gemstones/tanzanite/tanzanite-gp88829
187,https://www.gempundit.com/gemstones/tanzanite/tanzanite-gp29417
188,https://www.gempundit.com/gemstones/tanzanite/tanzanite-gp96524
189,https://www.gempundit.com/gemstones/tanzanite/tanzanite-gp68796
190,https://www.gempundit.com/gemstones/tanzanite/tanzanite-gp29413
191,https://www.gempundit.com/gemstones/tanzanite/tanzanite-gp88851
192,https://www.gempundit.com/gemstones/tanzanite/tanzanite-gp14660
193,https://www.gempundit.com/gemstones/tanzanite/tanzanite-gp63914
194,https://www.gempundit.com/gemstones/tanzanite/tanzanite-gp88880
195,https://www.gempundit.com/gemstones/tanzanite/tanzanite-gp96522
196,https://www.gempundit.com/gemstones/tanzanite/tanzanite-14x12-mm-deluxe-quality
197,https://www.gempundit.com/gemstones/tanzanite/tanzanite-12x10-mm-deluxe-quality
198,https://www.gempundit.com/gemstones/tanzanite/tanzanite-11x9-mm-deluxe-quality
199,https://www.gempundit.com/gemstones/tanzanite/tanzanite-10x8-mm-deluxe-quality
200,https://www.gempundit.com/gemstones/tanzanite/tanzanite-14x12-mm-aaa-quality
201,https://www.gempundit.com/gemstones/tanzanite/tanzanite-12x10-mm-aaa-quality
202,https://www.gempundit.com/gemstones/tanzanite/tanzanite-11x9-mm-aaa-quality
203,https://www.gempundit.com/gemstones/tanzanite/tanzanite-10x8-mm-aaa-quality
204,https://www.gempundit.com/gemstones/tanzanite/tanzanite-9x7-mm-aaa-quality
205,https://www.gempundit.com/gemstones/tanzanite/tanzanite-8x6-mm-aaa-quality
206,https://www.gempundit.com/gemstones/tanzanite/tanzanite-7x5-mm-aaa-quality
207,https://www.gempundit.com/gemstones/tanzanite/tanzanite-14x12-mm-aa-quality
208,https://www.gempundit.com/gemstones/tanzanite/tanzanite-12x10-mm-aa-quality
209,https://www.gempundit.com/gemstones/tanzanite/tanzanite-11x9-mm-aa-quality
210,https://www.gempundit.com/gemstones/tanzanite/tanzanite-10x8-mm-aa-quality
211,https://www.gempundit.com/gemstones/tanzanite/tanzanite-9x7-mm-aa-quality
212,https://www.gempundit.com/gemstones/tanzanite/tanzanite-8x6-mm-aa-quality
213,https://www.gempundit.com/gemstones/tanzanite/tanzanite-7x5-mm-aa-quality
214,https://www.gempundit.com/gemstones/tanzanite/tanzanite-14x12-mm-a-quality
215,https://www.gempundit.com/gemstones/tanzanite/tanzanite-12x10-mm-a-quality
216,https://www.gempundit.com/gemstones/tanzanite/tanzanite-11x9-mm-a-quality
217,https://www.gempundit.com/gemstones/tanzanite/tanzanite-10x8-mm-a-quality
218,https://www.gempundit.com/gemstones/tanzanite/tanzanite-9x7-mm-a-quality
219,https://www.gempundit.com/gemstones/tanzanite/tanzanite-8x6-mm-a-quality
220,https://www.gempundit.com/gemstones/tanzanite/tanzanite-7x5-mm-a-quality
221,https://www.gempundit.com/gemstones/tanzanite/tanzanite-gp93999
222,https://www.gempundit.com/gemstones/tanzanite/tanzanite-gp12413
223,https://www.gempundit.com/gemstones/tanzanite/tanzanite-gp63915
224,https://www.gempundit.com/gemstones/tanzanite/tanzanite-gp29416
225,https://www.gempundit.com/gemstones/tanzanite/tanzanite-gp88828
226,https://www.gempundit.com/gemstones/tanzanite/tanzanite-gp90624
227,https://www.gempundit.com/gemstones/tanzanite/tanzanite-gp72056
228,https://www.gempundit.com/gemstones/tanzanite/tanzanite-gp90622
229,https://www.gempundit.com/gemstones/tanzanite/tanzanite-gp88883
230,https://www.gempundit.com/gemstones/tanzanite/tanzanite-gp72069
231,https://www.gempundit.com/gemstones/tanzanite/tanzanite-gp88881
232,https://www.gempundit.com/gemstones/tanzanite/tanzanite-gp90620
233,https://www.gempundit.com/gemstones/tanzanite/tanzanite-gp72245
234,https://www.gempundit.com/gemstones/tanzanite/tanzanite-gp12414
235,https://www.gempundit.com/gemstones/tanzanite/tanzanite-gp90625
236,https://www.gempundit.com/gemstones/tanzanite/tanzanite-gp72048
237,https://www.gempundit.com/gemstones/tanzanite/tanzanite-gp72049
238,https://www.gempundit.com/gemstones/tanzanite/tanzanite-gp72050
239,https://www.gempundit.com/gemstones/tanzanite/tanzanite-gp90621
240,https://www.gempundit.com/gemstones/tanzanite/tanzanite-gp96310
241,https://www.gempundit.com/gemstones/tanzanite/tanzanite-gp96311
242,https://www.gempundit.com/gemstones/tanzanite/tanzanite-gp96309
243,https://www.gempundit.com/gemstones/tanzanite/tanzanite-gp96308
