,Topaz
0,https://www.gempundit.com/gemstones/topaz/london-blue-topaz-aaa-grade
1,https://www.gempundit.com/gemstones/topaz/swiss-blue-topaz-aaa-grade
2,https://www.gempundit.com/gemstones/topaz/pink-topaz-gp88956
3,https://www.gempundit.com/gemstones/topaz/pink-topaz-gp88957
4,https://www.gempundit.com/gemstones/topaz/pink-topaz-gp88954
5,https://www.gempundit.com/gemstones/topaz/pink-topaz-gp88955
6,https://www.gempundit.com/gemstones/topaz/golden-topaz-gp99157
7,https://www.gempundit.com/gemstones/topaz/pink-topaz-gp99161
8,https://www.gempundit.com/gemstones/topaz/golden-topaz-gp99123
9,https://www.gempundit.com/gemstones/topaz/pink-topaz-gp99160
10,https://www.gempundit.com/gemstones/topaz/pink-topaz-gp99162
11,https://www.gempundit.com/gemstones/topaz/pink-topaz-gp82107
12,https://www.gempundit.com/gemstones/topaz/pink-topaz-gp82104
13,https://www.gempundit.com/gemstones/topaz/topaz-gp103337
14,https://www.gempundit.com/gemstones/topaz/golden-topaz-gp99103
15,https://www.gempundit.com/gemstones/topaz/pink-topaz-gp82108
16,https://www.gempundit.com/gemstones/topaz/pink-topaz-gp82105
17,https://www.gempundit.com/gemstones/topaz/golden-topaz-gp99165
18,https://www.gempundit.com/gemstones/topaz/golden-topaz-gp99154
19,https://www.gempundit.com/gemstones/topaz/golden-topaz-gp99107
20,https://www.gempundit.com/gemstones/topaz/pink-topaz-gp82106
21,https://www.gempundit.com/gemstones/topaz/golden-topaz-gp99111
22,https://www.gempundit.com/gemstones/topaz/golden-topaz-gp99156
23,https://www.gempundit.com/gemstones/topaz/golden-topaz-gp99118
24,https://www.gempundit.com/gemstones/topaz/golden-topaz-gp99167
25,https://www.gempundit.com/gemstones/topaz/golden-topaz-gp99166
26,https://www.gempundit.com/gemstones/topaz/london-blue-topaz-aaa-grade
27,https://www.gempundit.com/gemstones/topaz/swiss-blue-topaz-aaa-grade
28,https://www.gempundit.com/gemstones/topaz/golden-topaz-gp99153
29,https://www.gempundit.com/gemstones/topaz/golden-topaz-gp99109
30,https://www.gempundit.com/gemstones/topaz/golden-topaz-gp99151
31,https://www.gempundit.com/gemstones/topaz/golden-topaz-gp99106
32,https://www.gempundit.com/gemstones/topaz/golden-topaz-gp99110
33,https://www.gempundit.com/gemstones/topaz/golden-topaz-gp99105
34,https://www.gempundit.com/gemstones/topaz/golden-topaz-gp99104
35,https://www.gempundit.com/gemstones/topaz/golden-topaz-gp99108
36,https://www.gempundit.com/gemstones/topaz/golden-topaz-gp99129
37,https://www.gempundit.com/gemstones/topaz/golden-topaz-gp99134
38,https://www.gempundit.com/gemstones/topaz/golden-topaz-gp99124
39,https://www.gempundit.com/gemstones/topaz/golden-topaz-gp99155
40,https://www.gempundit.com/gemstones/topaz/golden-topaz-gp99133
41,https://www.gempundit.com/gemstones/topaz/golden-topaz-gp99121
42,https://www.gempundit.com/gemstones/topaz/golden-topaz-gp99101
43,https://www.gempundit.com/gemstones/topaz/blue-topaz-gp93383
44,https://www.gempundit.com/gemstones/topaz/pink-topaz-gp88959
45,https://www.gempundit.com/gemstones/topaz/golden-topaz-gp99141
46,https://www.gempundit.com/gemstones/topaz/golden-topaz-gp99138
47,https://www.gempundit.com/gemstones/topaz/golden-topaz-gp99130
48,https://www.gempundit.com/gemstones/topaz/golden-topaz-gp99126
49,https://www.gempundit.com/gemstones/topaz/golden-topaz-gp99143
50,https://www.gempundit.com/gemstones/topaz/golden-topaz-gp99102
51,https://www.gempundit.com/gemstones/topaz/golden-topaz-gp99152
52,https://www.gempundit.com/gemstones/topaz/london-blue-topaz-aaa-grade
53,https://www.gempundit.com/gemstones/topaz/swiss-blue-topaz-aaa-grade
54,https://www.gempundit.com/gemstones/topaz/golden-topaz-gp99095
55,https://www.gempundit.com/gemstones/topaz/pink-topaz-gp88960
56,https://www.gempundit.com/gemstones/topaz/pink-topaz-gp88958
57,https://www.gempundit.com/gemstones/topaz/golden-topaz-gp99158
58,https://www.gempundit.com/gemstones/topaz/golden-topaz-gp99115
59,https://www.gempundit.com/gemstones/topaz/golden-topaz-gp99144
60,https://www.gempundit.com/gemstones/topaz/golden-topaz-gp99142
61,https://www.gempundit.com/gemstones/topaz/golden-topaz-gp99132
62,https://www.gempundit.com/gemstones/topaz/golden-topaz-gp99097
63,https://www.gempundit.com/gemstones/topaz/golden-topaz-gp99128
64,https://www.gempundit.com/gemstones/topaz/golden-topaz-gp99089
65,https://www.gempundit.com/gemstones/topaz/golden-topaz-gp88963
66,https://www.gempundit.com/gemstones/topaz/golden-topaz-gp99116
67,https://www.gempundit.com/gemstones/topaz/golden-topaz-gp88947
68,https://www.gempundit.com/gemstones/topaz/pink-topaz-gp82043
69,https://www.gempundit.com/gemstones/topaz/golden-topaz-gp99119
70,https://www.gempundit.com/gemstones/topaz/golden-topaz-gp99150
71,https://www.gempundit.com/gemstones/topaz/golden-topaz-gp99136
72,https://www.gempundit.com/gemstones/topaz/golden-topaz-gp99169
73,https://www.gempundit.com/gemstones/topaz/golden-topaz-gp99099
74,https://www.gempundit.com/gemstones/topaz/golden-topaz-gp99131
75,https://www.gempundit.com/gemstones/topaz/golden-topaz-gp99088
76,https://www.gempundit.com/gemstones/topaz/golden-topaz-gp99140
77,https://www.gempundit.com/gemstones/topaz/golden-topaz-gp99125
78,https://www.gempundit.com/gemstones/topaz/london-blue-topaz-aaa-grade
79,https://www.gempundit.com/gemstones/topaz/swiss-blue-topaz-aaa-grade
80,https://www.gempundit.com/gemstones/topaz/pink-topaz-gp82099
81,https://www.gempundit.com/gemstones/topaz/golden-topaz-gp99100
82,https://www.gempundit.com/gemstones/topaz/pink-topaz-gp82041
83,https://www.gempundit.com/gemstones/topaz/pink-topaz-gp82062
84,https://www.gempundit.com/gemstones/topaz/golden-topaz-gp99149
85,https://www.gempundit.com/gemstones/topaz/pink-topaz-gp82039
86,https://www.gempundit.com/gemstones/topaz/golden-topaz-gp99137
87,https://www.gempundit.com/gemstones/topaz/topaz-gp99120
88,https://www.gempundit.com/gemstones/topaz/pink-topaz-gp82040
89,https://www.gempundit.com/gemstones/topaz/golden-topaz-gp99170
90,https://www.gempundit.com/gemstones/topaz/golden-topaz-gp99127
91,https://www.gempundit.com/gemstones/topaz/golden-topaz-gp99094
92,https://www.gempundit.com/gemstones/topaz/golden-topaz-gp99091
93,https://www.gempundit.com/gemstones/topaz/golden-topaz-gp99090
94,https://www.gempundit.com/gemstones/topaz/golden-topaz-gp88966
95,https://www.gempundit.com/gemstones/topaz/pink-topaz-gp82103
96,https://www.gempundit.com/gemstones/topaz/golden-topaz-gp99122
97,https://www.gempundit.com/gemstones/topaz/golden-topaz-gp88967
98,https://www.gempundit.com/gemstones/topaz/golden-topaz-gp88951
99,https://www.gempundit.com/gemstones/topaz/golden-topaz-gp88946
100,https://www.gempundit.com/gemstones/topaz/pink-topaz-gp82102
101,https://www.gempundit.com/gemstones/topaz/topaz-gp103336
102,https://www.gempundit.com/gemstones/topaz/golden-topaz-gp99164
103,https://www.gempundit.com/gemstones/topaz/golden-topaz-gp99087
104,https://www.gempundit.com/gemstones/topaz/london-blue-topaz-aaa-grade
105,https://www.gempundit.com/gemstones/topaz/swiss-blue-topaz-aaa-grade
106,https://www.gempundit.com/gemstones/topaz/pink-topaz-gp88969
107,https://www.gempundit.com/gemstones/topaz/golden-topaz-gp99113
108,https://www.gempundit.com/gemstones/topaz/golden-topaz-gp99096
109,https://www.gempundit.com/gemstones/topaz/golden-topaz-gp88964
110,https://www.gempundit.com/gemstones/topaz/blue-topaz-gp19254
111,https://www.gempundit.com/gemstones/topaz/golden-topaz-gp99171
112,https://www.gempundit.com/gemstones/topaz/blue-topaz-gp81839
113,https://www.gempundit.com/gemstones/topaz/pink-topaz-gp88970
114,https://www.gempundit.com/gemstones/topaz/blue-topaz-gp81841
115,https://www.gempundit.com/gemstones/topaz/pink-topaz-gp82101
116,https://www.gempundit.com/gemstones/topaz/pink-topaz-gp82060
117,https://www.gempundit.com/gemstones/topaz/golden-topaz-gp99147
118,https://www.gempundit.com/gemstones/topaz/pink-topaz-gp82100
119,https://www.gempundit.com/gemstones/topaz/blue-topaz-gp81848
120,https://www.gempundit.com/gemstones/topaz/golden-topaz-gp99114
121,https://www.gempundit.com/gemstones/topaz/pink-topaz-gp82059
122,https://www.gempundit.com/gemstones/topaz/golden-topaz-gp99093
123,https://www.gempundit.com/gemstones/topaz/blue-topaz-gp81827
124,https://www.gempundit.com/gemstones/topaz/blue-topaz-gp81825
125,https://www.gempundit.com/gemstones/topaz/golden-topaz-gp88945
126,https://www.gempundit.com/gemstones/topaz/pink-topaz-gp82011
127,https://www.gempundit.com/gemstones/topaz/blue-topaz-gp81838
128,https://www.gempundit.com/gemstones/topaz/golden-topaz-gp99148
129,https://www.gempundit.com/gemstones/topaz/golden-topaz-gp99086
130,https://www.gempundit.com/gemstones/topaz/london-blue-topaz-aaa-grade
131,https://www.gempundit.com/gemstones/topaz/swiss-blue-topaz-aaa-grade
132,https://www.gempundit.com/gemstones/topaz/golden-topaz-gp99135
133,https://www.gempundit.com/gemstones/topaz/pink-topaz-gp82066
134,https://www.gempundit.com/gemstones/topaz/pink-topaz-gp82010
135,https://www.gempundit.com/gemstones/topaz/pink-topaz-gp82064
136,https://www.gempundit.com/gemstones/topaz/golden-topaz-gp99117
137,https://www.gempundit.com/gemstones/topaz/pink-topaz-gp82067
138,https://www.gempundit.com/gemstones/topaz/blue-topaz-gp81832
139,https://www.gempundit.com/gemstones/topaz/blue-topaz-gp81677
140,https://www.gempundit.com/gemstones/topaz/golden-topaz-gp99098
141,https://www.gempundit.com/gemstones/topaz/blue-topaz-gp81850
142,https://www.gempundit.com/gemstones/topaz/white-topaz-gp19316
143,https://www.gempundit.com/gemstones/topaz/pink-topaz-gp82084
144,https://www.gempundit.com/gemstones/topaz/golden-topaz-gp99145
145,https://www.gempundit.com/gemstones/topaz/blue-topaz-gp81713
146,https://www.gempundit.com/gemstones/topaz/blue-topaz-gp81826
147,https://www.gempundit.com/gemstones/topaz/blue-topaz-gp81683
148,https://www.gempundit.com/gemstones/topaz/pink-topaz-gp82065
149,https://www.gempundit.com/gemstones/topaz/blue-topaz-gp81692
150,https://www.gempundit.com/gemstones/topaz/blue-topaz-gp81672
151,https://www.gempundit.com/gemstones/topaz/blue-topaz-gp81702
152,https://www.gempundit.com/gemstones/topaz/golden-topaz-gp99146
153,https://www.gempundit.com/gemstones/topaz/blue-topaz-gp81691
154,https://www.gempundit.com/gemstones/topaz/pink-topaz-gp82068
155,https://www.gempundit.com/gemstones/topaz/pink-topaz-gp82038
156,https://www.gempundit.com/gemstones/topaz/london-blue-topaz-aaa-grade
157,https://www.gempundit.com/gemstones/topaz/swiss-blue-topaz-aaa-grade
158,https://www.gempundit.com/gemstones/topaz/golden-topaz-gp99112
159,https://www.gempundit.com/gemstones/topaz/golden-topaz-gp88943
160,https://www.gempundit.com/gemstones/topaz/blue-topaz-gp81714
161,https://www.gempundit.com/gemstones/topaz/blue-topaz-gp81688
162,https://www.gempundit.com/gemstones/topaz/golden-topaz-gp88944
163,https://www.gempundit.com/gemstones/topaz/blue-topaz-gp81703
164,https://www.gempundit.com/gemstones/topaz/blue-topaz-gp81686
165,https://www.gempundit.com/gemstones/topaz/blue-topaz-gp81696
166,https://www.gempundit.com/gemstones/topaz/blue-topaz-gp103331
167,https://www.gempundit.com/gemstones/topaz/golden-topaz-gp99092
168,https://www.gempundit.com/gemstones/topaz/blue-topaz-gp81712
169,https://www.gempundit.com/gemstones/topaz/blue-topaz-gp81693
170,https://www.gempundit.com/gemstones/topaz/blue-topaz-gp81698
171,https://www.gempundit.com/gemstones/topaz/blue-topaz-gp81709
172,https://www.gempundit.com/gemstones/topaz/blue-topaz-gp81801
173,https://www.gempundit.com/gemstones/topaz/blue-topaz-gp81701
174,https://www.gempundit.com/gemstones/topaz/blue-topaz-gp81675
175,https://www.gempundit.com/gemstones/topaz/blue-topaz-gp81700
176,https://www.gempundit.com/gemstones/topaz/blue-topaz-gp81699
177,https://www.gempundit.com/gemstones/topaz/blue-topaz-gp81706
178,https://www.gempundit.com/gemstones/topaz/blue-topaz-gp81806
179,https://www.gempundit.com/gemstones/topaz/blue-topaz-gp81695
180,https://www.gempundit.com/gemstones/topaz/golden-topaz-gp99168
181,https://www.gempundit.com/gemstones/topaz/blue-topaz-gp81813
182,https://www.gempundit.com/gemstones/topaz/london-blue-topaz-aaa-grade
183,https://www.gempundit.com/gemstones/topaz/swiss-blue-topaz-aaa-grade
184,https://www.gempundit.com/gemstones/topaz/pink-topaz-gp81994
185,https://www.gempundit.com/gemstones/topaz/pink-topaz-gp82095
186,https://www.gempundit.com/gemstones/topaz/pink-topaz-gp81996
187,https://www.gempundit.com/gemstones/topaz/pink-topaz-gp82035
188,https://www.gempundit.com/gemstones/topaz/blue-topaz-gp81710
189,https://www.gempundit.com/gemstones/topaz/blue-topaz-gp81678
190,https://www.gempundit.com/gemstones/topaz/blue-topaz-gp81708
191,https://www.gempundit.com/gemstones/topaz/blue-topaz-gp81680
192,https://www.gempundit.com/gemstones/topaz/blue-topaz-gp81711
193,https://www.gempundit.com/gemstones/topaz/blue-topaz-gp81707
194,https://www.gempundit.com/gemstones/topaz/blue-topaz-gp81687
195,https://www.gempundit.com/gemstones/topaz/pink-topaz-gp82094
196,https://www.gempundit.com/gemstones/topaz/blue-topaz-gp81682
197,https://www.gempundit.com/gemstones/topaz/blue-topaz-gp81704
198,https://www.gempundit.com/gemstones/topaz/pink-topaz-gp82080
199,https://www.gempundit.com/gemstones/topaz/pink-topaz-gp82098
200,https://www.gempundit.com/gemstones/topaz/pink-topaz-gp82048
201,https://www.gempundit.com/gemstones/topaz/pink-topaz-gp82036
202,https://www.gempundit.com/gemstones/topaz/blue-topaz-gp81705
203,https://www.gempundit.com/gemstones/topaz/blue-topaz-gp81822
204,https://www.gempundit.com/gemstones/topaz/blue-topaz-gp81689
205,https://www.gempundit.com/gemstones/topaz/pink-topaz-gp82096
206,https://www.gempundit.com/gemstones/topaz/blue-topaz-gp81684
207,https://www.gempundit.com/gemstones/topaz/blue-topaz-gp81671
208,https://www.gempundit.com/gemstones/topaz/london-blue-topaz-aaa-grade
209,https://www.gempundit.com/gemstones/topaz/swiss-blue-topaz-aaa-grade
210,https://www.gempundit.com/gemstones/topaz/golden-topaz-gp99139
211,https://www.gempundit.com/gemstones/topaz/blue-topaz-gp81803
212,https://www.gempundit.com/gemstones/topaz/blue-topaz-gp81799
213,https://www.gempundit.com/gemstones/topaz/blue-topaz-gp81694
214,https://www.gempundit.com/gemstones/topaz/blue-topaz-gp81676
215,https://www.gempundit.com/gemstones/topaz/blue-topaz-gp81685
216,https://www.gempundit.com/gemstones/topaz/pink-topaz-gp82046
217,https://www.gempundit.com/gemstones/topaz/pink-topaz-gp82044
218,https://www.gempundit.com/gemstones/topaz/blue-topaz-gp81681
219,https://www.gempundit.com/gemstones/topaz/blue-topaz-gp81817
220,https://www.gempundit.com/gemstones/topaz/blue-topaz-gp81802
221,https://www.gempundit.com/gemstones/topaz/blue-topaz-gp81814
222,https://www.gempundit.com/gemstones/topaz/blue-topaz-gp81697
223,https://www.gempundit.com/gemstones/topaz/pink-topaz-gp81998
224,https://www.gempundit.com/gemstones/topaz/pink-topaz-gp82097
225,https://www.gempundit.com/gemstones/topaz/blue-topaz-gp81690
226,https://www.gempundit.com/gemstones/topaz/pink-topaz-gp82047
227,https://www.gempundit.com/gemstones/topaz/blue-topaz-gp81674
228,https://www.gempundit.com/gemstones/topaz/golden-topaz-gp99159
229,https://www.gempundit.com/gemstones/topaz/blue-topaz-gp81812
230,https://www.gempundit.com/gemstones/topaz/blue-topaz-gp81804
231,https://www.gempundit.com/gemstones/topaz/blue-topaz-gp81819
232,https://www.gempundit.com/gemstones/topaz/blue-topaz-gp81820
233,https://www.gempundit.com/gemstones/topaz/blue-topaz-gp81821
234,https://www.gempundit.com/gemstones/topaz/london-blue-topaz-aaa-grade
235,https://www.gempundit.com/gemstones/topaz/swiss-blue-topaz-aaa-grade
236,https://www.gempundit.com/gemstones/topaz/blue-topaz-gp81673
237,https://www.gempundit.com/gemstones/topaz/white-topaz-gp19317
238,https://www.gempundit.com/gemstones/topaz/pink-topaz-gp88962
239,https://www.gempundit.com/gemstones/topaz/pink-topaz-gp82045
240,https://www.gempundit.com/gemstones/topaz/blue-topaz-gp81818
241,https://www.gempundit.com/gemstones/topaz/blue-topaz-gp81808
242,https://www.gempundit.com/gemstones/topaz/blue-topaz-gp81657
243,https://www.gempundit.com/gemstones/topaz/blue-topaz-gp81815
244,https://www.gempundit.com/gemstones/topaz/white-topaz-gp19306
245,https://www.gempundit.com/gemstones/topaz/blue-topaz-gp81811
246,https://www.gempundit.com/gemstones/topaz/pink-topaz-gp56700
247,https://www.gempundit.com/gemstones/topaz/blue-topaz-gp81654
248,https://www.gempundit.com/gemstones/topaz/white-topaz-gp19283
249,https://www.gempundit.com/gemstones/topaz/blue-topaz-gp81668
250,https://www.gempundit.com/gemstones/topaz/blue-topaz-gp81782
251,https://www.gempundit.com/gemstones/topaz/blue-topaz-gp81645
252,https://www.gempundit.com/gemstones/topaz/blue-topaz-gp81651
253,https://www.gempundit.com/gemstones/topaz/blue-topaz-gp81800
254,https://www.gempundit.com/gemstones/topaz/golden-topaz-gp88952
255,https://www.gempundit.com/gemstones/topaz/blue-topaz-gp81816
256,https://www.gempundit.com/gemstones/topaz/blue-topaz-gp22935
257,https://www.gempundit.com/gemstones/topaz/blue-topaz-gp22948
258,https://www.gempundit.com/gemstones/topaz/blue-topaz-gp81648
259,https://www.gempundit.com/gemstones/topaz/pink-topaz-gp81990
260,https://www.gempundit.com/gemstones/topaz/london-blue-topaz-aaa-grade
261,https://www.gempundit.com/gemstones/topaz/swiss-blue-topaz-aaa-grade
262,https://www.gempundit.com/gemstones/topaz/blue-topaz-gp56544
263,https://www.gempundit.com/gemstones/topaz/blue-topaz-gp81661
264,https://www.gempundit.com/gemstones/topaz/blue-topaz-gp81670
265,https://www.gempundit.com/gemstones/topaz/blue-topaz-gp56552
266,https://www.gempundit.com/gemstones/topaz/blue-topaz-gp22928
267,https://www.gempundit.com/gemstones/topaz/blue-topaz-gp81656
268,https://www.gempundit.com/gemstones/topaz/blue-topaz-gp81658
269,https://www.gempundit.com/gemstones/topaz/blue-topaz-gp81662
270,https://www.gempundit.com/gemstones/topaz/blue-topaz-gp81653
271,https://www.gempundit.com/gemstones/topaz/pink-topaz-gp81993
272,https://www.gempundit.com/gemstones/topaz/blue-topaz-gp81664
273,https://www.gempundit.com/gemstones/topaz/blue-topaz-gp22943
274,https://www.gempundit.com/gemstones/topaz/pink-topaz-gp81991
275,https://www.gempundit.com/gemstones/topaz/blue-topaz-gp81659
276,https://www.gempundit.com/gemstones/topaz/pink-topaz-gp82029
277,https://www.gempundit.com/gemstones/topaz/blue-topaz-gp56540
278,https://www.gempundit.com/gemstones/topaz/white-topaz-gp83456
279,https://www.gempundit.com/gemstones/topaz/blue-topaz-gp81665
280,https://www.gempundit.com/gemstones/topaz/blue-topaz-gp56550
281,https://www.gempundit.com/gemstones/topaz/white-topaz-gp83421
282,https://www.gempundit.com/gemstones/topaz/blue-topaz-gp81669
283,https://www.gempundit.com/gemstones/topaz/white-topaz-gp83422
284,https://www.gempundit.com/gemstones/topaz/white-topaz-gp83457
285,https://www.gempundit.com/gemstones/topaz/blue-topaz-gp56541
286,https://www.gempundit.com/gemstones/topaz/london-blue-topaz-aaa-grade
287,https://www.gempundit.com/gemstones/topaz/swiss-blue-topaz-aaa-grade
288,https://www.gempundit.com/gemstones/topaz/blue-topaz-gp81667
289,https://www.gempundit.com/gemstones/topaz/blue-topaz-gp81646
290,https://www.gempundit.com/gemstones/topaz/white-topaz-gp83424
291,https://www.gempundit.com/gemstones/topaz/pink-topaz-gp81989
292,https://www.gempundit.com/gemstones/topaz/pink-topaz-gp81992
293,https://www.gempundit.com/gemstones/topaz/blue-topaz-gp22921
294,https://www.gempundit.com/gemstones/topaz/golden-topaz-gp88949
295,https://www.gempundit.com/gemstones/topaz/white-topaz-gp83427
296,https://www.gempundit.com/gemstones/topaz/blue-topaz-gp22932
297,https://www.gempundit.com/gemstones/topaz/blue-topaz-gp81649
298,https://www.gempundit.com/gemstones/topaz/blue-topaz-gp22942
299,https://www.gempundit.com/gemstones/topaz/blue-topaz-gp56539
300,https://www.gempundit.com/gemstones/topaz/golden-topaz-gp88948
301,https://www.gempundit.com/gemstones/topaz/white-topaz-gp83471
302,https://www.gempundit.com/gemstones/topaz/white-topaz-gp83417
303,https://www.gempundit.com/gemstones/topaz/blue-topaz-gp81650
304,https://www.gempundit.com/gemstones/topaz/white-topaz-gp83425
305,https://www.gempundit.com/gemstones/topaz/pink-topaz-gp82032
306,https://www.gempundit.com/gemstones/topaz/yellow-topaz-gp101392
307,https://www.gempundit.com/gemstones/topaz/blue-topaz-gp22945
308,https://www.gempundit.com/gemstones/topaz/blue-topaz-gp81792
309,https://www.gempundit.com/gemstones/topaz/white-topaz-gp60241
310,https://www.gempundit.com/gemstones/topaz/white-topaz-gp83453
311,https://www.gempundit.com/gemstones/topaz/blue-topaz-gp81785
312,https://www.gempundit.com/gemstones/topaz/london-blue-topaz-aaa-grade
313,https://www.gempundit.com/gemstones/topaz/swiss-blue-topaz-aaa-grade
314,https://www.gempundit.com/gemstones/topaz/blue-topaz-gp81660
315,https://www.gempundit.com/gemstones/topaz/blue-topaz-gp81655
316,https://www.gempundit.com/gemstones/topaz/blue-topaz-gp81652
317,https://www.gempundit.com/gemstones/topaz/white-topaz-gp19261
318,https://www.gempundit.com/gemstones/topaz/white-topaz-gp83465
319,https://www.gempundit.com/gemstones/topaz/white-topaz-gp83464
320,https://www.gempundit.com/gemstones/topaz/white-topaz-gp83459
321,https://www.gempundit.com/gemstones/topaz/white-topaz-gp83454
322,https://www.gempundit.com/gemstones/topaz/white-topaz-gp46910
323,https://www.gempundit.com/gemstones/topaz/blue-topaz-gp81623
324,https://www.gempundit.com/gemstones/topaz/white-topaz-gp83428
325,https://www.gempundit.com/gemstones/topaz/blue-topaz-gp22927
326,https://www.gempundit.com/gemstones/topaz/blue-topaz-gp81795
327,https://www.gempundit.com/gemstones/topaz/blue-topaz-gp81616
328,https://www.gempundit.com/gemstones/topaz/blue-topaz-gp22922
329,https://www.gempundit.com/gemstones/topaz/pink-topaz-gp82057
330,https://www.gempundit.com/gemstones/topaz/blue-topaz-gp81786
331,https://www.gempundit.com/gemstones/topaz/blue-topaz-gp81626
332,https://www.gempundit.com/gemstones/topaz/blue-topaz-gp22941
333,https://www.gempundit.com/gemstones/topaz/blue-topaz-gp103387
334,https://www.gempundit.com/gemstones/topaz/blue-topaz-gp22930
335,https://www.gempundit.com/gemstones/topaz/pink-topaz-gp82056
336,https://www.gempundit.com/gemstones/topaz/blue-topaz-gp81642
337,https://www.gempundit.com/gemstones/topaz/blue-topaz-gp81618
338,https://www.gempundit.com/gemstones/topaz/london-blue-topaz-aaa-grade
339,https://www.gempundit.com/gemstones/topaz/swiss-blue-topaz-aaa-grade
340,https://www.gempundit.com/gemstones/topaz/blue-topaz-gp22924
341,https://www.gempundit.com/gemstones/topaz/blue-topaz-gp81621
342,https://www.gempundit.com/gemstones/topaz/blue-topaz-gp103374
343,https://www.gempundit.com/gemstones/topaz/blue-topaz-gp81634
344,https://www.gempundit.com/gemstones/topaz/blue-topaz-gp56595
345,https://www.gempundit.com/gemstones/topaz/blue-topaz-gp81790
346,https://www.gempundit.com/gemstones/topaz/blue-topaz-gp81788
347,https://www.gempundit.com/gemstones/topaz/blue-topaz-gp56596
348,https://www.gempundit.com/gemstones/topaz/blue-topaz-gp56589
349,https://www.gempundit.com/gemstones/topaz/blue-topaz-gp56590
350,https://www.gempundit.com/gemstones/topaz/white-topaz-gp60231
351,https://www.gempundit.com/gemstones/topaz/blue-topaz-gp81784
352,https://www.gempundit.com/gemstones/topaz/blue-topaz-gp81571
353,https://www.gempundit.com/gemstones/topaz/white-topaz-gp40708
354,https://www.gempundit.com/gemstones/topaz/golden-topaz-gp88965
355,https://www.gempundit.com/gemstones/topaz/blue-topaz-gp81794
356,https://www.gempundit.com/gemstones/topaz/white-topaz-gp40768
357,https://www.gempundit.com/gemstones/topaz/white-topaz-gp40785
358,https://www.gempundit.com/gemstones/topaz/blue-topaz-gp81791
359,https://www.gempundit.com/gemstones/topaz/white-topaz-gp83458
360,https://www.gempundit.com/gemstones/topaz/blue-topaz-gp81569
361,https://www.gempundit.com/gemstones/topaz/blue-topaz-gp81630
362,https://www.gempundit.com/gemstones/topaz/blue-topaz-gp81624
363,https://www.gempundit.com/gemstones/topaz/white-topaz-gp40724
364,https://www.gempundit.com/gemstones/topaz/london-blue-topaz-aaa-grade
365,https://www.gempundit.com/gemstones/topaz/swiss-blue-topaz-aaa-grade
366,https://www.gempundit.com/gemstones/topaz/blue-topaz-gp81787
367,https://www.gempundit.com/gemstones/topaz/blue-topaz-gp52875
368,https://www.gempundit.com/gemstones/topaz/blue-topaz-gp81796
369,https://www.gempundit.com/gemstones/topaz/blue-topaz-gp81797
370,https://www.gempundit.com/gemstones/topaz/blue-topaz-gp81627
371,https://www.gempundit.com/gemstones/topaz/white-topaz-gp60238
372,https://www.gempundit.com/gemstones/topaz/blue-topaz-gp81629
373,https://www.gempundit.com/gemstones/topaz/blue-topaz-gp81617
374,https://www.gempundit.com/gemstones/topaz/blue-topaz-gp81638
375,https://www.gempundit.com/gemstones/topaz/blue-topaz-gp56594
376,https://www.gempundit.com/gemstones/topaz/pink-topaz-gp82055
377,https://www.gempundit.com/gemstones/topaz/blue-topaz-gp81620
378,https://www.gempundit.com/gemstones/topaz/white-topaz-gp60239
379,https://www.gempundit.com/gemstones/topaz/blue-topaz-gp22946
380,https://www.gempundit.com/gemstones/topaz/blue-topaz-gp81625
381,https://www.gempundit.com/gemstones/topaz/blue-topaz-gp81631
382,https://www.gempundit.com/gemstones/topaz/blue-topaz-gp103382
383,https://www.gempundit.com/gemstones/topaz/blue-topaz-gp22940
384,https://www.gempundit.com/gemstones/topaz/pink-topaz-gp82058
385,https://www.gempundit.com/gemstones/topaz/pink-topaz-gp81987
386,https://www.gempundit.com/gemstones/topaz/blue-topaz-gp80069
387,https://www.gempundit.com/gemstones/topaz/blue-topaz-gp56588
388,https://www.gempundit.com/gemstones/topaz/blue-topaz-gp22944
389,https://www.gempundit.com/gemstones/topaz/white-topaz-gp60233
390,https://www.gempundit.com/gemstones/topaz/london-blue-topaz-aaa-grade
391,https://www.gempundit.com/gemstones/topaz/swiss-blue-topaz-aaa-grade
392,https://www.gempundit.com/gemstones/topaz/white-topaz-gp60234
393,https://www.gempundit.com/gemstones/topaz/blue-topaz-gp103388
394,https://www.gempundit.com/gemstones/topaz/blue-topaz-gp80070
395,https://www.gempundit.com/gemstones/topaz/white-topaz-gp40716
396,https://www.gempundit.com/gemstones/topaz/white-topaz-gp40805
397,https://www.gempundit.com/gemstones/topaz/blue-topaz-gp81768
398,https://www.gempundit.com/gemstones/topaz/blue-topaz-gp81633
399,https://www.gempundit.com/gemstones/topaz/white-topaz-gp40837
400,https://www.gempundit.com/gemstones/topaz/white-topaz-gp40756
401,https://www.gempundit.com/gemstones/topaz/blue-topaz-gp93443
402,https://www.gempundit.com/gemstones/topaz/blue-topaz-gp81636
403,https://www.gempundit.com/gemstones/topaz/white-topaz-gp40793
404,https://www.gempundit.com/gemstones/topaz/white-topaz-gp40784
405,https://www.gempundit.com/gemstones/topaz/blue-topaz-gp81574
406,https://www.gempundit.com/gemstones/topaz/blue-topaz-gp81640
407,https://www.gempundit.com/gemstones/topaz/pink-topaz-gp82022
408,https://www.gempundit.com/gemstones/topaz/blue-topaz-gp81641
409,https://www.gempundit.com/gemstones/topaz/blue-topaz-gp103383
410,https://www.gempundit.com/gemstones/topaz/white-topaz-gp40730
411,https://www.gempundit.com/gemstones/topaz/pink-topaz-gp82021
412,https://www.gempundit.com/gemstones/topaz/blue-topaz-gp81639
413,https://www.gempundit.com/gemstones/topaz/blue-topaz-gp81764
414,https://www.gempundit.com/gemstones/topaz/blue-topaz-gp81570
415,https://www.gempundit.com/gemstones/topaz/blue-topaz-gp81879
416,https://www.gempundit.com/gemstones/topaz/london-blue-topaz-aaa-grade
417,https://www.gempundit.com/gemstones/topaz/swiss-blue-topaz-aaa-grade
418,https://www.gempundit.com/gemstones/topaz/white-topaz-gp19257
419,https://www.gempundit.com/gemstones/topaz/blue-topaz-gp81566
420,https://www.gempundit.com/gemstones/topaz/blue-topaz-gp56565
421,https://www.gempundit.com/gemstones/topaz/golden-topaz-gp88968
422,https://www.gempundit.com/gemstones/topaz/blue-topaz-gp81781
423,https://www.gempundit.com/gemstones/topaz/blue-topaz-gp81567
424,https://www.gempundit.com/gemstones/topaz/blue-topaz-gp80092
425,https://www.gempundit.com/gemstones/topaz/blue-topaz-gp56575
426,https://www.gempundit.com/gemstones/topaz/blue-topaz-gp81637
427,https://www.gempundit.com/gemstones/topaz/blue-topaz-gp81632
428,https://www.gempundit.com/gemstones/topaz/blue-topaz-gp81778
429,https://www.gempundit.com/gemstones/topaz/blue-topaz-gp81774
430,https://www.gempundit.com/gemstones/topaz/white-topaz-gp40831
431,https://www.gempundit.com/gemstones/topaz/blue-topaz-gp81776
432,https://www.gempundit.com/gemstones/topaz/blue-topaz-gp81615
433,https://www.gempundit.com/gemstones/topaz/blue-topaz-gp81766
434,https://www.gempundit.com/gemstones/topaz/white-topaz-gp40706
435,https://www.gempundit.com/gemstones/topaz/blue-topaz-gp81619
436,https://www.gempundit.com/gemstones/topaz/white-topaz-gp40812
437,https://www.gempundit.com/gemstones/topaz/white-topaz-gp40712
438,https://www.gempundit.com/gemstones/topaz/blue-topaz-gp103373
439,https://www.gempundit.com/gemstones/topaz/pink-topaz-gp81986
440,https://www.gempundit.com/gemstones/topaz/blue-topaz-gp81767
441,https://www.gempundit.com/gemstones/topaz/blue-topaz-gp81568
442,https://www.gempundit.com/gemstones/topaz/london-blue-topaz-aaa-grade
443,https://www.gempundit.com/gemstones/topaz/swiss-blue-topaz-aaa-grade
444,https://www.gempundit.com/gemstones/topaz/white-topaz-gp83447
445,https://www.gempundit.com/gemstones/topaz/blue-topaz-gp81874
446,https://www.gempundit.com/gemstones/topaz/blue-topaz-gp81565
447,https://www.gempundit.com/gemstones/topaz/blue-topaz-gp56566
448,https://www.gempundit.com/gemstones/topaz/blue-topaz-gp81878
449,https://www.gempundit.com/gemstones/topaz/blue-topaz-gp103370
450,https://www.gempundit.com/gemstones/topaz/white-topaz-gp40711
451,https://www.gempundit.com/gemstones/topaz/white-topaz-gp40738
452,https://www.gempundit.com/gemstones/topaz/white-topaz-gp40736
453,https://www.gempundit.com/gemstones/topaz/white-topaz-gp40745
454,https://www.gempundit.com/gemstones/topaz/white-topaz-gp40757
455,https://www.gempundit.com/gemstones/topaz/blue-topaz-gp81573
456,https://www.gempundit.com/gemstones/topaz/white-topaz-gp40829
457,https://www.gempundit.com/gemstones/topaz/white-topaz-gp40767
458,https://www.gempundit.com/gemstones/topaz/blue-topaz-gp103372
459,https://www.gempundit.com/gemstones/topaz/blue-topaz-gp81882
460,https://www.gempundit.com/gemstones/topaz/white-topaz-gp40715
461,https://www.gempundit.com/gemstones/topaz/white-topaz-gp40830
462,https://www.gempundit.com/gemstones/topaz/white-topaz-gp40814
463,https://www.gempundit.com/gemstones/topaz/blue-topaz-gp81779
464,https://www.gempundit.com/gemstones/topaz/white-topaz-gp40778
465,https://www.gempundit.com/gemstones/topaz/white-topaz-gp40790
466,https://www.gempundit.com/gemstones/topaz/blue-topaz-gp103371
467,https://www.gempundit.com/gemstones/topaz/white-topaz-gp40718
468,https://www.gempundit.com/gemstones/topaz/london-blue-topaz-aaa-grade
469,https://www.gempundit.com/gemstones/topaz/swiss-blue-topaz-aaa-grade
470,https://www.gempundit.com/gemstones/topaz/white-topaz-gp40750
471,https://www.gempundit.com/gemstones/topaz/blue-topaz-gp81877
472,https://www.gempundit.com/gemstones/topaz/white-topaz-gp40823
473,https://www.gempundit.com/gemstones/topaz/white-topaz-gp40735
474,https://www.gempundit.com/gemstones/topaz/blue-topaz-gp81729
475,https://www.gempundit.com/gemstones/topaz/blue-topaz-gp81769
476,https://www.gempundit.com/gemstones/topaz/blue-topaz-gp81772
477,https://www.gempundit.com/gemstones/topaz/blue-topaz-gp81744
478,https://www.gempundit.com/gemstones/topaz/white-topaz-gp40742
479,https://www.gempundit.com/gemstones/topaz/blue-topaz-gp81731
480,https://www.gempundit.com/gemstones/topaz/white-topaz-gp40792
481,https://www.gempundit.com/gemstones/topaz/blue-topaz-gp84760
482,https://www.gempundit.com/gemstones/topaz/blue-topaz-gp81890
483,https://www.gempundit.com/gemstones/topaz/blue-topaz-gp81635
484,https://www.gempundit.com/gemstones/topaz/white-topaz-gp40796
485,https://www.gempundit.com/gemstones/topaz/blue-topaz-gp81765
486,https://www.gempundit.com/gemstones/topaz/blue-topaz-gp81724
487,https://www.gempundit.com/gemstones/topaz/white-topaz-gp40821
488,https://www.gempundit.com/gemstones/topaz/blue-topaz-gp84758
489,https://www.gempundit.com/gemstones/topaz/blue-topaz-gp81891
490,https://www.gempundit.com/gemstones/topaz/white-topaz-gp40787
491,https://www.gempundit.com/gemstones/topaz/blue-topaz-gp81884
492,https://www.gempundit.com/gemstones/topaz/blue-topaz-gp81880
493,https://www.gempundit.com/gemstones/topaz/blue-topaz-gp81876
494,https://www.gempundit.com/gemstones/topaz/london-blue-topaz-aaa-grade
495,https://www.gempundit.com/gemstones/topaz/swiss-blue-topaz-aaa-grade
496,https://www.gempundit.com/gemstones/topaz/white-topaz-gp40758
497,https://www.gempundit.com/gemstones/topaz/white-topaz-gp40752
498,https://www.gempundit.com/gemstones/topaz/white-topaz-gp83451
499,https://www.gempundit.com/gemstones/topaz/blue-topaz-gp81886
500,https://www.gempundit.com/gemstones/topaz/pink-topaz-gp81988
501,https://www.gempundit.com/gemstones/topaz/blue-topaz-gp103329
502,https://www.gempundit.com/gemstones/topaz/white-topaz-gp83419
503,https://www.gempundit.com/gemstones/topaz/blue-topaz-gp81775
504,https://www.gempundit.com/gemstones/topaz/blue-topaz-gp81770
505,https://www.gempundit.com/gemstones/topaz/white-topaz-gp83452
506,https://www.gempundit.com/gemstones/topaz/blue-topaz-gp81735
507,https://www.gempundit.com/gemstones/topaz/blue-topaz-gp81888
508,https://www.gempundit.com/gemstones/topaz/blue-topaz-gp103393
509,https://www.gempundit.com/gemstones/topaz/blue-topaz-gp81743
510,https://www.gempundit.com/gemstones/topaz/blue-topaz-gp81889
511,https://www.gempundit.com/gemstones/topaz/white-topaz-gp40839
512,https://www.gempundit.com/gemstones/topaz/blue-topaz-gp81723
513,https://www.gempundit.com/gemstones/topaz/blue-topaz-gp84759
514,https://www.gempundit.com/gemstones/topaz/blue-topaz-gp81873
515,https://www.gempundit.com/gemstones/topaz/blue-topaz-gp84757
516,https://www.gempundit.com/gemstones/topaz/blue-topaz-gp81741
517,https://www.gempundit.com/gemstones/topaz/blue-topaz-gp81885
518,https://www.gempundit.com/gemstones/topaz/blue-topaz-gp81722
519,https://www.gempundit.com/gemstones/topaz/blue-topaz-gp81718
520,https://www.gempundit.com/gemstones/topaz/london-blue-topaz-aaa-grade
521,https://www.gempundit.com/gemstones/topaz/swiss-blue-topaz-aaa-grade
522,https://www.gempundit.com/gemstones/topaz/blue-topaz-gp81734
523,https://www.gempundit.com/gemstones/topaz/white-topaz-gp83429
524,https://www.gempundit.com/gemstones/topaz/blue-topaz-gp81728
525,https://www.gempundit.com/gemstones/topaz/blue-topaz-gp103378
526,https://www.gempundit.com/gemstones/topaz/blue-topaz-gp81715
527,https://www.gempundit.com/gemstones/topaz/blue-topaz-gp81736
528,https://www.gempundit.com/gemstones/topaz/blue-topaz-gp81730
529,https://www.gempundit.com/gemstones/topaz/blue-topaz-gp80034
530,https://www.gempundit.com/gemstones/topaz/blue-topaz-gp84754
531,https://www.gempundit.com/gemstones/topaz/blue-topaz-gp81740
532,https://www.gempundit.com/gemstones/topaz/blue-topaz-gp81732
533,https://www.gempundit.com/gemstones/topaz/blue-topaz-gp81726
534,https://www.gempundit.com/gemstones/topaz/blue-topaz-gp103394
535,https://www.gempundit.com/gemstones/topaz/blue-topaz-gp81739
536,https://www.gempundit.com/gemstones/topaz/blue-topaz-gp81716
537,https://www.gempundit.com/gemstones/topaz/white-topaz-gp83449
538,https://www.gempundit.com/gemstones/topaz/blue-topaz-gp81762
539,https://www.gempundit.com/gemstones/topaz/blue-topaz-gp56606
540,https://www.gempundit.com/gemstones/topaz/white-topaz-gp83446
541,https://www.gempundit.com/gemstones/topaz/blue-topaz-gp81738
542,https://www.gempundit.com/gemstones/topaz/blue-topaz-gp103390
543,https://www.gempundit.com/gemstones/topaz/blue-topaz-gp81860
544,https://www.gempundit.com/gemstones/topaz/blue-topaz-gp81757
545,https://www.gempundit.com/gemstones/topaz/blue-topaz-gp81733
546,https://www.gempundit.com/gemstones/topaz/london-blue-topaz-aaa-grade
547,https://www.gempundit.com/gemstones/topaz/swiss-blue-topaz-aaa-grade
548,https://www.gempundit.com/gemstones/topaz/blue-topaz-gp81745
549,https://www.gempundit.com/gemstones/topaz/blue-topaz-gp81858
550,https://www.gempundit.com/gemstones/topaz/blue-topaz-gp81763
551,https://www.gempundit.com/gemstones/topaz/blue-topaz-gp56599
552,https://www.gempundit.com/gemstones/topaz/blue-topaz-gp103389
553,https://www.gempundit.com/gemstones/topaz/blue-topaz-gp81758
554,https://www.gempundit.com/gemstones/topaz/blue-topaz-gp81861
555,https://www.gempundit.com/gemstones/topaz/blue-topaz-gp80033
556,https://www.gempundit.com/gemstones/topaz/blue-topaz-gp81752
557,https://www.gempundit.com/gemstones/topaz/blue-topaz-gp81859
558,https://www.gempundit.com/gemstones/topaz/blue-topaz-gp81717
559,https://www.gempundit.com/gemstones/topaz/blue-topaz-gp103392
560,https://www.gempundit.com/gemstones/topaz/blue-topaz-gp81742
561,https://www.gempundit.com/gemstones/topaz/blue-topaz-gp56607
562,https://www.gempundit.com/gemstones/topaz/blue-topaz-gp81751
563,https://www.gempundit.com/gemstones/topaz/blue-topaz-gp81854
564,https://www.gempundit.com/gemstones/topaz/blue-topaz-gp81720
565,https://www.gempundit.com/gemstones/topaz/blue-topaz-gp81719
566,https://www.gempundit.com/gemstones/topaz/blue-topaz-gp56604
567,https://www.gempundit.com/gemstones/topaz/blue-topaz-gp81725
568,https://www.gempundit.com/gemstones/topaz/blue-topaz-gp56603
569,https://www.gempundit.com/gemstones/topaz/white-topaz-gp40762
570,https://www.gempundit.com/gemstones/topaz/white-topaz-gp40740
571,https://www.gempundit.com/gemstones/topaz/white-topaz-gp40720
572,https://www.gempundit.com/gemstones/topaz/london-blue-topaz-aaa-grade
573,https://www.gempundit.com/gemstones/topaz/swiss-blue-topaz-aaa-grade
574,https://www.gempundit.com/gemstones/topaz/blue-topaz-gp81561
575,https://www.gempundit.com/gemstones/topaz/blue-topaz-gp81749
576,https://www.gempundit.com/gemstones/topaz/blue-topaz-gp81761
577,https://www.gempundit.com/gemstones/topaz/white-topaz-gp40754
578,https://www.gempundit.com/gemstones/topaz/white-topaz-gp40808
579,https://www.gempundit.com/gemstones/topaz/blue-topaz-gp81855
580,https://www.gempundit.com/gemstones/topaz/white-topaz-gp40759
581,https://www.gempundit.com/gemstones/topaz/white-topaz-gp40734
582,https://www.gempundit.com/gemstones/topaz/white-topaz-gp70231
583,https://www.gempundit.com/gemstones/topaz/white-topaz-gp83463
584,https://www.gempundit.com/gemstones/topaz/yellow-topaz-gp34479
585,https://www.gempundit.com/gemstones/topaz/blue-topaz-gp81856
586,https://www.gempundit.com/gemstones/topaz/white-topaz-gp40709
587,https://www.gempundit.com/gemstones/topaz/blue-topaz-gp81614
588,https://www.gempundit.com/gemstones/topaz/pink-topaz-gp82014
589,https://www.gempundit.com/gemstones/topaz/blue-topaz-gp81747
590,https://www.gempundit.com/gemstones/topaz/blue-topaz-gp81759
591,https://www.gempundit.com/gemstones/topaz/white-topaz-gp40764
592,https://www.gempundit.com/gemstones/topaz/blue-topaz-gp48875
593,https://www.gempundit.com/gemstones/topaz/white-topaz-gp40789
594,https://www.gempundit.com/gemstones/topaz/blue-topaz-gp81727
595,https://www.gempundit.com/gemstones/topaz/white-topaz-gp83413
596,https://www.gempundit.com/gemstones/topaz/white-topaz-gp70222
597,https://www.gempundit.com/gemstones/topaz/blue-topaz-gp81558
598,https://www.gempundit.com/gemstones/topaz/london-blue-topaz-aaa-grade
599,https://www.gempundit.com/gemstones/topaz/swiss-blue-topaz-aaa-grade
600,https://www.gempundit.com/gemstones/topaz/blue-topaz-gp81753
601,https://www.gempundit.com/gemstones/topaz/white-topaz-gp83438
602,https://www.gempundit.com/gemstones/topaz/blue-topaz-gp56600
603,https://www.gempundit.com/gemstones/topaz/blue-topaz-gp81857
604,https://www.gempundit.com/gemstones/topaz/white-topaz-gp70223
605,https://www.gempundit.com/gemstones/topaz/blue-topaz-gp84752
606,https://www.gempundit.com/gemstones/topaz/blue-topaz-gp81559
607,https://www.gempundit.com/gemstones/topaz/white-topaz-gp70212
608,https://www.gempundit.com/gemstones/topaz/blue-topaz-gp81746
609,https://www.gempundit.com/gemstones/topaz/blue-topaz-gp81760
610,https://www.gempundit.com/gemstones/topaz/white-topaz-gp70220
611,https://www.gempundit.com/gemstones/topaz/white-topaz-gp40809
612,https://www.gempundit.com/gemstones/topaz/blue-topaz-gp81755
613,https://www.gempundit.com/gemstones/topaz/white-topaz-gp40832
614,https://www.gempundit.com/gemstones/topaz/blue-topaz-gp56692
615,https://www.gempundit.com/gemstones/topaz/blue-topaz-gp84747
616,https://www.gempundit.com/gemstones/topaz/blue-topaz-gp81613
617,https://www.gempundit.com/gemstones/topaz/blue-topaz-gp81748
618,https://www.gempundit.com/gemstones/topaz/blue-topaz-gp81607
619,https://www.gempundit.com/gemstones/topaz/blue-topaz-gp81563
620,https://www.gempundit.com/gemstones/topaz/white-topaz-gp70219
621,https://www.gempundit.com/gemstones/topaz/white-topaz-gp40773
622,https://www.gempundit.com/gemstones/topaz/blue-topaz-gp81602
623,https://www.gempundit.com/gemstones/topaz/blue-topaz-gp84750
624,https://www.gempundit.com/gemstones/topaz/london-blue-topaz-aaa-grade
625,https://www.gempundit.com/gemstones/topaz/swiss-blue-topaz-aaa-grade
626,https://www.gempundit.com/gemstones/topaz/blue-topaz-gp81754
627,https://www.gempundit.com/gemstones/topaz/blue-topaz-gp81560
628,https://www.gempundit.com/gemstones/topaz/blue-topaz-gp56626
629,https://www.gempundit.com/gemstones/topaz/blue-topaz-gp81605
630,https://www.gempundit.com/gemstones/topaz/yellow-topaz-gp48176
631,https://www.gempundit.com/gemstones/topaz/blue-topaz-gp84748
632,https://www.gempundit.com/gemstones/topaz/white-topaz-gp83431
633,https://www.gempundit.com/gemstones/topaz/blue-topaz-gp103391
634,https://www.gempundit.com/gemstones/topaz/blue-topaz-gp81604
635,https://www.gempundit.com/gemstones/topaz/blue-topaz-gp93413
636,https://www.gempundit.com/gemstones/topaz/blue-topaz-gp84751
637,https://www.gempundit.com/gemstones/topaz/blue-topaz-gp33741
638,https://www.gempundit.com/gemstones/topaz/blue-topaz-gp81608
639,https://www.gempundit.com/gemstones/topaz/blue-topaz-gp56639
640,https://www.gempundit.com/gemstones/topaz/yellow-topaz-gp40984
641,https://www.gempundit.com/gemstones/topaz/blue-topaz-gp81601
642,https://www.gempundit.com/gemstones/topaz/blue-topaz-gp81600
643,https://www.gempundit.com/gemstones/topaz/yellow-topaz-gp80727
644,https://www.gempundit.com/gemstones/topaz/blue-topaz-gp56640
645,https://www.gempundit.com/gemstones/topaz/blue-topaz-gp84741
646,https://www.gempundit.com/gemstones/topaz/white-topaz-gp83432
647,https://www.gempundit.com/gemstones/topaz/blue-topaz-gp103395
648,https://www.gempundit.com/gemstones/topaz/blue-topaz-gp81868
649,https://www.gempundit.com/gemstones/topaz/blue-topaz-gp84740
650,https://www.gempundit.com/gemstones/topaz/london-blue-topaz-aaa-grade
651,https://www.gempundit.com/gemstones/topaz/swiss-blue-topaz-aaa-grade
652,https://www.gempundit.com/gemstones/topaz/blue-topaz-gp56642
653,https://www.gempundit.com/gemstones/topaz/white-topaz-gp83442
654,https://www.gempundit.com/gemstones/topaz/yellow-topaz-gp80740
655,https://www.gempundit.com/gemstones/topaz/yellow-topaz-gp27761
656,https://www.gempundit.com/gemstones/topaz/yellow-topaz-gp34492
657,https://www.gempundit.com/gemstones/topaz/blue-topaz-gp81610
658,https://www.gempundit.com/gemstones/topaz/blue-topaz-gp81603
659,https://www.gempundit.com/gemstones/topaz/yellow-topaz-gp40939
660,https://www.gempundit.com/gemstones/topaz/blue-topaz-gp81598
661,https://www.gempundit.com/gemstones/topaz/blue-topaz-gp80036
662,https://www.gempundit.com/gemstones/topaz/blue-topaz-gp81609
663,https://www.gempundit.com/gemstones/topaz/yellow-topaz-gp40963
664,https://www.gempundit.com/gemstones/topaz/white-topaz-gp60222
665,https://www.gempundit.com/gemstones/topaz/yellow-topaz-gp48196
666,https://www.gempundit.com/gemstones/topaz/blue-topaz-gp56647
667,https://www.gempundit.com/gemstones/topaz/yellow-topaz-gp80642
668,https://www.gempundit.com/gemstones/topaz/blue-topaz-gp81865
669,https://www.gempundit.com/gemstones/topaz/blue-topaz-gp22884
670,https://www.gempundit.com/gemstones/topaz/yellow-topaz-gp48202
671,https://www.gempundit.com/gemstones/topaz/blue-topaz-gp81867
672,https://www.gempundit.com/gemstones/topaz/blue-topaz-gp81870
673,https://www.gempundit.com/gemstones/topaz/blue-topaz-gp81869
674,https://www.gempundit.com/gemstones/topaz/yellow-topaz-gp80694
675,https://www.gempundit.com/gemstones/topaz/yellow-topaz-gp48194
676,https://www.gempundit.com/gemstones/topaz/london-blue-topaz-aaa-grade
677,https://www.gempundit.com/gemstones/topaz/swiss-blue-topaz-aaa-grade
678,https://www.gempundit.com/gemstones/topaz/yellow-topaz-gp34481
679,https://www.gempundit.com/gemstones/topaz/blue-topaz-gp84745
680,https://www.gempundit.com/gemstones/topaz/blue-topaz-gp56645
681,https://www.gempundit.com/gemstones/topaz/blue-topaz-gp81557
682,https://www.gempundit.com/gemstones/topaz/yellow-topaz-gp48183
683,https://www.gempundit.com/gemstones/topaz/blue-topaz-gp81866
684,https://www.gempundit.com/gemstones/topaz/blue-topaz-gp22879
685,https://www.gempundit.com/gemstones/topaz/blue-topaz-gp81562
686,https://www.gempundit.com/gemstones/topaz/blue-topaz-gp103369
687,https://www.gempundit.com/gemstones/topaz/white-topaz-gp60213
688,https://www.gempundit.com/gemstones/topaz/yellow-topaz-gp48199
689,https://www.gempundit.com/gemstones/topaz/yellow-topaz-gp40943
690,https://www.gempundit.com/gemstones/topaz/white-topaz-gp60224
691,https://www.gempundit.com/gemstones/topaz/white-topaz-gp60216
692,https://www.gempundit.com/gemstones/topaz/yellow-topaz-gp40980
693,https://www.gempundit.com/gemstones/topaz/blue-topaz-gp93410
694,https://www.gempundit.com/gemstones/topaz/yellow-topaz-gp80745
695,https://www.gempundit.com/gemstones/topaz/yellow-topaz-gp40996
696,https://www.gempundit.com/gemstones/topaz/yellow-topaz-gp80753
697,https://www.gempundit.com/gemstones/topaz/white-topaz-gp60220
698,https://www.gempundit.com/gemstones/topaz/yellow-topaz-gp80648
699,https://www.gempundit.com/gemstones/topaz/blue-topaz-gp81581
700,https://www.gempundit.com/gemstones/topaz/white-topaz-gp60218
701,https://www.gempundit.com/gemstones/topaz/blue-topaz-gp93411
702,https://www.gempundit.com/gemstones/topaz/london-blue-topaz-aaa-grade
703,https://www.gempundit.com/gemstones/topaz/swiss-blue-topaz-aaa-grade
704,https://www.gempundit.com/gemstones/topaz/blue-topaz-gp99386
705,https://www.gempundit.com/gemstones/topaz/blue-topaz-gp95225
706,https://www.gempundit.com/gemstones/topaz/blue-topaz-gp99388
707,https://www.gempundit.com/gemstones/topaz/yellow-topaz-gp40969
708,https://www.gempundit.com/gemstones/topaz/blue-topaz-gp103377
709,https://www.gempundit.com/gemstones/topaz/blue-topaz-gp84744
710,https://www.gempundit.com/gemstones/topaz/blue-topaz-gp81578
711,https://www.gempundit.com/gemstones/topaz/blue-topaz-gp99393
712,https://www.gempundit.com/gemstones/topaz/blue-topaz-gp95226
713,https://www.gempundit.com/gemstones/topaz/white-topaz-gp60211
714,https://www.gempundit.com/gemstones/topaz/blue-topaz-gp80096
715,https://www.gempundit.com/gemstones/topaz/white-topaz-gp60221
716,https://www.gempundit.com/gemstones/topaz/blue-topaz-gp22876
717,https://www.gempundit.com/gemstones/topaz/white-topaz-gp87600
718,https://www.gempundit.com/gemstones/topaz/white-topaz-gp60210
719,https://www.gempundit.com/gemstones/topaz/blue-topaz-gp95228
720,https://www.gempundit.com/gemstones/topaz/blue-topaz-gp80099
721,https://www.gempundit.com/gemstones/topaz/white-topaz-gp60207
722,https://www.gempundit.com/gemstones/topaz/blue-topaz-gp80097
723,https://www.gempundit.com/gemstones/topaz/blue-topaz-gp81580
724,https://www.gempundit.com/gemstones/topaz/white-topaz-gp60212
725,https://www.gempundit.com/gemstones/topaz/blue-topaz-gp80098
726,https://www.gempundit.com/gemstones/topaz/blue-topaz-gp84766
727,https://www.gempundit.com/gemstones/topaz/blue-topaz-gp99387
728,https://www.gempundit.com/gemstones/topaz/london-blue-topaz-aaa-grade
729,https://www.gempundit.com/gemstones/topaz/swiss-blue-topaz-aaa-grade
730,https://www.gempundit.com/gemstones/topaz/blue-topaz-gp84743
731,https://www.gempundit.com/gemstones/topaz/white-topaz-gp60214
732,https://www.gempundit.com/gemstones/topaz/blue-topaz-gp103367
733,https://www.gempundit.com/gemstones/topaz/blue-topaz-gp80179
734,https://www.gempundit.com/gemstones/topaz/white-topaz-gp60225
735,https://www.gempundit.com/gemstones/topaz/white-topaz-gp60223
736,https://www.gempundit.com/gemstones/topaz/blue-topaz-gp99391
737,https://www.gempundit.com/gemstones/topaz/blue-topaz-gp81577
738,https://www.gempundit.com/gemstones/topaz/blue-topaz-gp22882
739,https://www.gempundit.com/gemstones/topaz/blue-topaz-gp22891
740,https://www.gempundit.com/gemstones/topaz/blue-topaz-gp84742
741,https://www.gempundit.com/gemstones/topaz/blue-topaz-gp103368
742,https://www.gempundit.com/gemstones/topaz/topaz-gp105761
743,https://www.gempundit.com/gemstones/topaz/blue-topaz-gp81575
744,https://www.gempundit.com/gemstones/topaz/blue-topaz-gp96834
745,https://www.gempundit.com/gemstones/topaz/blue-topaz-gp103384
746,https://www.gempundit.com/gemstones/topaz/blue-topaz-gp103365
747,https://www.gempundit.com/gemstones/topaz/white-topaz-gp60215
748,https://www.gempundit.com/gemstones/topaz/white-topaz-gp87602
749,https://www.gempundit.com/gemstones/topaz/blue-topaz-gp23163
750,https://www.gempundit.com/gemstones/topaz/white-topaz-gp87588
751,https://www.gempundit.com/gemstones/topaz/white-topaz-gp83412
752,https://www.gempundit.com/gemstones/topaz/white-topaz-gp87595
753,https://www.gempundit.com/gemstones/topaz/white-topaz-gp87603
754,https://www.gempundit.com/gemstones/topaz/london-blue-topaz-aaa-grade
755,https://www.gempundit.com/gemstones/topaz/swiss-blue-topaz-aaa-grade
756,https://www.gempundit.com/gemstones/topaz/blue-topaz-gp22888
757,https://www.gempundit.com/gemstones/topaz/blue-topaz-gp99392
758,https://www.gempundit.com/gemstones/topaz/blue-topaz-gp22870
759,https://www.gempundit.com/gemstones/topaz/blue-topaz-gp84767
760,https://www.gempundit.com/gemstones/topaz/blue-topaz-gp103354
761,https://www.gempundit.com/gemstones/topaz/white-topaz-gp87585
762,https://www.gempundit.com/gemstones/topaz/blue-topaz-gp103360
763,https://www.gempundit.com/gemstones/topaz/blue-topaz-gp103356
764,https://www.gempundit.com/gemstones/topaz/blue-topaz-gp103359
765,https://www.gempundit.com/gemstones/topaz/blue-topaz-gp96826
766,https://www.gempundit.com/gemstones/topaz/white-topaz-gp87591
767,https://www.gempundit.com/gemstones/topaz/blue-topaz-gp103366
768,https://www.gempundit.com/gemstones/topaz/blue-topaz-gp103352
769,https://www.gempundit.com/gemstones/topaz/white-topaz-gp87593
770,https://www.gempundit.com/gemstones/topaz/blue-topaz-gp103362
771,https://www.gempundit.com/gemstones/topaz/blue-topaz-gp103361
772,https://www.gempundit.com/gemstones/topaz/blue-topaz-gp84765
773,https://www.gempundit.com/gemstones/topaz/blue-topaz-gp103358
774,https://www.gempundit.com/gemstones/topaz/blue-topaz-gp103355
775,https://www.gempundit.com/gemstones/topaz/blue-topaz-gp103364
776,https://www.gempundit.com/gemstones/topaz/blue-topaz-gp22889
777,https://www.gempundit.com/gemstones/topaz/white-topaz-gp87583
778,https://www.gempundit.com/gemstones/topaz/blue-topaz-gp80174
779,https://www.gempundit.com/gemstones/topaz/blue-topaz-gp103351
780,https://www.gempundit.com/gemstones/topaz/london-blue-topaz-aaa-grade
781,https://www.gempundit.com/gemstones/topaz/swiss-blue-topaz-aaa-grade
782,https://www.gempundit.com/gemstones/topaz/white-topaz-gp87604
783,https://www.gempundit.com/gemstones/topaz/blue-topaz-gp103357
784,https://www.gempundit.com/gemstones/topaz/blue-topaz-gp103363
785,https://www.gempundit.com/gemstones/topaz/blue-topaz-gp103353
786,https://www.gempundit.com/gemstones/topaz/blue-topaz-gp103396
787,https://www.gempundit.com/gemstones/topaz/blue-topaz-gp96825
788,https://www.gempundit.com/gemstones/topaz/blue-topaz-gp96824
789,https://www.gempundit.com/gemstones/topaz/blue-topaz-gp84763
790,https://www.gempundit.com/gemstones/topaz/blue-topaz-gp84764
791,https://www.gempundit.com/gemstones/topaz/blue-topaz-gp96835
792,https://www.gempundit.com/gemstones/topaz/blue-topaz-gp96836
793,https://www.gempundit.com/gemstones/topaz/blue-topaz-gp96827
794,https://www.gempundit.com/gemstones/topaz/blue-topaz-gp96830
795,https://www.gempundit.com/gemstones/topaz/blue-topaz-gp96831
796,https://www.gempundit.com/gemstones/topaz/blue-topaz-gp96832
797,https://www.gempundit.com/gemstones/topaz/blue-topaz-gp62670
798,https://www.gempundit.com/gemstones/topaz/blue-topaz-gp62671
799,https://www.gempundit.com/gemstones/topaz/blue-topaz-gp62672
800,https://www.gempundit.com/gemstones/topaz/blue-topaz-gp62675
801,https://www.gempundit.com/gemstones/topaz/blue-topaz-gp62677
802,https://www.gempundit.com/gemstones/topaz/blue-topaz-gp62681
803,https://www.gempundit.com/gemstones/topaz/blue-topaz-gp62682
804,https://www.gempundit.com/gemstones/topaz/blue-topaz-gp62684
805,https://www.gempundit.com/gemstones/topaz/blue-topaz-gp96829
806,https://www.gempundit.com/gemstones/topaz/london-blue-topaz-aaa-grade
807,https://www.gempundit.com/gemstones/topaz/swiss-blue-topaz-aaa-grade
808,https://www.gempundit.com/gemstones/topaz/blue-topaz-gp62690
809,https://www.gempundit.com/gemstones/topaz/blue-topaz-gp96833
810,https://www.gempundit.com/gemstones/topaz/blue-topaz-gp62698
811,https://www.gempundit.com/gemstones/topaz/yellow-topaz-gp104538
812,https://www.gempundit.com/gemstones/topaz/blue-topaz-gp96828
813,https://www.gempundit.com/gemstones/topaz/yellow-topaz-gp45313
814,https://www.gempundit.com/gemstones/topaz/blue-topaz-gp102705
