,Tsavorite
0,https://www.gempundit.com/gemstones/tsavorite/tsavorite-gp105463
1,https://www.gempundit.com/gemstones/tsavorite/tsavorite-gp105467
2,https://www.gempundit.com/gemstones/tsavorite/tsavorite-gp105469
3,https://www.gempundit.com/gemstones/tsavorite/tsavorite-gp105468
4,https://www.gempundit.com/gemstones/tsavorite/tsavorite-gp105470
5,https://www.gempundit.com/gemstones/tsavorite/tsavorite-gp105462
6,https://www.gempundit.com/gemstones/tsavorite/tsavorite-gp105457
7,https://www.gempundit.com/gemstones/tsavorite/tsavorite-gp105430
8,https://www.gempundit.com/gemstones/tsavorite/tsavorite-gp105431
9,https://www.gempundit.com/gemstones/tsavorite/tsavorite-gp105427
10,https://www.gempundit.com/gemstones/tsavorite/tsavorite-gp105426
11,https://www.gempundit.com/gemstones/tsavorite/tsavorite-gp105434
12,https://www.gempundit.com/gemstones/tsavorite/tsavorite-gp105432
13,https://www.gempundit.com/gemstones/tsavorite/tsavorite-gp105461
14,https://www.gempundit.com/gemstones/tsavorite/tsavorite-gp105428
15,https://www.gempundit.com/gemstones/tsavorite/tsavorite-gp105424
16,https://www.gempundit.com/gemstones/tsavorite/tsavorite-gp105460
17,https://www.gempundit.com/gemstones/tsavorite/tsavorite-gp105452
18,https://www.gempundit.com/gemstones/tsavorite/tsavorite-gp105429
19,https://www.gempundit.com/gemstones/tsavorite/tsavorite-gp105423
20,https://www.gempundit.com/gemstones/tsavorite/tsavorite-gp105456
21,https://www.gempundit.com/gemstones/tsavorite/tsavorite-gp105458
22,https://www.gempundit.com/gemstones/tsavorite/tsavorite-gp105454
23,https://www.gempundit.com/gemstones/tsavorite/tsavorite-gp105453
24,https://www.gempundit.com/gemstones/tsavorite/tsavorite-gp105403
25,https://www.gempundit.com/gemstones/tsavorite/tsavorite-gp105419
26,https://www.gempundit.com/gemstones/tsavorite/tsavorite-gp105443
27,https://www.gempundit.com/gemstones/tsavorite/tsavorite-gp105441
28,https://www.gempundit.com/gemstones/tsavorite/tsavorite-gp105433
29,https://www.gempundit.com/gemstones/tsavorite/tsavorite-gp105442
30,https://www.gempundit.com/gemstones/tsavorite/tsavorite-gp105447
31,https://www.gempundit.com/gemstones/tsavorite/tsavorite-gp105459
32,https://www.gempundit.com/gemstones/tsavorite/tsavorite-gp105422
33,https://www.gempundit.com/gemstones/tsavorite/tsavorite-gp105438
34,https://www.gempundit.com/gemstones/tsavorite/tsavorite-gp105444
35,https://www.gempundit.com/gemstones/tsavorite/tsavorite-gp105421
36,https://www.gempundit.com/gemstones/tsavorite/tsavorite-gp105445
37,https://www.gempundit.com/gemstones/tsavorite/tsavorite-gp105404
38,https://www.gempundit.com/gemstones/tsavorite/tsavorite-gp105448
39,https://www.gempundit.com/gemstones/tsavorite/tsavorite-gp105413
40,https://www.gempundit.com/gemstones/tsavorite/tsavorite-gp105451
41,https://www.gempundit.com/gemstones/tsavorite/tsavorite-gp105407
42,https://www.gempundit.com/gemstones/tsavorite/tsavorite-gp105439
43,https://www.gempundit.com/gemstones/tsavorite/tsavorite-gp105414
44,https://www.gempundit.com/gemstones/tsavorite/tsavorite-gp105416
45,https://www.gempundit.com/gemstones/tsavorite/tsavorite-gp105420
46,https://www.gempundit.com/gemstones/tsavorite/tsavorite-gp105625
47,https://www.gempundit.com/gemstones/tsavorite/tsavorite-gp105626
48,https://www.gempundit.com/gemstones/tsavorite/tsavorite-gp105411
49,https://www.gempundit.com/gemstones/tsavorite/tsavorite-gp105410
50,https://www.gempundit.com/gemstones/tsavorite/tsavorite-gp105472
51,https://www.gempundit.com/gemstones/tsavorite/tsavorite-gp105417
