,Turquoise (Firoza)
0,https://www.gempundit.com/gemstones/turquoise/turquoise-gp61801
1,https://www.gempundit.com/gemstones/turquoise/turquoise-gp61805
2,https://www.gempundit.com/gemstones/turquoise/turquoise-gp61803
3,https://www.gempundit.com/gemstones/turquoise/turquoise-gp61799
4,https://www.gempundit.com/gemstones/turquoise/turquoise-gp61802
5,https://www.gempundit.com/gemstones/turquoise/turquoise-gp61790
6,https://www.gempundit.com/gemstones/turquoise/turquoise-gp61795
7,https://www.gempundit.com/gemstones/turquoise/turquoise-gp61791
8,https://www.gempundit.com/gemstones/turquoise/turquoise-gp61788
9,https://www.gempundit.com/gemstones/turquoise/turquoise-gp53263
10,https://www.gempundit.com/gemstones/turquoise/turquoise-gp53271
11,https://www.gempundit.com/gemstones/turquoise/turquoise-gp53272
12,https://www.gempundit.com/gemstones/turquoise/turquoise-gp53265
13,https://www.gempundit.com/gemstones/turquoise/turquoise-gp61787
14,https://www.gempundit.com/gemstones/turquoise/turquoise-gp61789
15,https://www.gempundit.com/gemstones/turquoise/turquoise-gp53270
16,https://www.gempundit.com/gemstones/turquoise/turquoise-gp53394
17,https://www.gempundit.com/gemstones/turquoise/turquoise-gp61784
18,https://www.gempundit.com/gemstones/turquoise/turquoise-gp53392
19,https://www.gempundit.com/gemstones/turquoise/turquoise-gp53331
20,https://www.gempundit.com/gemstones/turquoise/turquoise-gp87687
21,https://www.gempundit.com/gemstones/turquoise/turquoise-gp53262
22,https://www.gempundit.com/gemstones/turquoise/turquoise-gp53261
23,https://www.gempundit.com/gemstones/turquoise/turquoise-gp61780
24,https://www.gempundit.com/gemstones/turquoise/turquoise-gp61779
25,https://www.gempundit.com/gemstones/turquoise/turquoise-gp61781
26,https://www.gempundit.com/gemstones/turquoise/turquoise-gp61819
27,https://www.gempundit.com/gemstones/turquoise/turquoise-gp61770
28,https://www.gempundit.com/gemstones/turquoise/turquoise-gp61782
29,https://www.gempundit.com/gemstones/turquoise/turquoise-gp61773
30,https://www.gempundit.com/gemstones/turquoise/turquoise-gp61744
31,https://www.gempundit.com/gemstones/turquoise/turquoise-gp61783
32,https://www.gempundit.com/gemstones/turquoise/turquoise-gp87690
33,https://www.gempundit.com/gemstones/turquoise/turquoise-gp61772
34,https://www.gempundit.com/gemstones/turquoise/turquoise-gp53298
35,https://www.gempundit.com/gemstones/turquoise/turquoise-gp61771
36,https://www.gempundit.com/gemstones/turquoise/turquoise-gp87799
37,https://www.gempundit.com/gemstones/turquoise/turquoise-gp53387
38,https://www.gempundit.com/gemstones/turquoise/turquoise-gp61769
39,https://www.gempundit.com/gemstones/turquoise/turquoise-gp53249
40,https://www.gempundit.com/gemstones/turquoise/turquoise-gp61743
41,https://www.gempundit.com/gemstones/turquoise/turquoise-gp53386
42,https://www.gempundit.com/gemstones/turquoise/turquoise-gp61815
43,https://www.gempundit.com/gemstones/turquoise/turquoise-gp53332
44,https://www.gempundit.com/gemstones/turquoise/turquoise-gp87675
45,https://www.gempundit.com/gemstones/turquoise/turquoise-gp61745
46,https://www.gempundit.com/gemstones/turquoise/turquoise-gp87679
47,https://www.gempundit.com/gemstones/turquoise/turquoise-gp53385
48,https://www.gempundit.com/gemstones/turquoise/turquoise-gp53258
49,https://www.gempundit.com/gemstones/turquoise/turquoise-gp87798
50,https://www.gempundit.com/gemstones/turquoise/turquoise-gp61741
51,https://www.gempundit.com/gemstones/turquoise/turquoise-gp53260
52,https://www.gempundit.com/gemstones/turquoise/turquoise-gp61740
53,https://www.gempundit.com/gemstones/turquoise/turquoise-gp87686
54,https://www.gempundit.com/gemstones/turquoise/turquoise-gp53345
55,https://www.gempundit.com/gemstones/turquoise/turquoise-gp87693
56,https://www.gempundit.com/gemstones/turquoise/turquoise-gp87674
57,https://www.gempundit.com/gemstones/turquoise/turquoise-gp87939
58,https://www.gempundit.com/gemstones/turquoise/turquoise-gp61778
59,https://www.gempundit.com/gemstones/turquoise/turquoise-gp87879
60,https://www.gempundit.com/gemstones/turquoise/turquoise-gp87803
61,https://www.gempundit.com/gemstones/turquoise/turquoise-gp87807
62,https://www.gempundit.com/gemstones/turquoise/turquoise-gp87754
63,https://www.gempundit.com/gemstones/turquoise/turquoise-gp87944
64,https://www.gempundit.com/gemstones/turquoise/turquoise-gp87795
65,https://www.gempundit.com/gemstones/turquoise/turquoise-gp87943
66,https://www.gempundit.com/gemstones/turquoise/turquoise-gp87894
67,https://www.gempundit.com/gemstones/turquoise/turquoise-gp87694
68,https://www.gempundit.com/gemstones/turquoise/turquoise-gp61777
69,https://www.gempundit.com/gemstones/turquoise/turquoise-gp87685
70,https://www.gempundit.com/gemstones/turquoise/turquoise-gp61739
71,https://www.gempundit.com/gemstones/turquoise/turquoise-gp87673
72,https://www.gempundit.com/gemstones/turquoise/turquoise-gp61776
73,https://www.gempundit.com/gemstones/turquoise/turquoise-gp87769
74,https://www.gempundit.com/gemstones/turquoise/turquoise-gp87678
75,https://www.gempundit.com/gemstones/turquoise/turquoise-gp87933
76,https://www.gempundit.com/gemstones/turquoise/turquoise-gp87804
77,https://www.gempundit.com/gemstones/turquoise/turquoise-gp87925
78,https://www.gempundit.com/gemstones/turquoise/turquoise-gp87847
79,https://www.gempundit.com/gemstones/turquoise/turquoise-gp87845
80,https://www.gempundit.com/gemstones/turquoise/turquoise-gp87750
81,https://www.gempundit.com/gemstones/turquoise/turquoise-gp61766
82,https://www.gempundit.com/gemstones/turquoise/turquoise-gp87921
83,https://www.gempundit.com/gemstones/turquoise/turquoise-gp24849
84,https://www.gempundit.com/gemstones/turquoise/turquoise-gp87935
85,https://www.gempundit.com/gemstones/turquoise/turquoise-gp53259
86,https://www.gempundit.com/gemstones/turquoise/turquoise-gp53248
87,https://www.gempundit.com/gemstones/turquoise/turquoise-gp87820
88,https://www.gempundit.com/gemstones/turquoise/turquoise-gp87768
89,https://www.gempundit.com/gemstones/turquoise/turquoise-gp87886
90,https://www.gempundit.com/gemstones/turquoise/turquoise-gp87932
91,https://www.gempundit.com/gemstones/turquoise/turquoise-gp53379
92,https://www.gempundit.com/gemstones/turquoise/turquoise-gp87838
93,https://www.gempundit.com/gemstones/turquoise/turquoise-gp87926
94,https://www.gempundit.com/gemstones/turquoise/turquoise-gp87741
95,https://www.gempundit.com/gemstones/turquoise/turquoise-gp87682
96,https://www.gempundit.com/gemstones/turquoise/turquoise-gp87849
97,https://www.gempundit.com/gemstones/turquoise/turquoise-gp87666
98,https://www.gempundit.com/gemstones/turquoise/turquoise-gp87931
99,https://www.gempundit.com/gemstones/turquoise/turquoise-gp87680
100,https://www.gempundit.com/gemstones/turquoise/turquoise-gp87905
101,https://www.gempundit.com/gemstones/turquoise/turquoise-gp87839
102,https://www.gempundit.com/gemstones/turquoise/turquoise-gp87942
103,https://www.gempundit.com/gemstones/turquoise/turquoise-gp87689
104,https://www.gempundit.com/gemstones/turquoise/turquoise-gp87676
105,https://www.gempundit.com/gemstones/turquoise/turquoise-gp87724
106,https://www.gempundit.com/gemstones/turquoise/turquoise-gp87683
107,https://www.gempundit.com/gemstones/turquoise/turquoise-gp87740
108,https://www.gempundit.com/gemstones/turquoise/turquoise-gp53239
109,https://www.gempundit.com/gemstones/turquoise/turquoise-gp87815
110,https://www.gempundit.com/gemstones/turquoise/turquoise-gp87793
111,https://www.gempundit.com/gemstones/turquoise/turquoise-gp61724
112,https://www.gempundit.com/gemstones/turquoise/turquoise-gp87833
113,https://www.gempundit.com/gemstones/turquoise/turquoise-gp58840
114,https://www.gempundit.com/gemstones/turquoise/turquoise-gp87744
115,https://www.gempundit.com/gemstones/turquoise/turquoise-gp87671
116,https://www.gempundit.com/gemstones/turquoise/turquoise-gp53240
117,https://www.gempundit.com/gemstones/turquoise/turquoise-gp61723
118,https://www.gempundit.com/gemstones/turquoise/turquoise-gp87692
119,https://www.gempundit.com/gemstones/turquoise/turquoise-gp53254
120,https://www.gempundit.com/gemstones/turquoise/turquoise-gp87916
121,https://www.gempundit.com/gemstones/turquoise/turquoise-gp53241
122,https://www.gempundit.com/gemstones/turquoise/turquoise-gp87664
123,https://www.gempundit.com/gemstones/turquoise/turquoise-gp87684
124,https://www.gempundit.com/gemstones/turquoise/turquoise-gp87889
125,https://www.gempundit.com/gemstones/turquoise/turquoise-gp93035
126,https://www.gempundit.com/gemstones/turquoise/turquoise-gp87883
127,https://www.gempundit.com/gemstones/turquoise/turquoise-gp53246
128,https://www.gempundit.com/gemstones/turquoise/turquoise-gp87660
129,https://www.gempundit.com/gemstones/turquoise/turquoise-gp53251
130,https://www.gempundit.com/gemstones/turquoise/turquoise-gp87667
131,https://www.gempundit.com/gemstones/turquoise/turquoise-gp87780
132,https://www.gempundit.com/gemstones/turquoise/turquoise-gp87728
133,https://www.gempundit.com/gemstones/turquoise/turquoise-gp87791
134,https://www.gempundit.com/gemstones/turquoise/turquoise-gp87841
135,https://www.gempundit.com/gemstones/turquoise/turquoise-gp87738
136,https://www.gempundit.com/gemstones/turquoise/turquoise-gp87737
137,https://www.gempundit.com/gemstones/turquoise/turquoise-gp24863
138,https://www.gempundit.com/gemstones/turquoise/turquoise-gp53329
139,https://www.gempundit.com/gemstones/turquoise/turquoise-gp53233
140,https://www.gempundit.com/gemstones/turquoise/turquoise-gp92473
141,https://www.gempundit.com/gemstones/turquoise/turquoise-gp87837
142,https://www.gempundit.com/gemstones/turquoise/turquoise-gp87938
143,https://www.gempundit.com/gemstones/turquoise/turquoise-gp87871
144,https://www.gempundit.com/gemstones/turquoise/turquoise-gp24860
145,https://www.gempundit.com/gemstones/turquoise/turquoise-gp87818
146,https://www.gempundit.com/gemstones/turquoise/turquoise-gp58834
147,https://www.gempundit.com/gemstones/turquoise/turquoise-gp87670
148,https://www.gempundit.com/gemstones/turquoise/turquoise-gp87842
149,https://www.gempundit.com/gemstones/turquoise/turquoise-gp53235
150,https://www.gempundit.com/gemstones/turquoise/turquoise-gp87924
151,https://www.gempundit.com/gemstones/turquoise/turquoise-gp87861
152,https://www.gempundit.com/gemstones/turquoise/turquoise-gp61722
153,https://www.gempundit.com/gemstones/turquoise/turquoise-gp87914
154,https://www.gempundit.com/gemstones/turquoise/turquoise-gp87681
155,https://www.gempundit.com/gemstones/turquoise/turquoise-gp61764
156,https://www.gempundit.com/gemstones/turquoise/turquoise-gp87770
157,https://www.gempundit.com/gemstones/turquoise/turquoise-gp87915
158,https://www.gempundit.com/gemstones/turquoise/turquoise-gp61715
159,https://www.gempundit.com/gemstones/turquoise/turquoise-gp61763
160,https://www.gempundit.com/gemstones/turquoise/turquoise-gp92495
161,https://www.gempundit.com/gemstones/turquoise/turquoise-gp87688
162,https://www.gempundit.com/gemstones/turquoise/turquoise-gp87909
163,https://www.gempundit.com/gemstones/turquoise/turquoise-gp87881
164,https://www.gempundit.com/gemstones/turquoise/turquoise-gp61728
165,https://www.gempundit.com/gemstones/turquoise/turquoise-gp87756
166,https://www.gempundit.com/gemstones/turquoise/turquoise-gp53376
167,https://www.gempundit.com/gemstones/turquoise/turquoise-gp61759
168,https://www.gempundit.com/gemstones/turquoise/turquoise-gp54482
169,https://www.gempundit.com/gemstones/turquoise/turquoise-gp87742
170,https://www.gempundit.com/gemstones/turquoise/turquoise-gp87755
171,https://www.gempundit.com/gemstones/turquoise/turquoise-gp53375
172,https://www.gempundit.com/gemstones/turquoise/turquoise-gp92497
173,https://www.gempundit.com/gemstones/turquoise/turquoise-gp87876
174,https://www.gempundit.com/gemstones/turquoise/turquoise-gp87840
175,https://www.gempundit.com/gemstones/turquoise/turquoise-gp61711
176,https://www.gempundit.com/gemstones/turquoise/turquoise-gp22568
177,https://www.gempundit.com/gemstones/turquoise/turquoise-gp92494
178,https://www.gempundit.com/gemstones/turquoise/turquoise-gp87739
179,https://www.gempundit.com/gemstones/turquoise/turquoise-gp87866
180,https://www.gempundit.com/gemstones/turquoise/turquoise-gp87779
181,https://www.gempundit.com/gemstones/turquoise/turquoise-gp87778
182,https://www.gempundit.com/gemstones/turquoise/turquoise-gp87832
183,https://www.gempundit.com/gemstones/turquoise/turquoise-gp53407
184,https://www.gempundit.com/gemstones/turquoise/turquoise-gp61720
185,https://www.gempundit.com/gemstones/turquoise/turquoise-gp93021
186,https://www.gempundit.com/gemstones/turquoise/turquoise-gp53374
187,https://www.gempundit.com/gemstones/turquoise/turquoise-gp53293
188,https://www.gempundit.com/gemstones/turquoise/turquoise-gp87736
189,https://www.gempundit.com/gemstones/turquoise/turquoise-gp87663
190,https://www.gempundit.com/gemstones/turquoise/turquoise-gp87792
191,https://www.gempundit.com/gemstones/turquoise/turquoise-gp61757
192,https://www.gempundit.com/gemstones/turquoise/turquoise-gp87846
193,https://www.gempundit.com/gemstones/turquoise/turquoise-gp87862
194,https://www.gempundit.com/gemstones/turquoise/turquoise-gp87757
195,https://www.gempundit.com/gemstones/turquoise/turquoise-gp87843
196,https://www.gempundit.com/gemstones/turquoise/turquoise-gp53234
197,https://www.gempundit.com/gemstones/turquoise/turquoise-gp87764
198,https://www.gempundit.com/gemstones/turquoise/turquoise-gp87677
199,https://www.gempundit.com/gemstones/turquoise/turquoise-gp87813
200,https://www.gempundit.com/gemstones/turquoise/turquoise-gp87850
201,https://www.gempundit.com/gemstones/turquoise/turquoise-gp87878
202,https://www.gempundit.com/gemstones/turquoise/turquoise-gp87637
203,https://www.gempundit.com/gemstones/turquoise/turquoise-gp87743
204,https://www.gempundit.com/gemstones/turquoise/turquoise-gp92489
205,https://www.gempundit.com/gemstones/turquoise/turquoise-gp53406
206,https://www.gempundit.com/gemstones/turquoise/turquoise-gp61753
207,https://www.gempundit.com/gemstones/turquoise/turquoise-gp58886
208,https://www.gempundit.com/gemstones/turquoise/turquoise-gp87661
209,https://www.gempundit.com/gemstones/turquoise/turquoise-gp61710
210,https://www.gempundit.com/gemstones/turquoise/turquoise-gp19170
211,https://www.gempundit.com/gemstones/turquoise/turquoise-gp87874
212,https://www.gempundit.com/gemstones/turquoise/turquoise-gp87816
213,https://www.gempundit.com/gemstones/turquoise/turquoise-gp92480
214,https://www.gempundit.com/gemstones/turquoise/turquoise-gp61716
215,https://www.gempundit.com/gemstones/turquoise/turquoise-gp61714
216,https://www.gempundit.com/gemstones/turquoise/turquoise-gp58887
217,https://www.gempundit.com/gemstones/turquoise/turquoise-gp87665
218,https://www.gempundit.com/gemstones/turquoise/turquoise-gp61713
219,https://www.gempundit.com/gemstones/turquoise/turquoise-gp61762
220,https://www.gempundit.com/gemstones/turquoise/turquoise-gp25888
221,https://www.gempundit.com/gemstones/turquoise/turquoise-gp61707
222,https://www.gempundit.com/gemstones/turquoise/turquoise-gp87888
223,https://www.gempundit.com/gemstones/turquoise/turquoise-gp87875
224,https://www.gempundit.com/gemstones/turquoise/turquoise-gp58825
225,https://www.gempundit.com/gemstones/turquoise/turquoise-gp32759
226,https://www.gempundit.com/gemstones/turquoise/turquoise-gp27101
227,https://www.gempundit.com/gemstones/turquoise/turquoise-gp87913
228,https://www.gempundit.com/gemstones/turquoise/turquoise-gp58845
229,https://www.gempundit.com/gemstones/turquoise/turquoise-gp87923
230,https://www.gempundit.com/gemstones/turquoise/turquoise-gp92449
231,https://www.gempundit.com/gemstones/turquoise/turquoise-gp87649
232,https://www.gempundit.com/gemstones/turquoise/turquoise-gp25871
233,https://www.gempundit.com/gemstones/turquoise/turquoise-gp87726
234,https://www.gempundit.com/gemstones/turquoise/turquoise-gp25853
235,https://www.gempundit.com/gemstones/turquoise/turquoise-gp58852
236,https://www.gempundit.com/gemstones/turquoise/turquoise-gp53232
237,https://www.gempundit.com/gemstones/turquoise/turquoise-gp61709
238,https://www.gempundit.com/gemstones/turquoise/turquoise-gp87668
239,https://www.gempundit.com/gemstones/turquoise/turquoise-gp61758
240,https://www.gempundit.com/gemstones/turquoise/turquoise-gp87790
241,https://www.gempundit.com/gemstones/turquoise/turquoise-gp87814
242,https://www.gempundit.com/gemstones/turquoise/turquoise-gp61706
243,https://www.gempundit.com/gemstones/turquoise/turquoise-gp92485
244,https://www.gempundit.com/gemstones/turquoise/turquoise-gp58889
245,https://www.gempundit.com/gemstones/turquoise/turquoise-gp87822
246,https://www.gempundit.com/gemstones/turquoise/turquoise-gp24852
247,https://www.gempundit.com/gemstones/turquoise/turquoise-gp92455
248,https://www.gempundit.com/gemstones/turquoise/turquoise-gp87723
249,https://www.gempundit.com/gemstones/turquoise/turquoise-gp87732
250,https://www.gempundit.com/gemstones/turquoise/turquoise-gp87657
251,https://www.gempundit.com/gemstones/turquoise/turquoise-gp61756
252,https://www.gempundit.com/gemstones/turquoise/turquoise-gp25928
253,https://www.gempundit.com/gemstones/turquoise/turquoise-gp24816
254,https://www.gempundit.com/gemstones/turquoise/turquoise-gp58817
255,https://www.gempundit.com/gemstones/turquoise/turquoise-gp87656
256,https://www.gempundit.com/gemstones/turquoise/turquoise-gp58893
257,https://www.gempundit.com/gemstones/turquoise/turquoise-gp58890
258,https://www.gempundit.com/gemstones/turquoise/turquoise-gp24796
259,https://www.gempundit.com/gemstones/turquoise/turquoise-gp87781
260,https://www.gempundit.com/gemstones/turquoise/turquoise-gp53230
261,https://www.gempundit.com/gemstones/turquoise/turquoise-gp92436
262,https://www.gempundit.com/gemstones/turquoise/turquoise-gp58829
263,https://www.gempundit.com/gemstones/turquoise/turquoise-gp53322
264,https://www.gempundit.com/gemstones/turquoise/turquoise-gp87735
265,https://www.gempundit.com/gemstones/turquoise/turquoise-gp87646
266,https://www.gempundit.com/gemstones/turquoise/turquoise-gp87794
267,https://www.gempundit.com/gemstones/turquoise/turquoise-gp24728
268,https://www.gempundit.com/gemstones/turquoise/turquoise-gp87906
269,https://www.gempundit.com/gemstones/turquoise/turquoise-gp92493
270,https://www.gempundit.com/gemstones/turquoise/turquoise-gp58838
271,https://www.gempundit.com/gemstones/turquoise/turquoise-gp32761
272,https://www.gempundit.com/gemstones/turquoise/turquoise-gp25927
273,https://www.gempundit.com/gemstones/turquoise/turquoise-gp53373
274,https://www.gempundit.com/gemstones/turquoise/turquoise-gp87648
275,https://www.gempundit.com/gemstones/turquoise/turquoise-gp87887
276,https://www.gempundit.com/gemstones/turquoise/turquoise-gp61754
277,https://www.gempundit.com/gemstones/turquoise/turquoise-gp24786
278,https://www.gempundit.com/gemstones/turquoise/turquoise-gp92491
279,https://www.gempundit.com/gemstones/turquoise/turquoise-gp87733
280,https://www.gempundit.com/gemstones/turquoise/turquoise-gp87647
281,https://www.gempundit.com/gemstones/turquoise/turquoise-gp61703
282,https://www.gempundit.com/gemstones/turquoise/turquoise-gp32831
283,https://www.gempundit.com/gemstones/turquoise/turquoise-gp87669
284,https://www.gempundit.com/gemstones/turquoise/turquoise-gp58841
285,https://www.gempundit.com/gemstones/turquoise/turquoise-gp53323
286,https://www.gempundit.com/gemstones/turquoise/turquoise-gp25930
287,https://www.gempundit.com/gemstones/turquoise/turquoise-gp87730
288,https://www.gempundit.com/gemstones/turquoise/turquoise-gp87831
289,https://www.gempundit.com/gemstones/turquoise/turquoise-gp87788
290,https://www.gempundit.com/gemstones/turquoise/turquoise-gp53326
291,https://www.gempundit.com/gemstones/turquoise/turquoise-gp87722
292,https://www.gempundit.com/gemstones/turquoise/turquoise-gp58888
293,https://www.gempundit.com/gemstones/turquoise/turquoise-gp58835
294,https://www.gempundit.com/gemstones/turquoise/turquoise-gp87713
295,https://www.gempundit.com/gemstones/turquoise/turquoise-gp58839
296,https://www.gempundit.com/gemstones/turquoise/turquoise-gp24744
297,https://www.gempundit.com/gemstones/turquoise/turquoise-gp32943
298,https://www.gempundit.com/gemstones/turquoise/turquoise-gp58851
299,https://www.gempundit.com/gemstones/turquoise/turquoise-gp24789
300,https://www.gempundit.com/gemstones/turquoise/turquoise-gp24864
301,https://www.gempundit.com/gemstones/turquoise/turquoise-gp32940
302,https://www.gempundit.com/gemstones/turquoise/turquoise-gp25901
303,https://www.gempundit.com/gemstones/turquoise/turquoise-gp87729
304,https://www.gempundit.com/gemstones/turquoise/turquoise-gp58891
305,https://www.gempundit.com/gemstones/turquoise/turquoise-gp58824
306,https://www.gempundit.com/gemstones/turquoise/turquoise-gp87659
307,https://www.gempundit.com/gemstones/turquoise/turquoise-gp25875
308,https://www.gempundit.com/gemstones/turquoise/turquoise-gp87870
309,https://www.gempundit.com/gemstones/turquoise/turquoise-gp53316
310,https://www.gempundit.com/gemstones/turquoise/turquoise-gp87727
311,https://www.gempundit.com/gemstones/turquoise/turquoise-gp58849
312,https://www.gempundit.com/gemstones/turquoise/turquoise-gp32825
313,https://www.gempundit.com/gemstones/turquoise/turquoise-gp93029
314,https://www.gempundit.com/gemstones/turquoise/turquoise-gp87641
315,https://www.gempundit.com/gemstones/turquoise/turquoise-gp24865
316,https://www.gempundit.com/gemstones/turquoise/turquoise-gp26127
317,https://www.gempundit.com/gemstones/turquoise/turquoise-gp53314
318,https://www.gempundit.com/gemstones/turquoise/turquoise-gp32871
319,https://www.gempundit.com/gemstones/turquoise/turquoise-gp24779
320,https://www.gempundit.com/gemstones/turquoise/turquoise-gp19158
321,https://www.gempundit.com/gemstones/turquoise/turquoise-gp87869
322,https://www.gempundit.com/gemstones/turquoise/turquoise-gp87844
323,https://www.gempundit.com/gemstones/turquoise/turquoise-gp54489
324,https://www.gempundit.com/gemstones/turquoise/turquoise-gp92482
325,https://www.gempundit.com/gemstones/turquoise/turquoise-gp25926
326,https://www.gempundit.com/gemstones/turquoise/turquoise-gp88155
327,https://www.gempundit.com/gemstones/turquoise/turquoise-gp58830
328,https://www.gempundit.com/gemstones/turquoise/turquoise-gp87721
329,https://www.gempundit.com/gemstones/turquoise/turquoise-gp16514
330,https://www.gempundit.com/gemstones/turquoise/turquoise-gp58884
331,https://www.gempundit.com/gemstones/turquoise/turquoise-gp25895
332,https://www.gempundit.com/gemstones/turquoise/turquoise-gp13781
333,https://www.gempundit.com/gemstones/turquoise/turquoise-gp87758
334,https://www.gempundit.com/gemstones/turquoise/turquoise-gp87910
335,https://www.gempundit.com/gemstones/turquoise/turquoise-gp58898
336,https://www.gempundit.com/gemstones/turquoise/turquoise-gp58812
337,https://www.gempundit.com/gemstones/turquoise/turquoise-gp32763
338,https://www.gempundit.com/gemstones/turquoise/turquoise-gp26084
339,https://www.gempundit.com/gemstones/turquoise/turquoise-gp26005
340,https://www.gempundit.com/gemstones/turquoise/turquoise-gp58869
341,https://www.gempundit.com/gemstones/turquoise/turquoise-gp87655
342,https://www.gempundit.com/gemstones/turquoise/turquoise-gp58843
343,https://www.gempundit.com/gemstones/turquoise/turquoise-gp87635
344,https://www.gempundit.com/gemstones/turquoise/turquoise-gp87640
345,https://www.gempundit.com/gemstones/turquoise/turquoise-gp58894
346,https://www.gempundit.com/gemstones/turquoise/turquoise-gp25896
347,https://www.gempundit.com/gemstones/turquoise/turquoise-gp87725
348,https://www.gempundit.com/gemstones/turquoise/turquoise-gp61702
349,https://www.gempundit.com/gemstones/turquoise/turquoise-gp32791
350,https://www.gempundit.com/gemstones/turquoise/turquoise-gp24732
351,https://www.gempundit.com/gemstones/turquoise/turquoise-gp87917
352,https://www.gempundit.com/gemstones/turquoise/turquoise-gp53343
353,https://www.gempundit.com/gemstones/turquoise/turquoise-gp24862
354,https://www.gempundit.com/gemstones/turquoise/turquoise-gp32802
355,https://www.gempundit.com/gemstones/turquoise/turquoise-gp24769
356,https://www.gempundit.com/gemstones/turquoise/turquoise-gp87731
357,https://www.gempundit.com/gemstones/turquoise/turquoise-gp24764
358,https://www.gempundit.com/gemstones/turquoise/turquoise-gp87821
359,https://www.gempundit.com/gemstones/turquoise/turquoise-gp32850
360,https://www.gempundit.com/gemstones/turquoise/turquoise-gp92484
361,https://www.gempundit.com/gemstones/turquoise/turquoise-gp87806
362,https://www.gempundit.com/gemstones/turquoise/turquoise-gp24771
363,https://www.gempundit.com/gemstones/turquoise/turquoise-gp92460
364,https://www.gempundit.com/gemstones/turquoise/turquoise-gp92447
365,https://www.gempundit.com/gemstones/turquoise/turquoise-gp58815
366,https://www.gempundit.com/gemstones/turquoise/turquoise-gp32760
367,https://www.gempundit.com/gemstones/turquoise/turquoise-gp24731
368,https://www.gempundit.com/gemstones/turquoise/turquoise-gp87880
369,https://www.gempundit.com/gemstones/turquoise/turquoise-gp87765
370,https://www.gempundit.com/gemstones/turquoise/turquoise-gp58897
371,https://www.gempundit.com/gemstones/turquoise/turquoise-gp87966
372,https://www.gempundit.com/gemstones/turquoise/turquoise-gp27097
373,https://www.gempundit.com/gemstones/turquoise/turquoise-gp25881
374,https://www.gempundit.com/gemstones/turquoise/turquoise-gp25867
375,https://www.gempundit.com/gemstones/turquoise/turquoise-gp25931
376,https://www.gempundit.com/gemstones/turquoise/turquoise-gp25903
377,https://www.gempundit.com/gemstones/turquoise/turquoise-gp87873
378,https://www.gempundit.com/gemstones/turquoise/turquoise-gp87662
379,https://www.gempundit.com/gemstones/turquoise/turquoise-gp92452
380,https://www.gempundit.com/gemstones/turquoise/turquoise-gp58875
381,https://www.gempundit.com/gemstones/turquoise/turquoise-gp32945
382,https://www.gempundit.com/gemstones/turquoise/turquoise-gp92492
383,https://www.gempundit.com/gemstones/turquoise/turquoise-gp87947
384,https://www.gempundit.com/gemstones/turquoise/turquoise-gp87777
385,https://www.gempundit.com/gemstones/turquoise/turquoise-gp87773
386,https://www.gempundit.com/gemstones/turquoise/turquoise-gp25907
387,https://www.gempundit.com/gemstones/turquoise/turquoise-gp87658
388,https://www.gempundit.com/gemstones/turquoise/turquoise-gp25937
389,https://www.gempundit.com/gemstones/turquoise/turquoise-gp24790
390,https://www.gempundit.com/gemstones/turquoise/turquoise-gp87920
391,https://www.gempundit.com/gemstones/turquoise/turquoise-gp24855
392,https://www.gempundit.com/gemstones/turquoise/turquoise-gp87970
393,https://www.gempundit.com/gemstones/turquoise/turquoise-gp87748
394,https://www.gempundit.com/gemstones/turquoise/turquoise-gp87638
395,https://www.gempundit.com/gemstones/turquoise/turquoise-gp61752
396,https://www.gempundit.com/gemstones/turquoise/turquoise-gp32822
397,https://www.gempundit.com/gemstones/turquoise/turquoise-gp39221
398,https://www.gempundit.com/gemstones/turquoise/turquoise-gp87965
399,https://www.gempundit.com/gemstones/turquoise/turquoise-gp93024
400,https://www.gempundit.com/gemstones/turquoise/turquoise-gp87969
401,https://www.gempundit.com/gemstones/turquoise/turquoise-gp87819
402,https://www.gempundit.com/gemstones/turquoise/turquoise-gp24824
403,https://www.gempundit.com/gemstones/turquoise/turquoise-gp92476
404,https://www.gempundit.com/gemstones/turquoise/turquoise-gp87654
405,https://www.gempundit.com/gemstones/turquoise/turquoise-gp92463
406,https://www.gempundit.com/gemstones/turquoise/turquoise-gp92446
407,https://www.gempundit.com/gemstones/turquoise/turquoise-gp25884
408,https://www.gempundit.com/gemstones/turquoise/turquoise-gp19161
409,https://www.gempundit.com/gemstones/turquoise/turquoise-gp19149
410,https://www.gempundit.com/gemstones/turquoise/turquoise-gp58885
411,https://www.gempundit.com/gemstones/turquoise/turquoise-gp24765
412,https://www.gempundit.com/gemstones/turquoise/turquoise-gp87963
413,https://www.gempundit.com/gemstones/turquoise/turquoise-gp87907
414,https://www.gempundit.com/gemstones/turquoise/turquoise-gp92462
415,https://www.gempundit.com/gemstones/turquoise/turquoise-gp87834
416,https://www.gempundit.com/gemstones/turquoise/turquoise-gp87959
417,https://www.gempundit.com/gemstones/turquoise/turquoise-gp87864
418,https://www.gempundit.com/gemstones/turquoise/turquoise-gp25889
419,https://www.gempundit.com/gemstones/turquoise/turquoise-gp87650
420,https://www.gempundit.com/gemstones/turquoise/turquoise-gp25917
421,https://www.gempundit.com/gemstones/turquoise/turquoise-gp87968
422,https://www.gempundit.com/gemstones/turquoise/turquoise-gp92488
423,https://www.gempundit.com/gemstones/turquoise/turquoise-gp87753
424,https://www.gempundit.com/gemstones/turquoise/turquoise-gp58853
425,https://www.gempundit.com/gemstones/turquoise/turquoise-gp25870
426,https://www.gempundit.com/gemstones/turquoise/turquoise-gp88158
427,https://www.gempundit.com/gemstones/turquoise/turquoise-gp58813
428,https://www.gempundit.com/gemstones/turquoise/turquoise-gp32924
429,https://www.gempundit.com/gemstones/turquoise/turquoise-gp32862
430,https://www.gempundit.com/gemstones/turquoise/turquoise-gp92458
431,https://www.gempundit.com/gemstones/turquoise/turquoise-gp87652
432,https://www.gempundit.com/gemstones/turquoise/turquoise-gp87954
433,https://www.gempundit.com/gemstones/turquoise/turquoise-gp24804
434,https://www.gempundit.com/gemstones/turquoise/turquoise-gp53280
435,https://www.gempundit.com/gemstones/turquoise/turquoise-gp19175
436,https://www.gempundit.com/gemstones/turquoise/turquoise-gp53320
437,https://www.gempundit.com/gemstones/turquoise/turquoise-gp87827
438,https://www.gempundit.com/gemstones/turquoise/turquoise-gp58831
439,https://www.gempundit.com/gemstones/turquoise/turquoise-gp87950
440,https://www.gempundit.com/gemstones/turquoise/turquoise-gp58880
441,https://www.gempundit.com/gemstones/turquoise/turquoise-gp87957
442,https://www.gempundit.com/gemstones/turquoise/turquoise-gp54486
443,https://www.gempundit.com/gemstones/turquoise/turquoise-gp87716
444,https://www.gempundit.com/gemstones/turquoise/turquoise-gp53313
445,https://www.gempundit.com/gemstones/turquoise/turquoise-gp25911
446,https://www.gempundit.com/gemstones/turquoise/turquoise-gp87651
447,https://www.gempundit.com/gemstones/turquoise/turquoise-gp24738
448,https://www.gempundit.com/gemstones/turquoise/turquoise-gp24772
449,https://www.gempundit.com/gemstones/turquoise/turquoise-gp87919
450,https://www.gempundit.com/gemstones/turquoise/turquoise-gp87817
451,https://www.gempundit.com/gemstones/turquoise/turquoise-gp87703
452,https://www.gempundit.com/gemstones/turquoise/turquoise-gp24774
453,https://www.gempundit.com/gemstones/turquoise/turquoise-gp87625
454,https://www.gempundit.com/gemstones/turquoise/turquoise-gp87948
455,https://www.gempundit.com/gemstones/turquoise/turquoise-gp87962
456,https://www.gempundit.com/gemstones/turquoise/turquoise-gp58859
457,https://www.gempundit.com/gemstones/turquoise/turquoise-gp87836
458,https://www.gempundit.com/gemstones/turquoise/turquoise-gp87720
459,https://www.gempundit.com/gemstones/turquoise/turquoise-gp87958
460,https://www.gempundit.com/gemstones/turquoise/turquoise-gp87953
461,https://www.gempundit.com/gemstones/turquoise/turquoise-gp58883
462,https://www.gempundit.com/gemstones/turquoise/turquoise-gp58881
463,https://www.gempundit.com/gemstones/turquoise/turquoise-gp88157
464,https://www.gempundit.com/gemstones/turquoise/turquoise-gp87709
465,https://www.gempundit.com/gemstones/turquoise/turquoise-gp87762
466,https://www.gempundit.com/gemstones/turquoise/turquoise-gp87639
467,https://www.gempundit.com/gemstones/turquoise/turquoise-gp87624
468,https://www.gempundit.com/gemstones/turquoise/turquoise-gp87633
469,https://www.gempundit.com/gemstones/turquoise/turquoise-gp87848
470,https://www.gempundit.com/gemstones/turquoise/turquoise-gp87800
471,https://www.gempundit.com/gemstones/turquoise/turquoise-gp87772
472,https://www.gempundit.com/gemstones/turquoise/turquoise-gp88154
473,https://www.gempundit.com/gemstones/turquoise/turquoise-gp53310
474,https://www.gempundit.com/gemstones/turquoise/turquoise-gp58858
475,https://www.gempundit.com/gemstones/turquoise/turquoise-gp87955
476,https://www.gempundit.com/gemstones/turquoise/turquoise-gp53309
477,https://www.gempundit.com/gemstones/turquoise/turquoise-gp32869
478,https://www.gempundit.com/gemstones/turquoise/turquoise-gp24837
479,https://www.gempundit.com/gemstones/turquoise/turquoise-gp87830
480,https://www.gempundit.com/gemstones/turquoise/turquoise-gp87628
481,https://www.gempundit.com/gemstones/turquoise/turquoise-gp87644
482,https://www.gempundit.com/gemstones/turquoise/turquoise-gp93020
483,https://www.gempundit.com/gemstones/turquoise/turquoise-gp24725
484,https://www.gempundit.com/gemstones/turquoise/turquoise-gp61812
485,https://www.gempundit.com/gemstones/turquoise/turquoise-gp88150
486,https://www.gempundit.com/gemstones/turquoise/turquoise-gp87712
487,https://www.gempundit.com/gemstones/turquoise/turquoise-gp87702
488,https://www.gempundit.com/gemstones/turquoise/turquoise-gp87717
489,https://www.gempundit.com/gemstones/turquoise/turquoise-gp24834
490,https://www.gempundit.com/gemstones/turquoise/turquoise-gp87715
491,https://www.gempundit.com/gemstones/turquoise/turquoise-gp19157
492,https://www.gempundit.com/gemstones/turquoise/turquoise-gp22557
493,https://www.gempundit.com/gemstones/turquoise/turquoise-gp24749
494,https://www.gempundit.com/gemstones/turquoise/turquoise-gp87711
495,https://www.gempundit.com/gemstones/turquoise/turquoise-gp24754
496,https://www.gempundit.com/gemstones/turquoise/turquoise-gp87812
497,https://www.gempundit.com/gemstones/turquoise/turquoise-gp58882
498,https://www.gempundit.com/gemstones/turquoise/turquoise-gp61806
499,https://www.gempundit.com/gemstones/turquoise/turquoise-gp58877
500,https://www.gempundit.com/gemstones/turquoise/turquoise-gp20266
501,https://www.gempundit.com/gemstones/turquoise/turquoise-gp87759
502,https://www.gempundit.com/gemstones/turquoise/turquoise-gp87704
503,https://www.gempundit.com/gemstones/turquoise/turquoise-gp87634
504,https://www.gempundit.com/gemstones/turquoise/turquoise-gp87643
505,https://www.gempundit.com/gemstones/turquoise/turquoise-gp87918
506,https://www.gempundit.com/gemstones/turquoise/turquoise-gp87710
507,https://www.gempundit.com/gemstones/turquoise/turquoise-gp58816
508,https://www.gempundit.com/gemstones/turquoise/turquoise-gp58822
509,https://www.gempundit.com/gemstones/turquoise/turquoise-gp87706
510,https://www.gempundit.com/gemstones/turquoise/turquoise-gp87829
511,https://www.gempundit.com/gemstones/turquoise/turquoise-gp87708
512,https://www.gempundit.com/gemstones/turquoise/turquoise-gp87809
513,https://www.gempundit.com/gemstones/turquoise/turquoise-gp20260
514,https://www.gempundit.com/gemstones/turquoise/turquoise-gp58902
515,https://www.gempundit.com/gemstones/turquoise/turquoise-gp19143
516,https://www.gempundit.com/gemstones/turquoise/turquoise-gp87825
517,https://www.gempundit.com/gemstones/turquoise/turquoise-gp20271
518,https://www.gempundit.com/gemstones/turquoise/turquoise-gp58904
519,https://www.gempundit.com/gemstones/turquoise/turquoise-gp20255
520,https://www.gempundit.com/gemstones/turquoise/turquoise-gp87855
521,https://www.gempundit.com/gemstones/turquoise/turquoise-gp87865
522,https://www.gempundit.com/gemstones/turquoise/turquoise-gp87860
523,https://www.gempundit.com/gemstones/turquoise/turquoise-gp58856
524,https://www.gempundit.com/gemstones/turquoise/turquoise-gp58867
525,https://www.gempundit.com/gemstones/turquoise/turquoise-gp19189
526,https://www.gempundit.com/gemstones/turquoise/turquoise-gp58866
527,https://www.gempundit.com/gemstones/turquoise/turquoise-gp19140
528,https://www.gempundit.com/gemstones/turquoise/turquoise-gp58863
529,https://www.gempundit.com/gemstones/turquoise/turquoise-gp87700
530,https://www.gempundit.com/gemstones/turquoise/turquoise-gp87629
531,https://www.gempundit.com/gemstones/turquoise/turquoise-gp87707
532,https://www.gempundit.com/gemstones/turquoise/turquoise-gp87898
533,https://www.gempundit.com/gemstones/turquoise/turquoise-gp87835
534,https://www.gempundit.com/gemstones/turquoise/turquoise-gp58901
535,https://www.gempundit.com/gemstones/turquoise/turquoise-gp87872
536,https://www.gempundit.com/gemstones/turquoise/turquoise-gp58899
537,https://www.gempundit.com/gemstones/turquoise/turquoise-gp54483
538,https://www.gempundit.com/gemstones/turquoise/turquoise-gp87856
539,https://www.gempundit.com/gemstones/turquoise/turquoise-gp58864
540,https://www.gempundit.com/gemstones/turquoise/turquoise-gp58857
541,https://www.gempundit.com/gemstones/turquoise/turquoise-gp22562
542,https://www.gempundit.com/gemstones/turquoise/turquoise-gp58819
543,https://www.gempundit.com/gemstones/turquoise/turquoise-gp25956
544,https://www.gempundit.com/gemstones/turquoise/turquoise-gp58809
545,https://www.gempundit.com/gemstones/turquoise/turquoise-gp87811
546,https://www.gempundit.com/gemstones/turquoise/turquoise-gp21560
547,https://www.gempundit.com/gemstones/turquoise/turquoise-gp87631
548,https://www.gempundit.com/gemstones/turquoise/turquoise-gp58868
549,https://www.gempundit.com/gemstones/turquoise/turquoise-gp87623
550,https://www.gempundit.com/gemstones/turquoise/turquoise-gp87622
551,https://www.gempundit.com/gemstones/turquoise/turquoise-gp21565
552,https://www.gempundit.com/gemstones/turquoise/turquoise-gp87630
553,https://www.gempundit.com/gemstones/turquoise/turquoise-gp87828
554,https://www.gempundit.com/gemstones/turquoise/turquoise-gp87853
555,https://www.gempundit.com/gemstones/turquoise/turquoise-gp20261
556,https://www.gempundit.com/gemstones/turquoise/turquoise-gp19165
557,https://www.gempundit.com/gemstones/turquoise/turquoise-gp39220
558,https://www.gempundit.com/gemstones/turquoise/turquoise-gp87826
559,https://www.gempundit.com/gemstones/turquoise/turquoise-gp49836
560,https://www.gempundit.com/gemstones/turquoise/turquoise-gp20270
561,https://www.gempundit.com/gemstones/turquoise/turquoise-gp87786
562,https://www.gempundit.com/gemstones/turquoise/turquoise-gp25899
563,https://www.gempundit.com/gemstones/turquoise/turquoise-gp32910
564,https://www.gempundit.com/gemstones/turquoise/turquoise-gp20264
565,https://www.gempundit.com/gemstones/turquoise/turquoise-gp88147
566,https://www.gempundit.com/gemstones/turquoise/turquoise-gp22556
567,https://www.gempundit.com/gemstones/turquoise/turquoise-gp32764
568,https://www.gempundit.com/gemstones/turquoise/turquoise-gp87619
569,https://www.gempundit.com/gemstones/turquoise/turquoise-gp49840
570,https://www.gempundit.com/gemstones/turquoise/turquoise-gp92487
571,https://www.gempundit.com/gemstones/turquoise/turquoise-gp87746
572,https://www.gempundit.com/gemstones/turquoise/turquoise-gp87854
573,https://www.gempundit.com/gemstones/turquoise/turquoise-gp19190
574,https://www.gempundit.com/gemstones/turquoise/turquoise-gp20259
575,https://www.gempundit.com/gemstones/turquoise/turquoise-gp20274
576,https://www.gempundit.com/gemstones/turquoise/turquoise-gp88160
577,https://www.gempundit.com/gemstones/turquoise/turquoise-gp20254
578,https://www.gempundit.com/gemstones/turquoise/turquoise-gp92469
579,https://www.gempundit.com/gemstones/turquoise/turquoise-gp88131
580,https://www.gempundit.com/gemstones/turquoise/turquoise-gp19135
581,https://www.gempundit.com/gemstones/turquoise/turquoise-gp88152
582,https://www.gempundit.com/gemstones/turquoise/turquoise-gp49838
583,https://www.gempundit.com/gemstones/turquoise/turquoise-gp87893
584,https://www.gempundit.com/gemstones/turquoise/turquoise-gp87867
585,https://www.gempundit.com/gemstones/turquoise/turquoise-gp49824
586,https://www.gempundit.com/gemstones/turquoise/turquoise-gp87774
587,https://www.gempundit.com/gemstones/turquoise/turquoise-gp49809
588,https://www.gempundit.com/gemstones/turquoise/turquoise-gp92471
589,https://www.gempundit.com/gemstones/turquoise/turquoise-gp21562
590,https://www.gempundit.com/gemstones/turquoise/turquoise-gp49834
591,https://www.gempundit.com/gemstones/turquoise/turquoise-gp49828
592,https://www.gempundit.com/gemstones/turquoise/turquoise-gp92498
593,https://www.gempundit.com/gemstones/turquoise/turquoise-gp87902
594,https://www.gempundit.com/gemstones/turquoise/turquoise-gp49821
595,https://www.gempundit.com/gemstones/turquoise/turquoise-gp49833
596,https://www.gempundit.com/gemstones/turquoise/turquoise-gp32918
597,https://www.gempundit.com/gemstones/turquoise/turquoise-gp19187
598,https://www.gempundit.com/gemstones/turquoise/turquoise-gp49803
599,https://www.gempundit.com/gemstones/turquoise/turquoise-gp53282
600,https://www.gempundit.com/gemstones/turquoise/turquoise-gp88138
601,https://www.gempundit.com/gemstones/turquoise/turquoise-gp49784
602,https://www.gempundit.com/gemstones/turquoise/turquoise-gp19129
603,https://www.gempundit.com/gemstones/turquoise/turquoise-gp87823
604,https://www.gempundit.com/gemstones/turquoise/turquoise-gp49826
605,https://www.gempundit.com/gemstones/turquoise/turquoise-gp58284
606,https://www.gempundit.com/gemstones/turquoise/turquoise-gp88132
607,https://www.gempundit.com/gemstones/turquoise/turquoise-gp88148
608,https://www.gempundit.com/gemstones/turquoise/turquoise-gp58213
609,https://www.gempundit.com/gemstones/turquoise/turquoise-gp87617
610,https://www.gempundit.com/gemstones/turquoise/turquoise-gp19136
611,https://www.gempundit.com/gemstones/turquoise/turquoise-gp49806
612,https://www.gempundit.com/gemstones/turquoise/turquoise-gp87701
613,https://www.gempundit.com/gemstones/turquoise/turquoise-gp26133
614,https://www.gempundit.com/gemstones/turquoise/turquoise-gp87747
615,https://www.gempundit.com/gemstones/turquoise/turquoise-gp22560
616,https://www.gempundit.com/gemstones/turquoise/turquoise-gp87868
617,https://www.gempundit.com/gemstones/turquoise/turquoise-gp49831
618,https://www.gempundit.com/gemstones/turquoise/turquoise-gp49801
619,https://www.gempundit.com/gemstones/turquoise/turquoise-gp87621
620,https://www.gempundit.com/gemstones/turquoise/turquoise-gp58196
621,https://www.gempundit.com/gemstones/turquoise/turquoise-gp87857
622,https://www.gempundit.com/gemstones/turquoise/turquoise-gp58221
623,https://www.gempundit.com/gemstones/turquoise/turquoise-gp50614
624,https://www.gempundit.com/gemstones/turquoise/turquoise-gp49811
625,https://www.gempundit.com/gemstones/turquoise/turquoise-gp87892
626,https://www.gempundit.com/gemstones/turquoise/turquoise-gp19176
627,https://www.gempundit.com/gemstones/turquoise/turquoise-gp50628
628,https://www.gempundit.com/gemstones/turquoise/turquoise-gp58227
629,https://www.gempundit.com/gemstones/turquoise/turquoise-gp49816
630,https://www.gempundit.com/gemstones/turquoise/turquoise-gp49825
631,https://www.gempundit.com/gemstones/turquoise/turquoise-gp87808
632,https://www.gempundit.com/gemstones/turquoise/turquoise-gp49788
633,https://www.gempundit.com/gemstones/turquoise/turquoise-gp49832
634,https://www.gempundit.com/gemstones/turquoise/turquoise-gp49814
635,https://www.gempundit.com/gemstones/turquoise/turquoise-gp49823
636,https://www.gempundit.com/gemstones/turquoise/turquoise-gp87766
637,https://www.gempundit.com/gemstones/turquoise/turquoise-gp50613
638,https://www.gempundit.com/gemstones/turquoise/turquoise-gp49792
639,https://www.gempundit.com/gemstones/turquoise/turquoise-gp19169
640,https://www.gempundit.com/gemstones/turquoise/turquoise-gp49790
641,https://www.gempundit.com/gemstones/turquoise/turquoise-gp88164
642,https://www.gempundit.com/gemstones/turquoise/turquoise-gp49773
643,https://www.gempundit.com/gemstones/turquoise/turquoise-gp49813
644,https://www.gempundit.com/gemstones/turquoise/turquoise-gp87810
645,https://www.gempundit.com/gemstones/turquoise/turquoise-gp87859
646,https://www.gempundit.com/gemstones/turquoise/turquoise-gp58215
647,https://www.gempundit.com/gemstones/turquoise/turquoise-gp50618
648,https://www.gempundit.com/gemstones/turquoise/turquoise-gp58182
649,https://www.gempundit.com/gemstones/turquoise/turquoise-gp58226
650,https://www.gempundit.com/gemstones/turquoise/turquoise-gp49810
651,https://www.gempundit.com/gemstones/turquoise/turquoise-gp87698
652,https://www.gempundit.com/gemstones/turquoise/turquoise-gp87785
653,https://www.gempundit.com/gemstones/turquoise/turquoise-gp88145
654,https://www.gempundit.com/gemstones/turquoise/turquoise-gp19163
655,https://www.gempundit.com/gemstones/turquoise/turquoise-gp22230
656,https://www.gempundit.com/gemstones/turquoise/turquoise-gp49802
657,https://www.gempundit.com/gemstones/turquoise/turquoise-gp50599
658,https://www.gempundit.com/gemstones/turquoise/turquoise-gp39214
659,https://www.gempundit.com/gemstones/turquoise/turquoise-gp49794
660,https://www.gempundit.com/gemstones/turquoise/turquoise-gp49818
661,https://www.gempundit.com/gemstones/turquoise/turquoise-gp49782
662,https://www.gempundit.com/gemstones/turquoise/turquoise-gp87824
663,https://www.gempundit.com/gemstones/turquoise/turquoise-gp49798
664,https://www.gempundit.com/gemstones/turquoise/turquoise-gp49808
665,https://www.gempundit.com/gemstones/turquoise/turquoise-gp54491
666,https://www.gempundit.com/gemstones/turquoise/turquoise-gp18687
667,https://www.gempundit.com/gemstones/turquoise/turquoise-gp50598
668,https://www.gempundit.com/gemstones/turquoise/turquoise-gp49812
669,https://www.gempundit.com/gemstones/turquoise/turquoise-gp53291
670,https://www.gempundit.com/gemstones/turquoise/turquoise-gp58216
671,https://www.gempundit.com/gemstones/turquoise/turquoise-gp87699
672,https://www.gempundit.com/gemstones/turquoise/turquoise-gp58269
673,https://www.gempundit.com/gemstones/turquoise/turquoise-gp87697
674,https://www.gempundit.com/gemstones/turquoise/turquoise-gp87912
675,https://www.gempundit.com/gemstones/turquoise/turquoise-gp87782
676,https://www.gempundit.com/gemstones/turquoise/turquoise-gp49805
677,https://www.gempundit.com/gemstones/turquoise/turquoise-gp87620
678,https://www.gempundit.com/gemstones/turquoise/turquoise-gp53296
679,https://www.gempundit.com/gemstones/turquoise/turquoise-gp49787
680,https://www.gempundit.com/gemstones/turquoise/turquoise-gp50610
681,https://www.gempundit.com/gemstones/turquoise/turquoise-gp18685
682,https://www.gempundit.com/gemstones/turquoise/turquoise-gp58274
683,https://www.gempundit.com/gemstones/turquoise/turquoise-gp49807
684,https://www.gempundit.com/gemstones/turquoise/turquoise-gp88136
685,https://www.gempundit.com/gemstones/turquoise/turquoise-gp88142
686,https://www.gempundit.com/gemstones/turquoise/turquoise-gp22561
687,https://www.gempundit.com/gemstones/turquoise/turquoise-gp49785
688,https://www.gempundit.com/gemstones/turquoise/turquoise-gp88165
689,https://www.gempundit.com/gemstones/turquoise/turquoise-gp88129
690,https://www.gempundit.com/gemstones/turquoise/turquoise-gp58194
691,https://www.gempundit.com/gemstones/turquoise/turquoise-gp92474
692,https://www.gempundit.com/gemstones/turquoise/turquoise-gp88140
693,https://www.gempundit.com/gemstones/turquoise/turquoise-gp87696
694,https://www.gempundit.com/gemstones/turquoise/turquoise-gp49789
695,https://www.gempundit.com/gemstones/turquoise/turquoise-gp58279
696,https://www.gempundit.com/gemstones/turquoise/turquoise-gp87760
697,https://www.gempundit.com/gemstones/turquoise/turquoise-gp49781
698,https://www.gempundit.com/gemstones/turquoise/turquoise-gp92472
699,https://www.gempundit.com/gemstones/turquoise/turquoise-gp49820
700,https://www.gempundit.com/gemstones/turquoise/turquoise-gp49778
701,https://www.gempundit.com/gemstones/turquoise/turquoise-gp87618
702,https://www.gempundit.com/gemstones/turquoise/turquoise-gp49763
703,https://www.gempundit.com/gemstones/turquoise/turquoise-gp53359
704,https://www.gempundit.com/gemstones/turquoise/turquoise-gp53361
705,https://www.gempundit.com/gemstones/turquoise/turquoise-gp49791
706,https://www.gempundit.com/gemstones/turquoise/turquoise-gp88162
707,https://www.gempundit.com/gemstones/turquoise/turquoise-gp22247
708,https://www.gempundit.com/gemstones/turquoise/turquoise-gp32828
709,https://www.gempundit.com/gemstones/turquoise/turquoise-gp49797
710,https://www.gempundit.com/gemstones/turquoise/turquoise-gp58276
711,https://www.gempundit.com/gemstones/turquoise/turquoise-gp49777
712,https://www.gempundit.com/gemstones/turquoise/turquoise-gp22237
713,https://www.gempundit.com/gemstones/turquoise/turquoise-gp24746
714,https://www.gempundit.com/gemstones/turquoise/turquoise-gp49793
715,https://www.gempundit.com/gemstones/turquoise/turquoise-gp49780
716,https://www.gempundit.com/gemstones/turquoise/turquoise-gp87695
717,https://www.gempundit.com/gemstones/turquoise/turquoise-gp58214
718,https://www.gempundit.com/gemstones/turquoise/turquoise-gp58220
719,https://www.gempundit.com/gemstones/turquoise/turquoise-gp49762
720,https://www.gempundit.com/gemstones/turquoise/turquoise-gp58273
721,https://www.gempundit.com/gemstones/turquoise/turquoise-gp49783
722,https://www.gempundit.com/gemstones/turquoise/turquoise-gp49786
723,https://www.gempundit.com/gemstones/turquoise/turquoise-gp39211
724,https://www.gempundit.com/gemstones/turquoise/turquoise-gp50597
725,https://www.gempundit.com/gemstones/turquoise/turquoise-gp88133
726,https://www.gempundit.com/gemstones/turquoise/turquoise-gp93013
727,https://www.gempundit.com/gemstones/turquoise/turquoise-gp32864
728,https://www.gempundit.com/gemstones/turquoise/turquoise-gp24758
729,https://www.gempundit.com/gemstones/turquoise/turquoise-gp32840
730,https://www.gempundit.com/gemstones/turquoise/turquoise-gp32890
731,https://www.gempundit.com/gemstones/turquoise/turquoise-gp58183
732,https://www.gempundit.com/gemstones/turquoise/turquoise-gp49800
733,https://www.gempundit.com/gemstones/turquoise/turquoise-gp88161
734,https://www.gempundit.com/gemstones/turquoise/turquoise-gp49770
735,https://www.gempundit.com/gemstones/turquoise/turquoise-gp49771
736,https://www.gempundit.com/gemstones/turquoise/turquoise-gp58277
737,https://www.gempundit.com/gemstones/turquoise/turquoise-gp23445
738,https://www.gempundit.com/gemstones/turquoise/turquoise-gp32858
739,https://www.gempundit.com/gemstones/turquoise/turquoise-gp49779
740,https://www.gempundit.com/gemstones/turquoise/turquoise-gp58266
741,https://www.gempundit.com/gemstones/turquoise/turquoise-gp49774
742,https://www.gempundit.com/gemstones/turquoise/turquoise-gp26047
743,https://www.gempundit.com/gemstones/turquoise/turquoise-gp39215
744,https://www.gempundit.com/gemstones/turquoise/turquoise-gp49776
745,https://www.gempundit.com/gemstones/turquoise/turquoise-gp58247
746,https://www.gempundit.com/gemstones/turquoise/turquoise-gp50627
747,https://www.gempundit.com/gemstones/turquoise/turquoise-gp49775
748,https://www.gempundit.com/gemstones/turquoise/turquoise-gp58212
749,https://www.gempundit.com/gemstones/turquoise/turquoise-gp93012
750,https://www.gempundit.com/gemstones/turquoise/turquoise-gp39205
751,https://www.gempundit.com/gemstones/turquoise/turquoise-gp32821
752,https://www.gempundit.com/gemstones/turquoise/turquoise-gp22235
753,https://www.gempundit.com/gemstones/turquoise/turquoise-gp58244
754,https://www.gempundit.com/gemstones/turquoise/turquoise-gp49764
755,https://www.gempundit.com/gemstones/turquoise/turquoise-gp88135
756,https://www.gempundit.com/gemstones/turquoise/turquoise-gp39213
757,https://www.gempundit.com/gemstones/turquoise/turquoise-gp49769
758,https://www.gempundit.com/gemstones/turquoise/turquoise-gp50617
759,https://www.gempundit.com/gemstones/turquoise/turquoise-gp50611
760,https://www.gempundit.com/gemstones/turquoise/turquoise-gp39212
761,https://www.gempundit.com/gemstones/turquoise/turquoise-gp53355
762,https://www.gempundit.com/gemstones/turquoise/turquoise-gp88163
763,https://www.gempundit.com/gemstones/turquoise/turquoise-gp50594
764,https://www.gempundit.com/gemstones/turquoise/turquoise-gp58246
765,https://www.gempundit.com/gemstones/turquoise/turquoise-gp92419
766,https://www.gempundit.com/gemstones/turquoise/turquoise-gp92424
767,https://www.gempundit.com/gemstones/turquoise/turquoise-gp58268
768,https://www.gempundit.com/gemstones/turquoise/turquoise-gp58197
769,https://www.gempundit.com/gemstones/turquoise/turquoise-gp58211
770,https://www.gempundit.com/gemstones/turquoise/turquoise-gp39210
771,https://www.gempundit.com/gemstones/turquoise/turquoise-gp50605
772,https://www.gempundit.com/gemstones/turquoise/turquoise-gp49760
773,https://www.gempundit.com/gemstones/turquoise/turquoise-gp49766
774,https://www.gempundit.com/gemstones/turquoise/turquoise-gp39208
775,https://www.gempundit.com/gemstones/turquoise/turquoise-gp58191
776,https://www.gempundit.com/gemstones/turquoise/turquoise-gp58181
777,https://www.gempundit.com/gemstones/turquoise/turquoise-gp49768
778,https://www.gempundit.com/gemstones/turquoise/turquoise-gp39202
779,https://www.gempundit.com/gemstones/turquoise/turquoise-gp95039
780,https://www.gempundit.com/gemstones/turquoise/turquoise-gp50603
781,https://www.gempundit.com/gemstones/turquoise/turquoise-gp49758
782,https://www.gempundit.com/gemstones/turquoise/turquoise-gp50616
783,https://www.gempundit.com/gemstones/turquoise/turquoise-gp49767
784,https://www.gempundit.com/gemstones/turquoise/turquoise-gp52043
785,https://www.gempundit.com/gemstones/turquoise/turquoise-gp49842
786,https://www.gempundit.com/gemstones/turquoise/turquoise-gp58185
787,https://www.gempundit.com/gemstones/turquoise/turquoise-gp49761
788,https://www.gempundit.com/gemstones/turquoise/turquoise-gp58180
789,https://www.gempundit.com/gemstones/turquoise/turquoise-gp50606
790,https://www.gempundit.com/gemstones/turquoise/turquoise-gp92420
791,https://www.gempundit.com/gemstones/turquoise/turquoise-gp58281
792,https://www.gempundit.com/gemstones/turquoise/turquoise-gp53340
793,https://www.gempundit.com/gemstones/turquoise/turquoise-gp14616
794,https://www.gempundit.com/gemstones/turquoise/turquoise-gp58263
795,https://www.gempundit.com/gemstones/turquoise/turquoise-gp53302
796,https://www.gempundit.com/gemstones/turquoise/turquoise-gp52039
797,https://www.gempundit.com/gemstones/turquoise/turquoise-gp58238
798,https://www.gempundit.com/gemstones/turquoise/turquoise-gp50593
799,https://www.gempundit.com/gemstones/turquoise/turquoise-gp58224
800,https://www.gempundit.com/gemstones/turquoise/turquoise-gp58248
801,https://www.gempundit.com/gemstones/turquoise/turquoise-gp39206
802,https://www.gempundit.com/gemstones/turquoise/turquoise-gp58219
803,https://www.gempundit.com/gemstones/turquoise/turquoise-gp58210
804,https://www.gempundit.com/gemstones/turquoise/turquoise-gp58195
805,https://www.gempundit.com/gemstones/turquoise/turquoise-gp39225
806,https://www.gempundit.com/gemstones/turquoise/turquoise-gp52044
807,https://www.gempundit.com/gemstones/turquoise/turquoise-gp58200
808,https://www.gempundit.com/gemstones/turquoise/turquoise-gp58271
809,https://www.gempundit.com/gemstones/turquoise/turquoise-gp58193
810,https://www.gempundit.com/gemstones/turquoise/turquoise-gp39203
811,https://www.gempundit.com/gemstones/turquoise/turquoise-gp30300
812,https://www.gempundit.com/gemstones/turquoise/turquoise-gp30301
813,https://www.gempundit.com/gemstones/turquoise/turquoise-gp49759
814,https://www.gempundit.com/gemstones/turquoise/turquoise-gp23446
815,https://www.gempundit.com/gemstones/turquoise/turquoise-gp58275
816,https://www.gempundit.com/gemstones/turquoise/turquoise-gp50602
817,https://www.gempundit.com/gemstones/turquoise/turquoise-gp58223
818,https://www.gempundit.com/gemstones/turquoise/turquoise-gp23444
819,https://www.gempundit.com/gemstones/turquoise/turquoise-gp40419
820,https://www.gempundit.com/gemstones/turquoise/turquoise-gp40422
821,https://www.gempundit.com/gemstones/turquoise/turquoise-gp58261
822,https://www.gempundit.com/gemstones/turquoise/turquoise-gp39223
823,https://www.gempundit.com/gemstones/turquoise/turquoise-gp39207
824,https://www.gempundit.com/gemstones/turquoise/turquoise-gp50622
825,https://www.gempundit.com/gemstones/turquoise/turquoise-gp92423
826,https://www.gempundit.com/gemstones/turquoise/turquoise-gp52026
827,https://www.gempundit.com/gemstones/turquoise/turquoise-gp23440
828,https://www.gempundit.com/gemstones/turquoise/turquoise-gp50591
829,https://www.gempundit.com/gemstones/turquoise/turquoise-gp58260
830,https://www.gempundit.com/gemstones/turquoise/turquoise-gp23434
831,https://www.gempundit.com/gemstones/turquoise/turquoise-gp58230
832,https://www.gempundit.com/gemstones/turquoise/turquoise-gp92422
833,https://www.gempundit.com/gemstones/turquoise/turquoise-gp58267
834,https://www.gempundit.com/gemstones/turquoise/turquoise-gp58264
835,https://www.gempundit.com/gemstones/turquoise/turquoise-gp23442
836,https://www.gempundit.com/gemstones/turquoise/turquoise-gp52023
837,https://www.gempundit.com/gemstones/turquoise/turquoise-gp58222
838,https://www.gempundit.com/gemstones/turquoise/turquoise-gp52040
839,https://www.gempundit.com/gemstones/turquoise/turquoise-gp50590
840,https://www.gempundit.com/gemstones/turquoise/turquoise-gp52021
841,https://www.gempundit.com/gemstones/turquoise/turquoise-gp23443
842,https://www.gempundit.com/gemstones/turquoise/turquoise-gp52042
843,https://www.gempundit.com/gemstones/turquoise/turquoise-gp30302
844,https://www.gempundit.com/gemstones/turquoise/turquoise-gp40421
845,https://www.gempundit.com/gemstones/turquoise/turquoise-gp23447
846,https://www.gempundit.com/gemstones/turquoise/turquoise-gp52022
847,https://www.gempundit.com/gemstones/turquoise/turquoise-gp40431
848,https://www.gempundit.com/gemstones/turquoise/turquoise-gp52024
849,https://www.gempundit.com/gemstones/turquoise/turquoise-gp95041
850,https://www.gempundit.com/gemstones/turquoise/turquoise-gp58250
851,https://www.gempundit.com/gemstones/turquoise/turquoise-gp58184
852,https://www.gempundit.com/gemstones/turquoise/turquoise-gp58218
853,https://www.gempundit.com/gemstones/turquoise/turquoise-gp58179
854,https://www.gempundit.com/gemstones/turquoise/turquoise-gp52041
855,https://www.gempundit.com/gemstones/turquoise/turquoise-gp52030
856,https://www.gempundit.com/gemstones/turquoise/turquoise-gp58209
857,https://www.gempundit.com/gemstones/turquoise/turquoise-gp52032
858,https://www.gempundit.com/gemstones/turquoise/turquoise-gp52050
859,https://www.gempundit.com/gemstones/turquoise/turquoise-gp52034
860,https://www.gempundit.com/gemstones/turquoise/turquoise-gp52033
861,https://www.gempundit.com/gemstones/turquoise/turquoise-gp30304
862,https://www.gempundit.com/gemstones/turquoise/turquoise-gp52052
863,https://www.gempundit.com/gemstones/turquoise/turquoise-gp52031
