,Vivid Green Emerald
0,https://www.gempundit.com/gemstones/vivid-green-emerald/emerald-gp62266
1,https://www.gempundit.com/gemstones/vivid-green-emerald/emerald-gp62265
2,https://www.gempundit.com/gemstones/vivid-green-emerald/emerald-gp55796
3,https://www.gempundit.com/gemstones/vivid-green-emerald/emerald-gp55699
4,https://www.gempundit.com/gemstones/vivid-green-emerald/emerald-gp36432
5,https://www.gempundit.com/gemstones/vivid-green-emerald/emerald-gp55555
6,https://www.gempundit.com/gemstones/vivid-green-emerald/emerald-gp62604
