,White Sapphire
0,https://www.gempundit.com/gemstones/white-sapphire/white-sapphire-ceylonese-super-luxury-quality
1,https://www.gempundit.com/gemstones/white-sapphire/white-sapphire-ceylonese-luxury-quality
2,https://www.gempundit.com/gemstones/white-sapphire/white-sapphire-ceylonese-super-premium-quality
3,https://www.gempundit.com/gemstones/white-sapphire/white-sapphire-ceylonese-premium-plus-quality
4,https://www.gempundit.com/gemstones/white-sapphire/white-sapphire-gp87109
5,https://www.gempundit.com/gemstones/white-sapphire/white-sapphire-gp87115
6,https://www.gempundit.com/gemstones/white-sapphire/white-sapphire-gp87340
7,https://www.gempundit.com/gemstones/white-sapphire/white-sapphire-gp39686
8,https://www.gempundit.com/gemstones/white-sapphire/white-sapphire-gp87113
9,https://www.gempundit.com/gemstones/white-sapphire/white-sapphire-gp87329
10,https://www.gempundit.com/gemstones/white-sapphire/white-sapphire-gp87344
11,https://www.gempundit.com/gemstones/white-sapphire/white-sapphire-gp87328
12,https://www.gempundit.com/gemstones/white-sapphire/white-sapphire-gp87351
13,https://www.gempundit.com/gemstones/white-sapphire/white-sapphire-gp67133
14,https://www.gempundit.com/gemstones/white-sapphire/white-sapphire-gp87105
15,https://www.gempundit.com/gemstones/white-sapphire/white-sapphire-gp97982
16,https://www.gempundit.com/gemstones/white-sapphire/white-sapphire-gp67087
17,https://www.gempundit.com/gemstones/white-sapphire/white-sapphire-gp97978
18,https://www.gempundit.com/gemstones/white-sapphire/white-sapphire-gp97968
19,https://www.gempundit.com/gemstones/white-sapphire/white-sapphire-gp97980
20,https://www.gempundit.com/gemstones/white-sapphire/white-sapphire-gp67145
21,https://www.gempundit.com/gemstones/white-sapphire/white-sapphire-gp91450
22,https://www.gempundit.com/gemstones/white-sapphire/white-sapphire-gp91440
23,https://www.gempundit.com/gemstones/white-sapphire/white-sapphire-gp97964
24,https://www.gempundit.com/gemstones/white-sapphire/white-sapphire-gp87106
25,https://www.gempundit.com/gemstones/white-sapphire/white-sapphire-gp67082
26,https://www.gempundit.com/gemstones/white-sapphire/white-sapphire-gp97970
27,https://www.gempundit.com/gemstones/white-sapphire/white-sapphire-gp87104
28,https://www.gempundit.com/gemstones/white-sapphire/white-sapphire-ceylonese-super-luxury-quality
29,https://www.gempundit.com/gemstones/white-sapphire/white-sapphire-ceylonese-luxury-quality
30,https://www.gempundit.com/gemstones/white-sapphire/white-sapphire-ceylonese-super-premium-quality
31,https://www.gempundit.com/gemstones/white-sapphire/white-sapphire-ceylonese-premium-plus-quality
32,https://www.gempundit.com/gemstones/white-sapphire/white-sapphire-gp97963
33,https://www.gempundit.com/gemstones/white-sapphire/white-sapphire-gp39685
34,https://www.gempundit.com/gemstones/white-sapphire/white-sapphire-gp97983
35,https://www.gempundit.com/gemstones/white-sapphire/white-sapphire-gp91442
36,https://www.gempundit.com/gemstones/white-sapphire/white-sapphire-gp37939
37,https://www.gempundit.com/gemstones/white-sapphire/white-sapphire-gp91441
38,https://www.gempundit.com/gemstones/white-sapphire/white-sapphire-gp42528
39,https://www.gempundit.com/gemstones/white-sapphire/white-sapphire-gp42523
40,https://www.gempundit.com/gemstones/white-sapphire/white-sapphire-gp67226
41,https://www.gempundit.com/gemstones/white-sapphire/white-sapphire-gp67126
42,https://www.gempundit.com/gemstones/white-sapphire/white-sapphire-gp97977
43,https://www.gempundit.com/gemstones/white-sapphire/white-sapphire-gp97974
44,https://www.gempundit.com/gemstones/white-sapphire/white-sapphire-gp67182
45,https://www.gempundit.com/gemstones/white-sapphire/white-sapphire-gp37927
46,https://www.gempundit.com/gemstones/white-sapphire/white-sapphire-gp97998
47,https://www.gempundit.com/gemstones/white-sapphire/white-sapphire-gp81063
48,https://www.gempundit.com/gemstones/white-sapphire/white-sapphire-gp37930
49,https://www.gempundit.com/gemstones/white-sapphire/white-sapphire-gp97973
50,https://www.gempundit.com/gemstones/white-sapphire/white-sapphire-gp37925
51,https://www.gempundit.com/gemstones/white-sapphire/white-sapphire-gp87108
52,https://www.gempundit.com/gemstones/white-sapphire/white-sapphire-gp97979
53,https://www.gempundit.com/gemstones/white-sapphire/white-sapphire-gp67180
54,https://www.gempundit.com/gemstones/white-sapphire/white-sapphire-gp97993
55,https://www.gempundit.com/gemstones/white-sapphire/white-sapphire-gp34663
56,https://www.gempundit.com/gemstones/white-sapphire/white-sapphire-ceylonese-super-luxury-quality
57,https://www.gempundit.com/gemstones/white-sapphire/white-sapphire-ceylonese-luxury-quality
58,https://www.gempundit.com/gemstones/white-sapphire/white-sapphire-ceylonese-super-premium-quality
59,https://www.gempundit.com/gemstones/white-sapphire/white-sapphire-ceylonese-premium-plus-quality
60,https://www.gempundit.com/gemstones/white-sapphire/blue-sapphire-gp91459
61,https://www.gempundit.com/gemstones/white-sapphire/white-sapphire-gp34722
62,https://www.gempundit.com/gemstones/white-sapphire/white-sapphire-gp97989
63,https://www.gempundit.com/gemstones/white-sapphire/white-sapphire-gp97990
64,https://www.gempundit.com/gemstones/white-sapphire/white-sapphire-gp34656
65,https://www.gempundit.com/gemstones/white-sapphire/white-sapphire-gp35376
66,https://www.gempundit.com/gemstones/white-sapphire/white-sapphire-gp96882
67,https://www.gempundit.com/gemstones/white-sapphire/white-sapphire-gp72812
68,https://www.gempundit.com/gemstones/white-sapphire/white-sapphire-gp97975
69,https://www.gempundit.com/gemstones/white-sapphire/white-sapphire-gp51457
70,https://www.gempundit.com/gemstones/white-sapphire/white-sapphire-gp99885
71,https://www.gempundit.com/gemstones/white-sapphire/white-sapphire-gp34672
72,https://www.gempundit.com/gemstones/white-sapphire/white-sapphire-gp97972
73,https://www.gempundit.com/gemstones/white-sapphire/white-sapphire-gp99888
74,https://www.gempundit.com/gemstones/white-sapphire/white-sapphire-gp90723
75,https://www.gempundit.com/gemstones/white-sapphire/white-sapphire-gp71949
76,https://www.gempundit.com/gemstones/white-sapphire/white-sapphire-gp98004
77,https://www.gempundit.com/gemstones/white-sapphire/white-sapphire-gp97969
78,https://www.gempundit.com/gemstones/white-sapphire/white-sapphire-gp42489
79,https://www.gempundit.com/gemstones/white-sapphire/white-sapphire-gp39688
80,https://www.gempundit.com/gemstones/white-sapphire/white-sapphire-gp99877
81,https://www.gempundit.com/gemstones/white-sapphire/white-sapphire-gp101385
82,https://www.gempundit.com/gemstones/white-sapphire/white-sapphire-gp34739
83,https://www.gempundit.com/gemstones/white-sapphire/white-sapphire-gp99889
84,https://www.gempundit.com/gemstones/white-sapphire/white-sapphire-ceylonese-super-luxury-quality
85,https://www.gempundit.com/gemstones/white-sapphire/white-sapphire-ceylonese-luxury-quality
86,https://www.gempundit.com/gemstones/white-sapphire/white-sapphire-ceylonese-super-premium-quality
87,https://www.gempundit.com/gemstones/white-sapphire/white-sapphire-ceylonese-premium-plus-quality
88,https://www.gempundit.com/gemstones/white-sapphire/white-sapphire-gp90786
89,https://www.gempundit.com/gemstones/white-sapphire/white-sapphire-gp34735
90,https://www.gempundit.com/gemstones/white-sapphire/white-sapphire-gp49205
91,https://www.gempundit.com/gemstones/white-sapphire/white-sapphire-gp37923
92,https://www.gempundit.com/gemstones/white-sapphire/white-sapphire-gp67093
93,https://www.gempundit.com/gemstones/white-sapphire/white-sapphire-gp34723
94,https://www.gempundit.com/gemstones/white-sapphire/white-sapphire-gp68341
95,https://www.gempundit.com/gemstones/white-sapphire/white-sapphire-gp60663
96,https://www.gempundit.com/gemstones/white-sapphire/white-sapphire-gp40547
97,https://www.gempundit.com/gemstones/white-sapphire/white-sapphire-gp43081
98,https://www.gempundit.com/gemstones/white-sapphire/white-sapphire-gp37937
99,https://www.gempundit.com/gemstones/white-sapphire/white-sapphire-gp42488
100,https://www.gempundit.com/gemstones/white-sapphire/white-sapphire-gp64844
101,https://www.gempundit.com/gemstones/white-sapphire/white-sapphire-gp99879
102,https://www.gempundit.com/gemstones/white-sapphire/white-sapphire-gp85114
103,https://www.gempundit.com/gemstones/white-sapphire/white-sapphire-gp69459
104,https://www.gempundit.com/gemstones/white-sapphire/white-sapphire-gp32506
105,https://www.gempundit.com/gemstones/white-sapphire/white-sapphire-gp85129
106,https://www.gempundit.com/gemstones/white-sapphire/white-sapphire-gp85128
107,https://www.gempundit.com/gemstones/white-sapphire/white-sapphire-gp85143
108,https://www.gempundit.com/gemstones/white-sapphire/white-sapphire-gp62438
109,https://www.gempundit.com/gemstones/white-sapphire/white-sapphire-gp43082
110,https://www.gempundit.com/gemstones/white-sapphire/white-sapphire-gp91370
111,https://www.gempundit.com/gemstones/white-sapphire/white-sapphire-gp81065
112,https://www.gempundit.com/gemstones/white-sapphire/white-sapphire-ceylonese-super-luxury-quality
113,https://www.gempundit.com/gemstones/white-sapphire/white-sapphire-ceylonese-luxury-quality
114,https://www.gempundit.com/gemstones/white-sapphire/white-sapphire-ceylonese-super-premium-quality
115,https://www.gempundit.com/gemstones/white-sapphire/white-sapphire-ceylonese-premium-plus-quality
116,https://www.gempundit.com/gemstones/white-sapphire/white-sapphire-gp35365
117,https://www.gempundit.com/gemstones/white-sapphire/white-sapphire-gp85130
118,https://www.gempundit.com/gemstones/white-sapphire/white-sapphire-gp72966
119,https://www.gempundit.com/gemstones/white-sapphire/white-sapphire-gp61189
120,https://www.gempundit.com/gemstones/white-sapphire/white-sapphire-gp92403
121,https://www.gempundit.com/gemstones/white-sapphire/white-sapphire-gp85137
122,https://www.gempundit.com/gemstones/white-sapphire/white-sapphire-gp72970
123,https://www.gempundit.com/gemstones/white-sapphire/white-sapphire-gp62439
124,https://www.gempundit.com/gemstones/white-sapphire/white-sapphire-gp85113
125,https://www.gempundit.com/gemstones/white-sapphire/white-sapphire-gp62441
126,https://www.gempundit.com/gemstones/white-sapphire/white-sapphire-gp68336
127,https://www.gempundit.com/gemstones/white-sapphire/white-sapphire-gp34733
128,https://www.gempundit.com/gemstones/white-sapphire/white-sapphire-gp85115
129,https://www.gempundit.com/gemstones/white-sapphire/white-sapphire-gp90724
130,https://www.gempundit.com/gemstones/white-sapphire/white-sapphire-gp62898
131,https://www.gempundit.com/gemstones/white-sapphire/white-sapphire-gp85138
132,https://www.gempundit.com/gemstones/white-sapphire/white-sapphire-gp49736
133,https://www.gempundit.com/gemstones/white-sapphire/white-sapphire-gp53037
134,https://www.gempundit.com/gemstones/white-sapphire/white-sapphire-gp92407
135,https://www.gempundit.com/gemstones/white-sapphire/white-sapphire-gp102036
136,https://www.gempundit.com/gemstones/white-sapphire/white-sapphire-gp85145
137,https://www.gempundit.com/gemstones/white-sapphire/white-sapphire-gp71849
138,https://www.gempundit.com/gemstones/white-sapphire/white-sapphire-gp99833
139,https://www.gempundit.com/gemstones/white-sapphire/white-sapphire-gp85131
140,https://www.gempundit.com/gemstones/white-sapphire/white-sapphire-ceylonese-super-luxury-quality
141,https://www.gempundit.com/gemstones/white-sapphire/white-sapphire-ceylonese-luxury-quality
142,https://www.gempundit.com/gemstones/white-sapphire/white-sapphire-ceylonese-super-premium-quality
143,https://www.gempundit.com/gemstones/white-sapphire/white-sapphire-ceylonese-premium-plus-quality
144,https://www.gempundit.com/gemstones/white-sapphire/white-sapphire-gp40546
145,https://www.gempundit.com/gemstones/white-sapphire/white-sapphire-gp39700
146,https://www.gempundit.com/gemstones/white-sapphire/white-sapphire-gp49744
147,https://www.gempundit.com/gemstones/white-sapphire/white-sapphire-gp53027
148,https://www.gempundit.com/gemstones/white-sapphire/white-sapphire-gp81071
149,https://www.gempundit.com/gemstones/white-sapphire/white-sapphire-gp85139
150,https://www.gempundit.com/gemstones/white-sapphire/white-sapphire-gp85112
151,https://www.gempundit.com/gemstones/white-sapphire/white-sapphire-gp38770
152,https://www.gempundit.com/gemstones/white-sapphire/white-sapphire-gp85116
153,https://www.gempundit.com/gemstones/white-sapphire/white-sapphire-gp34613
154,https://www.gempundit.com/gemstones/white-sapphire/white-sapphire-gp67243
155,https://www.gempundit.com/gemstones/white-sapphire/white-sapphire-gp72976
156,https://www.gempundit.com/gemstones/white-sapphire/white-sapphire-gp72958
157,https://www.gempundit.com/gemstones/white-sapphire/white-sapphire-gp72962
158,https://www.gempundit.com/gemstones/white-sapphire/white-sapphire-gp89747
159,https://www.gempundit.com/gemstones/white-sapphire/white-sapphire-gp22429
160,https://www.gempundit.com/gemstones/white-sapphire/white-sapphire-gp85132
161,https://www.gempundit.com/gemstones/white-sapphire/white-sapphire-gp85111
162,https://www.gempundit.com/gemstones/white-sapphire/white-sapphire-gp85147
163,https://www.gempundit.com/gemstones/white-sapphire/white-sapphire-gp85133
164,https://www.gempundit.com/gemstones/white-sapphire/white-sapphire-gp62886
165,https://www.gempundit.com/gemstones/white-sapphire/white-sapphire-gp101390
166,https://www.gempundit.com/gemstones/white-sapphire/white-sapphire-gp72995
167,https://www.gempundit.com/gemstones/white-sapphire/white-sapphire-gp53028
168,https://www.gempundit.com/gemstones/white-sapphire/white-sapphire-ceylonese-super-luxury-quality
169,https://www.gempundit.com/gemstones/white-sapphire/white-sapphire-ceylonese-luxury-quality
170,https://www.gempundit.com/gemstones/white-sapphire/white-sapphire-ceylonese-super-premium-quality
171,https://www.gempundit.com/gemstones/white-sapphire/white-sapphire-ceylonese-premium-plus-quality
172,https://www.gempundit.com/gemstones/white-sapphire/white-sapphire-gp85124
173,https://www.gempundit.com/gemstones/white-sapphire/white-sapphire-gp72814
174,https://www.gempundit.com/gemstones/white-sapphire/white-sapphire-gp43029
175,https://www.gempundit.com/gemstones/white-sapphire/white-sapphire-gp82658
176,https://www.gempundit.com/gemstones/white-sapphire/white-sapphire-gp81069
177,https://www.gempundit.com/gemstones/white-sapphire/white-sapphire-gp46906
178,https://www.gempundit.com/gemstones/white-sapphire/white-sapphire-gp91371
179,https://www.gempundit.com/gemstones/white-sapphire/white-sapphire-gp90213
180,https://www.gempundit.com/gemstones/white-sapphire/white-sapphire-gp85144
181,https://www.gempundit.com/gemstones/white-sapphire/white-sapphire-gp83627
182,https://www.gempundit.com/gemstones/white-sapphire/white-sapphire-gp49747
183,https://www.gempundit.com/gemstones/white-sapphire/white-sapphire-gp62889
184,https://www.gempundit.com/gemstones/white-sapphire/white-sapphire-gp61063
185,https://www.gempundit.com/gemstones/white-sapphire/white-sapphire-gp85157
186,https://www.gempundit.com/gemstones/white-sapphire/white-sapphire-gp51919
187,https://www.gempundit.com/gemstones/white-sapphire/white-sapphire-gp81062
188,https://www.gempundit.com/gemstones/white-sapphire/yellow-sapphire-gp54656
189,https://www.gempundit.com/gemstones/white-sapphire/white-sapphire-gp92402
190,https://www.gempundit.com/gemstones/white-sapphire/white-sapphire-gp85123
191,https://www.gempundit.com/gemstones/white-sapphire/white-sapphire-gp85118
192,https://www.gempundit.com/gemstones/white-sapphire/white-sapphire-gp85156
193,https://www.gempundit.com/gemstones/white-sapphire/white-sapphire-gp85120
194,https://www.gempundit.com/gemstones/white-sapphire/white-sapphire-gp64738
195,https://www.gempundit.com/gemstones/white-sapphire/white-sapphire-gp72971
196,https://www.gempundit.com/gemstones/white-sapphire/white-sapphire-ceylonese-super-luxury-quality
197,https://www.gempundit.com/gemstones/white-sapphire/white-sapphire-ceylonese-luxury-quality
198,https://www.gempundit.com/gemstones/white-sapphire/white-sapphire-ceylonese-super-premium-quality
199,https://www.gempundit.com/gemstones/white-sapphire/white-sapphire-ceylonese-premium-plus-quality
200,https://www.gempundit.com/gemstones/white-sapphire/white-sapphire-gp90214
201,https://www.gempundit.com/gemstones/white-sapphire/white-sapphire-gp53020
202,https://www.gempundit.com/gemstones/white-sapphire/white-sapphire-gp83625
203,https://www.gempundit.com/gemstones/white-sapphire/white-sapphire-gp49255
204,https://www.gempundit.com/gemstones/white-sapphire/white-sapphire-gp91364
205,https://www.gempundit.com/gemstones/white-sapphire/white-sapphire-gp85158
206,https://www.gempundit.com/gemstones/white-sapphire/white-sapphire-gp72983
207,https://www.gempundit.com/gemstones/white-sapphire/white-sapphire-gp72959
208,https://www.gempundit.com/gemstones/white-sapphire/white-sapphire-gp82661
209,https://www.gempundit.com/gemstones/white-sapphire/white-sapphire-gp62890
210,https://www.gempundit.com/gemstones/white-sapphire/white-sapphire-gp64681
211,https://www.gempundit.com/gemstones/white-sapphire/white-sapphire-gp85117
212,https://www.gempundit.com/gemstones/white-sapphire/white-sapphire-gp34593
213,https://www.gempundit.com/gemstones/white-sapphire/white-sapphire-gp39812
214,https://www.gempundit.com/gemstones/white-sapphire/white-sapphire-gp99882
215,https://www.gempundit.com/gemstones/white-sapphire/white-sapphire-gp54821
216,https://www.gempundit.com/gemstones/white-sapphire/white-sapphire-gp81067
217,https://www.gempundit.com/gemstones/white-sapphire/white-sapphire-gp62895
218,https://www.gempundit.com/gemstones/white-sapphire/white-sapphire-gp49727
219,https://www.gempundit.com/gemstones/white-sapphire/white-sapphire-gp92413
220,https://www.gempundit.com/gemstones/white-sapphire/white-sapphire-gp99857
221,https://www.gempundit.com/gemstones/white-sapphire/white-sapphire-gp45024
222,https://www.gempundit.com/gemstones/white-sapphire/white-sapphire-gp49267
223,https://www.gempundit.com/gemstones/white-sapphire/white-sapphire-gp99847
224,https://www.gempundit.com/gemstones/white-sapphire/white-sapphire-ceylonese-super-luxury-quality
225,https://www.gempundit.com/gemstones/white-sapphire/white-sapphire-ceylonese-luxury-quality
226,https://www.gempundit.com/gemstones/white-sapphire/white-sapphire-ceylonese-super-premium-quality
227,https://www.gempundit.com/gemstones/white-sapphire/white-sapphire-ceylonese-premium-plus-quality
228,https://www.gempundit.com/gemstones/white-sapphire/white-sapphire-gp67244
229,https://www.gempundit.com/gemstones/white-sapphire/white-sapphire-gp62899
230,https://www.gempundit.com/gemstones/white-sapphire/white-sapphire-gp37967
231,https://www.gempundit.com/gemstones/white-sapphire/white-sapphire-gp34676
232,https://www.gempundit.com/gemstones/white-sapphire/white-sapphire-gp99830
233,https://www.gempundit.com/gemstones/white-sapphire/white-sapphire-gp68578
234,https://www.gempundit.com/gemstones/white-sapphire/white-sapphire-gp38008
235,https://www.gempundit.com/gemstones/white-sapphire/white-sapphire-gp92400
236,https://www.gempundit.com/gemstones/white-sapphire/white-sapphire-gp51447
237,https://www.gempundit.com/gemstones/white-sapphire/white-sapphire-gp35278
238,https://www.gempundit.com/gemstones/white-sapphire/white-sapphire-gp51445
239,https://www.gempundit.com/gemstones/white-sapphire/white-sapphire-gp35267
240,https://www.gempundit.com/gemstones/white-sapphire/white-sapphire-gp85154
241,https://www.gempundit.com/gemstones/white-sapphire/white-sapphire-gp85141
242,https://www.gempundit.com/gemstones/white-sapphire/white-sapphire-gp49714
243,https://www.gempundit.com/gemstones/white-sapphire/white-sapphire-gp72982
244,https://www.gempundit.com/gemstones/white-sapphire/white-sapphire-gp53039
245,https://www.gempundit.com/gemstones/white-sapphire/white-sapphire-gp85134
246,https://www.gempundit.com/gemstones/white-sapphire/white-sapphire-gp62894
247,https://www.gempundit.com/gemstones/white-sapphire/white-sapphire-gp99846
248,https://www.gempundit.com/gemstones/white-sapphire/white-sapphire-gp85148
249,https://www.gempundit.com/gemstones/white-sapphire/white-sapphire-gp72963
250,https://www.gempundit.com/gemstones/white-sapphire/white-sapphire-gp92394
251,https://www.gempundit.com/gemstones/white-sapphire/white-sapphire-gp68577
252,https://www.gempundit.com/gemstones/white-sapphire/white-sapphire-ceylonese-super-luxury-quality
253,https://www.gempundit.com/gemstones/white-sapphire/white-sapphire-ceylonese-luxury-quality
254,https://www.gempundit.com/gemstones/white-sapphire/white-sapphire-ceylonese-super-premium-quality
255,https://www.gempundit.com/gemstones/white-sapphire/white-sapphire-ceylonese-premium-plus-quality
256,https://www.gempundit.com/gemstones/white-sapphire/white-sapphire-gp35364
257,https://www.gempundit.com/gemstones/white-sapphire/white-sapphire-gp68346
258,https://www.gempundit.com/gemstones/white-sapphire/white-sapphire-gp53129
259,https://www.gempundit.com/gemstones/white-sapphire/white-sapphire-gp54573
260,https://www.gempundit.com/gemstones/white-sapphire/white-sapphire-gp53026
261,https://www.gempundit.com/gemstones/white-sapphire/white-sapphire-gp95849
262,https://www.gempundit.com/gemstones/white-sapphire/white-sapphire-gp91369
263,https://www.gempundit.com/gemstones/white-sapphire/white-sapphire-gp35403
264,https://www.gempundit.com/gemstones/white-sapphire/white-sapphire-gp35414
265,https://www.gempundit.com/gemstones/white-sapphire/white-sapphire-gp34796
266,https://www.gempundit.com/gemstones/white-sapphire/white-sapphire-gp104933
267,https://www.gempundit.com/gemstones/white-sapphire/white-sapphire-gp99371
268,https://www.gempundit.com/gemstones/white-sapphire/white-sapphire-gp72980
269,https://www.gempundit.com/gemstones/white-sapphire/white-sapphire-gp82659
270,https://www.gempundit.com/gemstones/white-sapphire/white-sapphire-gp62831
271,https://www.gempundit.com/gemstones/white-sapphire/white-sapphire-gp85142
272,https://www.gempundit.com/gemstones/white-sapphire/white-sapphire-gp49751
273,https://www.gempundit.com/gemstones/white-sapphire/white-sapphire-gp96119
274,https://www.gempundit.com/gemstones/white-sapphire/white-sapphire-gp72977
275,https://www.gempundit.com/gemstones/white-sapphire/white-sapphire-gp62892
276,https://www.gempundit.com/gemstones/white-sapphire/white-sapphire-gp104415
277,https://www.gempundit.com/gemstones/white-sapphire/white-sapphire-gp92405
278,https://www.gempundit.com/gemstones/white-sapphire/white-sapphire-gp85135
279,https://www.gempundit.com/gemstones/white-sapphire/white-sapphire-gp64740
280,https://www.gempundit.com/gemstones/white-sapphire/white-sapphire-ceylonese-super-luxury-quality
281,https://www.gempundit.com/gemstones/white-sapphire/white-sapphire-ceylonese-luxury-quality
282,https://www.gempundit.com/gemstones/white-sapphire/white-sapphire-ceylonese-super-premium-quality
283,https://www.gempundit.com/gemstones/white-sapphire/white-sapphire-ceylonese-premium-plus-quality
284,https://www.gempundit.com/gemstones/white-sapphire/white-sapphire-gp45003
285,https://www.gempundit.com/gemstones/white-sapphire/white-sapphire-gp72981
286,https://www.gempundit.com/gemstones/white-sapphire/white-sapphire-gp101386
287,https://www.gempundit.com/gemstones/white-sapphire/white-sapphire-gp85153
288,https://www.gempundit.com/gemstones/white-sapphire/white-sapphire-gp72975
289,https://www.gempundit.com/gemstones/white-sapphire/white-sapphire-gp72964
290,https://www.gempundit.com/gemstones/white-sapphire/white-sapphire-gp72961
291,https://www.gempundit.com/gemstones/white-sapphire/white-sapphire-gp72967
292,https://www.gempundit.com/gemstones/white-sapphire/white-sapphire-gp44976
293,https://www.gempundit.com/gemstones/white-sapphire/yellow-sapphire-gp54646
294,https://www.gempundit.com/gemstones/white-sapphire/white-sapphire-gp90720
295,https://www.gempundit.com/gemstones/white-sapphire/white-sapphire-gp51440
296,https://www.gempundit.com/gemstones/white-sapphire/white-sapphire-gp45004
297,https://www.gempundit.com/gemstones/white-sapphire/white-sapphire-gp72968
298,https://www.gempundit.com/gemstones/white-sapphire/white-sapphire-gp85126
299,https://www.gempundit.com/gemstones/white-sapphire/white-sapphire-gp34794
300,https://www.gempundit.com/gemstones/white-sapphire/white-sapphire-gp101388
301,https://www.gempundit.com/gemstones/white-sapphire/white-sapphire-gp92398
302,https://www.gempundit.com/gemstones/white-sapphire/white-sapphire-gp35282
303,https://www.gempundit.com/gemstones/white-sapphire/white-sapphire-gp72965
304,https://www.gempundit.com/gemstones/white-sapphire/white-sapphire-gp104405
305,https://www.gempundit.com/gemstones/white-sapphire/white-sapphire-gp72972
306,https://www.gempundit.com/gemstones/white-sapphire/white-sapphire-gp99405
307,https://www.gempundit.com/gemstones/white-sapphire/white-sapphire-gp46861
308,https://www.gempundit.com/gemstones/white-sapphire/white-sapphire-ceylonese-super-luxury-quality
309,https://www.gempundit.com/gemstones/white-sapphire/white-sapphire-ceylonese-luxury-quality
310,https://www.gempundit.com/gemstones/white-sapphire/white-sapphire-ceylonese-super-premium-quality
311,https://www.gempundit.com/gemstones/white-sapphire/white-sapphire-ceylonese-premium-plus-quality
312,https://www.gempundit.com/gemstones/white-sapphire/white-sapphire-gp35484
313,https://www.gempundit.com/gemstones/white-sapphire/white-sapphire-gp68478
314,https://www.gempundit.com/gemstones/white-sapphire/white-sapphire-gp62887
315,https://www.gempundit.com/gemstones/white-sapphire/white-sapphire-gp96885
316,https://www.gempundit.com/gemstones/white-sapphire/white-sapphire-gp104908
317,https://www.gempundit.com/gemstones/white-sapphire/white-sapphire-gp33772
318,https://www.gempundit.com/gemstones/white-sapphire/white-sapphire-gp85140
319,https://www.gempundit.com/gemstones/white-sapphire/white-sapphire-gp72969
320,https://www.gempundit.com/gemstones/white-sapphire/white-sapphire-gp62901
321,https://www.gempundit.com/gemstones/white-sapphire/white-sapphire-gp38006
322,https://www.gempundit.com/gemstones/white-sapphire/white-sapphire-gp68353
323,https://www.gempundit.com/gemstones/white-sapphire/white-sapphire-gp53036
324,https://www.gempundit.com/gemstones/white-sapphire/white-sapphire-gp51436
325,https://www.gempundit.com/gemstones/white-sapphire/white-sapphire-gp72998
326,https://www.gempundit.com/gemstones/white-sapphire/white-sapphire-gp62891
327,https://www.gempundit.com/gemstones/white-sapphire/white-sapphire-gp82664
328,https://www.gempundit.com/gemstones/white-sapphire/white-sapphire-gp78703
329,https://www.gempundit.com/gemstones/white-sapphire/white-sapphire-gp49269
330,https://www.gempundit.com/gemstones/white-sapphire/white-sapphire-gp35264
331,https://www.gempundit.com/gemstones/white-sapphire/white-sapphire-gp55652
332,https://www.gempundit.com/gemstones/white-sapphire/white-sapphire-gp53034
333,https://www.gempundit.com/gemstones/white-sapphire/white-sapphire-gp85155
334,https://www.gempundit.com/gemstones/white-sapphire/white-sapphire-gp101391
335,https://www.gempundit.com/gemstones/white-sapphire/white-sapphire-gp85119
336,https://www.gempundit.com/gemstones/white-sapphire/white-sapphire-ceylonese-super-luxury-quality
337,https://www.gempundit.com/gemstones/white-sapphire/white-sapphire-ceylonese-luxury-quality
338,https://www.gempundit.com/gemstones/white-sapphire/white-sapphire-ceylonese-super-premium-quality
339,https://www.gempundit.com/gemstones/white-sapphire/white-sapphire-ceylonese-premium-plus-quality
340,https://www.gempundit.com/gemstones/white-sapphire/white-sapphire-gp62888
341,https://www.gempundit.com/gemstones/white-sapphire/yellow-sapphire-gp54641
342,https://www.gempundit.com/gemstones/white-sapphire/white-sapphire-gp85127
343,https://www.gempundit.com/gemstones/white-sapphire/white-sapphire-gp83626
344,https://www.gempundit.com/gemstones/white-sapphire/white-sapphire-gp104909
345,https://www.gempundit.com/gemstones/white-sapphire/white-sapphire-gp92399
346,https://www.gempundit.com/gemstones/white-sapphire/white-sapphire-gp90722
347,https://www.gempundit.com/gemstones/white-sapphire/white-sapphire-gp62536
348,https://www.gempundit.com/gemstones/white-sapphire/white-sapphire-gp90721
349,https://www.gempundit.com/gemstones/white-sapphire/white-sapphire-gp99418
350,https://www.gempundit.com/gemstones/white-sapphire/white-sapphire-gp38821
351,https://www.gempundit.com/gemstones/white-sapphire/white-sapphire-gp68475
352,https://www.gempundit.com/gemstones/white-sapphire/white-sapphire-gp55803
353,https://www.gempundit.com/gemstones/white-sapphire/white-sapphire-gp49206
354,https://www.gempundit.com/gemstones/white-sapphire/white-sapphire-gp102794
355,https://www.gempundit.com/gemstones/white-sapphire/white-sapphire-gp72929
356,https://www.gempundit.com/gemstones/white-sapphire/white-sapphire-gp72938
357,https://www.gempundit.com/gemstones/white-sapphire/white-sapphire-gp96565
358,https://www.gempundit.com/gemstones/white-sapphire/white-sapphire-gp102038
359,https://www.gempundit.com/gemstones/white-sapphire/white-sapphire-gp90719
360,https://www.gempundit.com/gemstones/white-sapphire/yellow-sapphire-gp69881
361,https://www.gempundit.com/gemstones/white-sapphire/white-sapphire-gp35323
362,https://www.gempundit.com/gemstones/white-sapphire/white-sapphire-gp51801
363,https://www.gempundit.com/gemstones/white-sapphire/white-sapphire-gp72939
364,https://www.gempundit.com/gemstones/white-sapphire/white-sapphire-ceylonese-super-luxury-quality
365,https://www.gempundit.com/gemstones/white-sapphire/white-sapphire-ceylonese-luxury-quality
366,https://www.gempundit.com/gemstones/white-sapphire/white-sapphire-ceylonese-super-premium-quality
367,https://www.gempundit.com/gemstones/white-sapphire/white-sapphire-ceylonese-premium-plus-quality
368,https://www.gempundit.com/gemstones/white-sapphire/white-sapphire-gp97882
369,https://www.gempundit.com/gemstones/white-sapphire/white-sapphire-gp96234
370,https://www.gempundit.com/gemstones/white-sapphire/white-sapphire-gp68344
371,https://www.gempundit.com/gemstones/white-sapphire/white-sapphire-gp104910
372,https://www.gempundit.com/gemstones/white-sapphire/white-sapphire-gp72907
373,https://www.gempundit.com/gemstones/white-sapphire/white-sapphire-gp68479
374,https://www.gempundit.com/gemstones/white-sapphire/white-sapphire-gp51446
375,https://www.gempundit.com/gemstones/white-sapphire/white-sapphire-gp72917
376,https://www.gempundit.com/gemstones/white-sapphire/white-sapphire-gp96810
377,https://www.gempundit.com/gemstones/white-sapphire/white-sapphire-gp35480
378,https://www.gempundit.com/gemstones/white-sapphire/white-sapphire-gp38011
379,https://www.gempundit.com/gemstones/white-sapphire/white-sapphire-gp99022
380,https://www.gempundit.com/gemstones/white-sapphire/white-sapphire-gp35189
381,https://www.gempundit.com/gemstones/white-sapphire/white-sapphire-gp92397
382,https://www.gempundit.com/gemstones/white-sapphire/white-sapphire-gp35209
383,https://www.gempundit.com/gemstones/white-sapphire/white-sapphire-gp68576
384,https://www.gempundit.com/gemstones/white-sapphire/white-sapphire-gp101387
385,https://www.gempundit.com/gemstones/white-sapphire/white-sapphire-gp49738
386,https://www.gempundit.com/gemstones/white-sapphire/white-sapphire-gp99460
387,https://www.gempundit.com/gemstones/white-sapphire/white-sapphire-gp72912
388,https://www.gempundit.com/gemstones/white-sapphire/white-sapphire-gp68349
389,https://www.gempundit.com/gemstones/white-sapphire/white-sapphire-gp46864
390,https://www.gempundit.com/gemstones/white-sapphire/white-sapphire-gp35357
391,https://www.gempundit.com/gemstones/white-sapphire/white-sapphire-gp95953
392,https://www.gempundit.com/gemstones/white-sapphire/white-sapphire-ceylonese-super-luxury-quality
393,https://www.gempundit.com/gemstones/white-sapphire/white-sapphire-ceylonese-luxury-quality
394,https://www.gempundit.com/gemstones/white-sapphire/white-sapphire-ceylonese-super-premium-quality
395,https://www.gempundit.com/gemstones/white-sapphire/white-sapphire-ceylonese-premium-plus-quality
396,https://www.gempundit.com/gemstones/white-sapphire/white-sapphire-gp96945
397,https://www.gempundit.com/gemstones/white-sapphire/white-sapphire-gp88485
398,https://www.gempundit.com/gemstones/white-sapphire/white-sapphire-gp71875
399,https://www.gempundit.com/gemstones/white-sapphire/white-sapphire-gp35329
400,https://www.gempundit.com/gemstones/white-sapphire/white-sapphire-gp72930
401,https://www.gempundit.com/gemstones/white-sapphire/white-sapphire-gp72857
402,https://www.gempundit.com/gemstones/white-sapphire/white-sapphire-gp96256
403,https://www.gempundit.com/gemstones/white-sapphire/white-sapphire-gp96441
404,https://www.gempundit.com/gemstones/white-sapphire/white-sapphire-gp64760
405,https://www.gempundit.com/gemstones/white-sapphire/white-sapphire-gp55805
406,https://www.gempundit.com/gemstones/white-sapphire/white-sapphire-gp93266
407,https://www.gempundit.com/gemstones/white-sapphire/white-sapphire-gp78702
408,https://www.gempundit.com/gemstones/white-sapphire/white-sapphire-gp72859
409,https://www.gempundit.com/gemstones/white-sapphire/white-sapphire-gp68476
410,https://www.gempundit.com/gemstones/white-sapphire/white-sapphire-gp96806
411,https://www.gempundit.com/gemstones/white-sapphire/white-sapphire-gp96258
412,https://www.gempundit.com/gemstones/white-sapphire/white-sapphire-gp39053
413,https://www.gempundit.com/gemstones/white-sapphire/white-sapphire-gp62337
414,https://www.gempundit.com/gemstones/white-sapphire/white-sapphire-gp96375
415,https://www.gempundit.com/gemstones/white-sapphire/white-sapphire-gp62336
416,https://www.gempundit.com/gemstones/white-sapphire/white-sapphire-gp49718
417,https://www.gempundit.com/gemstones/white-sapphire/white-sapphire-gp91118
418,https://www.gempundit.com/gemstones/white-sapphire/white-sapphire-gp46896
419,https://www.gempundit.com/gemstones/white-sapphire/white-sapphire-gp99453
420,https://www.gempundit.com/gemstones/white-sapphire/white-sapphire-ceylonese-super-luxury-quality
421,https://www.gempundit.com/gemstones/white-sapphire/white-sapphire-ceylonese-luxury-quality
422,https://www.gempundit.com/gemstones/white-sapphire/white-sapphire-ceylonese-super-premium-quality
423,https://www.gempundit.com/gemstones/white-sapphire/white-sapphire-ceylonese-premium-plus-quality
424,https://www.gempundit.com/gemstones/white-sapphire/white-sapphire-gp68352
425,https://www.gempundit.com/gemstones/white-sapphire/white-sapphire-gp38772
426,https://www.gempundit.com/gemstones/white-sapphire/white-sapphire-gp104920
427,https://www.gempundit.com/gemstones/white-sapphire/white-sapphire-gp35161
428,https://www.gempundit.com/gemstones/white-sapphire/white-sapphire-gp72913
429,https://www.gempundit.com/gemstones/white-sapphire/white-sapphire-gp45001
430,https://www.gempundit.com/gemstones/white-sapphire/white-sapphire-gp64816
431,https://www.gempundit.com/gemstones/white-sapphire/white-sapphire-gp104928
432,https://www.gempundit.com/gemstones/white-sapphire/white-sapphire-gp38818
433,https://www.gempundit.com/gemstones/white-sapphire/white-sapphire-gp72914
434,https://www.gempundit.com/gemstones/white-sapphire/white-sapphire-gp49268
435,https://www.gempundit.com/gemstones/white-sapphire/white-sapphire-gp35207
436,https://www.gempundit.com/gemstones/white-sapphire/white-sapphire-gp95913
437,https://www.gempundit.com/gemstones/white-sapphire/white-sapphire-gp72909
438,https://www.gempundit.com/gemstones/white-sapphire/white-sapphire-gp99850
439,https://www.gempundit.com/gemstones/white-sapphire/white-sapphire-gp99017
440,https://www.gempundit.com/gemstones/white-sapphire/white-sapphire-gp72910
441,https://www.gempundit.com/gemstones/white-sapphire/white-sapphire-gp62289
442,https://www.gempundit.com/gemstones/white-sapphire/white-sapphire-gp54819
443,https://www.gempundit.com/gemstones/white-sapphire/white-sapphire-gp99019
444,https://www.gempundit.com/gemstones/white-sapphire/white-sapphire-gp99013
445,https://www.gempundit.com/gemstones/white-sapphire/white-sapphire-gp38009
446,https://www.gempundit.com/gemstones/white-sapphire/white-sapphire-gp85268
447,https://www.gempundit.com/gemstones/white-sapphire/white-sapphire-gp62509
448,https://www.gempundit.com/gemstones/white-sapphire/white-sapphire-ceylonese-super-luxury-quality
449,https://www.gempundit.com/gemstones/white-sapphire/white-sapphire-ceylonese-luxury-quality
450,https://www.gempundit.com/gemstones/white-sapphire/white-sapphire-ceylonese-super-premium-quality
451,https://www.gempundit.com/gemstones/white-sapphire/white-sapphire-ceylonese-premium-plus-quality
452,https://www.gempundit.com/gemstones/white-sapphire/white-sapphire-gp72918
453,https://www.gempundit.com/gemstones/white-sapphire/white-sapphire-gp72925
454,https://www.gempundit.com/gemstones/white-sapphire/white-sapphire-gp68343
455,https://www.gempundit.com/gemstones/white-sapphire/white-sapphire-gp55807
456,https://www.gempundit.com/gemstones/white-sapphire/white-sapphire-gp72932
457,https://www.gempundit.com/gemstones/white-sapphire/white-sapphire-gp55808
458,https://www.gempundit.com/gemstones/white-sapphire/white-sapphire-gp72915
459,https://www.gempundit.com/gemstones/white-sapphire/white-sapphire-gp91500
460,https://www.gempundit.com/gemstones/white-sapphire/white-sapphire-gp72921
461,https://www.gempundit.com/gemstones/white-sapphire/white-sapphire-gp38771
462,https://www.gempundit.com/gemstones/white-sapphire/white-sapphire-gp72919
463,https://www.gempundit.com/gemstones/white-sapphire/white-sapphire-gp49746
464,https://www.gempundit.com/gemstones/white-sapphire/white-sapphire-gp68360
465,https://www.gempundit.com/gemstones/white-sapphire/white-sapphire-gp90717
466,https://www.gempundit.com/gemstones/white-sapphire/white-sapphire-gp96566
467,https://www.gempundit.com/gemstones/white-sapphire/white-sapphire-gp72905
468,https://www.gempundit.com/gemstones/white-sapphire/white-sapphire-gp49741
469,https://www.gempundit.com/gemstones/white-sapphire/white-sapphire-gp62338
470,https://www.gempundit.com/gemstones/white-sapphire/white-sapphire-gp49204
471,https://www.gempundit.com/gemstones/white-sapphire/white-sapphire-gp101389
472,https://www.gempundit.com/gemstones/white-sapphire/white-sapphire-gp96564
473,https://www.gempundit.com/gemstones/white-sapphire/white-sapphire-gp72927
474,https://www.gempundit.com/gemstones/white-sapphire/white-sapphire-gp64694
475,https://www.gempundit.com/gemstones/white-sapphire/white-sapphire-gp91501
476,https://www.gempundit.com/gemstones/white-sapphire/white-sapphire-ceylonese-super-luxury-quality
477,https://www.gempundit.com/gemstones/white-sapphire/white-sapphire-ceylonese-luxury-quality
478,https://www.gempundit.com/gemstones/white-sapphire/white-sapphire-ceylonese-super-premium-quality
479,https://www.gempundit.com/gemstones/white-sapphire/white-sapphire-ceylonese-premium-plus-quality
480,https://www.gempundit.com/gemstones/white-sapphire/white-sapphire-gp49713
481,https://www.gempundit.com/gemstones/white-sapphire/white-sapphire-gp101377
482,https://www.gempundit.com/gemstones/white-sapphire/white-sapphire-gp72906
483,https://www.gempundit.com/gemstones/white-sapphire/white-sapphire-gp64716
484,https://www.gempundit.com/gemstones/white-sapphire/white-sapphire-gp62342
485,https://www.gempundit.com/gemstones/white-sapphire/white-sapphire-gp92392
486,https://www.gempundit.com/gemstones/white-sapphire/white-sapphire-gp99779
487,https://www.gempundit.com/gemstones/white-sapphire/white-sapphire-gp96406
488,https://www.gempundit.com/gemstones/white-sapphire/white-sapphire-gp91306
489,https://www.gempundit.com/gemstones/white-sapphire/white-sapphire-gp90494
490,https://www.gempundit.com/gemstones/white-sapphire/white-sapphire-gp85266
491,https://www.gempundit.com/gemstones/white-sapphire/white-sapphire-gp103225
492,https://www.gempundit.com/gemstones/white-sapphire/white-sapphire-gp35416
493,https://www.gempundit.com/gemstones/white-sapphire/white-sapphire-gp62341
494,https://www.gempundit.com/gemstones/white-sapphire/white-sapphire-gp49726
495,https://www.gempundit.com/gemstones/white-sapphire/white-sapphire-gp90886
496,https://www.gempundit.com/gemstones/white-sapphire/white-sapphire-gp92412
497,https://www.gempundit.com/gemstones/white-sapphire/blue-sapphire-gp90530
498,https://www.gempundit.com/gemstones/white-sapphire/white-sapphire-gp90417
499,https://www.gempundit.com/gemstones/white-sapphire/white-sapphire-gp85186
500,https://www.gempundit.com/gemstones/white-sapphire/white-sapphire-gp92395
501,https://www.gempundit.com/gemstones/white-sapphire/white-sapphire-gp90491
502,https://www.gempundit.com/gemstones/white-sapphire/white-sapphire-gp104927
503,https://www.gempundit.com/gemstones/white-sapphire/white-sapphire-gp78670
504,https://www.gempundit.com/gemstones/white-sapphire/white-sapphire-ceylonese-super-luxury-quality
505,https://www.gempundit.com/gemstones/white-sapphire/white-sapphire-ceylonese-luxury-quality
506,https://www.gempundit.com/gemstones/white-sapphire/white-sapphire-ceylonese-super-premium-quality
507,https://www.gempundit.com/gemstones/white-sapphire/white-sapphire-ceylonese-premium-plus-quality
508,https://www.gempundit.com/gemstones/white-sapphire/white-sapphire-gp35454
509,https://www.gempundit.com/gemstones/white-sapphire/white-sapphire-gp72911
510,https://www.gempundit.com/gemstones/white-sapphire/white-sapphire-gp38034
511,https://www.gempundit.com/gemstones/white-sapphire/white-sapphire-gp62642
512,https://www.gempundit.com/gemstones/white-sapphire/white-sapphire-gp58099
513,https://www.gempundit.com/gemstones/white-sapphire/white-sapphire-gp55806
514,https://www.gempundit.com/gemstones/white-sapphire/white-sapphire-gp92408
515,https://www.gempundit.com/gemstones/white-sapphire/white-sapphire-gp68338
516,https://www.gempundit.com/gemstones/white-sapphire/white-sapphire-gp85303
517,https://www.gempundit.com/gemstones/white-sapphire/white-sapphire-gp90492
518,https://www.gempundit.com/gemstones/white-sapphire/white-sapphire-gp72858
519,https://www.gempundit.com/gemstones/white-sapphire/white-sapphire-gp34609
520,https://www.gempundit.com/gemstones/white-sapphire/white-sapphire-gp29365
521,https://www.gempundit.com/gemstones/white-sapphire/white-sapphire-gp90210
522,https://www.gempundit.com/gemstones/white-sapphire/white-sapphire-gp51462
523,https://www.gempundit.com/gemstones/white-sapphire/white-sapphire-gp83624
524,https://www.gempundit.com/gemstones/white-sapphire/white-sapphire-gp48833
525,https://www.gempundit.com/gemstones/white-sapphire/white-sapphire-gp72674
526,https://www.gempundit.com/gemstones/white-sapphire/white-sapphire-gp72920
527,https://www.gempundit.com/gemstones/white-sapphire/white-sapphire-gp92406
528,https://www.gempundit.com/gemstones/white-sapphire/white-sapphire-gp96563
529,https://www.gempundit.com/gemstones/white-sapphire/white-sapphire-gp103231
530,https://www.gempundit.com/gemstones/white-sapphire/white-sapphire-gp72928
531,https://www.gempundit.com/gemstones/white-sapphire/white-sapphire-gp64814
532,https://www.gempundit.com/gemstones/white-sapphire/white-sapphire-ceylonese-super-luxury-quality
533,https://www.gempundit.com/gemstones/white-sapphire/white-sapphire-ceylonese-luxury-quality
534,https://www.gempundit.com/gemstones/white-sapphire/white-sapphire-ceylonese-super-premium-quality
535,https://www.gempundit.com/gemstones/white-sapphire/white-sapphire-ceylonese-premium-plus-quality
536,https://www.gempundit.com/gemstones/white-sapphire/white-sapphire-gp95952
537,https://www.gempundit.com/gemstones/white-sapphire/white-sapphire-gp23189
538,https://www.gempundit.com/gemstones/white-sapphire/white-sapphire-gp90493
539,https://www.gempundit.com/gemstones/white-sapphire/white-sapphire-gp99016
540,https://www.gempundit.com/gemstones/white-sapphire/white-sapphire-gp91498
541,https://www.gempundit.com/gemstones/white-sapphire/white-sapphire-gp72923
542,https://www.gempundit.com/gemstones/white-sapphire/white-sapphire-gp46888
543,https://www.gempundit.com/gemstones/white-sapphire/white-sapphire-gp90887
544,https://www.gempundit.com/gemstones/white-sapphire/white-sapphire-gp68312
545,https://www.gempundit.com/gemstones/white-sapphire/white-sapphire-gp103232
546,https://www.gempundit.com/gemstones/white-sapphire/white-sapphire-gp92409
547,https://www.gempundit.com/gemstones/white-sapphire/white-sapphire-gp92393
548,https://www.gempundit.com/gemstones/white-sapphire/white-sapphire-gp81081
549,https://www.gempundit.com/gemstones/white-sapphire/white-sapphire-gp106518
550,https://www.gempundit.com/gemstones/white-sapphire/white-sapphire-gp90587
551,https://www.gempundit.com/gemstones/white-sapphire/white-sapphire-gp92401
552,https://www.gempundit.com/gemstones/white-sapphire/white-sapphire-gp103222
553,https://www.gempundit.com/gemstones/white-sapphire/white-sapphire-gp99021
554,https://www.gempundit.com/gemstones/white-sapphire/white-sapphire-gp72758
555,https://www.gempundit.com/gemstones/white-sapphire/white-sapphire-gp38813
556,https://www.gempundit.com/gemstones/white-sapphire/white-sapphire-gp46862
557,https://www.gempundit.com/gemstones/white-sapphire/white-sapphire-gp96863
558,https://www.gempundit.com/gemstones/white-sapphire/white-sapphire-gp51461
559,https://www.gempundit.com/gemstones/white-sapphire/white-sapphire-gp72922
560,https://www.gempundit.com/gemstones/white-sapphire/white-sapphire-ceylonese-super-luxury-quality
561,https://www.gempundit.com/gemstones/white-sapphire/white-sapphire-ceylonese-luxury-quality
562,https://www.gempundit.com/gemstones/white-sapphire/white-sapphire-ceylonese-super-premium-quality
563,https://www.gempundit.com/gemstones/white-sapphire/white-sapphire-ceylonese-premium-plus-quality
564,https://www.gempundit.com/gemstones/white-sapphire/white-sapphire-gp68473
565,https://www.gempundit.com/gemstones/white-sapphire/white-sapphire-gp106517
566,https://www.gempundit.com/gemstones/white-sapphire/white-sapphire-gp97864
567,https://www.gempundit.com/gemstones/white-sapphire/white-sapphire-gp49750
568,https://www.gempundit.com/gemstones/white-sapphire/white-sapphire-gp72860
569,https://www.gempundit.com/gemstones/white-sapphire/white-sapphire-gp16134
570,https://www.gempundit.com/gemstones/white-sapphire/white-sapphire-gp68559
571,https://www.gempundit.com/gemstones/white-sapphire/white-sapphire-gp106521
572,https://www.gempundit.com/gemstones/white-sapphire/white-sapphire-gp99464
573,https://www.gempundit.com/gemstones/white-sapphire/white-sapphire-gp68358
574,https://www.gempundit.com/gemstones/white-sapphire/white-sapphire-gp90211
575,https://www.gempundit.com/gemstones/white-sapphire/white-sapphire-gp103233
576,https://www.gempundit.com/gemstones/white-sapphire/white-sapphire-gp106520
577,https://www.gempundit.com/gemstones/white-sapphire/white-sapphire-gp106515
578,https://www.gempundit.com/gemstones/white-sapphire/white-sapphire-gp99849
579,https://www.gempundit.com/gemstones/white-sapphire/white-sapphire-gp95910
580,https://www.gempundit.com/gemstones/white-sapphire/white-sapphire-gp68340
581,https://www.gempundit.com/gemstones/white-sapphire/white-sapphire-gp95955
582,https://www.gempundit.com/gemstones/white-sapphire/white-sapphire-gp89686
583,https://www.gempundit.com/gemstones/white-sapphire/white-sapphire-gp72931
584,https://www.gempundit.com/gemstones/white-sapphire/white-sapphire-gp95908
585,https://www.gempundit.com/gemstones/white-sapphire/white-sapphire-gp101376
586,https://www.gempundit.com/gemstones/white-sapphire/white-sapphire-gp21331
587,https://www.gempundit.com/gemstones/white-sapphire/white-sapphire-gp44690
588,https://www.gempundit.com/gemstones/white-sapphire/white-sapphire-ceylonese-super-luxury-quality
589,https://www.gempundit.com/gemstones/white-sapphire/white-sapphire-ceylonese-luxury-quality
590,https://www.gempundit.com/gemstones/white-sapphire/white-sapphire-ceylonese-super-premium-quality
591,https://www.gempundit.com/gemstones/white-sapphire/white-sapphire-ceylonese-premium-plus-quality
592,https://www.gempundit.com/gemstones/white-sapphire/white-sapphire-gp38806
593,https://www.gempundit.com/gemstones/white-sapphire/white-sapphire-gp92411
594,https://www.gempundit.com/gemstones/white-sapphire/white-sapphire-gp44659
595,https://www.gempundit.com/gemstones/white-sapphire/white-sapphire-gp44671
596,https://www.gempundit.com/gemstones/white-sapphire/white-sapphire-gp82663
597,https://www.gempundit.com/gemstones/white-sapphire/white-sapphire-gp55543
598,https://www.gempundit.com/gemstones/white-sapphire/white-sapphire-gp72916
599,https://www.gempundit.com/gemstones/white-sapphire/white-sapphire-gp103224
600,https://www.gempundit.com/gemstones/white-sapphire/white-sapphire-gp44687
601,https://www.gempundit.com/gemstones/white-sapphire/white-sapphire-gp60665
602,https://www.gempundit.com/gemstones/white-sapphire/white-sapphire-gp49224
603,https://www.gempundit.com/gemstones/white-sapphire/white-sapphire-gp33992
604,https://www.gempundit.com/gemstones/white-sapphire/white-sapphire-gp48835
605,https://www.gempundit.com/gemstones/white-sapphire/white-sapphire-gp68359
606,https://www.gempundit.com/gemstones/white-sapphire/white-sapphire-gp99020
607,https://www.gempundit.com/gemstones/white-sapphire/white-sapphire-gp95909
608,https://www.gempundit.com/gemstones/white-sapphire/white-sapphire-gp34012
609,https://www.gempundit.com/gemstones/white-sapphire/white-sapphire-gp95864
610,https://www.gempundit.com/gemstones/white-sapphire/white-sapphire-gp103230
611,https://www.gempundit.com/gemstones/white-sapphire/white-sapphire-gp64696
612,https://www.gempundit.com/gemstones/white-sapphire/white-sapphire-gp35218
613,https://www.gempundit.com/gemstones/white-sapphire/white-sapphire-gp95956
614,https://www.gempundit.com/gemstones/white-sapphire/white-sapphire-gp85267
615,https://www.gempundit.com/gemstones/white-sapphire/white-sapphire-gp47414
616,https://www.gempundit.com/gemstones/white-sapphire/white-sapphire-ceylonese-super-luxury-quality
617,https://www.gempundit.com/gemstones/white-sapphire/white-sapphire-ceylonese-luxury-quality
618,https://www.gempundit.com/gemstones/white-sapphire/white-sapphire-ceylonese-super-premium-quality
619,https://www.gempundit.com/gemstones/white-sapphire/white-sapphire-ceylonese-premium-plus-quality
620,https://www.gempundit.com/gemstones/white-sapphire/white-sapphire-gp49745
621,https://www.gempundit.com/gemstones/white-sapphire/white-sapphire-gp35186
622,https://www.gempundit.com/gemstones/white-sapphire/white-sapphire-gp68309
623,https://www.gempundit.com/gemstones/white-sapphire/white-sapphire-gp99018
624,https://www.gempundit.com/gemstones/white-sapphire/white-sapphire-gp104919
625,https://www.gempundit.com/gemstones/white-sapphire/white-sapphire-gp35397
626,https://www.gempundit.com/gemstones/white-sapphire/white-sapphire-gp45006
627,https://www.gempundit.com/gemstones/white-sapphire/white-sapphire-gp44686
628,https://www.gempundit.com/gemstones/white-sapphire/white-sapphire-gp22785
629,https://www.gempundit.com/gemstones/white-sapphire/white-sapphire-gp64761
630,https://www.gempundit.com/gemstones/white-sapphire/white-sapphire-gp44689
631,https://www.gempundit.com/gemstones/white-sapphire/white-sapphire-gp33991
632,https://www.gempundit.com/gemstones/white-sapphire/white-sapphire-gp106516
633,https://www.gempundit.com/gemstones/white-sapphire/white-sapphire-gp68350
634,https://www.gempundit.com/gemstones/white-sapphire/white-sapphire-gp99425
635,https://www.gempundit.com/gemstones/white-sapphire/white-sapphire-gp33952
636,https://www.gempundit.com/gemstones/white-sapphire/white-sapphire-gp34001
637,https://www.gempundit.com/gemstones/white-sapphire/white-sapphire-gp35487
638,https://www.gempundit.com/gemstones/white-sapphire/white-sapphire-gp44953
639,https://www.gempundit.com/gemstones/white-sapphire/white-sapphire-gp54570
640,https://www.gempundit.com/gemstones/white-sapphire/white-sapphire-gp78115
641,https://www.gempundit.com/gemstones/white-sapphire/white-sapphire-gp106514
642,https://www.gempundit.com/gemstones/white-sapphire/white-sapphire-gp34050
643,https://www.gempundit.com/gemstones/white-sapphire/white-sapphire-gp90718
644,https://www.gempundit.com/gemstones/white-sapphire/white-sapphire-ceylonese-super-luxury-quality
645,https://www.gempundit.com/gemstones/white-sapphire/white-sapphire-ceylonese-luxury-quality
646,https://www.gempundit.com/gemstones/white-sapphire/white-sapphire-ceylonese-super-premium-quality
647,https://www.gempundit.com/gemstones/white-sapphire/white-sapphire-ceylonese-premium-plus-quality
648,https://www.gempundit.com/gemstones/white-sapphire/white-sapphire-gp89746
649,https://www.gempundit.com/gemstones/white-sapphire/white-sapphire-gp64713
650,https://www.gempundit.com/gemstones/white-sapphire/white-sapphire-gp44688
651,https://www.gempundit.com/gemstones/white-sapphire/white-sapphire-gp33994
652,https://www.gempundit.com/gemstones/white-sapphire/white-sapphire-gp51810
653,https://www.gempundit.com/gemstones/white-sapphire/white-sapphire-gp33368
654,https://www.gempundit.com/gemstones/white-sapphire/white-sapphire-gp68342
655,https://www.gempundit.com/gemstones/white-sapphire/white-sapphire-gp68516
656,https://www.gempundit.com/gemstones/white-sapphire/white-sapphire-gp55654
657,https://www.gempundit.com/gemstones/white-sapphire/white-sapphire-gp78671
658,https://www.gempundit.com/gemstones/white-sapphire/white-sapphire-gp35356
659,https://www.gempundit.com/gemstones/white-sapphire/white-sapphire-gp33988
660,https://www.gempundit.com/gemstones/white-sapphire/white-sapphire-gp106513
661,https://www.gempundit.com/gemstones/white-sapphire/white-sapphire-gp51804
662,https://www.gempundit.com/gemstones/white-sapphire/white-sapphire-gp92410
663,https://www.gempundit.com/gemstones/white-sapphire/white-sapphire-gp72861
664,https://www.gempundit.com/gemstones/white-sapphire/white-sapphire-gp106519
665,https://www.gempundit.com/gemstones/white-sapphire/white-sapphire-gp51808
666,https://www.gempundit.com/gemstones/white-sapphire/white-sapphire-gp35147
667,https://www.gempundit.com/gemstones/white-sapphire/white-sapphire-gp54572
668,https://www.gempundit.com/gemstones/white-sapphire/white-sapphire-gp45007
669,https://www.gempundit.com/gemstones/white-sapphire/white-sapphire-gp51807
670,https://www.gempundit.com/gemstones/white-sapphire/white-sapphire-gp47759
671,https://www.gempundit.com/gemstones/white-sapphire/white-sapphire-gp68361
672,https://www.gempundit.com/gemstones/white-sapphire/white-sapphire-ceylonese-super-luxury-quality
673,https://www.gempundit.com/gemstones/white-sapphire/white-sapphire-ceylonese-luxury-quality
674,https://www.gempundit.com/gemstones/white-sapphire/white-sapphire-ceylonese-super-premium-quality
675,https://www.gempundit.com/gemstones/white-sapphire/white-sapphire-ceylonese-premium-plus-quality
676,https://www.gempundit.com/gemstones/white-sapphire/white-sapphire-gp33989
677,https://www.gempundit.com/gemstones/white-sapphire/white-sapphire-gp51805
678,https://www.gempundit.com/gemstones/white-sapphire/white-sapphire-gp33982
679,https://www.gempundit.com/gemstones/white-sapphire/white-sapphire-gp33987
680,https://www.gempundit.com/gemstones/white-sapphire/white-sapphire-gp44673
681,https://www.gempundit.com/gemstones/white-sapphire/white-sapphire-gp66048
682,https://www.gempundit.com/gemstones/white-sapphire/white-sapphire-gp33957
683,https://www.gempundit.com/gemstones/white-sapphire/white-sapphire-gp66047
