,Yellow Topaz
0,https://www.gempundit.com/gemstones/yellow-topaz/yellow-topaz-gp101392
1,https://www.gempundit.com/gemstones/yellow-topaz/yellow-topaz-gp48193
2,https://www.gempundit.com/gemstones/yellow-topaz/yellow-topaz-gp34479
3,https://www.gempundit.com/gemstones/yellow-topaz/yellow-topaz-gp80639
4,https://www.gempundit.com/gemstones/yellow-topaz/yellow-topaz-gp80686
5,https://www.gempundit.com/gemstones/yellow-topaz/yellow-topaz-gp48176
6,https://www.gempundit.com/gemstones/yellow-topaz/yellow-topaz-gp40984
7,https://www.gempundit.com/gemstones/yellow-topaz/yellow-topaz-gp80758
8,https://www.gempundit.com/gemstones/yellow-topaz/yellow-topaz-gp80705
9,https://www.gempundit.com/gemstones/yellow-topaz/yellow-topaz-gp80698
10,https://www.gempundit.com/gemstones/yellow-topaz/yellow-topaz-gp80727
11,https://www.gempundit.com/gemstones/yellow-topaz/yellow-topaz-gp80725
12,https://www.gempundit.com/gemstones/yellow-topaz/yellow-topaz-gp80767
13,https://www.gempundit.com/gemstones/yellow-topaz/yellow-topaz-gp80699
14,https://www.gempundit.com/gemstones/yellow-topaz/yellow-topaz-gp80740
15,https://www.gempundit.com/gemstones/yellow-topaz/yellow-topaz-gp80732
16,https://www.gempundit.com/gemstones/yellow-topaz/yellow-topaz-gp27761
17,https://www.gempundit.com/gemstones/yellow-topaz/yellow-topaz-gp34492
18,https://www.gempundit.com/gemstones/yellow-topaz/yellow-topaz-gp80662
19,https://www.gempundit.com/gemstones/yellow-topaz/yellow-topaz-gp80711
20,https://www.gempundit.com/gemstones/yellow-topaz/yellow-topaz-gp40939
21,https://www.gempundit.com/gemstones/yellow-topaz/yellow-topaz-gp40963
22,https://www.gempundit.com/gemstones/yellow-topaz/yellow-topaz-gp48196
23,https://www.gempundit.com/gemstones/yellow-topaz/yellow-topaz-gp80642
24,https://www.gempundit.com/gemstones/yellow-topaz/yellow-topaz-gp48202
25,https://www.gempundit.com/gemstones/yellow-topaz/yellow-topaz-gp80646
26,https://www.gempundit.com/gemstones/yellow-topaz/yellow-topaz-gp80657
27,https://www.gempundit.com/gemstones/yellow-topaz/yellow-topaz-gp80694
28,https://www.gempundit.com/gemstones/yellow-topaz/yellow-topaz-gp48194
29,https://www.gempundit.com/gemstones/yellow-topaz/yellow-topaz-gp34481
30,https://www.gempundit.com/gemstones/yellow-topaz/yellow-topaz-gp80762
31,https://www.gempundit.com/gemstones/yellow-topaz/yellow-topaz-gp80691
32,https://www.gempundit.com/gemstones/yellow-topaz/yellow-topaz-gp48183
33,https://www.gempundit.com/gemstones/yellow-topaz/yellow-topaz-gp80658
34,https://www.gempundit.com/gemstones/yellow-topaz/yellow-topaz-gp80738
35,https://www.gempundit.com/gemstones/yellow-topaz/yellow-topaz-gp80664
36,https://www.gempundit.com/gemstones/yellow-topaz/yellow-topaz-gp48199
37,https://www.gempundit.com/gemstones/yellow-topaz/yellow-topaz-gp40943
38,https://www.gempundit.com/gemstones/yellow-topaz/yellow-topaz-gp80649
39,https://www.gempundit.com/gemstones/yellow-topaz/yellow-topaz-gp40980
40,https://www.gempundit.com/gemstones/yellow-topaz/yellow-topaz-gp80635
41,https://www.gempundit.com/gemstones/yellow-topaz/yellow-topaz-gp80745
42,https://www.gempundit.com/gemstones/yellow-topaz/yellow-topaz-gp40996
43,https://www.gempundit.com/gemstones/yellow-topaz/yellow-topaz-gp80753
44,https://www.gempundit.com/gemstones/yellow-topaz/yellow-topaz-gp80673
45,https://www.gempundit.com/gemstones/yellow-topaz/yellow-topaz-gp80768
46,https://www.gempundit.com/gemstones/yellow-topaz/yellow-topaz-gp80704
47,https://www.gempundit.com/gemstones/yellow-topaz/yellow-topaz-gp80628
48,https://www.gempundit.com/gemstones/yellow-topaz/yellow-topaz-gp80648
49,https://www.gempundit.com/gemstones/yellow-topaz/yellow-topaz-gp80764
50,https://www.gempundit.com/gemstones/yellow-topaz/yellow-topaz-gp80630
51,https://www.gempundit.com/gemstones/yellow-topaz/yellow-topaz-gp80742
52,https://www.gempundit.com/gemstones/yellow-topaz/yellow-topaz-gp80678
53,https://www.gempundit.com/gemstones/yellow-topaz/yellow-topaz-gp80631
54,https://www.gempundit.com/gemstones/yellow-topaz/yellow-topaz-gp40969
55,https://www.gempundit.com/gemstones/yellow-topaz/yellow-topaz-gp80759
56,https://www.gempundit.com/gemstones/yellow-topaz/yellow-topaz-gp80717
57,https://www.gempundit.com/gemstones/yellow-topaz/yellow-topaz-gp80765
58,https://www.gempundit.com/gemstones/yellow-topaz/yellow-topaz-gp80702
59,https://www.gempundit.com/gemstones/yellow-topaz/yellow-topaz-gp80757
60,https://www.gempundit.com/gemstones/yellow-topaz/yellow-topaz-gp80656
61,https://www.gempundit.com/gemstones/yellow-topaz/yellow-topaz-gp80626
62,https://www.gempundit.com/gemstones/yellow-topaz/yellow-topaz-gp80632
63,https://www.gempundit.com/gemstones/yellow-topaz/yellow-topaz-gp80755
64,https://www.gempundit.com/gemstones/yellow-topaz/yellow-topaz-gp80688
65,https://www.gempundit.com/gemstones/yellow-topaz/yellow-topaz-gp80640
66,https://www.gempundit.com/gemstones/yellow-topaz/yellow-topaz-gp80638
67,https://www.gempundit.com/gemstones/yellow-topaz/yellow-topaz-gp80736
68,https://www.gempundit.com/gemstones/yellow-topaz/yellow-topaz-gp80681
69,https://www.gempundit.com/gemstones/yellow-topaz/yellow-topaz-gp80655
70,https://www.gempundit.com/gemstones/yellow-topaz/yellow-topaz-gp80661
71,https://www.gempundit.com/gemstones/yellow-topaz/yellow-topaz-gp80680
72,https://www.gempundit.com/gemstones/yellow-topaz/yellow-topaz-gp80730
73,https://www.gempundit.com/gemstones/yellow-topaz/yellow-topaz-gp80734
74,https://www.gempundit.com/gemstones/yellow-topaz/yellow-topaz-gp80715
75,https://www.gempundit.com/gemstones/yellow-topaz/yellow-topaz-gp80709
76,https://www.gempundit.com/gemstones/yellow-topaz/yellow-topaz-gp80722
77,https://www.gempundit.com/gemstones/yellow-topaz/yellow-topaz-gp80719
78,https://www.gempundit.com/gemstones/yellow-topaz/yellow-topaz-gp80714
79,https://www.gempundit.com/gemstones/yellow-topaz/yellow-topaz-gp80724
80,https://www.gempundit.com/gemstones/yellow-topaz/yellow-topaz-gp80710
81,https://www.gempundit.com/gemstones/yellow-topaz/yellow-topaz-gp80659
82,https://www.gempundit.com/gemstones/yellow-topaz/yellow-topaz-gp80763
83,https://www.gempundit.com/gemstones/yellow-topaz/yellow-topaz-gp80721
84,https://www.gempundit.com/gemstones/yellow-topaz/yellow-topaz-gp80729
85,https://www.gempundit.com/gemstones/yellow-topaz/yellow-topaz-gp80766
86,https://www.gempundit.com/gemstones/yellow-topaz/yellow-topaz-gp80737
87,https://www.gempundit.com/gemstones/yellow-topaz/yellow-topaz-gp80677
88,https://www.gempundit.com/gemstones/yellow-topaz/yellow-topaz-gp80695
89,https://www.gempundit.com/gemstones/yellow-topaz/yellow-topaz-gp104538
90,https://www.gempundit.com/gemstones/yellow-topaz/yellow-topaz-gp45313
