,Yellow Beryl
0,https://www.gempundit.com/gemstones/yellow-golden-beryl/beryl-gp57323
1,https://www.gempundit.com/gemstones/yellow-golden-beryl/beryl-gp104645
2,https://www.gempundit.com/gemstones/yellow-golden-beryl/beryl-gp104620
3,https://www.gempundit.com/gemstones/yellow-golden-beryl/beryl-gp104642
4,https://www.gempundit.com/gemstones/yellow-golden-beryl/beryl-gp104663
5,https://www.gempundit.com/gemstones/yellow-golden-beryl/beryl-gp104630
6,https://www.gempundit.com/gemstones/yellow-golden-beryl/beryl-gp104644
7,https://www.gempundit.com/gemstones/yellow-golden-beryl/beryl-gp104640
8,https://www.gempundit.com/gemstones/yellow-golden-beryl/beryl-gp104621
9,https://www.gempundit.com/gemstones/yellow-golden-beryl/beryl-gp104631
10,https://www.gempundit.com/gemstones/yellow-golden-beryl/beryl-gp104641
11,https://www.gempundit.com/gemstones/yellow-golden-beryl/beryl-gp104657
12,https://www.gempundit.com/gemstones/yellow-golden-beryl/beryl-gp104633
13,https://www.gempundit.com/gemstones/yellow-golden-beryl/beryl-gp104643
14,https://www.gempundit.com/gemstones/yellow-golden-beryl/beryl-gp104650
15,https://www.gempundit.com/gemstones/yellow-golden-beryl/beryl-gp104628
16,https://www.gempundit.com/gemstones/yellow-golden-beryl/beryl-gp57311
17,https://www.gempundit.com/gemstones/yellow-golden-beryl/beryl-gp104622
18,https://www.gempundit.com/gemstones/yellow-golden-beryl/beryl-gp104632
19,https://www.gempundit.com/gemstones/yellow-golden-beryl/beryl-gp104662
20,https://www.gempundit.com/gemstones/yellow-golden-beryl/beryl-gp104665
21,https://www.gempundit.com/gemstones/yellow-golden-beryl/beryl-gp104649
22,https://www.gempundit.com/gemstones/yellow-golden-beryl/beryl-gp104664
23,https://www.gempundit.com/gemstones/yellow-golden-beryl/beryl-gp104634
24,https://www.gempundit.com/gemstones/yellow-golden-beryl/beryl-gp104626
25,https://www.gempundit.com/gemstones/yellow-golden-beryl/beryl-gp104672
26,https://www.gempundit.com/gemstones/yellow-golden-beryl/beryl-gp104627
27,https://www.gempundit.com/gemstones/yellow-golden-beryl/beryl-gp104637
28,https://www.gempundit.com/gemstones/yellow-golden-beryl/beryl-gp104635
29,https://www.gempundit.com/gemstones/yellow-golden-beryl/beryl-gp104629
30,https://www.gempundit.com/gemstones/yellow-golden-beryl/beryl-gp103338
31,https://www.gempundit.com/gemstones/yellow-golden-beryl/beryl-gp57307
32,https://www.gempundit.com/gemstones/yellow-golden-beryl/beryl-gp104653
33,https://www.gempundit.com/gemstones/yellow-golden-beryl/beryl-gp57316
34,https://www.gempundit.com/gemstones/yellow-golden-beryl/beryl-gp104651
35,https://www.gempundit.com/gemstones/yellow-golden-beryl/beryl-gp104670
36,https://www.gempundit.com/gemstones/yellow-golden-beryl/beryl-gp104656
37,https://www.gempundit.com/gemstones/yellow-golden-beryl/beryl-gp57296
38,https://www.gempundit.com/gemstones/yellow-golden-beryl/beryl-gp67866
39,https://www.gempundit.com/gemstones/yellow-golden-beryl/beryl-gp104654
40,https://www.gempundit.com/gemstones/yellow-golden-beryl/beryl-gp104655
41,https://www.gempundit.com/gemstones/yellow-golden-beryl/beryl-gp104625
42,https://www.gempundit.com/gemstones/yellow-golden-beryl/beryl-gp104667
43,https://www.gempundit.com/gemstones/yellow-golden-beryl/beryl-gp104639
44,https://www.gempundit.com/gemstones/yellow-golden-beryl/beryl-gp104636
45,https://www.gempundit.com/gemstones/yellow-golden-beryl/beryl-gp104671
46,https://www.gempundit.com/gemstones/yellow-golden-beryl/beryl-gp104619
47,https://www.gempundit.com/gemstones/yellow-golden-beryl/beryl-gp104652
48,https://www.gempundit.com/gemstones/yellow-golden-beryl/heliodor-gp88475
49,https://www.gempundit.com/gemstones/yellow-golden-beryl/heliodor-gp58068
50,https://www.gempundit.com/gemstones/yellow-golden-beryl/beryl-gp57297
51,https://www.gempundit.com/gemstones/yellow-golden-beryl/beryl-gp104668
52,https://www.gempundit.com/gemstones/yellow-golden-beryl/beryl-gp58066
53,https://www.gempundit.com/gemstones/yellow-golden-beryl/heliodor-gp68465
54,https://www.gempundit.com/gemstones/yellow-golden-beryl/heliodor-gp58069
55,https://www.gempundit.com/gemstones/yellow-golden-beryl/beryl-gp104648
56,https://www.gempundit.com/gemstones/yellow-golden-beryl/beryl-gp57301
57,https://www.gempundit.com/gemstones/yellow-golden-beryl/heliodor-gp66573
58,https://www.gempundit.com/gemstones/yellow-golden-beryl/beryl-gp104623
59,https://www.gempundit.com/gemstones/yellow-golden-beryl/heliodor-gp58067
60,https://www.gempundit.com/gemstones/yellow-golden-beryl/heliodor-gp66572
61,https://www.gempundit.com/gemstones/yellow-golden-beryl/beryl-gp37714
62,https://www.gempundit.com/gemstones/yellow-golden-beryl/heliodor-gp66571
63,https://www.gempundit.com/gemstones/yellow-golden-beryl/beryl-gp57291
64,https://www.gempundit.com/gemstones/yellow-golden-beryl/heliodor-gp66574
65,https://www.gempundit.com/gemstones/yellow-golden-beryl/beryl-gp58073
66,https://www.gempundit.com/gemstones/yellow-golden-beryl/beryl-gp104669
67,https://www.gempundit.com/gemstones/yellow-golden-beryl/heliodor-gp66575
68,https://www.gempundit.com/gemstones/yellow-golden-beryl/beryl-gp104646
69,https://www.gempundit.com/gemstones/yellow-golden-beryl/heliodor-gp88477
70,https://www.gempundit.com/gemstones/yellow-golden-beryl/heliodor-gp66576
